Observation id,Observation date,Description,Media file,Total length,FPS,Subject,Behavior,Behavioral category,Modifiers,Behavior type,Start (s),Stop (s),Duration (s),Comment start,Comment stop
AQ_Sctaeniopterus_TP_2021-06-14_135125,6/18/2025 15:37,,/Users/ally/Documents/johnson lab/parrotfish bites/AQ_Sctaeniopterus_TP_2021-06-14_135125_001.MP4,1275.87,23.98,No focal subject,Watch Time,Time Keeping,133006,POINT,1.423,1.423,NA,,
AQ_Sctaeniopterus_TP_2021-06-14_135125,6/18/2025 15:37,,/Users/ally/Documents/johnson lab/parrotfish bites/AQ_Sctaeniopterus_TP_2021-06-14_135125_001.MP4,1275.87,23.98,No focal subject,START/STOP,Time Keeping,,STATE,13.418,1268.177,1254.759,,
AQ_Sctaeniopterus_TP_2021-06-14_135125,6/18/2025 15:37,,/Users/ally/Documents/johnson lab/parrotfish bites/AQ_Sctaeniopterus_TP_2021-06-14_135125_001.MP4,1275.87,23.98,No focal subject,Bite,Foraging,None|None|None,POINT,18.915,18.915,NA,,
AQ_Sctaeniopterus_TP_2021-06-14_135125,6/18/2025 15:37,,/Users/ally/Documents/johnson lab/parrotfish bites/AQ_Sctaeniopterus_TP_2021-06-14_135125_001.MP4,1275.87,23.98,No focal subject,Bite,Foraging,None|None|None,POINT,19.912,19.912,NA,,
AQ_Sctaeniopterus_TP_2021-06-14_135125,6/18/2025 15:37,,/Users/ally/Documents/johnson lab/parrotfish bites/AQ_Sctaeniopterus_TP_2021-06-14_135125_001.MP4,1275.87,23.98,No focal subject,Bite,Foraging,None|None|None,POINT,21.914,21.914,NA,,
AQ_Sctaeniopterus_TP_2021-06-14_135125,6/18/2025 15:37,,/Users/ally/Documents/johnson lab/parrotfish bites/AQ_Sctaeniopterus_TP_2021-06-14_135125_001.MP4,1275.87,23.98,No focal subject,Bite,Foraging,None|None|None,POINT,23.156,23.156,NA,,
AQ_Sctaeniopterus_TP_2021-06-14_135125,6/18/2025 15:37,,/Users/ally/Documents/johnson lab/parrotfish bites/AQ_Sctaeniopterus_TP_2021-06-14_135125_001.MP4,1275.87,23.98,No focal subject,Bite,Foraging,None|None|None,POINT,23.911,23.911,NA,,
AQ_Sctaeniopterus_TP_2021-06-14_135125,6/18/2025 15:37,,/Users/ally/Documents/johnson lab/parrotfish bites/AQ_Sctaeniopterus_TP_2021-06-14_135125_001.MP4,1275.87,23.98,No focal subject,Bite,Foraging,None|None|None,POINT,24.66,24.66,NA,,
AQ_Sctaeniopterus_TP_2021-06-14_135125,6/18/2025 15:37,,/Users/ally/Documents/johnson lab/parrotfish bites/AQ_Sctaeniopterus_TP_2021-06-14_135125_001.MP4,1275.87,23.98,No focal subject,Bite,Foraging,None|None|None,POINT,25.16,25.16,NA,,
AQ_Sctaeniopterus_TP_2021-06-14_135125,6/18/2025 15:37,,/Users/ally/Documents/johnson lab/parrotfish bites/AQ_Sctaeniopterus_TP_2021-06-14_135125_001.MP4,1275.87,23.98,No focal subject,Bite,Foraging,None|None|None,POINT,25.911,25.911,NA,,
AQ_Sctaeniopterus_TP_2021-06-14_135125,6/18/2025 15:37,,/Users/ally/Documents/johnson lab/parrotfish bites/AQ_Sctaeniopterus_TP_2021-06-14_135125_001.MP4,1275.87,23.98,No focal subject,Bite,Foraging,None|None|None,POINT,26.909,26.909,NA,,
AQ_Sctaeniopterus_TP_2021-06-14_135125,6/18/2025 15:37,,/Users/ally/Documents/johnson lab/parrotfish bites/AQ_Sctaeniopterus_TP_2021-06-14_135125_001.MP4,1275.87,23.98,No focal subject,Bite,Foraging,None|None|None,POINT,28.409,28.409,NA,,
AQ_Sctaeniopterus_TP_2021-06-14_135125,6/18/2025 15:37,,/Users/ally/Documents/johnson lab/parrotfish bites/AQ_Sctaeniopterus_TP_2021-06-14_135125_001.MP4,1275.87,23.98,No focal subject,Bite,Foraging,None|None|None,POINT,29.659,29.659,NA,,
AQ_Sctaeniopterus_TP_2021-06-14_135125,6/18/2025 15:37,,/Users/ally/Documents/johnson lab/parrotfish bites/AQ_Sctaeniopterus_TP_2021-06-14_135125_001.MP4,1275.87,23.98,No focal subject,Bite,Foraging,None|None|None,POINT,30.659,30.659,NA,,
AQ_Sctaeniopterus_TP_2021-06-14_135125,6/18/2025 15:37,,/Users/ally/Documents/johnson lab/parrotfish bites/AQ_Sctaeniopterus_TP_2021-06-14_135125_001.MP4,1275.87,23.98,No focal subject,Bite,Foraging,None|None|None,POINT,34.161,34.161,NA,,
AQ_Sctaeniopterus_TP_2021-06-14_135125,6/18/2025 15:37,,/Users/ally/Documents/johnson lab/parrotfish bites/AQ_Sctaeniopterus_TP_2021-06-14_135125_001.MP4,1275.87,23.98,No focal subject,Bite,Foraging,None|None|None,POINT,35.16,35.16,NA,,
AQ_Sctaeniopterus_TP_2021-06-14_135125,6/18/2025 15:37,,/Users/ally/Documents/johnson lab/parrotfish bites/AQ_Sctaeniopterus_TP_2021-06-14_135125_001.MP4,1275.87,23.98,No focal subject,Bite,Foraging,None|None|None,POINT,36.158,36.158,NA,,
AQ_Sctaeniopterus_TP_2021-06-14_135125,6/18/2025 15:37,,/Users/ally/Documents/johnson lab/parrotfish bites/AQ_Sctaeniopterus_TP_2021-06-14_135125_001.MP4,1275.87,23.98,No focal subject,Bite,Foraging,None|None|None,POINT,39.911,39.911,NA,,
AQ_Sctaeniopterus_TP_2021-06-14_135125,6/18/2025 15:37,,/Users/ally/Documents/johnson lab/parrotfish bites/AQ_Sctaeniopterus_TP_2021-06-14_135125_001.MP4,1275.87,23.98,No focal subject,Bite,Foraging,None|None|None,POINT,40.41,40.41,NA,,
AQ_Sctaeniopterus_TP_2021-06-14_135125,6/18/2025 15:37,,/Users/ally/Documents/johnson lab/parrotfish bites/AQ_Sctaeniopterus_TP_2021-06-14_135125_001.MP4,1275.87,23.98,No focal subject,Bite,Foraging,None|None|None,POINT,41.41,41.41,NA,,
AQ_Sctaeniopterus_TP_2021-06-14_135125,6/18/2025 15:37,,/Users/ally/Documents/johnson lab/parrotfish bites/AQ_Sctaeniopterus_TP_2021-06-14_135125_001.MP4,1275.87,23.98,No focal subject,Bite,Foraging,None|None|None,POINT,42.411,42.411,NA,,
AQ_Sctaeniopterus_TP_2021-06-14_135125,6/18/2025 15:37,,/Users/ally/Documents/johnson lab/parrotfish bites/AQ_Sctaeniopterus_TP_2021-06-14_135125_001.MP4,1275.87,23.98,No focal subject,Bite,Foraging,None|None|None,POINT,43.409,43.409,NA,,
AQ_Sctaeniopterus_TP_2021-06-14_135125,6/18/2025 15:37,,/Users/ally/Documents/johnson lab/parrotfish bites/AQ_Sctaeniopterus_TP_2021-06-14_135125_001.MP4,1275.87,23.98,No focal subject,Bite,Foraging,None|None|None,POINT,62.911,62.911,NA,,
AQ_Sctaeniopterus_TP_2021-06-14_135125,6/18/2025 15:37,,/Users/ally/Documents/johnson lab/parrotfish bites/AQ_Sctaeniopterus_TP_2021-06-14_135125_001.MP4,1275.87,23.98,No focal subject,Bite,Foraging,None|None|None,POINT,63.967,63.967,NA,,
AQ_Sctaeniopterus_TP_2021-06-14_135125,6/18/2025 15:37,,/Users/ally/Documents/johnson lab/parrotfish bites/AQ_Sctaeniopterus_TP_2021-06-14_135125_001.MP4,1275.87,23.98,No focal subject,Bite,Foraging,None|None|None,POINT,64.716,64.716,NA,,
AQ_Sctaeniopterus_TP_2021-06-14_135125,6/18/2025 15:37,,/Users/ally/Documents/johnson lab/parrotfish bites/AQ_Sctaeniopterus_TP_2021-06-14_135125_001.MP4,1275.87,23.98,No focal subject,Bite,Foraging,None|None|None,POINT,65.216,65.216,NA,,
AQ_Sctaeniopterus_TP_2021-06-14_135125,6/18/2025 15:37,,/Users/ally/Documents/johnson lab/parrotfish bites/AQ_Sctaeniopterus_TP_2021-06-14_135125_001.MP4,1275.87,23.98,No focal subject,Bite,Foraging,None|None|None,POINT,65.716,65.716,NA,,
AQ_Sctaeniopterus_TP_2021-06-14_135125,6/18/2025 15:37,,/Users/ally/Documents/johnson lab/parrotfish bites/AQ_Sctaeniopterus_TP_2021-06-14_135125_001.MP4,1275.87,23.98,No focal subject,Bite,Foraging,None|None|None,POINT,66.22,66.22,NA,,
AQ_Sctaeniopterus_TP_2021-06-14_135125,6/18/2025 15:37,,/Users/ally/Documents/johnson lab/parrotfish bites/AQ_Sctaeniopterus_TP_2021-06-14_135125_001.MP4,1275.87,23.98,No focal subject,Bite,Foraging,None|None|None,POINT,66.971,66.971,NA,,
AQ_Sctaeniopterus_TP_2021-06-14_135125,6/18/2025 15:37,,/Users/ally/Documents/johnson lab/parrotfish bites/AQ_Sctaeniopterus_TP_2021-06-14_135125_001.MP4,1275.87,23.98,No focal subject,Bite,Foraging,None|None|None,POINT,69.972,69.972,NA,,
AQ_Sctaeniopterus_TP_2021-06-14_135125,6/18/2025 15:37,,/Users/ally/Documents/johnson lab/parrotfish bites/AQ_Sctaeniopterus_TP_2021-06-14_135125_001.MP4,1275.87,23.98,No focal subject,Bite,Foraging,None|None|None,POINT,70.717,70.717,NA,,
AQ_Sctaeniopterus_TP_2021-06-14_135125,6/18/2025 15:37,,/Users/ally/Documents/johnson lab/parrotfish bites/AQ_Sctaeniopterus_TP_2021-06-14_135125_001.MP4,1275.87,23.98,No focal subject,Bite,Foraging,None|None|None,POINT,71.218,71.218,NA,,
AQ_Sctaeniopterus_TP_2021-06-14_135125,6/18/2025 15:37,,/Users/ally/Documents/johnson lab/parrotfish bites/AQ_Sctaeniopterus_TP_2021-06-14_135125_001.MP4,1275.87,23.98,No focal subject,Bite,Foraging,None|None|None,POINT,71.969,71.969,NA,,
AQ_Sctaeniopterus_TP_2021-06-14_135125,6/18/2025 15:37,,/Users/ally/Documents/johnson lab/parrotfish bites/AQ_Sctaeniopterus_TP_2021-06-14_135125_001.MP4,1275.87,23.98,No focal subject,Bite,Foraging,None|None|None,POINT,72.715,72.715,NA,,
AQ_Sctaeniopterus_TP_2021-06-14_135125,6/18/2025 15:37,,/Users/ally/Documents/johnson lab/parrotfish bites/AQ_Sctaeniopterus_TP_2021-06-14_135125_001.MP4,1275.87,23.98,No focal subject,Bite,Foraging,None|None|None,POINT,87.216,87.216,NA,,
AQ_Sctaeniopterus_TP_2021-06-14_135125,6/18/2025 15:37,,/Users/ally/Documents/johnson lab/parrotfish bites/AQ_Sctaeniopterus_TP_2021-06-14_135125_001.MP4,1275.87,23.98,No focal subject,Bite,Foraging,None|None|None,POINT,88.219,88.219,NA,,
AQ_Sctaeniopterus_TP_2021-06-14_135125,6/18/2025 15:37,,/Users/ally/Documents/johnson lab/parrotfish bites/AQ_Sctaeniopterus_TP_2021-06-14_135125_001.MP4,1275.87,23.98,No focal subject,Bite,Foraging,None|None|None,POINT,88.719,88.719,NA,,
AQ_Sctaeniopterus_TP_2021-06-14_135125,6/18/2025 15:37,,/Users/ally/Documents/johnson lab/parrotfish bites/AQ_Sctaeniopterus_TP_2021-06-14_135125_001.MP4,1275.87,23.98,No focal subject,Bite,Foraging,None|None|None,POINT,89.219,89.219,NA,,
AQ_Sctaeniopterus_TP_2021-06-14_135125,6/18/2025 15:37,,/Users/ally/Documents/johnson lab/parrotfish bites/AQ_Sctaeniopterus_TP_2021-06-14_135125_001.MP4,1275.87,23.98,No focal subject,Bite,Foraging,None|None|None,POINT,89.971,89.971,NA,,
AQ_Sctaeniopterus_TP_2021-06-14_135125,6/18/2025 15:37,,/Users/ally/Documents/johnson lab/parrotfish bites/AQ_Sctaeniopterus_TP_2021-06-14_135125_001.MP4,1275.87,23.98,No focal subject,Bite,Foraging,None|None|None,POINT,90.471,90.471,NA,,
AQ_Sctaeniopterus_TP_2021-06-14_135125,6/18/2025 15:37,,/Users/ally/Documents/johnson lab/parrotfish bites/AQ_Sctaeniopterus_TP_2021-06-14_135125_001.MP4,1275.87,23.98,No focal subject,Bite,Foraging,None|None|None,POINT,91.472,91.472,NA,,
AQ_Sctaeniopterus_TP_2021-06-14_135125,6/18/2025 15:37,,/Users/ally/Documents/johnson lab/parrotfish bites/AQ_Sctaeniopterus_TP_2021-06-14_135125_001.MP4,1275.87,23.98,No focal subject,Bite,Foraging,None|None|None,POINT,91.971,91.971,NA,,
AQ_Sctaeniopterus_TP_2021-06-14_135125,6/18/2025 15:37,,/Users/ally/Documents/johnson lab/parrotfish bites/AQ_Sctaeniopterus_TP_2021-06-14_135125_001.MP4,1275.87,23.98,No focal subject,Bite,Foraging,None|None|None,POINT,92.971,92.971,NA,,
AQ_Sctaeniopterus_TP_2021-06-14_135125,6/18/2025 15:37,,/Users/ally/Documents/johnson lab/parrotfish bites/AQ_Sctaeniopterus_TP_2021-06-14_135125_001.MP4,1275.87,23.98,No focal subject,Bite,Foraging,None|None|None,POINT,94.219,94.219,NA,,
AQ_Sctaeniopterus_TP_2021-06-14_135125,6/18/2025 15:37,,/Users/ally/Documents/johnson lab/parrotfish bites/AQ_Sctaeniopterus_TP_2021-06-14_135125_001.MP4,1275.87,23.98,No focal subject,Bite,Foraging,None|None|None,POINT,100.72,100.72,NA,,
AQ_Sctaeniopterus_TP_2021-06-14_135125,6/18/2025 15:37,,/Users/ally/Documents/johnson lab/parrotfish bites/AQ_Sctaeniopterus_TP_2021-06-14_135125_001.MP4,1275.87,23.98,No focal subject,Bite,Foraging,None|None|None,POINT,101.72,101.72,NA,,
AQ_Sctaeniopterus_TP_2021-06-14_135125,6/18/2025 15:37,,/Users/ally/Documents/johnson lab/parrotfish bites/AQ_Sctaeniopterus_TP_2021-06-14_135125_001.MP4,1275.87,23.98,No focal subject,Bite,Foraging,None|None|None,POINT,103.219,103.219,NA,,
AQ_Sctaeniopterus_TP_2021-06-14_135125,6/18/2025 15:37,,/Users/ally/Documents/johnson lab/parrotfish bites/AQ_Sctaeniopterus_TP_2021-06-14_135125_001.MP4,1275.87,23.98,No focal subject,Bite,Foraging,None|None|None,POINT,104.22,104.22,NA,,
AQ_Sctaeniopterus_TP_2021-06-14_135125,6/18/2025 15:37,,/Users/ally/Documents/johnson lab/parrotfish bites/AQ_Sctaeniopterus_TP_2021-06-14_135125_001.MP4,1275.87,23.98,No focal subject,Bite,Foraging,None|None|None,POINT,105.22,105.22,NA,,
AQ_Sctaeniopterus_TP_2021-06-14_135125,6/18/2025 15:37,,/Users/ally/Documents/johnson lab/parrotfish bites/AQ_Sctaeniopterus_TP_2021-06-14_135125_001.MP4,1275.87,23.98,No focal subject,Bite,Foraging,None|None|None,POINT,116.972,116.972,NA,,
AQ_Sctaeniopterus_TP_2021-06-14_135125,6/18/2025 15:37,,/Users/ally/Documents/johnson lab/parrotfish bites/AQ_Sctaeniopterus_TP_2021-06-14_135125_001.MP4,1275.87,23.98,No focal subject,Bite,Foraging,None|None|None,POINT,117.719,117.719,NA,,
AQ_Sctaeniopterus_TP_2021-06-14_135125,6/18/2025 15:37,,/Users/ally/Documents/johnson lab/parrotfish bites/AQ_Sctaeniopterus_TP_2021-06-14_135125_001.MP4,1275.87,23.98,No focal subject,Bite,Foraging,None|None|None,POINT,118.219,118.219,NA,,
AQ_Sctaeniopterus_TP_2021-06-14_135125,6/18/2025 15:37,,/Users/ally/Documents/johnson lab/parrotfish bites/AQ_Sctaeniopterus_TP_2021-06-14_135125_001.MP4,1275.87,23.98,No focal subject,Bite,Foraging,None|None|None,POINT,118.971,118.971,NA,,
AQ_Sctaeniopterus_TP_2021-06-14_135125,6/18/2025 15:37,,/Users/ally/Documents/johnson lab/parrotfish bites/AQ_Sctaeniopterus_TP_2021-06-14_135125_001.MP4,1275.87,23.98,No focal subject,Bite,Foraging,None|None|None,POINT,119.72,119.72,NA,,
AQ_Sctaeniopterus_TP_2021-06-14_135125,6/18/2025 15:37,,/Users/ally/Documents/johnson lab/parrotfish bites/AQ_Sctaeniopterus_TP_2021-06-14_135125_001.MP4,1275.87,23.98,No focal subject,Bite,Foraging,None|None|None,POINT,120.219,120.219,NA,,
AQ_Sctaeniopterus_TP_2021-06-14_135125,6/18/2025 15:37,,/Users/ally/Documents/johnson lab/parrotfish bites/AQ_Sctaeniopterus_TP_2021-06-14_135125_001.MP4,1275.87,23.98,No focal subject,Bite,Foraging,None|None|None,POINT,133.472,133.472,NA,,
AQ_Sctaeniopterus_TP_2021-06-14_135125,6/18/2025 15:37,,/Users/ally/Documents/johnson lab/parrotfish bites/AQ_Sctaeniopterus_TP_2021-06-14_135125_001.MP4,1275.87,23.98,No focal subject,Bite,Foraging,None|None|None,POINT,151.299,151.299,NA,,
AQ_Sctaeniopterus_TP_2021-06-14_135125,6/18/2025 15:37,,/Users/ally/Documents/johnson lab/parrotfish bites/AQ_Sctaeniopterus_TP_2021-06-14_135125_001.MP4,1275.87,23.98,No focal subject,Bite,Foraging,None|None|None,POINT,152.799,152.799,NA,,
AQ_Sctaeniopterus_TP_2021-06-14_135125,6/18/2025 15:37,,/Users/ally/Documents/johnson lab/parrotfish bites/AQ_Sctaeniopterus_TP_2021-06-14_135125_001.MP4,1275.87,23.98,No focal subject,Bite,Foraging,None|None|None,POINT,154.051,154.051,NA,,
AQ_Sctaeniopterus_TP_2021-06-14_135125,6/18/2025 15:37,,/Users/ally/Documents/johnson lab/parrotfish bites/AQ_Sctaeniopterus_TP_2021-06-14_135125_001.MP4,1275.87,23.98,No focal subject,Bite,Foraging,None|None|None,POINT,154.55,154.55,NA,,
AQ_Sctaeniopterus_TP_2021-06-14_135125,6/18/2025 15:37,,/Users/ally/Documents/johnson lab/parrotfish bites/AQ_Sctaeniopterus_TP_2021-06-14_135125_001.MP4,1275.87,23.98,No focal subject,Bite,Foraging,None|None|None,POINT,155.3,155.3,NA,,
AQ_Sctaeniopterus_TP_2021-06-14_135125,6/18/2025 15:37,,/Users/ally/Documents/johnson lab/parrotfish bites/AQ_Sctaeniopterus_TP_2021-06-14_135125_001.MP4,1275.87,23.98,No focal subject,Bite,Foraging,None|None|None,POINT,155.801,155.801,NA,,
AQ_Sctaeniopterus_TP_2021-06-14_135125,6/18/2025 15:37,,/Users/ally/Documents/johnson lab/parrotfish bites/AQ_Sctaeniopterus_TP_2021-06-14_135125_001.MP4,1275.87,23.98,No focal subject,Bite,Foraging,Feces|None|None,POINT,175.303,175.303,NA,,
AQ_Sctaeniopterus_TP_2021-06-14_135125,6/18/2025 15:37,,/Users/ally/Documents/johnson lab/parrotfish bites/AQ_Sctaeniopterus_TP_2021-06-14_135125_001.MP4,1275.87,23.98,No focal subject,Bite,Foraging,None|None|None,POINT,194.303,194.303,NA,,
AQ_Sctaeniopterus_TP_2021-06-14_135125,6/18/2025 15:37,,/Users/ally/Documents/johnson lab/parrotfish bites/AQ_Sctaeniopterus_TP_2021-06-14_135125_001.MP4,1275.87,23.98,No focal subject,Bite,Foraging,None|None|None,POINT,195.054,195.054,NA,,
AQ_Sctaeniopterus_TP_2021-06-14_135125,6/18/2025 15:37,,/Users/ally/Documents/johnson lab/parrotfish bites/AQ_Sctaeniopterus_TP_2021-06-14_135125_001.MP4,1275.87,23.98,No focal subject,Bite,Foraging,None|None|None,POINT,195.552,195.552,NA,,
AQ_Sctaeniopterus_TP_2021-06-14_135125,6/18/2025 15:37,,/Users/ally/Documents/johnson lab/parrotfish bites/AQ_Sctaeniopterus_TP_2021-06-14_135125_001.MP4,1275.87,23.98,No focal subject,Bite,Foraging,None|None|None,POINT,196.301,196.301,NA,,
AQ_Sctaeniopterus_TP_2021-06-14_135125,6/18/2025 15:37,,/Users/ally/Documents/johnson lab/parrotfish bites/AQ_Sctaeniopterus_TP_2021-06-14_135125_001.MP4,1275.87,23.98,No focal subject,Bite,Foraging,None|None|None,POINT,197.053,197.053,NA,,
AQ_Sctaeniopterus_TP_2021-06-14_135125,6/18/2025 15:37,,/Users/ally/Documents/johnson lab/parrotfish bites/AQ_Sctaeniopterus_TP_2021-06-14_135125_001.MP4,1275.87,23.98,No focal subject,Bite,Foraging,None|None|None,POINT,198.051,198.051,NA,,
AQ_Sctaeniopterus_TP_2021-06-14_135125,6/18/2025 15:37,,/Users/ally/Documents/johnson lab/parrotfish bites/AQ_Sctaeniopterus_TP_2021-06-14_135125_001.MP4,1275.87,23.98,No focal subject,Bite,Foraging,None|None|None,POINT,198.799,198.799,NA,,
AQ_Sctaeniopterus_TP_2021-06-14_135125,6/18/2025 15:37,,/Users/ally/Documents/johnson lab/parrotfish bites/AQ_Sctaeniopterus_TP_2021-06-14_135125_001.MP4,1275.87,23.98,No focal subject,Bite,Foraging,None|None|None,POINT,199.553,199.553,NA,,
AQ_Sctaeniopterus_TP_2021-06-14_135125,6/18/2025 15:37,,/Users/ally/Documents/johnson lab/parrotfish bites/AQ_Sctaeniopterus_TP_2021-06-14_135125_001.MP4,1275.87,23.98,No focal subject,Bite,Foraging,None|None|None,POINT,200.053,200.053,NA,,
AQ_Sctaeniopterus_TP_2021-06-14_135125,6/18/2025 15:37,,/Users/ally/Documents/johnson lab/parrotfish bites/AQ_Sctaeniopterus_TP_2021-06-14_135125_001.MP4,1275.87,23.98,No focal subject,Bite,Foraging,None|None|None,POINT,201.301,201.301,NA,,
AQ_Sctaeniopterus_TP_2021-06-14_135125,6/18/2025 15:37,,/Users/ally/Documents/johnson lab/parrotfish bites/AQ_Sctaeniopterus_TP_2021-06-14_135125_001.MP4,1275.87,23.98,No focal subject,Bite,Foraging,None|None|None,POINT,202.301,202.301,NA,,
AQ_Sctaeniopterus_TP_2021-06-14_135125,6/18/2025 15:37,,/Users/ally/Documents/johnson lab/parrotfish bites/AQ_Sctaeniopterus_TP_2021-06-14_135125_001.MP4,1275.87,23.98,No focal subject,Bite,Foraging,None|None|None,POINT,204.553,204.553,NA,,
AQ_Sctaeniopterus_TP_2021-06-14_135125,6/18/2025 15:37,,/Users/ally/Documents/johnson lab/parrotfish bites/AQ_Sctaeniopterus_TP_2021-06-14_135125_001.MP4,1275.87,23.98,No focal subject,Bite,Foraging,None|None|None,POINT,208.554,208.554,NA,,
AQ_Sctaeniopterus_TP_2021-06-14_135125,6/18/2025 15:37,,/Users/ally/Documents/johnson lab/parrotfish bites/AQ_Sctaeniopterus_TP_2021-06-14_135125_001.MP4,1275.87,23.98,No focal subject,Bite,Foraging,None|None|None,POINT,209.054,209.054,NA,,
AQ_Sctaeniopterus_TP_2021-06-14_135125,6/18/2025 15:37,,/Users/ally/Documents/johnson lab/parrotfish bites/AQ_Sctaeniopterus_TP_2021-06-14_135125_001.MP4,1275.87,23.98,No focal subject,Bite,Foraging,None|None|None,POINT,212.302,212.302,NA,,
AQ_Sctaeniopterus_TP_2021-06-14_135125,6/18/2025 15:37,,/Users/ally/Documents/johnson lab/parrotfish bites/AQ_Sctaeniopterus_TP_2021-06-14_135125_001.MP4,1275.87,23.98,No focal subject,Bite,Foraging,None|None|None,POINT,214.555,214.555,NA,,
AQ_Sctaeniopterus_TP_2021-06-14_135125,6/18/2025 15:37,,/Users/ally/Documents/johnson lab/parrotfish bites/AQ_Sctaeniopterus_TP_2021-06-14_135125_001.MP4,1275.87,23.98,No focal subject,Bite,Foraging,None|None|None,POINT,216.053,216.053,NA,,
AQ_Sctaeniopterus_TP_2021-06-14_135125,6/18/2025 15:37,,/Users/ally/Documents/johnson lab/parrotfish bites/AQ_Sctaeniopterus_TP_2021-06-14_135125_001.MP4,1275.87,23.98,No focal subject,Bite,Foraging,None|None|None,POINT,216.802,216.802,NA,,
AQ_Sctaeniopterus_TP_2021-06-14_135125,6/18/2025 15:37,,/Users/ally/Documents/johnson lab/parrotfish bites/AQ_Sctaeniopterus_TP_2021-06-14_135125_001.MP4,1275.87,23.98,No focal subject,Bite,Foraging,None|None|None,POINT,235.054,235.054,NA,,
AQ_Sctaeniopterus_TP_2021-06-14_135125,6/18/2025 15:37,,/Users/ally/Documents/johnson lab/parrotfish bites/AQ_Sctaeniopterus_TP_2021-06-14_135125_001.MP4,1275.87,23.98,No focal subject,Bite,Foraging,None|None|None,POINT,235.803,235.803,NA,,
AQ_Sctaeniopterus_TP_2021-06-14_135125,6/18/2025 15:37,,/Users/ally/Documents/johnson lab/parrotfish bites/AQ_Sctaeniopterus_TP_2021-06-14_135125_001.MP4,1275.87,23.98,No focal subject,Bite,Foraging,None|None|None,POINT,236.303,236.303,NA,,
AQ_Sctaeniopterus_TP_2021-06-14_135125,6/18/2025 15:37,,/Users/ally/Documents/johnson lab/parrotfish bites/AQ_Sctaeniopterus_TP_2021-06-14_135125_001.MP4,1275.87,23.98,No focal subject,Bite,Foraging,None|None|None,POINT,237.554,237.554,NA,,
AQ_Sctaeniopterus_TP_2021-06-14_135125,6/18/2025 15:37,,/Users/ally/Documents/johnson lab/parrotfish bites/AQ_Sctaeniopterus_TP_2021-06-14_135125_001.MP4,1275.87,23.98,No focal subject,Bite,Foraging,None|None|None,POINT,238.303,238.303,NA,,
AQ_Sctaeniopterus_TP_2021-06-14_135125,6/18/2025 15:37,,/Users/ally/Documents/johnson lab/parrotfish bites/AQ_Sctaeniopterus_TP_2021-06-14_135125_001.MP4,1275.87,23.98,No focal subject,Bite,Foraging,None|None|None,POINT,238.802,238.802,NA,,
AQ_Sctaeniopterus_TP_2021-06-14_135125,6/18/2025 15:37,,/Users/ally/Documents/johnson lab/parrotfish bites/AQ_Sctaeniopterus_TP_2021-06-14_135125_001.MP4,1275.87,23.98,No focal subject,Bite,Foraging,None|None|None,POINT,244.8,244.8,NA,,
AQ_Sctaeniopterus_TP_2021-06-14_135125,6/18/2025 15:37,,/Users/ally/Documents/johnson lab/parrotfish bites/AQ_Sctaeniopterus_TP_2021-06-14_135125_001.MP4,1275.87,23.98,No focal subject,Bite,Foraging,None|None|None,POINT,245.555,245.555,NA,,
AQ_Sctaeniopterus_TP_2021-06-14_135125,6/18/2025 15:37,,/Users/ally/Documents/johnson lab/parrotfish bites/AQ_Sctaeniopterus_TP_2021-06-14_135125_001.MP4,1275.87,23.98,No focal subject,Bite,Foraging,None|None|None,POINT,259.553,259.553,NA,,
AQ_Sctaeniopterus_TP_2021-06-14_135125,6/18/2025 15:37,,/Users/ally/Documents/johnson lab/parrotfish bites/AQ_Sctaeniopterus_TP_2021-06-14_135125_001.MP4,1275.87,23.98,No focal subject,Bite,Foraging,None|None|None,POINT,260.055,260.055,NA,,
AQ_Sctaeniopterus_TP_2021-06-14_135125,6/18/2025 15:37,,/Users/ally/Documents/johnson lab/parrotfish bites/AQ_Sctaeniopterus_TP_2021-06-14_135125_001.MP4,1275.87,23.98,No focal subject,Bite,Foraging,None|None|None,POINT,260.555,260.555,NA,,
AQ_Sctaeniopterus_TP_2021-06-14_135125,6/18/2025 15:37,,/Users/ally/Documents/johnson lab/parrotfish bites/AQ_Sctaeniopterus_TP_2021-06-14_135125_001.MP4,1275.87,23.98,No focal subject,Bite,Foraging,None|None|None,POINT,261.053,261.053,NA,,
AQ_Sctaeniopterus_TP_2021-06-14_135125,6/18/2025 15:37,,/Users/ally/Documents/johnson lab/parrotfish bites/AQ_Sctaeniopterus_TP_2021-06-14_135125_001.MP4,1275.87,23.98,No focal subject,Bite,Foraging,None|None|None,POINT,261.801,261.801,NA,,
AQ_Sctaeniopterus_TP_2021-06-14_135125,6/18/2025 15:37,,/Users/ally/Documents/johnson lab/parrotfish bites/AQ_Sctaeniopterus_TP_2021-06-14_135125_001.MP4,1275.87,23.98,No focal subject,Bite,Foraging,None|None|None,POINT,271.803,271.803,NA,,
AQ_Sctaeniopterus_TP_2021-06-14_135125,6/18/2025 15:37,,/Users/ally/Documents/johnson lab/parrotfish bites/AQ_Sctaeniopterus_TP_2021-06-14_135125_001.MP4,1275.87,23.98,No focal subject,Bite,Foraging,None|None|None,POINT,272.302,272.302,NA,,
AQ_Sctaeniopterus_TP_2021-06-14_135125,6/18/2025 15:37,,/Users/ally/Documents/johnson lab/parrotfish bites/AQ_Sctaeniopterus_TP_2021-06-14_135125_001.MP4,1275.87,23.98,No focal subject,Bite,Foraging,None|None|None,POINT,272.801,272.801,NA,,
AQ_Sctaeniopterus_TP_2021-06-14_135125,6/18/2025 15:37,,/Users/ally/Documents/johnson lab/parrotfish bites/AQ_Sctaeniopterus_TP_2021-06-14_135125_001.MP4,1275.87,23.98,No focal subject,Bite,Foraging,None|None|None,POINT,275.052,275.052,NA,,
AQ_Sctaeniopterus_TP_2021-06-14_135125,6/18/2025 15:37,,/Users/ally/Documents/johnson lab/parrotfish bites/AQ_Sctaeniopterus_TP_2021-06-14_135125_001.MP4,1275.87,23.98,No focal subject,Bite,Foraging,None|None|None,POINT,275.302,275.302,NA,,
AQ_Sctaeniopterus_TP_2021-06-14_135125,6/18/2025 15:37,,/Users/ally/Documents/johnson lab/parrotfish bites/AQ_Sctaeniopterus_TP_2021-06-14_135125_001.MP4,1275.87,23.98,No focal subject,Bite,Foraging,None|None|None,POINT,276.054,276.054,NA,,
AQ_Sctaeniopterus_TP_2021-06-14_135125,6/18/2025 15:37,,/Users/ally/Documents/johnson lab/parrotfish bites/AQ_Sctaeniopterus_TP_2021-06-14_135125_001.MP4,1275.87,23.98,No focal subject,Bite,Foraging,None|None|None,POINT,276.554,276.554,NA,,
AQ_Sctaeniopterus_TP_2021-06-14_135125,6/18/2025 15:37,,/Users/ally/Documents/johnson lab/parrotfish bites/AQ_Sctaeniopterus_TP_2021-06-14_135125_001.MP4,1275.87,23.98,No focal subject,Bite,Foraging,None|None|None,POINT,277.555,277.555,NA,,
AQ_Sctaeniopterus_TP_2021-06-14_135125,6/18/2025 15:37,,/Users/ally/Documents/johnson lab/parrotfish bites/AQ_Sctaeniopterus_TP_2021-06-14_135125_001.MP4,1275.87,23.98,No focal subject,Bite,Foraging,None|None|None,POINT,278.053,278.053,NA,,
AQ_Sctaeniopterus_TP_2021-06-14_135125,6/18/2025 15:37,,/Users/ally/Documents/johnson lab/parrotfish bites/AQ_Sctaeniopterus_TP_2021-06-14_135125_001.MP4,1275.87,23.98,No focal subject,Bite,Foraging,None|None|None,POINT,278.553,278.553,NA,,
AQ_Sctaeniopterus_TP_2021-06-14_135125,6/18/2025 15:37,,/Users/ally/Documents/johnson lab/parrotfish bites/AQ_Sctaeniopterus_TP_2021-06-14_135125_001.MP4,1275.87,23.98,No focal subject,Bite,Foraging,None|None|None,POINT,279.303,279.303,NA,,
AQ_Sctaeniopterus_TP_2021-06-14_135125,6/18/2025 15:37,,/Users/ally/Documents/johnson lab/parrotfish bites/AQ_Sctaeniopterus_TP_2021-06-14_135125_001.MP4,1275.87,23.98,No focal subject,Bite,Foraging,None|None|None,POINT,280.053,280.053,NA,,
AQ_Sctaeniopterus_TP_2021-06-14_135125,6/18/2025 15:37,,/Users/ally/Documents/johnson lab/parrotfish bites/AQ_Sctaeniopterus_TP_2021-06-14_135125_001.MP4,1275.87,23.98,No focal subject,Bite,Foraging,None|None|None,POINT,280.555,280.555,NA,,
AQ_Sctaeniopterus_TP_2021-06-14_135125,6/18/2025 15:37,,/Users/ally/Documents/johnson lab/parrotfish bites/AQ_Sctaeniopterus_TP_2021-06-14_135125_001.MP4,1275.87,23.98,No focal subject,Bite,Foraging,None|None|None,POINT,281.053,281.053,NA,,
AQ_Sctaeniopterus_TP_2021-06-14_135125,6/18/2025 15:37,,/Users/ally/Documents/johnson lab/parrotfish bites/AQ_Sctaeniopterus_TP_2021-06-14_135125_001.MP4,1275.87,23.98,No focal subject,Bite,Foraging,None|None|None,POINT,281.802,281.802,NA,,
AQ_Sctaeniopterus_TP_2021-06-14_135125,6/18/2025 15:37,,/Users/ally/Documents/johnson lab/parrotfish bites/AQ_Sctaeniopterus_TP_2021-06-14_135125_001.MP4,1275.87,23.98,No focal subject,Bite,Foraging,None|None|None,POINT,295.554,295.554,NA,,
AQ_Sctaeniopterus_TP_2021-06-14_135125,6/18/2025 15:37,,/Users/ally/Documents/johnson lab/parrotfish bites/AQ_Sctaeniopterus_TP_2021-06-14_135125_001.MP4,1275.87,23.98,No focal subject,Bite,Foraging,None|None|None,POINT,296.302,296.302,NA,,
AQ_Sctaeniopterus_TP_2021-06-14_135125,6/18/2025 15:37,,/Users/ally/Documents/johnson lab/parrotfish bites/AQ_Sctaeniopterus_TP_2021-06-14_135125_001.MP4,1275.87,23.98,No focal subject,Bite,Foraging,None|None|None,POINT,297.054,297.054,NA,,
AQ_Sctaeniopterus_TP_2021-06-14_135125,6/18/2025 15:37,,/Users/ally/Documents/johnson lab/parrotfish bites/AQ_Sctaeniopterus_TP_2021-06-14_135125_001.MP4,1275.87,23.98,No focal subject,Bite,Foraging,None|None|None,POINT,297.803,297.803,NA,,
AQ_Sctaeniopterus_TP_2021-06-14_135125,6/18/2025 15:37,,/Users/ally/Documents/johnson lab/parrotfish bites/AQ_Sctaeniopterus_TP_2021-06-14_135125_001.MP4,1275.87,23.98,No focal subject,Bite,Foraging,None|None|None,POINT,298.302,298.302,NA,,
AQ_Sctaeniopterus_TP_2021-06-14_135125,6/18/2025 15:37,,/Users/ally/Documents/johnson lab/parrotfish bites/AQ_Sctaeniopterus_TP_2021-06-14_135125_001.MP4,1275.87,23.98,No focal subject,Bite,Foraging,None|None|None,POINT,299.803,299.803,NA,,
AQ_Sctaeniopterus_TP_2021-06-14_135125,6/18/2025 15:37,,/Users/ally/Documents/johnson lab/parrotfish bites/AQ_Sctaeniopterus_TP_2021-06-14_135125_001.MP4,1275.87,23.98,No focal subject,Bite,Foraging,None|None|None,POINT,300.799,300.799,NA,,
AQ_Sctaeniopterus_TP_2021-06-14_135125,6/18/2025 15:37,,/Users/ally/Documents/johnson lab/parrotfish bites/AQ_Sctaeniopterus_TP_2021-06-14_135125_001.MP4,1275.87,23.98,No focal subject,Bite,Foraging,None|None|None,POINT,301.553,301.553,NA,,
AQ_Sctaeniopterus_TP_2021-06-14_135125,6/18/2025 15:37,,/Users/ally/Documents/johnson lab/parrotfish bites/AQ_Sctaeniopterus_TP_2021-06-14_135125_001.MP4,1275.87,23.98,No focal subject,Bite,Foraging,None|None|None,POINT,302.054,302.054,NA,,
AQ_Sctaeniopterus_TP_2021-06-14_135125,6/18/2025 15:37,,/Users/ally/Documents/johnson lab/parrotfish bites/AQ_Sctaeniopterus_TP_2021-06-14_135125_001.MP4,1275.87,23.98,No focal subject,Bite,Foraging,None|None|None,POINT,302.802,302.802,NA,,
AQ_Sctaeniopterus_TP_2021-06-14_135125,6/18/2025 15:37,,/Users/ally/Documents/johnson lab/parrotfish bites/AQ_Sctaeniopterus_TP_2021-06-14_135125_001.MP4,1275.87,23.98,No focal subject,Bite,Foraging,None|None|None,POINT,303.553,303.553,NA,,
AQ_Sctaeniopterus_TP_2021-06-14_135125,6/18/2025 15:37,,/Users/ally/Documents/johnson lab/parrotfish bites/AQ_Sctaeniopterus_TP_2021-06-14_135125_001.MP4,1275.87,23.98,No focal subject,Bite,Foraging,None|None|None,POINT,304.554,304.554,NA,,
AQ_Sctaeniopterus_TP_2021-06-14_135125,6/18/2025 15:37,,/Users/ally/Documents/johnson lab/parrotfish bites/AQ_Sctaeniopterus_TP_2021-06-14_135125_001.MP4,1275.87,23.98,No focal subject,Bite,Foraging,None|None|None,POINT,305.053,305.053,NA,,
AQ_Sctaeniopterus_TP_2021-06-14_135125,6/18/2025 15:37,,/Users/ally/Documents/johnson lab/parrotfish bites/AQ_Sctaeniopterus_TP_2021-06-14_135125_001.MP4,1275.87,23.98,No focal subject,Bite,Foraging,None|None|None,POINT,307.299,307.299,NA,,
AQ_Sctaeniopterus_TP_2021-06-14_135125,6/18/2025 15:37,,/Users/ally/Documents/johnson lab/parrotfish bites/AQ_Sctaeniopterus_TP_2021-06-14_135125_001.MP4,1275.87,23.98,No focal subject,Bite,Foraging,None|None|None,POINT,314.802,314.802,NA,,
AQ_Sctaeniopterus_TP_2021-06-14_135125,6/18/2025 15:37,,/Users/ally/Documents/johnson lab/parrotfish bites/AQ_Sctaeniopterus_TP_2021-06-14_135125_001.MP4,1275.87,23.98,No focal subject,Bite,Foraging,None|None|None,POINT,315.301,315.301,NA,,
AQ_Sctaeniopterus_TP_2021-06-14_135125,6/18/2025 15:37,,/Users/ally/Documents/johnson lab/parrotfish bites/AQ_Sctaeniopterus_TP_2021-06-14_135125_001.MP4,1275.87,23.98,No focal subject,Bite,Foraging,None|None|None,POINT,315.801,315.801,NA,,
AQ_Sctaeniopterus_TP_2021-06-14_135125,6/18/2025 15:37,,/Users/ally/Documents/johnson lab/parrotfish bites/AQ_Sctaeniopterus_TP_2021-06-14_135125_001.MP4,1275.87,23.98,No focal subject,Bite,Foraging,None|None|None,POINT,317.552,317.552,NA,,
AQ_Sctaeniopterus_TP_2021-06-14_135125,6/18/2025 15:37,,/Users/ally/Documents/johnson lab/parrotfish bites/AQ_Sctaeniopterus_TP_2021-06-14_135125_001.MP4,1275.87,23.98,No focal subject,Bite,Foraging,None|None|None,POINT,324.552,324.552,NA,,
AQ_Sctaeniopterus_TP_2021-06-14_135125,6/18/2025 15:37,,/Users/ally/Documents/johnson lab/parrotfish bites/AQ_Sctaeniopterus_TP_2021-06-14_135125_001.MP4,1275.87,23.98,No focal subject,Bite,Foraging,None|None|None,POINT,325.799,325.799,NA,,
AQ_Sctaeniopterus_TP_2021-06-14_135125,6/18/2025 15:37,,/Users/ally/Documents/johnson lab/parrotfish bites/AQ_Sctaeniopterus_TP_2021-06-14_135125_001.MP4,1275.87,23.98,No focal subject,Bite,Foraging,None|None|None,POINT,326.553,326.553,NA,,
AQ_Sctaeniopterus_TP_2021-06-14_135125,6/18/2025 15:37,,/Users/ally/Documents/johnson lab/parrotfish bites/AQ_Sctaeniopterus_TP_2021-06-14_135125_001.MP4,1275.87,23.98,No focal subject,Bite,Foraging,None|None|None,POINT,327.052,327.052,NA,,
AQ_Sctaeniopterus_TP_2021-06-14_135125,6/18/2025 15:37,,/Users/ally/Documents/johnson lab/parrotfish bites/AQ_Sctaeniopterus_TP_2021-06-14_135125_001.MP4,1275.87,23.98,No focal subject,Bite,Foraging,None|None|None,POINT,328.301,328.301,NA,,
AQ_Sctaeniopterus_TP_2021-06-14_135125,6/18/2025 15:37,,/Users/ally/Documents/johnson lab/parrotfish bites/AQ_Sctaeniopterus_TP_2021-06-14_135125_001.MP4,1275.87,23.98,No focal subject,Bite,Foraging,None|None|None,POINT,328.801,328.801,NA,,
AQ_Sctaeniopterus_TP_2021-06-14_135125,6/18/2025 15:37,,/Users/ally/Documents/johnson lab/parrotfish bites/AQ_Sctaeniopterus_TP_2021-06-14_135125_001.MP4,1275.87,23.98,No focal subject,Bite,Foraging,None|None|None,POINT,329.551,329.551,NA,,
AQ_Sctaeniopterus_TP_2021-06-14_135125,6/18/2025 15:37,,/Users/ally/Documents/johnson lab/parrotfish bites/AQ_Sctaeniopterus_TP_2021-06-14_135125_001.MP4,1275.87,23.98,No focal subject,Bite,Foraging,None|None|None,POINT,338.302,338.302,NA,,
AQ_Sctaeniopterus_TP_2021-06-14_135125,6/18/2025 15:37,,/Users/ally/Documents/johnson lab/parrotfish bites/AQ_Sctaeniopterus_TP_2021-06-14_135125_001.MP4,1275.87,23.98,No focal subject,Bite,Foraging,None|None|None,POINT,338.801,338.801,NA,,
AQ_Sctaeniopterus_TP_2021-06-14_135125,6/18/2025 15:37,,/Users/ally/Documents/johnson lab/parrotfish bites/AQ_Sctaeniopterus_TP_2021-06-14_135125_001.MP4,1275.87,23.98,No focal subject,Bite,Foraging,None|None|None,POINT,339.804,339.804,NA,,
AQ_Sctaeniopterus_TP_2021-06-14_135125,6/18/2025 15:37,,/Users/ally/Documents/johnson lab/parrotfish bites/AQ_Sctaeniopterus_TP_2021-06-14_135125_001.MP4,1275.87,23.98,No focal subject,Bite,Foraging,None|None|None,POINT,340.302,340.302,NA,,
AQ_Sctaeniopterus_TP_2021-06-14_135125,6/18/2025 15:37,,/Users/ally/Documents/johnson lab/parrotfish bites/AQ_Sctaeniopterus_TP_2021-06-14_135125_001.MP4,1275.87,23.98,No focal subject,Bite,Foraging,None|None|None,POINT,340.802,340.802,NA,,
AQ_Sctaeniopterus_TP_2021-06-14_135125,6/18/2025 15:37,,/Users/ally/Documents/johnson lab/parrotfish bites/AQ_Sctaeniopterus_TP_2021-06-14_135125_001.MP4,1275.87,23.98,No focal subject,Bite,Foraging,None|None|None,POINT,341.303,341.303,NA,,
AQ_Sctaeniopterus_TP_2021-06-14_135125,6/18/2025 15:37,,/Users/ally/Documents/johnson lab/parrotfish bites/AQ_Sctaeniopterus_TP_2021-06-14_135125_001.MP4,1275.87,23.98,No focal subject,Bite,Foraging,None|None|None,POINT,342.054,342.054,NA,,
AQ_Sctaeniopterus_TP_2021-06-14_135125,6/18/2025 15:37,,/Users/ally/Documents/johnson lab/parrotfish bites/AQ_Sctaeniopterus_TP_2021-06-14_135125_001.MP4,1275.87,23.98,No focal subject,Bite,Foraging,None|None|None,POINT,342.803,342.803,NA,,
AQ_Sctaeniopterus_TP_2021-06-14_135125,6/18/2025 15:37,,/Users/ally/Documents/johnson lab/parrotfish bites/AQ_Sctaeniopterus_TP_2021-06-14_135125_001.MP4,1275.87,23.98,No focal subject,Bite,Foraging,None|None|None,POINT,343.302,343.302,NA,,
AQ_Sctaeniopterus_TP_2021-06-14_135125,6/18/2025 15:37,,/Users/ally/Documents/johnson lab/parrotfish bites/AQ_Sctaeniopterus_TP_2021-06-14_135125_001.MP4,1275.87,23.98,No focal subject,Bite,Foraging,None|None|None,POINT,344.053,344.053,NA,,
AQ_Sctaeniopterus_TP_2021-06-14_135125,6/18/2025 15:37,,/Users/ally/Documents/johnson lab/parrotfish bites/AQ_Sctaeniopterus_TP_2021-06-14_135125_001.MP4,1275.87,23.98,No focal subject,Bite,Foraging,None|None|None,POINT,363.802,363.802,NA,,
AQ_Sctaeniopterus_TP_2021-06-14_135125,6/18/2025 15:37,,/Users/ally/Documents/johnson lab/parrotfish bites/AQ_Sctaeniopterus_TP_2021-06-14_135125_001.MP4,1275.87,23.98,No focal subject,Bite,Foraging,None|None|None,POINT,364.552,364.552,NA,,
AQ_Sctaeniopterus_TP_2021-06-14_135125,6/18/2025 15:37,,/Users/ally/Documents/johnson lab/parrotfish bites/AQ_Sctaeniopterus_TP_2021-06-14_135125_001.MP4,1275.87,23.98,No focal subject,Bite,Foraging,None|None|None,POINT,366.052,366.052,NA,,
AQ_Sctaeniopterus_TP_2021-06-14_135125,6/18/2025 15:37,,/Users/ally/Documents/johnson lab/parrotfish bites/AQ_Sctaeniopterus_TP_2021-06-14_135125_001.MP4,1275.87,23.98,No focal subject,Bite,Foraging,None|None|None,POINT,367.055,367.055,NA,,
AQ_Sctaeniopterus_TP_2021-06-14_135125,6/18/2025 15:37,,/Users/ally/Documents/johnson lab/parrotfish bites/AQ_Sctaeniopterus_TP_2021-06-14_135125_001.MP4,1275.87,23.98,No focal subject,Bite,Foraging,None|None|None,POINT,381.803,381.803,NA,,
AQ_Sctaeniopterus_TP_2021-06-14_135125,6/18/2025 15:37,,/Users/ally/Documents/johnson lab/parrotfish bites/AQ_Sctaeniopterus_TP_2021-06-14_135125_001.MP4,1275.87,23.98,No focal subject,Bite,Foraging,None|None|None,POINT,390.054,390.054,NA,,
AQ_Sctaeniopterus_TP_2021-06-14_135125,6/18/2025 15:37,,/Users/ally/Documents/johnson lab/parrotfish bites/AQ_Sctaeniopterus_TP_2021-06-14_135125_001.MP4,1275.87,23.98,No focal subject,Bite,Foraging,None|None|None,POINT,391.554,391.554,NA,,
AQ_Sctaeniopterus_TP_2021-06-14_135125,6/18/2025 15:37,,/Users/ally/Documents/johnson lab/parrotfish bites/AQ_Sctaeniopterus_TP_2021-06-14_135125_001.MP4,1275.87,23.98,No focal subject,Bite,Foraging,None|None|None,POINT,397.803,397.803,NA,,
AQ_Sctaeniopterus_TP_2021-06-14_135125,6/18/2025 15:37,,/Users/ally/Documents/johnson lab/parrotfish bites/AQ_Sctaeniopterus_TP_2021-06-14_135125_001.MP4,1275.87,23.98,No focal subject,Bite,Foraging,None|None|None,POINT,398.552,398.552,NA,,
AQ_Sctaeniopterus_TP_2021-06-14_135125,6/18/2025 15:37,,/Users/ally/Documents/johnson lab/parrotfish bites/AQ_Sctaeniopterus_TP_2021-06-14_135125_001.MP4,1275.87,23.98,No focal subject,Bite,Foraging,None|None|None,POINT,399.051,399.051,NA,,
AQ_Sctaeniopterus_TP_2021-06-14_135125,6/18/2025 15:37,,/Users/ally/Documents/johnson lab/parrotfish bites/AQ_Sctaeniopterus_TP_2021-06-14_135125_001.MP4,1275.87,23.98,No focal subject,Bite,Foraging,None|None|None,POINT,399.553,399.553,NA,,
AQ_Sctaeniopterus_TP_2021-06-14_135125,6/18/2025 15:37,,/Users/ally/Documents/johnson lab/parrotfish bites/AQ_Sctaeniopterus_TP_2021-06-14_135125_001.MP4,1275.87,23.98,No focal subject,Bite,Foraging,None|None|None,POINT,400.305,400.305,NA,,
AQ_Sctaeniopterus_TP_2021-06-14_135125,6/18/2025 15:37,,/Users/ally/Documents/johnson lab/parrotfish bites/AQ_Sctaeniopterus_TP_2021-06-14_135125_001.MP4,1275.87,23.98,No focal subject,Bite,Foraging,None|None|None,POINT,400.803,400.803,NA,,
AQ_Sctaeniopterus_TP_2021-06-14_135125,6/18/2025 15:37,,/Users/ally/Documents/johnson lab/parrotfish bites/AQ_Sctaeniopterus_TP_2021-06-14_135125_001.MP4,1275.87,23.98,No focal subject,Bite,Foraging,None|None|None,POINT,401.304,401.304,NA,,
AQ_Sctaeniopterus_TP_2021-06-14_135125,6/18/2025 15:37,,/Users/ally/Documents/johnson lab/parrotfish bites/AQ_Sctaeniopterus_TP_2021-06-14_135125_001.MP4,1275.87,23.98,No focal subject,Bite,Foraging,None|None|None,POINT,401.805,401.805,NA,,
AQ_Sctaeniopterus_TP_2021-06-14_135125,6/18/2025 15:37,,/Users/ally/Documents/johnson lab/parrotfish bites/AQ_Sctaeniopterus_TP_2021-06-14_135125_001.MP4,1275.87,23.98,No focal subject,Bite,Foraging,None|None|None,POINT,402.553,402.553,NA,,
AQ_Sctaeniopterus_TP_2021-06-14_135125,6/18/2025 15:37,,/Users/ally/Documents/johnson lab/parrotfish bites/AQ_Sctaeniopterus_TP_2021-06-14_135125_001.MP4,1275.87,23.98,No focal subject,Bite,Foraging,None|None|None,POINT,404.804,404.804,NA,,
AQ_Sctaeniopterus_TP_2021-06-14_135125,6/18/2025 15:37,,/Users/ally/Documents/johnson lab/parrotfish bites/AQ_Sctaeniopterus_TP_2021-06-14_135125_001.MP4,1275.87,23.98,No focal subject,Bite,Foraging,None|None|None,POINT,405.303,405.303,NA,,
AQ_Sctaeniopterus_TP_2021-06-14_135125,6/18/2025 15:37,,/Users/ally/Documents/johnson lab/parrotfish bites/AQ_Sctaeniopterus_TP_2021-06-14_135125_001.MP4,1275.87,23.98,No focal subject,Bite,Foraging,Feces|None|None,POINT,416.304,416.304,NA,,
AQ_Sctaeniopterus_TP_2021-06-14_135125,6/18/2025 15:37,,/Users/ally/Documents/johnson lab/parrotfish bites/AQ_Sctaeniopterus_TP_2021-06-14_135125_001.MP4,1275.87,23.98,No focal subject,Bite,Foraging,None|None|None,POINT,435.804,435.804,NA,,
AQ_Sctaeniopterus_TP_2021-06-14_135125,6/18/2025 15:37,,/Users/ally/Documents/johnson lab/parrotfish bites/AQ_Sctaeniopterus_TP_2021-06-14_135125_001.MP4,1275.87,23.98,No focal subject,Bite,Foraging,None|None|None,POINT,436.302,436.302,NA,,
AQ_Sctaeniopterus_TP_2021-06-14_135125,6/18/2025 15:37,,/Users/ally/Documents/johnson lab/parrotfish bites/AQ_Sctaeniopterus_TP_2021-06-14_135125_001.MP4,1275.87,23.98,No focal subject,Bite,Foraging,None|None|None,POINT,436.804,436.804,NA,,
AQ_Sctaeniopterus_TP_2021-06-14_135125,6/18/2025 15:37,,/Users/ally/Documents/johnson lab/parrotfish bites/AQ_Sctaeniopterus_TP_2021-06-14_135125_001.MP4,1275.87,23.98,No focal subject,Bite,Foraging,None|None|None,POINT,437.552,437.552,NA,,
AQ_Sctaeniopterus_TP_2021-06-14_135125,6/18/2025 15:37,,/Users/ally/Documents/johnson lab/parrotfish bites/AQ_Sctaeniopterus_TP_2021-06-14_135125_001.MP4,1275.87,23.98,No focal subject,Bite,Foraging,None|None|None,POINT,439.052,439.052,NA,,
AQ_Sctaeniopterus_TP_2021-06-14_135125,6/18/2025 15:37,,/Users/ally/Documents/johnson lab/parrotfish bites/AQ_Sctaeniopterus_TP_2021-06-14_135125_001.MP4,1275.87,23.98,No focal subject,Bite,Foraging,None|None|None,POINT,442.303,442.303,NA,,
AQ_Sctaeniopterus_TP_2021-06-14_135125,6/18/2025 15:37,,/Users/ally/Documents/johnson lab/parrotfish bites/AQ_Sctaeniopterus_TP_2021-06-14_135125_001.MP4,1275.87,23.98,No focal subject,Bite,Foraging,None|None|None,POINT,444.053,444.053,NA,,
AQ_Sctaeniopterus_TP_2021-06-14_135125,6/18/2025 15:37,,/Users/ally/Documents/johnson lab/parrotfish bites/AQ_Sctaeniopterus_TP_2021-06-14_135125_001.MP4,1275.87,23.98,No focal subject,Bite,Foraging,None|None|None,POINT,463.051,463.051,NA,,
AQ_Sctaeniopterus_TP_2021-06-14_135125,6/18/2025 15:37,,/Users/ally/Documents/johnson lab/parrotfish bites/AQ_Sctaeniopterus_TP_2021-06-14_135125_001.MP4,1275.87,23.98,No focal subject,Bite,Foraging,None|None|None,POINT,463.302,463.302,NA,,
AQ_Sctaeniopterus_TP_2021-06-14_135125,6/18/2025 15:37,,/Users/ally/Documents/johnson lab/parrotfish bites/AQ_Sctaeniopterus_TP_2021-06-14_135125_001.MP4,1275.87,23.98,No focal subject,Bite,Foraging,None|None|None,POINT,464.052,464.052,NA,,
AQ_Sctaeniopterus_TP_2021-06-14_135125,6/18/2025 15:37,,/Users/ally/Documents/johnson lab/parrotfish bites/AQ_Sctaeniopterus_TP_2021-06-14_135125_001.MP4,1275.87,23.98,No focal subject,Bite,Foraging,None|None|None,POINT,464.553,464.553,NA,,
AQ_Sctaeniopterus_TP_2021-06-14_135125,6/18/2025 15:37,,/Users/ally/Documents/johnson lab/parrotfish bites/AQ_Sctaeniopterus_TP_2021-06-14_135125_001.MP4,1275.87,23.98,No focal subject,Bite,Foraging,None|None|None,POINT,465.052,465.052,NA,,
AQ_Sctaeniopterus_TP_2021-06-14_135125,6/18/2025 15:37,,/Users/ally/Documents/johnson lab/parrotfish bites/AQ_Sctaeniopterus_TP_2021-06-14_135125_001.MP4,1275.87,23.98,No focal subject,Bite,Foraging,None|None|None,POINT,465.804,465.804,NA,,
AQ_Sctaeniopterus_TP_2021-06-14_135125,6/18/2025 15:37,,/Users/ally/Documents/johnson lab/parrotfish bites/AQ_Sctaeniopterus_TP_2021-06-14_135125_001.MP4,1275.87,23.98,No focal subject,Bite,Foraging,None|None|None,POINT,466.303,466.303,NA,,
AQ_Sctaeniopterus_TP_2021-06-14_135125,6/18/2025 15:37,,/Users/ally/Documents/johnson lab/parrotfish bites/AQ_Sctaeniopterus_TP_2021-06-14_135125_001.MP4,1275.87,23.98,No focal subject,Bite,Foraging,Feces|None|None,POINT,473.051,473.051,NA,,
AQ_Sctaeniopterus_TP_2021-06-14_135125,6/18/2025 15:37,,/Users/ally/Documents/johnson lab/parrotfish bites/AQ_Sctaeniopterus_TP_2021-06-14_135125_001.MP4,1275.87,23.98,No focal subject,Bite,Foraging,None|None|None,POINT,497.619,497.619,NA,,
AQ_Sctaeniopterus_TP_2021-06-14_135125,6/18/2025 15:37,,/Users/ally/Documents/johnson lab/parrotfish bites/AQ_Sctaeniopterus_TP_2021-06-14_135125_001.MP4,1275.87,23.98,No focal subject,Bite,Foraging,None|None|None,POINT,498.119,498.119,NA,,
AQ_Sctaeniopterus_TP_2021-06-14_135125,6/18/2025 15:37,,/Users/ally/Documents/johnson lab/parrotfish bites/AQ_Sctaeniopterus_TP_2021-06-14_135125_001.MP4,1275.87,23.98,No focal subject,Bite,Foraging,None|None|None,POINT,499.119,499.119,NA,,
AQ_Sctaeniopterus_TP_2021-06-14_135125,6/18/2025 15:37,,/Users/ally/Documents/johnson lab/parrotfish bites/AQ_Sctaeniopterus_TP_2021-06-14_135125_001.MP4,1275.87,23.98,No focal subject,Bite,Foraging,None|None|None,POINT,500.119,500.119,NA,,
AQ_Sctaeniopterus_TP_2021-06-14_135125,6/18/2025 15:37,,/Users/ally/Documents/johnson lab/parrotfish bites/AQ_Sctaeniopterus_TP_2021-06-14_135125_001.MP4,1275.87,23.98,No focal subject,Bite,Foraging,None|None|None,POINT,500.87,500.87,NA,,
AQ_Sctaeniopterus_TP_2021-06-14_135125,6/18/2025 15:37,,/Users/ally/Documents/johnson lab/parrotfish bites/AQ_Sctaeniopterus_TP_2021-06-14_135125_001.MP4,1275.87,23.98,No focal subject,Bite,Foraging,None|None|None,POINT,502.37,502.37,NA,,
AQ_Sctaeniopterus_TP_2021-06-14_135125,6/18/2025 15:37,,/Users/ally/Documents/johnson lab/parrotfish bites/AQ_Sctaeniopterus_TP_2021-06-14_135125_001.MP4,1275.87,23.98,No focal subject,Bite,Foraging,None|None|None,POINT,503.87,503.87,NA,,
AQ_Sctaeniopterus_TP_2021-06-14_135125,6/18/2025 15:37,,/Users/ally/Documents/johnson lab/parrotfish bites/AQ_Sctaeniopterus_TP_2021-06-14_135125_001.MP4,1275.87,23.98,No focal subject,Bite,Foraging,None|None|None,POINT,506.119,506.119,NA,,
AQ_Sctaeniopterus_TP_2021-06-14_135125,6/18/2025 15:37,,/Users/ally/Documents/johnson lab/parrotfish bites/AQ_Sctaeniopterus_TP_2021-06-14_135125_001.MP4,1275.87,23.98,No focal subject,Bite,Foraging,None|None|None,POINT,506.367,506.367,NA,,
AQ_Sctaeniopterus_TP_2021-06-14_135125,6/18/2025 15:37,,/Users/ally/Documents/johnson lab/parrotfish bites/AQ_Sctaeniopterus_TP_2021-06-14_135125_001.MP4,1275.87,23.98,No focal subject,Bite,Foraging,None|None|None,POINT,507.119,507.119,NA,,
AQ_Sctaeniopterus_TP_2021-06-14_135125,6/18/2025 15:37,,/Users/ally/Documents/johnson lab/parrotfish bites/AQ_Sctaeniopterus_TP_2021-06-14_135125_001.MP4,1275.87,23.98,No focal subject,Bite,Foraging,None|None|None,POINT,508.119,508.119,NA,,
AQ_Sctaeniopterus_TP_2021-06-14_135125,6/18/2025 15:37,,/Users/ally/Documents/johnson lab/parrotfish bites/AQ_Sctaeniopterus_TP_2021-06-14_135125_001.MP4,1275.87,23.98,No focal subject,Bite,Foraging,None|None|None,POINT,519.12,519.12,NA,,
AQ_Sctaeniopterus_TP_2021-06-14_135125,6/18/2025 15:37,,/Users/ally/Documents/johnson lab/parrotfish bites/AQ_Sctaeniopterus_TP_2021-06-14_135125_001.MP4,1275.87,23.98,No focal subject,Bite,Foraging,None|None|None,POINT,519.871,519.871,NA,,
AQ_Sctaeniopterus_TP_2021-06-14_135125,6/18/2025 15:37,,/Users/ally/Documents/johnson lab/parrotfish bites/AQ_Sctaeniopterus_TP_2021-06-14_135125_001.MP4,1275.87,23.98,No focal subject,Bite,Foraging,None|None|None,POINT,520.871,520.871,NA,,
AQ_Sctaeniopterus_TP_2021-06-14_135125,6/18/2025 15:37,,/Users/ally/Documents/johnson lab/parrotfish bites/AQ_Sctaeniopterus_TP_2021-06-14_135125_001.MP4,1275.87,23.98,No focal subject,Bite,Foraging,None|None|None,POINT,524.12,524.12,NA,,
AQ_Sctaeniopterus_TP_2021-06-14_135125,6/18/2025 15:37,,/Users/ally/Documents/johnson lab/parrotfish bites/AQ_Sctaeniopterus_TP_2021-06-14_135125_001.MP4,1275.87,23.98,No focal subject,Bite,Foraging,None|None|None,POINT,524.619,524.619,NA,,
AQ_Sctaeniopterus_TP_2021-06-14_135125,6/18/2025 15:37,,/Users/ally/Documents/johnson lab/parrotfish bites/AQ_Sctaeniopterus_TP_2021-06-14_135125_001.MP4,1275.87,23.98,No focal subject,Bite,Foraging,None|None|None,POINT,526.369,526.369,NA,,
AQ_Sctaeniopterus_TP_2021-06-14_135125,6/18/2025 15:37,,/Users/ally/Documents/johnson lab/parrotfish bites/AQ_Sctaeniopterus_TP_2021-06-14_135125_001.MP4,1275.87,23.98,No focal subject,Bite,Foraging,None|None|None,POINT,526.871,526.871,NA,,
AQ_Sctaeniopterus_TP_2021-06-14_135125,6/18/2025 15:37,,/Users/ally/Documents/johnson lab/parrotfish bites/AQ_Sctaeniopterus_TP_2021-06-14_135125_001.MP4,1275.87,23.98,No focal subject,Bite,Foraging,None|None|None,POINT,538.868,538.868,NA,,
AQ_Sctaeniopterus_TP_2021-06-14_135125,6/18/2025 15:37,,/Users/ally/Documents/johnson lab/parrotfish bites/AQ_Sctaeniopterus_TP_2021-06-14_135125_001.MP4,1275.87,23.98,No focal subject,Bite,Foraging,None|None|None,POINT,539.62,539.62,NA,,
AQ_Sctaeniopterus_TP_2021-06-14_135125,6/18/2025 15:37,,/Users/ally/Documents/johnson lab/parrotfish bites/AQ_Sctaeniopterus_TP_2021-06-14_135125_001.MP4,1275.87,23.98,No focal subject,Bite,Foraging,None|None|None,POINT,540.618,540.618,NA,,
AQ_Sctaeniopterus_TP_2021-06-14_135125,6/18/2025 15:37,,/Users/ally/Documents/johnson lab/parrotfish bites/AQ_Sctaeniopterus_TP_2021-06-14_135125_001.MP4,1275.87,23.98,No focal subject,Bite,Foraging,None|None|None,POINT,541.369,541.369,NA,,
AQ_Sctaeniopterus_TP_2021-06-14_135125,6/18/2025 15:37,,/Users/ally/Documents/johnson lab/parrotfish bites/AQ_Sctaeniopterus_TP_2021-06-14_135125_001.MP4,1275.87,23.98,No focal subject,Bite,Foraging,None|None|None,POINT,561.872,561.872,NA,,
AQ_Sctaeniopterus_TP_2021-06-14_135125,6/18/2025 15:37,,/Users/ally/Documents/johnson lab/parrotfish bites/AQ_Sctaeniopterus_TP_2021-06-14_135125_001.MP4,1275.87,23.98,No focal subject,Bite,Foraging,None|None|None,POINT,564.371,564.371,NA,,
AQ_Sctaeniopterus_TP_2021-06-14_135125,6/18/2025 15:37,,/Users/ally/Documents/johnson lab/parrotfish bites/AQ_Sctaeniopterus_TP_2021-06-14_135125_001.MP4,1275.87,23.98,No focal subject,Bite,Foraging,None|None|None,POINT,565.119,565.119,NA,,
AQ_Sctaeniopterus_TP_2021-06-14_135125,6/18/2025 15:37,,/Users/ally/Documents/johnson lab/parrotfish bites/AQ_Sctaeniopterus_TP_2021-06-14_135125_001.MP4,1275.87,23.98,No focal subject,Bite,Foraging,None|None|None,POINT,565.87,565.87,NA,,
AQ_Sctaeniopterus_TP_2021-06-14_135125,6/18/2025 15:37,,/Users/ally/Documents/johnson lab/parrotfish bites/AQ_Sctaeniopterus_TP_2021-06-14_135125_001.MP4,1275.87,23.98,No focal subject,Bite,Foraging,None|None|None,POINT,566.371,566.371,NA,,
AQ_Sctaeniopterus_TP_2021-06-14_135125,6/18/2025 15:37,,/Users/ally/Documents/johnson lab/parrotfish bites/AQ_Sctaeniopterus_TP_2021-06-14_135125_001.MP4,1275.87,23.98,No focal subject,Bite,Foraging,None|None|None,POINT,570.371,570.371,NA,,
AQ_Sctaeniopterus_TP_2021-06-14_135125,6/18/2025 15:37,,/Users/ally/Documents/johnson lab/parrotfish bites/AQ_Sctaeniopterus_TP_2021-06-14_135125_001.MP4,1275.87,23.98,No focal subject,Bite,Foraging,None|None|None,POINT,572.119,572.119,NA,,
AQ_Sctaeniopterus_TP_2021-06-14_135125,6/18/2025 15:37,,/Users/ally/Documents/johnson lab/parrotfish bites/AQ_Sctaeniopterus_TP_2021-06-14_135125_001.MP4,1275.87,23.98,No focal subject,Bite,Foraging,None|None|None,POINT,574.119,574.119,NA,,
AQ_Sctaeniopterus_TP_2021-06-14_135125,6/18/2025 15:37,,/Users/ally/Documents/johnson lab/parrotfish bites/AQ_Sctaeniopterus_TP_2021-06-14_135125_001.MP4,1275.87,23.98,No focal subject,Bite,Foraging,None|None|None,POINT,574.871,574.871,NA,,
AQ_Sctaeniopterus_TP_2021-06-14_135125,6/18/2025 15:37,,/Users/ally/Documents/johnson lab/parrotfish bites/AQ_Sctaeniopterus_TP_2021-06-14_135125_001.MP4,1275.87,23.98,No focal subject,Bite,Foraging,None|None|None,POINT,575.371,575.371,NA,,
AQ_Sctaeniopterus_TP_2021-06-14_135125,6/18/2025 15:37,,/Users/ally/Documents/johnson lab/parrotfish bites/AQ_Sctaeniopterus_TP_2021-06-14_135125_001.MP4,1275.87,23.98,No focal subject,Bite,Foraging,None|None|None,POINT,575.87,575.87,NA,,
AQ_Sctaeniopterus_TP_2021-06-14_135125,6/18/2025 15:37,,/Users/ally/Documents/johnson lab/parrotfish bites/AQ_Sctaeniopterus_TP_2021-06-14_135125_001.MP4,1275.87,23.98,No focal subject,Bite,Foraging,None|None|None,POINT,576.12,576.12,NA,,
AQ_Sctaeniopterus_TP_2021-06-14_135125,6/18/2025 15:37,,/Users/ally/Documents/johnson lab/parrotfish bites/AQ_Sctaeniopterus_TP_2021-06-14_135125_001.MP4,1275.87,23.98,No focal subject,Bite,Foraging,None|None|None,POINT,576.871,576.871,NA,,
AQ_Sctaeniopterus_TP_2021-06-14_135125,6/18/2025 15:37,,/Users/ally/Documents/johnson lab/parrotfish bites/AQ_Sctaeniopterus_TP_2021-06-14_135125_001.MP4,1275.87,23.98,No focal subject,Bite,Foraging,None|None|None,POINT,577.372,577.372,NA,,
AQ_Sctaeniopterus_TP_2021-06-14_135125,6/18/2025 15:37,,/Users/ally/Documents/johnson lab/parrotfish bites/AQ_Sctaeniopterus_TP_2021-06-14_135125_001.MP4,1275.87,23.98,No focal subject,Bite,Foraging,None|None|None,POINT,578.372,578.372,NA,,
AQ_Sctaeniopterus_TP_2021-06-14_135125,6/18/2025 15:37,,/Users/ally/Documents/johnson lab/parrotfish bites/AQ_Sctaeniopterus_TP_2021-06-14_135125_001.MP4,1275.87,23.98,No focal subject,Bite,Foraging,None|None|None,POINT,580.619,580.619,NA,,
AQ_Sctaeniopterus_TP_2021-06-14_135125,6/18/2025 15:37,,/Users/ally/Documents/johnson lab/parrotfish bites/AQ_Sctaeniopterus_TP_2021-06-14_135125_001.MP4,1275.87,23.98,No focal subject,Bite,Foraging,None|None|None,POINT,580.87,580.87,NA,,
AQ_Sctaeniopterus_TP_2021-06-14_135125,6/18/2025 15:37,,/Users/ally/Documents/johnson lab/parrotfish bites/AQ_Sctaeniopterus_TP_2021-06-14_135125_001.MP4,1275.87,23.98,No focal subject,Bite,Foraging,None|None|None,POINT,581.617,581.617,NA,,
AQ_Sctaeniopterus_TP_2021-06-14_135125,6/18/2025 15:37,,/Users/ally/Documents/johnson lab/parrotfish bites/AQ_Sctaeniopterus_TP_2021-06-14_135125_001.MP4,1275.87,23.98,No focal subject,Bite,Foraging,None|None|None,POINT,582.618,582.618,NA,,
AQ_Sctaeniopterus_TP_2021-06-14_135125,6/18/2025 15:37,,/Users/ally/Documents/johnson lab/parrotfish bites/AQ_Sctaeniopterus_TP_2021-06-14_135125_001.MP4,1275.87,23.98,No focal subject,Bite,Foraging,None|None|None,POINT,586.118,586.118,NA,,
AQ_Sctaeniopterus_TP_2021-06-14_135125,6/18/2025 15:37,,/Users/ally/Documents/johnson lab/parrotfish bites/AQ_Sctaeniopterus_TP_2021-06-14_135125_001.MP4,1275.87,23.98,No focal subject,Bite,Foraging,None|None|None,POINT,586.87,586.87,NA,,
AQ_Sctaeniopterus_TP_2021-06-14_135125,6/18/2025 15:37,,/Users/ally/Documents/johnson lab/parrotfish bites/AQ_Sctaeniopterus_TP_2021-06-14_135125_001.MP4,1275.87,23.98,No focal subject,Bite,Foraging,None|None|None,POINT,588.119,588.119,NA,,
AQ_Sctaeniopterus_TP_2021-06-14_135125,6/18/2025 15:37,,/Users/ally/Documents/johnson lab/parrotfish bites/AQ_Sctaeniopterus_TP_2021-06-14_135125_001.MP4,1275.87,23.98,No focal subject,Bite,Foraging,None|None|None,POINT,593.369,593.369,NA,,
AQ_Sctaeniopterus_TP_2021-06-14_135125,6/18/2025 15:37,,/Users/ally/Documents/johnson lab/parrotfish bites/AQ_Sctaeniopterus_TP_2021-06-14_135125_001.MP4,1275.87,23.98,No focal subject,Bite,Foraging,None|None|None,POINT,593.87,593.87,NA,,
AQ_Sctaeniopterus_TP_2021-06-14_135125,6/18/2025 15:37,,/Users/ally/Documents/johnson lab/parrotfish bites/AQ_Sctaeniopterus_TP_2021-06-14_135125_001.MP4,1275.87,23.98,No focal subject,Bite,Foraging,None|None|None,POINT,594.37,594.37,NA,,
AQ_Sctaeniopterus_TP_2021-06-14_135125,6/18/2025 15:37,,/Users/ally/Documents/johnson lab/parrotfish bites/AQ_Sctaeniopterus_TP_2021-06-14_135125_001.MP4,1275.87,23.98,No focal subject,Bite,Foraging,None|None|None,POINT,595.119,595.119,NA,,
AQ_Sctaeniopterus_TP_2021-06-14_135125,6/18/2025 15:37,,/Users/ally/Documents/johnson lab/parrotfish bites/AQ_Sctaeniopterus_TP_2021-06-14_135125_001.MP4,1275.87,23.98,No focal subject,Bite,Foraging,None|None|None,POINT,600.869,600.869,NA,,
AQ_Sctaeniopterus_TP_2021-06-14_135125,6/18/2025 15:37,,/Users/ally/Documents/johnson lab/parrotfish bites/AQ_Sctaeniopterus_TP_2021-06-14_135125_001.MP4,1275.87,23.98,No focal subject,Bite,Foraging,None|None|None,POINT,601.37,601.37,NA,,
AQ_Sctaeniopterus_TP_2021-06-14_135125,6/18/2025 15:37,,/Users/ally/Documents/johnson lab/parrotfish bites/AQ_Sctaeniopterus_TP_2021-06-14_135125_001.MP4,1275.87,23.98,No focal subject,Bite,Foraging,None|None|None,POINT,602.118,602.118,NA,,
AQ_Sctaeniopterus_TP_2021-06-14_135125,6/18/2025 15:37,,/Users/ally/Documents/johnson lab/parrotfish bites/AQ_Sctaeniopterus_TP_2021-06-14_135125_001.MP4,1275.87,23.98,No focal subject,Bite,Foraging,None|None|None,POINT,602.619,602.619,NA,,
AQ_Sctaeniopterus_TP_2021-06-14_135125,6/18/2025 15:37,,/Users/ally/Documents/johnson lab/parrotfish bites/AQ_Sctaeniopterus_TP_2021-06-14_135125_001.MP4,1275.87,23.98,No focal subject,Bite,Foraging,None|None|None,POINT,603.372,603.372,NA,,
AQ_Sctaeniopterus_TP_2021-06-14_135125,6/18/2025 15:37,,/Users/ally/Documents/johnson lab/parrotfish bites/AQ_Sctaeniopterus_TP_2021-06-14_135125_001.MP4,1275.87,23.98,No focal subject,Bite,Foraging,None|None|None,POINT,604.371,604.371,NA,,
AQ_Sctaeniopterus_TP_2021-06-14_135125,6/18/2025 15:37,,/Users/ally/Documents/johnson lab/parrotfish bites/AQ_Sctaeniopterus_TP_2021-06-14_135125_001.MP4,1275.87,23.98,No focal subject,Bite,Foraging,None|None|None,POINT,605.12,605.12,NA,,
AQ_Sctaeniopterus_TP_2021-06-14_135125,6/18/2025 15:37,,/Users/ally/Documents/johnson lab/parrotfish bites/AQ_Sctaeniopterus_TP_2021-06-14_135125_001.MP4,1275.87,23.98,No focal subject,Bite,Foraging,None|None|None,POINT,605.619,605.619,NA,,
AQ_Sctaeniopterus_TP_2021-06-14_135125,6/18/2025 15:37,,/Users/ally/Documents/johnson lab/parrotfish bites/AQ_Sctaeniopterus_TP_2021-06-14_135125_001.MP4,1275.87,23.98,No focal subject,Bite,Foraging,None|None|None,POINT,606.37,606.37,NA,,
AQ_Sctaeniopterus_TP_2021-06-14_135125,6/18/2025 15:37,,/Users/ally/Documents/johnson lab/parrotfish bites/AQ_Sctaeniopterus_TP_2021-06-14_135125_001.MP4,1275.87,23.98,No focal subject,Bite,Foraging,None|None|None,POINT,607.372,607.372,NA,,
AQ_Sctaeniopterus_TP_2021-06-14_135125,6/18/2025 15:37,,/Users/ally/Documents/johnson lab/parrotfish bites/AQ_Sctaeniopterus_TP_2021-06-14_135125_001.MP4,1275.87,23.98,No focal subject,Bite,Foraging,None|None|None,POINT,608.12,608.12,NA,,
AQ_Sctaeniopterus_TP_2021-06-14_135125,6/18/2025 15:37,,/Users/ally/Documents/johnson lab/parrotfish bites/AQ_Sctaeniopterus_TP_2021-06-14_135125_001.MP4,1275.87,23.98,No focal subject,Bite,Foraging,None|None|None,POINT,618.372,618.372,NA,,
AQ_Sctaeniopterus_TP_2021-06-14_135125,6/18/2025 15:37,,/Users/ally/Documents/johnson lab/parrotfish bites/AQ_Sctaeniopterus_TP_2021-06-14_135125_001.MP4,1275.87,23.98,No focal subject,Bite,Foraging,None|None|None,POINT,619.12,619.12,NA,,
AQ_Sctaeniopterus_TP_2021-06-14_135125,6/18/2025 15:37,,/Users/ally/Documents/johnson lab/parrotfish bites/AQ_Sctaeniopterus_TP_2021-06-14_135125_001.MP4,1275.87,23.98,No focal subject,Bite,Foraging,None|None|None,POINT,619.873,619.873,NA,,
AQ_Sctaeniopterus_TP_2021-06-14_135125,6/18/2025 15:37,,/Users/ally/Documents/johnson lab/parrotfish bites/AQ_Sctaeniopterus_TP_2021-06-14_135125_001.MP4,1275.87,23.98,No focal subject,Bite,Foraging,None|None|None,POINT,620.621,620.621,NA,,
AQ_Sctaeniopterus_TP_2021-06-14_135125,6/18/2025 15:37,,/Users/ally/Documents/johnson lab/parrotfish bites/AQ_Sctaeniopterus_TP_2021-06-14_135125_001.MP4,1275.87,23.98,No focal subject,Bite,Foraging,None|None|None,POINT,650.551,650.551,NA,,
AQ_Sctaeniopterus_TP_2021-06-14_135125,6/18/2025 15:37,,/Users/ally/Documents/johnson lab/parrotfish bites/AQ_Sctaeniopterus_TP_2021-06-14_135125_001.MP4,1275.87,23.98,No focal subject,Bite,Foraging,None|None|None,POINT,650.618,650.618,NA,,
AQ_Sctaeniopterus_TP_2021-06-14_135125,6/18/2025 15:37,,/Users/ally/Documents/johnson lab/parrotfish bites/AQ_Sctaeniopterus_TP_2021-06-14_135125_001.MP4,1275.87,23.98,No focal subject,Bite,Foraging,None|None|None,POINT,651.119,651.119,NA,,
AQ_Sctaeniopterus_TP_2021-06-14_135125,6/18/2025 15:37,,/Users/ally/Documents/johnson lab/parrotfish bites/AQ_Sctaeniopterus_TP_2021-06-14_135125_001.MP4,1275.87,23.98,No focal subject,Bite,Foraging,None|None|None,POINT,651.298,651.298,NA,,
AQ_Sctaeniopterus_TP_2021-06-14_135125,6/18/2025 15:37,,/Users/ally/Documents/johnson lab/parrotfish bites/AQ_Sctaeniopterus_TP_2021-06-14_135125_001.MP4,1275.87,23.98,No focal subject,Bite,Foraging,None|None|None,POINT,652.048,652.048,NA,,
AQ_Sctaeniopterus_TP_2021-06-14_135125,6/18/2025 15:37,,/Users/ally/Documents/johnson lab/parrotfish bites/AQ_Sctaeniopterus_TP_2021-06-14_135125_001.MP4,1275.87,23.98,No focal subject,Bite,Foraging,None|None|None,POINT,652.551,652.551,NA,,
AQ_Sctaeniopterus_TP_2021-06-14_135125,6/18/2025 15:37,,/Users/ally/Documents/johnson lab/parrotfish bites/AQ_Sctaeniopterus_TP_2021-06-14_135125_001.MP4,1275.87,23.98,No focal subject,Bite,Foraging,None|None|None,POINT,654.299,654.299,NA,,
AQ_Sctaeniopterus_TP_2021-06-14_135125,6/18/2025 15:37,,/Users/ally/Documents/johnson lab/parrotfish bites/AQ_Sctaeniopterus_TP_2021-06-14_135125_001.MP4,1275.87,23.98,No focal subject,Bite,Foraging,None|None|None,POINT,658.052,658.052,NA,,
AQ_Sctaeniopterus_TP_2021-06-14_135125,6/18/2025 15:37,,/Users/ally/Documents/johnson lab/parrotfish bites/AQ_Sctaeniopterus_TP_2021-06-14_135125_001.MP4,1275.87,23.98,No focal subject,Bite,Foraging,None|None|None,POINT,658.555,658.555,NA,,
AQ_Sctaeniopterus_TP_2021-06-14_135125,6/18/2025 15:37,,/Users/ally/Documents/johnson lab/parrotfish bites/AQ_Sctaeniopterus_TP_2021-06-14_135125_001.MP4,1275.87,23.98,No focal subject,Bite,Foraging,None|None|None,POINT,659.053,659.053,NA,,
AQ_Sctaeniopterus_TP_2021-06-14_135125,6/18/2025 15:37,,/Users/ally/Documents/johnson lab/parrotfish bites/AQ_Sctaeniopterus_TP_2021-06-14_135125_001.MP4,1275.87,23.98,No focal subject,Bite,Foraging,None|None|None,POINT,659.802,659.802,NA,,
AQ_Sctaeniopterus_TP_2021-06-14_135125,6/18/2025 15:37,,/Users/ally/Documents/johnson lab/parrotfish bites/AQ_Sctaeniopterus_TP_2021-06-14_135125_001.MP4,1275.87,23.98,No focal subject,Bite,Foraging,None|None|None,POINT,661.053,661.053,NA,,
AQ_Sctaeniopterus_TP_2021-06-14_135125,6/18/2025 15:37,,/Users/ally/Documents/johnson lab/parrotfish bites/AQ_Sctaeniopterus_TP_2021-06-14_135125_001.MP4,1275.87,23.98,No focal subject,Bite,Foraging,None|None|None,POINT,661.802,661.802,NA,,
AQ_Sctaeniopterus_TP_2021-06-14_135125,6/18/2025 15:37,,/Users/ally/Documents/johnson lab/parrotfish bites/AQ_Sctaeniopterus_TP_2021-06-14_135125_001.MP4,1275.87,23.98,No focal subject,Bite,Foraging,None|None|None,POINT,662.802,662.802,NA,,
AQ_Sctaeniopterus_TP_2021-06-14_135125,6/18/2025 15:37,,/Users/ally/Documents/johnson lab/parrotfish bites/AQ_Sctaeniopterus_TP_2021-06-14_135125_001.MP4,1275.87,23.98,No focal subject,Bite,Foraging,None|None|None,POINT,663.803,663.803,NA,,
AQ_Sctaeniopterus_TP_2021-06-14_135125,6/18/2025 15:37,,/Users/ally/Documents/johnson lab/parrotfish bites/AQ_Sctaeniopterus_TP_2021-06-14_135125_001.MP4,1275.87,23.98,No focal subject,Bite,Foraging,None|None|None,POINT,664.302,664.302,NA,,
AQ_Sctaeniopterus_TP_2021-06-14_135125,6/18/2025 15:37,,/Users/ally/Documents/johnson lab/parrotfish bites/AQ_Sctaeniopterus_TP_2021-06-14_135125_001.MP4,1275.87,23.98,No focal subject,Bite,Foraging,None|None|None,POINT,665.802,665.802,NA,,
AQ_Sctaeniopterus_TP_2021-06-14_135125,6/18/2025 15:37,,/Users/ally/Documents/johnson lab/parrotfish bites/AQ_Sctaeniopterus_TP_2021-06-14_135125_001.MP4,1275.87,23.98,No focal subject,Bite,Foraging,None|None|None,POINT,666.301,666.301,NA,,
AQ_Sctaeniopterus_TP_2021-06-14_135125,6/18/2025 15:37,,/Users/ally/Documents/johnson lab/parrotfish bites/AQ_Sctaeniopterus_TP_2021-06-14_135125_001.MP4,1275.87,23.98,No focal subject,Bite,Foraging,None|None|None,POINT,667.051,667.051,NA,,
AQ_Sctaeniopterus_TP_2021-06-14_135125,6/18/2025 15:37,,/Users/ally/Documents/johnson lab/parrotfish bites/AQ_Sctaeniopterus_TP_2021-06-14_135125_001.MP4,1275.87,23.98,No focal subject,Bite,Foraging,None|None|None,POINT,667.552,667.552,NA,,
AQ_Sctaeniopterus_TP_2021-06-14_135125,6/18/2025 15:37,,/Users/ally/Documents/johnson lab/parrotfish bites/AQ_Sctaeniopterus_TP_2021-06-14_135125_001.MP4,1275.87,23.98,No focal subject,Bite,Foraging,None|None|None,POINT,668.053,668.053,NA,,
AQ_Sctaeniopterus_TP_2021-06-14_135125,6/18/2025 15:37,,/Users/ally/Documents/johnson lab/parrotfish bites/AQ_Sctaeniopterus_TP_2021-06-14_135125_001.MP4,1275.87,23.98,No focal subject,Bite,Foraging,None|None|None,POINT,669.052,669.052,NA,,
AQ_Sctaeniopterus_TP_2021-06-14_135125,6/18/2025 15:37,,/Users/ally/Documents/johnson lab/parrotfish bites/AQ_Sctaeniopterus_TP_2021-06-14_135125_001.MP4,1275.87,23.98,No focal subject,Bite,Foraging,None|None|None,POINT,669.801,669.801,NA,,
AQ_Sctaeniopterus_TP_2021-06-14_135125,6/18/2025 15:37,,/Users/ally/Documents/johnson lab/parrotfish bites/AQ_Sctaeniopterus_TP_2021-06-14_135125_001.MP4,1275.87,23.98,No focal subject,Bite,Foraging,None|None|None,POINT,670.802,670.802,NA,,
AQ_Sctaeniopterus_TP_2021-06-14_135125,6/18/2025 15:37,,/Users/ally/Documents/johnson lab/parrotfish bites/AQ_Sctaeniopterus_TP_2021-06-14_135125_001.MP4,1275.87,23.98,No focal subject,Bite,Foraging,None|None|None,POINT,671.552,671.552,NA,,
AQ_Sctaeniopterus_TP_2021-06-14_135125,6/18/2025 15:37,,/Users/ally/Documents/johnson lab/parrotfish bites/AQ_Sctaeniopterus_TP_2021-06-14_135125_001.MP4,1275.87,23.98,No focal subject,Bite,Foraging,None|None|None,POINT,672.554,672.554,NA,,
AQ_Sctaeniopterus_TP_2021-06-14_135125,6/18/2025 15:37,,/Users/ally/Documents/johnson lab/parrotfish bites/AQ_Sctaeniopterus_TP_2021-06-14_135125_001.MP4,1275.87,23.98,No focal subject,Bite,Foraging,None|None|None,POINT,673.054,673.054,NA,,
AQ_Sctaeniopterus_TP_2021-06-14_135125,6/18/2025 15:37,,/Users/ally/Documents/johnson lab/parrotfish bites/AQ_Sctaeniopterus_TP_2021-06-14_135125_001.MP4,1275.87,23.98,No focal subject,Bite,Foraging,None|None|None,POINT,673.802,673.802,NA,,
AQ_Sctaeniopterus_TP_2021-06-14_135125,6/18/2025 15:37,,/Users/ally/Documents/johnson lab/parrotfish bites/AQ_Sctaeniopterus_TP_2021-06-14_135125_001.MP4,1275.87,23.98,No focal subject,Bite,Foraging,None|None|None,POINT,674.554,674.554,NA,,
AQ_Sctaeniopterus_TP_2021-06-14_135125,6/18/2025 15:37,,/Users/ally/Documents/johnson lab/parrotfish bites/AQ_Sctaeniopterus_TP_2021-06-14_135125_001.MP4,1275.87,23.98,No focal subject,Bite,Foraging,None|None|None,POINT,675.056,675.056,NA,,
AQ_Sctaeniopterus_TP_2021-06-14_135125,6/18/2025 15:37,,/Users/ally/Documents/johnson lab/parrotfish bites/AQ_Sctaeniopterus_TP_2021-06-14_135125_001.MP4,1275.87,23.98,No focal subject,Bite,Foraging,None|None|None,POINT,676.053,676.053,NA,,
AQ_Sctaeniopterus_TP_2021-06-14_135125,6/18/2025 15:37,,/Users/ally/Documents/johnson lab/parrotfish bites/AQ_Sctaeniopterus_TP_2021-06-14_135125_001.MP4,1275.87,23.98,No focal subject,Bite,Foraging,None|None|None,POINT,677.055,677.055,NA,,
AQ_Sctaeniopterus_TP_2021-06-14_135125,6/18/2025 15:37,,/Users/ally/Documents/johnson lab/parrotfish bites/AQ_Sctaeniopterus_TP_2021-06-14_135125_001.MP4,1275.87,23.98,No focal subject,Bite,Foraging,None|None|None,POINT,677.554,677.554,NA,,
AQ_Sctaeniopterus_TP_2021-06-14_135125,6/18/2025 15:37,,/Users/ally/Documents/johnson lab/parrotfish bites/AQ_Sctaeniopterus_TP_2021-06-14_135125_001.MP4,1275.87,23.98,No focal subject,Bite,Foraging,None|None|None,POINT,678.056,678.056,NA,,
AQ_Sctaeniopterus_TP_2021-06-14_135125,6/18/2025 15:37,,/Users/ally/Documents/johnson lab/parrotfish bites/AQ_Sctaeniopterus_TP_2021-06-14_135125_001.MP4,1275.87,23.98,No focal subject,Bite,Foraging,None|None|None,POINT,679.303,679.303,NA,,
AQ_Sctaeniopterus_TP_2021-06-14_135125,6/18/2025 15:37,,/Users/ally/Documents/johnson lab/parrotfish bites/AQ_Sctaeniopterus_TP_2021-06-14_135125_001.MP4,1275.87,23.98,No focal subject,Bite,Foraging,None|None|None,POINT,680.055,680.055,NA,,
AQ_Sctaeniopterus_TP_2021-06-14_135125,6/18/2025 15:37,,/Users/ally/Documents/johnson lab/parrotfish bites/AQ_Sctaeniopterus_TP_2021-06-14_135125_001.MP4,1275.87,23.98,No focal subject,Bite,Foraging,None|None|None,POINT,680.554,680.554,NA,,
AQ_Sctaeniopterus_TP_2021-06-14_135125,6/18/2025 15:37,,/Users/ally/Documents/johnson lab/parrotfish bites/AQ_Sctaeniopterus_TP_2021-06-14_135125_001.MP4,1275.87,23.98,No focal subject,Bite,Foraging,None|None|None,POINT,681.555,681.555,NA,,
AQ_Sctaeniopterus_TP_2021-06-14_135125,6/18/2025 15:37,,/Users/ally/Documents/johnson lab/parrotfish bites/AQ_Sctaeniopterus_TP_2021-06-14_135125_001.MP4,1275.87,23.98,No focal subject,Bite,Foraging,None|None|None,POINT,682.555,682.555,NA,,
AQ_Sctaeniopterus_TP_2021-06-14_135125,6/18/2025 15:37,,/Users/ally/Documents/johnson lab/parrotfish bites/AQ_Sctaeniopterus_TP_2021-06-14_135125_001.MP4,1275.87,23.98,No focal subject,Bite,Foraging,None|None|None,POINT,683.054,683.054,NA,,
AQ_Sctaeniopterus_TP_2021-06-14_135125,6/18/2025 15:37,,/Users/ally/Documents/johnson lab/parrotfish bites/AQ_Sctaeniopterus_TP_2021-06-14_135125_001.MP4,1275.87,23.98,No focal subject,Bite,Foraging,None|None|None,POINT,683.802,683.802,NA,,
AQ_Sctaeniopterus_TP_2021-06-14_135125,6/18/2025 15:37,,/Users/ally/Documents/johnson lab/parrotfish bites/AQ_Sctaeniopterus_TP_2021-06-14_135125_001.MP4,1275.87,23.98,No focal subject,Bite,Foraging,None|None|None,POINT,685.052,685.052,NA,,
AQ_Sctaeniopterus_TP_2021-06-14_135125,6/18/2025 15:37,,/Users/ally/Documents/johnson lab/parrotfish bites/AQ_Sctaeniopterus_TP_2021-06-14_135125_001.MP4,1275.87,23.98,No focal subject,Bite,Foraging,None|None|None,POINT,686.303,686.303,NA,,
AQ_Sctaeniopterus_TP_2021-06-14_135125,6/18/2025 15:37,,/Users/ally/Documents/johnson lab/parrotfish bites/AQ_Sctaeniopterus_TP_2021-06-14_135125_001.MP4,1275.87,23.98,No focal subject,Bite,Foraging,None|None|None,POINT,687.054,687.054,NA,,
AQ_Sctaeniopterus_TP_2021-06-14_135125,6/18/2025 15:37,,/Users/ally/Documents/johnson lab/parrotfish bites/AQ_Sctaeniopterus_TP_2021-06-14_135125_001.MP4,1275.87,23.98,No focal subject,Bite,Foraging,None|None|None,POINT,687.801,687.801,NA,,
AQ_Sctaeniopterus_TP_2021-06-14_135125,6/18/2025 15:37,,/Users/ally/Documents/johnson lab/parrotfish bites/AQ_Sctaeniopterus_TP_2021-06-14_135125_001.MP4,1275.87,23.98,No focal subject,Bite,Foraging,None|None|None,POINT,689.054,689.054,NA,,
AQ_Sctaeniopterus_TP_2021-06-14_135125,6/18/2025 15:37,,/Users/ally/Documents/johnson lab/parrotfish bites/AQ_Sctaeniopterus_TP_2021-06-14_135125_001.MP4,1275.87,23.98,No focal subject,Bite,Foraging,None|None|None,POINT,690.553,690.553,NA,,
AQ_Sctaeniopterus_TP_2021-06-14_135125,6/18/2025 15:37,,/Users/ally/Documents/johnson lab/parrotfish bites/AQ_Sctaeniopterus_TP_2021-06-14_135125_001.MP4,1275.87,23.98,No focal subject,Bite,Foraging,None|None|None,POINT,691.554,691.554,NA,,
AQ_Sctaeniopterus_TP_2021-06-14_135125,6/18/2025 15:37,,/Users/ally/Documents/johnson lab/parrotfish bites/AQ_Sctaeniopterus_TP_2021-06-14_135125_001.MP4,1275.87,23.98,No focal subject,Bite,Foraging,None|None|None,POINT,692.301,692.301,NA,,
AQ_Sctaeniopterus_TP_2021-06-14_135125,6/18/2025 15:37,,/Users/ally/Documents/johnson lab/parrotfish bites/AQ_Sctaeniopterus_TP_2021-06-14_135125_001.MP4,1275.87,23.98,No focal subject,Bite,Foraging,None|None|None,POINT,693.302,693.302,NA,,
AQ_Sctaeniopterus_TP_2021-06-14_135125,6/18/2025 15:37,,/Users/ally/Documents/johnson lab/parrotfish bites/AQ_Sctaeniopterus_TP_2021-06-14_135125_001.MP4,1275.87,23.98,No focal subject,Bite,Foraging,None|None|None,POINT,693.802,693.802,NA,,
AQ_Sctaeniopterus_TP_2021-06-14_135125,6/18/2025 15:37,,/Users/ally/Documents/johnson lab/parrotfish bites/AQ_Sctaeniopterus_TP_2021-06-14_135125_001.MP4,1275.87,23.98,No focal subject,Bite,Foraging,None|None|None,POINT,695.053,695.053,NA,,
AQ_Sctaeniopterus_TP_2021-06-14_135125,6/18/2025 15:37,,/Users/ally/Documents/johnson lab/parrotfish bites/AQ_Sctaeniopterus_TP_2021-06-14_135125_001.MP4,1275.87,23.98,No focal subject,Bite,Foraging,None|None|None,POINT,695.554,695.554,NA,,
AQ_Sctaeniopterus_TP_2021-06-14_135125,6/18/2025 15:37,,/Users/ally/Documents/johnson lab/parrotfish bites/AQ_Sctaeniopterus_TP_2021-06-14_135125_001.MP4,1275.87,23.98,No focal subject,Bite,Foraging,None|None|None,POINT,696.302,696.302,NA,,
AQ_Sctaeniopterus_TP_2021-06-14_135125,6/18/2025 15:37,,/Users/ally/Documents/johnson lab/parrotfish bites/AQ_Sctaeniopterus_TP_2021-06-14_135125_001.MP4,1275.87,23.98,No focal subject,Bite,Foraging,None|None|None,POINT,702.856,702.856,NA,,
AQ_Sctaeniopterus_TP_2021-06-14_135125,6/18/2025 15:37,,/Users/ally/Documents/johnson lab/parrotfish bites/AQ_Sctaeniopterus_TP_2021-06-14_135125_001.MP4,1275.87,23.98,No focal subject,Bite,Foraging,None|None|None,POINT,703.107,703.107,NA,,
AQ_Sctaeniopterus_TP_2021-06-14_135125,6/18/2025 15:37,,/Users/ally/Documents/johnson lab/parrotfish bites/AQ_Sctaeniopterus_TP_2021-06-14_135125_001.MP4,1275.87,23.98,No focal subject,Bite,Foraging,None|None|None,POINT,704.356,704.356,NA,,
AQ_Sctaeniopterus_TP_2021-06-14_135125,6/18/2025 15:37,,/Users/ally/Documents/johnson lab/parrotfish bites/AQ_Sctaeniopterus_TP_2021-06-14_135125_001.MP4,1275.87,23.98,No focal subject,Bite,Foraging,None|None|None,POINT,705.108,705.108,NA,,
AQ_Sctaeniopterus_TP_2021-06-14_135125,6/18/2025 15:37,,/Users/ally/Documents/johnson lab/parrotfish bites/AQ_Sctaeniopterus_TP_2021-06-14_135125_001.MP4,1275.87,23.98,No focal subject,Bite,Foraging,None|None|None,POINT,705.855,705.855,NA,,
AQ_Sctaeniopterus_TP_2021-06-14_135125,6/18/2025 15:37,,/Users/ally/Documents/johnson lab/parrotfish bites/AQ_Sctaeniopterus_TP_2021-06-14_135125_002.MP4,1275.87,23.98,No focal subject,Bite,Foraging,None|None|None,POINT,732.625,732.625,NA,,
AQ_Sctaeniopterus_TP_2021-06-14_135125,6/18/2025 15:37,,/Users/ally/Documents/johnson lab/parrotfish bites/AQ_Sctaeniopterus_TP_2021-06-14_135125_002.MP4,1275.87,23.98,No focal subject,Bite,Foraging,None|None|None,POINT,733.128,733.128,NA,,
AQ_Sctaeniopterus_TP_2021-06-14_135125,6/18/2025 15:37,,/Users/ally/Documents/johnson lab/parrotfish bites/AQ_Sctaeniopterus_TP_2021-06-14_135125_002.MP4,1275.87,23.98,No focal subject,Bite,Foraging,None|None|None,POINT,734.876,734.876,NA,,
AQ_Sctaeniopterus_TP_2021-06-14_135125,6/18/2025 15:37,,/Users/ally/Documents/johnson lab/parrotfish bites/AQ_Sctaeniopterus_TP_2021-06-14_135125_002.MP4,1275.87,23.98,No focal subject,Bite,Foraging,None|None|None,POINT,735.627,735.627,NA,,
AQ_Sctaeniopterus_TP_2021-06-14_135125,6/18/2025 15:37,,/Users/ally/Documents/johnson lab/parrotfish bites/AQ_Sctaeniopterus_TP_2021-06-14_135125_002.MP4,1275.87,23.98,No focal subject,Bite,Foraging,None|None|None,POINT,736.628,736.628,NA,,
AQ_Sctaeniopterus_TP_2021-06-14_135125,6/18/2025 15:37,,/Users/ally/Documents/johnson lab/parrotfish bites/AQ_Sctaeniopterus_TP_2021-06-14_135125_002.MP4,1275.87,23.98,No focal subject,Bite,Foraging,None|None|None,POINT,737.128,737.128,NA,,
AQ_Sctaeniopterus_TP_2021-06-14_135125,6/18/2025 15:37,,/Users/ally/Documents/johnson lab/parrotfish bites/AQ_Sctaeniopterus_TP_2021-06-14_135125_002.MP4,1275.87,23.98,No focal subject,Bite,Foraging,None|None|None,POINT,737.876,737.876,NA,,
AQ_Sctaeniopterus_TP_2021-06-14_135125,6/18/2025 15:37,,/Users/ally/Documents/johnson lab/parrotfish bites/AQ_Sctaeniopterus_TP_2021-06-14_135125_002.MP4,1275.87,23.98,No focal subject,Bite,Foraging,None|None|None,POINT,738.627,738.627,NA,,
AQ_Sctaeniopterus_TP_2021-06-14_135125,6/18/2025 15:37,,/Users/ally/Documents/johnson lab/parrotfish bites/AQ_Sctaeniopterus_TP_2021-06-14_135125_002.MP4,1275.87,23.98,No focal subject,Bite,Foraging,None|None|None,POINT,780.672,780.672,NA,,
AQ_Sctaeniopterus_TP_2021-06-14_135125,6/18/2025 15:37,,/Users/ally/Documents/johnson lab/parrotfish bites/AQ_Sctaeniopterus_TP_2021-06-14_135125_002.MP4,1275.87,23.98,No focal subject,Bite,Foraging,None|None|None,POINT,786.674,786.674,NA,,
AQ_Sctaeniopterus_TP_2021-06-14_135125,6/18/2025 15:37,,/Users/ally/Documents/johnson lab/parrotfish bites/AQ_Sctaeniopterus_TP_2021-06-14_135125_002.MP4,1275.87,23.98,No focal subject,Bite,Foraging,None|None|None,POINT,787.922,787.922,NA,,
AQ_Sctaeniopterus_TP_2021-06-14_135125,6/18/2025 15:37,,/Users/ally/Documents/johnson lab/parrotfish bites/AQ_Sctaeniopterus_TP_2021-06-14_135125_002.MP4,1275.87,23.98,No focal subject,Bite,Foraging,None|None|None,POINT,788.923,788.923,NA,,
AQ_Sctaeniopterus_TP_2021-06-14_135125,6/18/2025 15:37,,/Users/ally/Documents/johnson lab/parrotfish bites/AQ_Sctaeniopterus_TP_2021-06-14_135125_002.MP4,1275.87,23.98,No focal subject,Bite,Foraging,None|None|None,POINT,791.423,791.423,NA,,
AQ_Sctaeniopterus_TP_2021-06-14_135125,6/18/2025 15:37,,/Users/ally/Documents/johnson lab/parrotfish bites/AQ_Sctaeniopterus_TP_2021-06-14_135125_002.MP4,1275.87,23.98,No focal subject,Bite,Foraging,None|None|None,POINT,792.174,792.174,NA,,
AQ_Sctaeniopterus_TP_2021-06-14_135125,6/18/2025 15:37,,/Users/ally/Documents/johnson lab/parrotfish bites/AQ_Sctaeniopterus_TP_2021-06-14_135125_002.MP4,1275.87,23.98,No focal subject,Bite,Foraging,None|None|None,POINT,792.673,792.673,NA,,
AQ_Sctaeniopterus_TP_2021-06-14_135125,6/18/2025 15:37,,/Users/ally/Documents/johnson lab/parrotfish bites/AQ_Sctaeniopterus_TP_2021-06-14_135125_002.MP4,1275.87,23.98,No focal subject,Bite,Foraging,None|None|None,POINT,793.422,793.422,NA,,
AQ_Sctaeniopterus_TP_2021-06-14_135125,6/18/2025 15:37,,/Users/ally/Documents/johnson lab/parrotfish bites/AQ_Sctaeniopterus_TP_2021-06-14_135125_002.MP4,1275.87,23.98,No focal subject,Bite,Foraging,None|None|None,POINT,793.922,793.922,NA,,
AQ_Sctaeniopterus_TP_2021-06-14_135125,6/18/2025 15:37,,/Users/ally/Documents/johnson lab/parrotfish bites/AQ_Sctaeniopterus_TP_2021-06-14_135125_002.MP4,1275.87,23.98,No focal subject,Bite,Foraging,None|None|None,POINT,794.422,794.422,NA,,
AQ_Sctaeniopterus_TP_2021-06-14_135125,6/18/2025 15:37,,/Users/ally/Documents/johnson lab/parrotfish bites/AQ_Sctaeniopterus_TP_2021-06-14_135125_002.MP4,1275.87,23.98,No focal subject,Bite,Foraging,None|None|None,POINT,795.175,795.175,NA,,
AQ_Sctaeniopterus_TP_2021-06-14_135125,6/18/2025 15:37,,/Users/ally/Documents/johnson lab/parrotfish bites/AQ_Sctaeniopterus_TP_2021-06-14_135125_002.MP4,1275.87,23.98,No focal subject,Bite,Foraging,None|None|None,POINT,795.673,795.673,NA,,
AQ_Sctaeniopterus_TP_2021-06-14_135125,6/18/2025 15:37,,/Users/ally/Documents/johnson lab/parrotfish bites/AQ_Sctaeniopterus_TP_2021-06-14_135125_002.MP4,1275.87,23.98,No focal subject,Bite,Foraging,None|None|None,POINT,796.675,796.675,NA,,
AQ_Sctaeniopterus_TP_2021-06-14_135125,6/18/2025 15:37,,/Users/ally/Documents/johnson lab/parrotfish bites/AQ_Sctaeniopterus_TP_2021-06-14_135125_002.MP4,1275.87,23.98,No focal subject,Bite,Foraging,None|None|None,POINT,797.176,797.176,NA,,
AQ_Sctaeniopterus_TP_2021-06-14_135125,6/18/2025 15:37,,/Users/ally/Documents/johnson lab/parrotfish bites/AQ_Sctaeniopterus_TP_2021-06-14_135125_002.MP4,1275.87,23.98,No focal subject,Bite,Foraging,None|None|None,POINT,797.676,797.676,NA,,
AQ_Sctaeniopterus_TP_2021-06-14_135125,6/18/2025 15:37,,/Users/ally/Documents/johnson lab/parrotfish bites/AQ_Sctaeniopterus_TP_2021-06-14_135125_002.MP4,1275.87,23.98,No focal subject,Bite,Foraging,None|None|None,POINT,798.423,798.423,NA,,
AQ_Sctaeniopterus_TP_2021-06-14_135125,6/18/2025 15:37,,/Users/ally/Documents/johnson lab/parrotfish bites/AQ_Sctaeniopterus_TP_2021-06-14_135125_002.MP4,1275.87,23.98,No focal subject,Bite,Foraging,None|None|None,POINT,798.922,798.922,NA,,
AQ_Sctaeniopterus_TP_2021-06-14_135125,6/18/2025 15:37,,/Users/ally/Documents/johnson lab/parrotfish bites/AQ_Sctaeniopterus_TP_2021-06-14_135125_002.MP4,1275.87,23.98,No focal subject,Bite,Foraging,None|None|None,POINT,801.424,801.424,NA,,
AQ_Sctaeniopterus_TP_2021-06-14_135125,6/18/2025 15:37,,/Users/ally/Documents/johnson lab/parrotfish bites/AQ_Sctaeniopterus_TP_2021-06-14_135125_002.MP4,1275.87,23.98,No focal subject,Bite,Foraging,None|None|None,POINT,801.923,801.923,NA,,
AQ_Sctaeniopterus_TP_2021-06-14_135125,6/18/2025 15:37,,/Users/ally/Documents/johnson lab/parrotfish bites/AQ_Sctaeniopterus_TP_2021-06-14_135125_002.MP4,1275.87,23.98,No focal subject,Bite,Foraging,None|None|None,POINT,804.422,804.422,NA,,
AQ_Sctaeniopterus_TP_2021-06-14_135125,6/18/2025 15:37,,/Users/ally/Documents/johnson lab/parrotfish bites/AQ_Sctaeniopterus_TP_2021-06-14_135125_002.MP4,1275.87,23.98,No focal subject,Bite,Foraging,None|None|None,POINT,805.172,805.172,NA,,
AQ_Sctaeniopterus_TP_2021-06-14_135125,6/18/2025 15:37,,/Users/ally/Documents/johnson lab/parrotfish bites/AQ_Sctaeniopterus_TP_2021-06-14_135125_002.MP4,1275.87,23.98,No focal subject,Bite,Foraging,None|None|None,POINT,805.921,805.921,NA,,
AQ_Sctaeniopterus_TP_2021-06-14_135125,6/18/2025 15:37,,/Users/ally/Documents/johnson lab/parrotfish bites/AQ_Sctaeniopterus_TP_2021-06-14_135125_002.MP4,1275.87,23.98,No focal subject,Bite,Foraging,None|None|None,POINT,807.922,807.922,NA,,
AQ_Sctaeniopterus_TP_2021-06-14_135125,6/18/2025 15:37,,/Users/ally/Documents/johnson lab/parrotfish bites/AQ_Sctaeniopterus_TP_2021-06-14_135125_002.MP4,1275.87,23.98,No focal subject,Bite,Foraging,None|None|None,POINT,808.422,808.422,NA,,
AQ_Sctaeniopterus_TP_2021-06-14_135125,6/18/2025 15:37,,/Users/ally/Documents/johnson lab/parrotfish bites/AQ_Sctaeniopterus_TP_2021-06-14_135125_002.MP4,1275.87,23.98,No focal subject,Bite,Foraging,Feces|None|None,POINT,820.672,820.672,NA,,
AQ_Sctaeniopterus_TP_2021-06-14_135125,6/18/2025 15:37,,/Users/ally/Documents/johnson lab/parrotfish bites/AQ_Sctaeniopterus_TP_2021-06-14_135125_002.MP4,1275.87,23.98,No focal subject,Bite,Foraging,Feces|None|None,POINT,822.422,822.422,NA,,
AQ_Sctaeniopterus_TP_2021-06-14_135125,6/18/2025 15:37,,/Users/ally/Documents/johnson lab/parrotfish bites/AQ_Sctaeniopterus_TP_2021-06-14_135125_002.MP4,1275.87,23.98,No focal subject,Bite,Foraging,None|None|None,POINT,840.175,840.175,NA,,
AQ_Sctaeniopterus_TP_2021-06-14_135125,6/18/2025 15:37,,/Users/ally/Documents/johnson lab/parrotfish bites/AQ_Sctaeniopterus_TP_2021-06-14_135125_002.MP4,1275.87,23.98,No focal subject,Bite,Foraging,None|None|None,POINT,841.175,841.175,NA,,
AQ_Sctaeniopterus_TP_2021-06-14_135125,6/18/2025 15:37,,/Users/ally/Documents/johnson lab/parrotfish bites/AQ_Sctaeniopterus_TP_2021-06-14_135125_002.MP4,1275.87,23.98,No focal subject,Bite,Foraging,None|None|None,POINT,842.175,842.175,NA,,
AQ_Sctaeniopterus_TP_2021-06-14_135125,6/18/2025 15:37,,/Users/ally/Documents/johnson lab/parrotfish bites/AQ_Sctaeniopterus_TP_2021-06-14_135125_002.MP4,1275.87,23.98,No focal subject,Bite,Foraging,None|None|None,POINT,842.675,842.675,NA,,
AQ_Sctaeniopterus_TP_2021-06-14_135125,6/18/2025 15:37,,/Users/ally/Documents/johnson lab/parrotfish bites/AQ_Sctaeniopterus_TP_2021-06-14_135125_002.MP4,1275.87,23.98,No focal subject,Bite,Foraging,None|None|None,POINT,844.176,844.176,NA,,
AQ_Sctaeniopterus_TP_2021-06-14_135125,6/18/2025 15:37,,/Users/ally/Documents/johnson lab/parrotfish bites/AQ_Sctaeniopterus_TP_2021-06-14_135125_002.MP4,1275.87,23.98,No focal subject,Bite,Foraging,None|None|None,POINT,844.923,844.923,NA,,
AQ_Sctaeniopterus_TP_2021-06-14_135125,6/18/2025 15:37,,/Users/ally/Documents/johnson lab/parrotfish bites/AQ_Sctaeniopterus_TP_2021-06-14_135125_002.MP4,1275.87,23.98,No focal subject,Bite,Foraging,None|None|None,POINT,845.673,845.673,NA,,
AQ_Sctaeniopterus_TP_2021-06-14_135125,6/18/2025 15:37,,/Users/ally/Documents/johnson lab/parrotfish bites/AQ_Sctaeniopterus_TP_2021-06-14_135125_002.MP4,1275.87,23.98,No focal subject,Bite,Foraging,None|None|None,POINT,846.923,846.923,NA,,
AQ_Sctaeniopterus_TP_2021-06-14_135125,6/18/2025 15:37,,/Users/ally/Documents/johnson lab/parrotfish bites/AQ_Sctaeniopterus_TP_2021-06-14_135125_002.MP4,1275.87,23.98,No focal subject,Bite,Foraging,None|None|None,POINT,847.92,847.92,NA,,
AQ_Sctaeniopterus_TP_2021-06-14_135125,6/18/2025 15:37,,/Users/ally/Documents/johnson lab/parrotfish bites/AQ_Sctaeniopterus_TP_2021-06-14_135125_002.MP4,1275.87,23.98,No focal subject,Bite,Foraging,None|None|None,POINT,848.674,848.674,NA,,
AQ_Sctaeniopterus_TP_2021-06-14_135125,6/18/2025 15:37,,/Users/ally/Documents/johnson lab/parrotfish bites/AQ_Sctaeniopterus_TP_2021-06-14_135125_002.MP4,1275.87,23.98,No focal subject,Bite,Foraging,None|None|None,POINT,851.422,851.422,NA,,
AQ_Sctaeniopterus_TP_2021-06-14_135125,6/18/2025 15:37,,/Users/ally/Documents/johnson lab/parrotfish bites/AQ_Sctaeniopterus_TP_2021-06-14_135125_002.MP4,1275.87,23.98,No focal subject,Bite,Foraging,None|None|None,POINT,852.922,852.922,NA,,
AQ_Sctaeniopterus_TP_2021-06-14_135125,6/18/2025 15:37,,/Users/ally/Documents/johnson lab/parrotfish bites/AQ_Sctaeniopterus_TP_2021-06-14_135125_002.MP4,1275.87,23.98,No focal subject,Bite,Foraging,None|None|None,POINT,853.922,853.922,NA,,
AQ_Sctaeniopterus_TP_2021-06-14_135125,6/18/2025 15:37,,/Users/ally/Documents/johnson lab/parrotfish bites/AQ_Sctaeniopterus_TP_2021-06-14_135125_002.MP4,1275.87,23.98,No focal subject,Defecation,Defecation,,POINT,865.527,865.527,NA,,
AQ_Sctaeniopterus_TP_2021-06-14_135125,6/18/2025 15:37,,/Users/ally/Documents/johnson lab/parrotfish bites/AQ_Sctaeniopterus_TP_2021-06-14_135125_002.MP4,1275.87,23.98,No focal subject,Bite,Foraging,None|None|None,POINT,880.53,880.53,NA,,
AQ_Sctaeniopterus_TP_2021-06-14_135125,6/18/2025 15:37,,/Users/ally/Documents/johnson lab/parrotfish bites/AQ_Sctaeniopterus_TP_2021-06-14_135125_002.MP4,1275.87,23.98,No focal subject,Bite,Foraging,None|None|None,POINT,881.281,881.281,NA,,
AQ_Sctaeniopterus_TP_2021-06-14_135125,6/18/2025 15:37,,/Users/ally/Documents/johnson lab/parrotfish bites/AQ_Sctaeniopterus_TP_2021-06-14_135125_002.MP4,1275.87,23.98,No focal subject,Bite,Foraging,None|None|None,POINT,882.029,882.029,NA,,
AQ_Sctaeniopterus_TP_2021-06-14_135125,6/18/2025 15:37,,/Users/ally/Documents/johnson lab/parrotfish bites/AQ_Sctaeniopterus_TP_2021-06-14_135125_002.MP4,1275.87,23.98,No focal subject,Bite,Foraging,None|None|None,POINT,882.782,882.782,NA,,
AQ_Sctaeniopterus_TP_2021-06-14_135125,6/18/2025 15:37,,/Users/ally/Documents/johnson lab/parrotfish bites/AQ_Sctaeniopterus_TP_2021-06-14_135125_002.MP4,1275.87,23.98,No focal subject,Bite,Foraging,None|None|None,POINT,883.781,883.781,NA,,
AQ_Sctaeniopterus_TP_2021-06-14_135125,6/18/2025 15:37,,/Users/ally/Documents/johnson lab/parrotfish bites/AQ_Sctaeniopterus_TP_2021-06-14_135125_002.MP4,1275.87,23.98,No focal subject,Bite,Foraging,None|None|None,POINT,884.529,884.529,NA,,
AQ_Sctaeniopterus_TP_2021-06-14_135125,6/18/2025 15:37,,/Users/ally/Documents/johnson lab/parrotfish bites/AQ_Sctaeniopterus_TP_2021-06-14_135125_002.MP4,1275.87,23.98,No focal subject,Bite,Foraging,None|None|None,POINT,885.282,885.282,NA,,
AQ_Sctaeniopterus_TP_2021-06-14_135125,6/18/2025 15:37,,/Users/ally/Documents/johnson lab/parrotfish bites/AQ_Sctaeniopterus_TP_2021-06-14_135125_002.MP4,1275.87,23.98,No focal subject,Bite,Foraging,None|None|None,POINT,886.28,886.28,NA,,
AQ_Sctaeniopterus_TP_2021-06-14_135125,6/18/2025 15:37,,/Users/ally/Documents/johnson lab/parrotfish bites/AQ_Sctaeniopterus_TP_2021-06-14_135125_002.MP4,1275.87,23.98,No focal subject,Bite,Foraging,None|None|None,POINT,887.782,887.782,NA,,
AQ_Sctaeniopterus_TP_2021-06-14_135125,6/18/2025 15:37,,/Users/ally/Documents/johnson lab/parrotfish bites/AQ_Sctaeniopterus_TP_2021-06-14_135125_002.MP4,1275.87,23.98,No focal subject,Bite,Foraging,None|None|None,POINT,888.529,888.529,NA,,
AQ_Sctaeniopterus_TP_2021-06-14_135125,6/18/2025 15:37,,/Users/ally/Documents/johnson lab/parrotfish bites/AQ_Sctaeniopterus_TP_2021-06-14_135125_002.MP4,1275.87,23.98,No focal subject,Bite,Foraging,None|None|None,POINT,889.029,889.029,NA,,
AQ_Sctaeniopterus_TP_2021-06-14_135125,6/18/2025 15:37,,/Users/ally/Documents/johnson lab/parrotfish bites/AQ_Sctaeniopterus_TP_2021-06-14_135125_002.MP4,1275.87,23.98,No focal subject,Bite,Foraging,None|None|None,POINT,889.781,889.781,NA,,
AQ_Sctaeniopterus_TP_2021-06-14_135125,6/18/2025 15:37,,/Users/ally/Documents/johnson lab/parrotfish bites/AQ_Sctaeniopterus_TP_2021-06-14_135125_002.MP4,1275.87,23.98,No focal subject,Bite,Foraging,None|None|None,POINT,890.781,890.781,NA,,
AQ_Sctaeniopterus_TP_2021-06-14_135125,6/18/2025 15:37,,/Users/ally/Documents/johnson lab/parrotfish bites/AQ_Sctaeniopterus_TP_2021-06-14_135125_002.MP4,1275.87,23.98,No focal subject,Bite,Foraging,None|None|None,POINT,892.282,892.282,NA,,
AQ_Sctaeniopterus_TP_2021-06-14_135125,6/18/2025 15:37,,/Users/ally/Documents/johnson lab/parrotfish bites/AQ_Sctaeniopterus_TP_2021-06-14_135125_002.MP4,1275.87,23.98,No focal subject,Bite,Foraging,None|None|None,POINT,903.783,903.783,NA,,
AQ_Sctaeniopterus_TP_2021-06-14_135125,6/18/2025 15:37,,/Users/ally/Documents/johnson lab/parrotfish bites/AQ_Sctaeniopterus_TP_2021-06-14_135125_002.MP4,1275.87,23.98,No focal subject,Bite,Foraging,None|None|None,POINT,904.53,904.53,NA,,
AQ_Sctaeniopterus_TP_2021-06-14_135125,6/18/2025 15:37,,/Users/ally/Documents/johnson lab/parrotfish bites/AQ_Sctaeniopterus_TP_2021-06-14_135125_002.MP4,1275.87,23.98,No focal subject,Bite,Foraging,None|None|None,POINT,905.281,905.281,NA,,
AQ_Sctaeniopterus_TP_2021-06-14_135125,6/18/2025 15:37,,/Users/ally/Documents/johnson lab/parrotfish bites/AQ_Sctaeniopterus_TP_2021-06-14_135125_002.MP4,1275.87,23.98,No focal subject,Bite,Foraging,None|None|None,POINT,906.783,906.783,NA,,
AQ_Sctaeniopterus_TP_2021-06-14_135125,6/18/2025 15:37,,/Users/ally/Documents/johnson lab/parrotfish bites/AQ_Sctaeniopterus_TP_2021-06-14_135125_002.MP4,1275.87,23.98,No focal subject,Bite,Foraging,None|None|None,POINT,908.283,908.283,NA,,
AQ_Sctaeniopterus_TP_2021-06-14_135125,6/18/2025 15:37,,/Users/ally/Documents/johnson lab/parrotfish bites/AQ_Sctaeniopterus_TP_2021-06-14_135125_002.MP4,1275.87,23.98,No focal subject,Bite,Foraging,None|None|None,POINT,909.282,909.282,NA,,
AQ_Sctaeniopterus_TP_2021-06-14_135125,6/18/2025 15:37,,/Users/ally/Documents/johnson lab/parrotfish bites/AQ_Sctaeniopterus_TP_2021-06-14_135125_002.MP4,1275.87,23.98,No focal subject,Bite,Foraging,None|None|None,POINT,909.782,909.782,NA,,
AQ_Sctaeniopterus_TP_2021-06-14_135125,6/18/2025 15:37,,/Users/ally/Documents/johnson lab/parrotfish bites/AQ_Sctaeniopterus_TP_2021-06-14_135125_002.MP4,1275.87,23.98,No focal subject,Bite,Foraging,None|None|None,POINT,910.781,910.781,NA,,
AQ_Sctaeniopterus_TP_2021-06-14_135125,6/18/2025 15:37,,/Users/ally/Documents/johnson lab/parrotfish bites/AQ_Sctaeniopterus_TP_2021-06-14_135125_002.MP4,1275.87,23.98,No focal subject,Bite,Foraging,None|None|None,POINT,911.531,911.531,NA,,
AQ_Sctaeniopterus_TP_2021-06-14_135125,6/18/2025 15:37,,/Users/ally/Documents/johnson lab/parrotfish bites/AQ_Sctaeniopterus_TP_2021-06-14_135125_002.MP4,1275.87,23.98,No focal subject,Bite,Foraging,None|None|None,POINT,912.529,912.529,NA,,
AQ_Sctaeniopterus_TP_2021-06-14_135125,6/18/2025 15:37,,/Users/ally/Documents/johnson lab/parrotfish bites/AQ_Sctaeniopterus_TP_2021-06-14_135125_002.MP4,1275.87,23.98,No focal subject,Bite,Foraging,None|None|None,POINT,913.282,913.282,NA,,
AQ_Sctaeniopterus_TP_2021-06-14_135125,6/18/2025 15:37,,/Users/ally/Documents/johnson lab/parrotfish bites/AQ_Sctaeniopterus_TP_2021-06-14_135125_002.MP4,1275.87,23.98,No focal subject,Bite,Foraging,None|None|None,POINT,914.029,914.029,NA,,
AQ_Sctaeniopterus_TP_2021-06-14_135125,6/18/2025 15:37,,/Users/ally/Documents/johnson lab/parrotfish bites/AQ_Sctaeniopterus_TP_2021-06-14_135125_002.MP4,1275.87,23.98,No focal subject,Bite,Foraging,None|None|None,POINT,914.53,914.53,NA,,
AQ_Sctaeniopterus_TP_2021-06-14_135125,6/18/2025 15:37,,/Users/ally/Documents/johnson lab/parrotfish bites/AQ_Sctaeniopterus_TP_2021-06-14_135125_002.MP4,1275.87,23.98,No focal subject,Bite,Foraging,None|None|None,POINT,916.03,916.03,NA,,
AQ_Sctaeniopterus_TP_2021-06-14_135125,6/18/2025 15:37,,/Users/ally/Documents/johnson lab/parrotfish bites/AQ_Sctaeniopterus_TP_2021-06-14_135125_002.MP4,1275.87,23.98,No focal subject,Bite,Foraging,None|None|None,POINT,917.529,917.529,NA,,
AQ_Sctaeniopterus_TP_2021-06-14_135125,6/18/2025 15:37,,/Users/ally/Documents/johnson lab/parrotfish bites/AQ_Sctaeniopterus_TP_2021-06-14_135125_002.MP4,1275.87,23.98,No focal subject,Bite,Foraging,None|None|None,POINT,917.779,917.779,NA,,
AQ_Sctaeniopterus_TP_2021-06-14_135125,6/18/2025 15:37,,/Users/ally/Documents/johnson lab/parrotfish bites/AQ_Sctaeniopterus_TP_2021-06-14_135125_002.MP4,1275.87,23.98,No focal subject,Bite,Foraging,None|None|None,POINT,919.781,919.781,NA,,
AQ_Sctaeniopterus_TP_2021-06-14_135125,6/18/2025 15:37,,/Users/ally/Documents/johnson lab/parrotfish bites/AQ_Sctaeniopterus_TP_2021-06-14_135125_002.MP4,1275.87,23.98,No focal subject,Bite,Foraging,None|None|None,POINT,920.28,920.28,NA,,
AQ_Sctaeniopterus_TP_2021-06-14_135125,6/18/2025 15:37,,/Users/ally/Documents/johnson lab/parrotfish bites/AQ_Sctaeniopterus_TP_2021-06-14_135125_002.MP4,1275.87,23.98,No focal subject,Bite,Foraging,None|None|None,POINT,922.78,922.78,NA,,
AQ_Sctaeniopterus_TP_2021-06-14_135125,6/18/2025 15:37,,/Users/ally/Documents/johnson lab/parrotfish bites/AQ_Sctaeniopterus_TP_2021-06-14_135125_002.MP4,1275.87,23.98,No focal subject,Bite,Foraging,None|None|None,POINT,926.78,926.78,NA,,
AQ_Sctaeniopterus_TP_2021-06-14_135125,6/18/2025 15:37,,/Users/ally/Documents/johnson lab/parrotfish bites/AQ_Sctaeniopterus_TP_2021-06-14_135125_002.MP4,1275.87,23.98,No focal subject,Bite,Foraging,None|None|None,POINT,928.027,928.027,NA,,
AQ_Sctaeniopterus_TP_2021-06-14_135125,6/18/2025 15:37,,/Users/ally/Documents/johnson lab/parrotfish bites/AQ_Sctaeniopterus_TP_2021-06-14_135125_002.MP4,1275.87,23.98,No focal subject,Bite,Foraging,None|None|None,POINT,928.528,928.528,NA,,
AQ_Sctaeniopterus_TP_2021-06-14_135125,6/18/2025 15:37,,/Users/ally/Documents/johnson lab/parrotfish bites/AQ_Sctaeniopterus_TP_2021-06-14_135125_002.MP4,1275.87,23.98,No focal subject,Bite,Foraging,None|None|None,POINT,930.027,930.027,NA,,
AQ_Sctaeniopterus_TP_2021-06-14_135125,6/18/2025 15:37,,/Users/ally/Documents/johnson lab/parrotfish bites/AQ_Sctaeniopterus_TP_2021-06-14_135125_002.MP4,1275.87,23.98,No focal subject,Bite,Foraging,None|None|None,POINT,930.527,930.527,NA,,
AQ_Sctaeniopterus_TP_2021-06-14_135125,6/18/2025 15:37,,/Users/ally/Documents/johnson lab/parrotfish bites/AQ_Sctaeniopterus_TP_2021-06-14_135125_002.MP4,1275.87,23.98,No focal subject,Bite,Foraging,None|None|None,POINT,931.28,931.28,NA,,
AQ_Sctaeniopterus_TP_2021-06-14_135125,6/18/2025 15:37,,/Users/ally/Documents/johnson lab/parrotfish bites/AQ_Sctaeniopterus_TP_2021-06-14_135125_002.MP4,1275.87,23.98,No focal subject,Bite,Foraging,None|None|None,POINT,932.028,932.028,NA,,
AQ_Sctaeniopterus_TP_2021-06-14_135125,6/18/2025 15:37,,/Users/ally/Documents/johnson lab/parrotfish bites/AQ_Sctaeniopterus_TP_2021-06-14_135125_002.MP4,1275.87,23.98,No focal subject,Bite,Foraging,None|None|None,POINT,933.028,933.028,NA,,
AQ_Sctaeniopterus_TP_2021-06-14_135125,6/18/2025 15:37,,/Users/ally/Documents/johnson lab/parrotfish bites/AQ_Sctaeniopterus_TP_2021-06-14_135125_002.MP4,1275.87,23.98,No focal subject,Bite,Foraging,None|None|None,POINT,933.776,933.776,NA,,
AQ_Sctaeniopterus_TP_2021-06-14_135125,6/18/2025 15:37,,/Users/ally/Documents/johnson lab/parrotfish bites/AQ_Sctaeniopterus_TP_2021-06-14_135125_002.MP4,1275.87,23.98,No focal subject,Bite,Foraging,None|None|None,POINT,934.781,934.781,NA,,
AQ_Sctaeniopterus_TP_2021-06-14_135125,6/18/2025 15:37,,/Users/ally/Documents/johnson lab/parrotfish bites/AQ_Sctaeniopterus_TP_2021-06-14_135125_002.MP4,1275.87,23.98,No focal subject,Bite,Foraging,None|None|None,POINT,935.529,935.529,NA,,
AQ_Sctaeniopterus_TP_2021-06-14_135125,6/18/2025 15:37,,/Users/ally/Documents/johnson lab/parrotfish bites/AQ_Sctaeniopterus_TP_2021-06-14_135125_002.MP4,1275.87,23.98,No focal subject,Bite,Foraging,None|None|None,POINT,936.281,936.281,NA,,
AQ_Sctaeniopterus_TP_2021-06-14_135125,6/18/2025 15:37,,/Users/ally/Documents/johnson lab/parrotfish bites/AQ_Sctaeniopterus_TP_2021-06-14_135125_002.MP4,1275.87,23.98,No focal subject,Bite,Foraging,None|None|None,POINT,937.281,937.281,NA,,
AQ_Sctaeniopterus_TP_2021-06-14_135125,6/18/2025 15:37,,/Users/ally/Documents/johnson lab/parrotfish bites/AQ_Sctaeniopterus_TP_2021-06-14_135125_002.MP4,1275.87,23.98,No focal subject,Bite,Foraging,None|None|None,POINT,938.029,938.029,NA,,
AQ_Sctaeniopterus_TP_2021-06-14_135125,6/18/2025 15:37,,/Users/ally/Documents/johnson lab/parrotfish bites/AQ_Sctaeniopterus_TP_2021-06-14_135125_002.MP4,1275.87,23.98,No focal subject,Bite,Foraging,None|None|None,POINT,938.783,938.783,NA,,
AQ_Sctaeniopterus_TP_2021-06-14_135125,6/18/2025 15:37,,/Users/ally/Documents/johnson lab/parrotfish bites/AQ_Sctaeniopterus_TP_2021-06-14_135125_002.MP4,1275.87,23.98,No focal subject,Bite,Foraging,None|None|None,POINT,939.781,939.781,NA,,
AQ_Sctaeniopterus_TP_2021-06-14_135125,6/18/2025 15:37,,/Users/ally/Documents/johnson lab/parrotfish bites/AQ_Sctaeniopterus_TP_2021-06-14_135125_002.MP4,1275.87,23.98,No focal subject,Bite,Foraging,None|None|None,POINT,943.53,943.53,NA,,
AQ_Sctaeniopterus_TP_2021-06-14_135125,6/18/2025 15:37,,/Users/ally/Documents/johnson lab/parrotfish bites/AQ_Sctaeniopterus_TP_2021-06-14_135125_002.MP4,1275.87,23.98,No focal subject,Bite,Foraging,None|None|None,POINT,945.029,945.029,NA,,
AQ_Sctaeniopterus_TP_2021-06-14_135125,6/18/2025 15:37,,/Users/ally/Documents/johnson lab/parrotfish bites/AQ_Sctaeniopterus_TP_2021-06-14_135125_002.MP4,1275.87,23.98,No focal subject,Bite,Foraging,None|None|None,POINT,946.029,946.029,NA,,
AQ_Sctaeniopterus_TP_2021-06-14_135125,6/18/2025 15:37,,/Users/ally/Documents/johnson lab/parrotfish bites/AQ_Sctaeniopterus_TP_2021-06-14_135125_002.MP4,1275.87,23.98,No focal subject,Bite,Foraging,None|None|None,POINT,946.781,946.781,NA,,
AQ_Sctaeniopterus_TP_2021-06-14_135125,6/18/2025 15:37,,/Users/ally/Documents/johnson lab/parrotfish bites/AQ_Sctaeniopterus_TP_2021-06-14_135125_002.MP4,1275.87,23.98,No focal subject,Bite,Foraging,None|None|None,POINT,947.781,947.781,NA,,
AQ_Sctaeniopterus_TP_2021-06-14_135125,6/18/2025 15:37,,/Users/ally/Documents/johnson lab/parrotfish bites/AQ_Sctaeniopterus_TP_2021-06-14_135125_002.MP4,1275.87,23.98,No focal subject,Bite,Foraging,None|None|None,POINT,948.783,948.783,NA,,
AQ_Sctaeniopterus_TP_2021-06-14_135125,6/18/2025 15:37,,/Users/ally/Documents/johnson lab/parrotfish bites/AQ_Sctaeniopterus_TP_2021-06-14_135125_002.MP4,1275.87,23.98,No focal subject,Bite,Foraging,None|None|None,POINT,949.281,949.281,NA,,
AQ_Sctaeniopterus_TP_2021-06-14_135125,6/18/2025 15:37,,/Users/ally/Documents/johnson lab/parrotfish bites/AQ_Sctaeniopterus_TP_2021-06-14_135125_002.MP4,1275.87,23.98,No focal subject,Bite,Foraging,None|None|None,POINT,950.531,950.531,NA,,
AQ_Sctaeniopterus_TP_2021-06-14_135125,6/18/2025 15:37,,/Users/ally/Documents/johnson lab/parrotfish bites/AQ_Sctaeniopterus_TP_2021-06-14_135125_002.MP4,1275.87,23.98,No focal subject,Bite,Foraging,None|None|None,POINT,951.029,951.029,NA,,
AQ_Sctaeniopterus_TP_2021-06-14_135125,6/18/2025 15:37,,/Users/ally/Documents/johnson lab/parrotfish bites/AQ_Sctaeniopterus_TP_2021-06-14_135125_002.MP4,1275.87,23.98,No focal subject,Bite,Foraging,None|None|None,POINT,951.53,951.53,NA,,
AQ_Sctaeniopterus_TP_2021-06-14_135125,6/18/2025 15:37,,/Users/ally/Documents/johnson lab/parrotfish bites/AQ_Sctaeniopterus_TP_2021-06-14_135125_002.MP4,1275.87,23.98,No focal subject,Bite,Foraging,None|None|None,POINT,952.03,952.03,NA,,
AQ_Sctaeniopterus_TP_2021-06-14_135125,6/18/2025 15:37,,/Users/ally/Documents/johnson lab/parrotfish bites/AQ_Sctaeniopterus_TP_2021-06-14_135125_002.MP4,1275.87,23.98,No focal subject,Bite,Foraging,None|None|None,POINT,952.781,952.781,NA,,
AQ_Sctaeniopterus_TP_2021-06-14_135125,6/18/2025 15:37,,/Users/ally/Documents/johnson lab/parrotfish bites/AQ_Sctaeniopterus_TP_2021-06-14_135125_002.MP4,1275.87,23.98,No focal subject,Bite,Foraging,None|None|None,POINT,953.529,953.529,NA,,
AQ_Sctaeniopterus_TP_2021-06-14_135125,6/18/2025 15:37,,/Users/ally/Documents/johnson lab/parrotfish bites/AQ_Sctaeniopterus_TP_2021-06-14_135125_002.MP4,1275.87,23.98,No focal subject,Bite,Foraging,None|None|None,POINT,954.281,954.281,NA,,
AQ_Sctaeniopterus_TP_2021-06-14_135125,6/18/2025 15:37,,/Users/ally/Documents/johnson lab/parrotfish bites/AQ_Sctaeniopterus_TP_2021-06-14_135125_002.MP4,1275.87,23.98,No focal subject,Bite,Foraging,None|None|None,POINT,954.78,954.78,NA,,
AQ_Sctaeniopterus_TP_2021-06-14_135125,6/18/2025 15:37,,/Users/ally/Documents/johnson lab/parrotfish bites/AQ_Sctaeniopterus_TP_2021-06-14_135125_002.MP4,1275.87,23.98,No focal subject,Bite,Foraging,None|None|None,POINT,992.283,992.283,NA,,
AQ_Sctaeniopterus_TP_2021-06-14_135125,6/18/2025 15:37,,/Users/ally/Documents/johnson lab/parrotfish bites/AQ_Sctaeniopterus_TP_2021-06-14_135125_002.MP4,1275.87,23.98,No focal subject,Bite,Foraging,None|None|None,POINT,992.782,992.782,NA,,
AQ_Sctaeniopterus_TP_2021-06-14_135125,6/18/2025 15:37,,/Users/ally/Documents/johnson lab/parrotfish bites/AQ_Sctaeniopterus_TP_2021-06-14_135125_002.MP4,1275.87,23.98,No focal subject,Bite,Foraging,None|None|None,POINT,993.53,993.53,NA,,
AQ_Sctaeniopterus_TP_2021-06-14_135125,6/18/2025 15:37,,/Users/ally/Documents/johnson lab/parrotfish bites/AQ_Sctaeniopterus_TP_2021-06-14_135125_002.MP4,1275.87,23.98,No focal subject,Bite,Foraging,None|None|None,POINT,994.03,994.03,NA,,
AQ_Sctaeniopterus_TP_2021-06-14_135125,6/18/2025 15:37,,/Users/ally/Documents/johnson lab/parrotfish bites/AQ_Sctaeniopterus_TP_2021-06-14_135125_002.MP4,1275.87,23.98,No focal subject,Bite,Foraging,None|None|None,POINT,995.53,995.53,NA,,
AQ_Sctaeniopterus_TP_2021-06-14_135125,6/18/2025 15:37,,/Users/ally/Documents/johnson lab/parrotfish bites/AQ_Sctaeniopterus_TP_2021-06-14_135125_002.MP4,1275.87,23.98,No focal subject,Bite,Foraging,None|None|None,POINT,996.03,996.03,NA,,
AQ_Sctaeniopterus_TP_2021-06-14_135125,6/18/2025 15:37,,/Users/ally/Documents/johnson lab/parrotfish bites/AQ_Sctaeniopterus_TP_2021-06-14_135125_002.MP4,1275.87,23.98,No focal subject,Bite,Foraging,None|None|None,POINT,1023.029,1023.029,NA,,
AQ_Sctaeniopterus_TP_2021-06-14_135125,6/18/2025 15:37,,/Users/ally/Documents/johnson lab/parrotfish bites/AQ_Sctaeniopterus_TP_2021-06-14_135125_002.MP4,1275.87,23.98,No focal subject,Bite,Foraging,None|None|None,POINT,1027.529,1027.529,NA,,
AQ_Sctaeniopterus_TP_2021-06-14_135125,6/18/2025 15:37,,/Users/ally/Documents/johnson lab/parrotfish bites/AQ_Sctaeniopterus_TP_2021-06-14_135125_002.MP4,1275.87,23.98,No focal subject,Bite,Foraging,None|None|None,POINT,1028.783,1028.783,NA,,
AQ_Sctaeniopterus_TP_2021-06-14_135125,6/18/2025 15:37,,/Users/ally/Documents/johnson lab/parrotfish bites/AQ_Sctaeniopterus_TP_2021-06-14_135125_002.MP4,1275.87,23.98,No focal subject,Bite,Foraging,None|None|None,POINT,1029.532,1029.532,NA,,
AQ_Sctaeniopterus_TP_2021-06-14_135125,6/18/2025 15:37,,/Users/ally/Documents/johnson lab/parrotfish bites/AQ_Sctaeniopterus_TP_2021-06-14_135125_002.MP4,1275.87,23.98,No focal subject,Bite,Foraging,None|None|None,POINT,1030.029,1030.029,NA,,
AQ_Sctaeniopterus_TP_2021-06-14_135125,6/18/2025 15:37,,/Users/ally/Documents/johnson lab/parrotfish bites/AQ_Sctaeniopterus_TP_2021-06-14_135125_002.MP4,1275.87,23.98,No focal subject,Bite,Foraging,None|None|None,POINT,1030.782,1030.782,NA,,
AQ_Sctaeniopterus_TP_2021-06-14_135125,6/18/2025 15:37,,/Users/ally/Documents/johnson lab/parrotfish bites/AQ_Sctaeniopterus_TP_2021-06-14_135125_002.MP4,1275.87,23.98,No focal subject,Bite,Foraging,None|None|None,POINT,1031.53,1031.53,NA,,
AQ_Sctaeniopterus_TP_2021-06-14_135125,6/18/2025 15:37,,/Users/ally/Documents/johnson lab/parrotfish bites/AQ_Sctaeniopterus_TP_2021-06-14_135125_002.MP4,1275.87,23.98,No focal subject,Bite,Foraging,None|None|None,POINT,1036.281,1036.281,NA,,
AQ_Sctaeniopterus_TP_2021-06-14_135125,6/18/2025 15:37,,/Users/ally/Documents/johnson lab/parrotfish bites/AQ_Sctaeniopterus_TP_2021-06-14_135125_002.MP4,1275.87,23.98,No focal subject,Bite,Foraging,None|None|None,POINT,1037.781,1037.781,NA,,
AQ_Sctaeniopterus_TP_2021-06-14_135125,6/18/2025 15:37,,/Users/ally/Documents/johnson lab/parrotfish bites/AQ_Sctaeniopterus_TP_2021-06-14_135125_002.MP4,1275.87,23.98,No focal subject,Bite,Foraging,None|None|None,POINT,1039.529,1039.529,NA,,
AQ_Sctaeniopterus_TP_2021-06-14_135125,6/18/2025 15:37,,/Users/ally/Documents/johnson lab/parrotfish bites/AQ_Sctaeniopterus_TP_2021-06-14_135125_002.MP4,1275.87,23.98,No focal subject,Bite,Foraging,None|None|None,POINT,1040.28,1040.28,NA,,
AQ_Sctaeniopterus_TP_2021-06-14_135125,6/18/2025 15:37,,/Users/ally/Documents/johnson lab/parrotfish bites/AQ_Sctaeniopterus_TP_2021-06-14_135125_002.MP4,1275.87,23.98,No focal subject,Bite,Foraging,None|None|None,POINT,1049.779,1049.779,NA,,
AQ_Sctaeniopterus_TP_2021-06-14_135125,6/18/2025 15:37,,/Users/ally/Documents/johnson lab/parrotfish bites/AQ_Sctaeniopterus_TP_2021-06-14_135125_002.MP4,1275.87,23.98,No focal subject,Bite,Foraging,None|None|None,POINT,1050.781,1050.781,NA,,
AQ_Sctaeniopterus_TP_2021-06-14_135125,6/18/2025 15:37,,/Users/ally/Documents/johnson lab/parrotfish bites/AQ_Sctaeniopterus_TP_2021-06-14_135125_002.MP4,1275.87,23.98,No focal subject,Bite,Foraging,None|None|None,POINT,1052.277,1052.277,NA,,
AQ_Sctaeniopterus_TP_2021-06-14_135125,6/18/2025 15:37,,/Users/ally/Documents/johnson lab/parrotfish bites/AQ_Sctaeniopterus_TP_2021-06-14_135125_002.MP4,1275.87,23.98,No focal subject,Bite,Foraging,None|None|None,POINT,1053.277,1053.277,NA,,
AQ_Sctaeniopterus_TP_2021-06-14_135125,6/18/2025 15:37,,/Users/ally/Documents/johnson lab/parrotfish bites/AQ_Sctaeniopterus_TP_2021-06-14_135125_002.MP4,1275.87,23.98,No focal subject,Bite,Foraging,None|None|None,POINT,1054.28,1054.28,NA,,
AQ_Sctaeniopterus_TP_2021-06-14_135125,6/18/2025 15:37,,/Users/ally/Documents/johnson lab/parrotfish bites/AQ_Sctaeniopterus_TP_2021-06-14_135125_002.MP4,1275.87,23.98,No focal subject,Bite,Foraging,None|None|None,POINT,1055.529,1055.529,NA,,
AQ_Sctaeniopterus_TP_2021-06-14_135125,6/18/2025 15:37,,/Users/ally/Documents/johnson lab/parrotfish bites/AQ_Sctaeniopterus_TP_2021-06-14_135125_002.MP4,1275.87,23.98,No focal subject,Bite,Foraging,None|None|None,POINT,1073.283,1073.283,NA,,
AQ_Sctaeniopterus_TP_2021-06-14_135125,6/18/2025 15:37,,/Users/ally/Documents/johnson lab/parrotfish bites/AQ_Sctaeniopterus_TP_2021-06-14_135125_002.MP4,1275.87,23.98,No focal subject,Bite,Foraging,None|None|None,POINT,1074.03,1074.03,NA,,
AQ_Sctaeniopterus_TP_2021-06-14_135125,6/18/2025 15:37,,/Users/ally/Documents/johnson lab/parrotfish bites/AQ_Sctaeniopterus_TP_2021-06-14_135125_002.MP4,1275.87,23.98,No focal subject,Bite,Foraging,None|None|None,POINT,1076.781,1076.781,NA,,
AQ_Sctaeniopterus_TP_2021-06-14_135125,6/18/2025 15:37,,/Users/ally/Documents/johnson lab/parrotfish bites/AQ_Sctaeniopterus_TP_2021-06-14_135125_002.MP4,1275.87,23.98,No focal subject,Bite,Foraging,None|None|None,POINT,1111.53,1111.53,NA,,
AQ_Sctaeniopterus_TP_2021-06-14_135125,6/18/2025 15:37,,/Users/ally/Documents/johnson lab/parrotfish bites/AQ_Sctaeniopterus_TP_2021-06-14_135125_002.MP4,1275.87,23.98,No focal subject,Bite,Foraging,None|None|None,POINT,1112.03,1112.03,NA,,
AQ_Sctaeniopterus_TP_2021-06-14_135125,6/18/2025 15:37,,/Users/ally/Documents/johnson lab/parrotfish bites/AQ_Sctaeniopterus_TP_2021-06-14_135125_002.MP4,1275.87,23.98,No focal subject,Bite,Foraging,None|None|None,POINT,1112.533,1112.533,NA,,
AQ_Sctaeniopterus_TP_2021-06-14_135125,6/18/2025 15:37,,/Users/ally/Documents/johnson lab/parrotfish bites/AQ_Sctaeniopterus_TP_2021-06-14_135125_002.MP4,1275.87,23.98,No focal subject,Bite,Foraging,None|None|None,POINT,1113.281,1113.281,NA,,
AQ_Sctaeniopterus_TP_2021-06-14_135125,6/18/2025 15:37,,/Users/ally/Documents/johnson lab/parrotfish bites/AQ_Sctaeniopterus_TP_2021-06-14_135125_002.MP4,1275.87,23.98,No focal subject,Bite,Foraging,None|None|None,POINT,1116.281,1116.281,NA,,
AQ_Sctaeniopterus_TP_2021-06-14_135125,6/18/2025 15:37,,/Users/ally/Documents/johnson lab/parrotfish bites/AQ_Sctaeniopterus_TP_2021-06-14_135125_002.MP4,1275.87,23.98,No focal subject,Bite,Foraging,None|None|None,POINT,1119.532,1119.532,NA,,
AQ_Sctaeniopterus_TP_2021-06-14_135125,6/18/2025 15:37,,/Users/ally/Documents/johnson lab/parrotfish bites/AQ_Sctaeniopterus_TP_2021-06-14_135125_002.MP4,1275.87,23.98,No focal subject,Bite,Foraging,None|None|None,POINT,1120.03,1120.03,NA,,
AQ_Sctaeniopterus_TP_2021-06-14_135125,6/18/2025 15:37,,/Users/ally/Documents/johnson lab/parrotfish bites/AQ_Sctaeniopterus_TP_2021-06-14_135125_002.MP4,1275.87,23.98,No focal subject,Bite,Foraging,None|None|None,POINT,1120.778,1120.778,NA,,
AQ_Sctaeniopterus_TP_2021-06-14_135125,6/18/2025 15:37,,/Users/ally/Documents/johnson lab/parrotfish bites/AQ_Sctaeniopterus_TP_2021-06-14_135125_002.MP4,1275.87,23.98,No focal subject,Bite,Foraging,None|None|None,POINT,1122.53,1122.53,NA,,
AQ_Sctaeniopterus_TP_2021-06-14_135125,6/18/2025 15:37,,/Users/ally/Documents/johnson lab/parrotfish bites/AQ_Sctaeniopterus_TP_2021-06-14_135125_002.MP4,1275.87,23.98,No focal subject,Bite,Foraging,None|None|None,POINT,1141.78,1141.78,NA,,
AQ_Sctaeniopterus_TP_2021-06-14_135125,6/18/2025 15:37,,/Users/ally/Documents/johnson lab/parrotfish bites/AQ_Sctaeniopterus_TP_2021-06-14_135125_002.MP4,1275.87,23.98,No focal subject,Bite,Foraging,None|None|None,POINT,1142.281,1142.281,NA,,
AQ_Sctaeniopterus_TP_2021-06-14_135125,6/18/2025 15:37,,/Users/ally/Documents/johnson lab/parrotfish bites/AQ_Sctaeniopterus_TP_2021-06-14_135125_002.MP4,1275.87,23.98,No focal subject,Bite,Foraging,None|None|None,POINT,1145.279,1145.279,NA,,
AQ_Sctaeniopterus_TP_2021-06-14_135125,6/18/2025 15:37,,/Users/ally/Documents/johnson lab/parrotfish bites/AQ_Sctaeniopterus_TP_2021-06-14_135125_002.MP4,1275.87,23.98,No focal subject,Bite,Foraging,None|None|None,POINT,1148.533,1148.533,NA,,
AQ_Sctaeniopterus_TP_2021-06-14_135125,6/18/2025 15:37,,/Users/ally/Documents/johnson lab/parrotfish bites/AQ_Sctaeniopterus_TP_2021-06-14_135125_002.MP4,1275.87,23.98,No focal subject,Bite,Foraging,None|None|None,POINT,1149.777,1149.777,NA,,
AQ_Sctaeniopterus_TP_2021-06-14_135125,6/18/2025 15:37,,/Users/ally/Documents/johnson lab/parrotfish bites/AQ_Sctaeniopterus_TP_2021-06-14_135125_002.MP4,1275.87,23.98,No focal subject,Bite,Foraging,None|None|None,POINT,1150.279,1150.279,NA,,
AQ_Sctaeniopterus_TP_2021-06-14_135125,6/18/2025 15:37,,/Users/ally/Documents/johnson lab/parrotfish bites/AQ_Sctaeniopterus_TP_2021-06-14_135125_002.MP4,1275.87,23.98,No focal subject,Bite,Foraging,None|None|None,POINT,1151.281,1151.281,NA,,
AQ_Sctaeniopterus_TP_2021-06-14_135125,6/18/2025 15:37,,/Users/ally/Documents/johnson lab/parrotfish bites/AQ_Sctaeniopterus_TP_2021-06-14_135125_002.MP4,1275.87,23.98,No focal subject,Bite,Foraging,None|None|None,POINT,1152.531,1152.531,NA,,
AQ_Sctaeniopterus_TP_2021-06-14_135125,6/18/2025 15:37,,/Users/ally/Documents/johnson lab/parrotfish bites/AQ_Sctaeniopterus_TP_2021-06-14_135125_002.MP4,1275.87,23.98,No focal subject,Bite,Foraging,None|None|None,POINT,1155.03,1155.03,NA,,
AQ_Sctaeniopterus_TP_2021-06-14_135125,6/18/2025 15:37,,/Users/ally/Documents/johnson lab/parrotfish bites/AQ_Sctaeniopterus_TP_2021-06-14_135125_002.MP4,1275.87,23.98,No focal subject,Bite,Foraging,None|None|None,POINT,1166.779,1166.779,NA,,
AQ_Sctaeniopterus_TP_2021-06-14_135125,6/18/2025 15:37,,/Users/ally/Documents/johnson lab/parrotfish bites/AQ_Sctaeniopterus_TP_2021-06-14_135125_002.MP4,1275.87,23.98,No focal subject,Bite,Foraging,None|None|None,POINT,1167.279,1167.279,NA,,
AQ_Sctaeniopterus_TP_2021-06-14_135125,6/18/2025 15:37,,/Users/ally/Documents/johnson lab/parrotfish bites/AQ_Sctaeniopterus_TP_2021-06-14_135125_002.MP4,1275.87,23.98,No focal subject,Bite,Foraging,None|None|None,POINT,1168.031,1168.031,NA,,
AQ_Sctaeniopterus_TP_2021-06-14_135125,6/18/2025 15:37,,/Users/ally/Documents/johnson lab/parrotfish bites/AQ_Sctaeniopterus_TP_2021-06-14_135125_002.MP4,1275.87,23.98,No focal subject,Bite,Foraging,None|None|None,POINT,1168.779,1168.779,NA,,
AQ_Sctaeniopterus_TP_2021-06-14_135125,6/18/2025 15:37,,/Users/ally/Documents/johnson lab/parrotfish bites/AQ_Sctaeniopterus_TP_2021-06-14_135125_002.MP4,1275.87,23.98,No focal subject,Bite,Foraging,None|None|None,POINT,1171.531,1171.531,NA,,
AQ_Sctaeniopterus_TP_2021-06-14_135125,6/18/2025 15:37,,/Users/ally/Documents/johnson lab/parrotfish bites/AQ_Sctaeniopterus_TP_2021-06-14_135125_002.MP4,1275.87,23.98,No focal subject,Bite,Foraging,None|None|None,POINT,1172.03,1172.03,NA,,
AQ_Sctaeniopterus_TP_2021-06-14_135125,6/18/2025 15:37,,/Users/ally/Documents/johnson lab/parrotfish bites/AQ_Sctaeniopterus_TP_2021-06-14_135125_002.MP4,1275.87,23.98,No focal subject,Bite,Foraging,None|None|None,POINT,1173.532,1173.532,NA,,
AQ_Sctaeniopterus_TP_2021-06-14_135125,6/18/2025 15:37,,/Users/ally/Documents/johnson lab/parrotfish bites/AQ_Sctaeniopterus_TP_2021-06-14_135125_002.MP4,1275.87,23.98,No focal subject,Bite,Foraging,None|None|None,POINT,1175.778,1175.778,NA,,
AQ_Sctaeniopterus_TP_2021-06-14_135125,6/18/2025 15:37,,/Users/ally/Documents/johnson lab/parrotfish bites/AQ_Sctaeniopterus_TP_2021-06-14_135125_002.MP4,1275.87,23.98,No focal subject,Bite,Foraging,None|None|None,POINT,1178.776,1178.776,NA,,
AQ_Sctaeniopterus_TP_2021-06-14_135125,6/18/2025 15:37,,/Users/ally/Documents/johnson lab/parrotfish bites/AQ_Sctaeniopterus_TP_2021-06-14_135125_002.MP4,1275.87,23.98,No focal subject,Bite,Foraging,None|None|None,POINT,1179.28,1179.28,NA,,
AQ_Sctaeniopterus_TP_2021-06-14_135125,6/18/2025 15:37,,/Users/ally/Documents/johnson lab/parrotfish bites/AQ_Sctaeniopterus_TP_2021-06-14_135125_002.MP4,1275.87,23.98,No focal subject,Bite,Foraging,None|None|None,POINT,1180.279,1180.279,NA,,
AQ_Sctaeniopterus_TP_2021-06-14_135125,6/18/2025 15:37,,/Users/ally/Documents/johnson lab/parrotfish bites/AQ_Sctaeniopterus_TP_2021-06-14_135125_002.MP4,1275.87,23.98,No focal subject,Bite,Foraging,None|None|None,POINT,1194.028,1194.028,NA,,
AQ_Sctaeniopterus_TP_2021-06-14_135125,6/18/2025 15:37,,/Users/ally/Documents/johnson lab/parrotfish bites/AQ_Sctaeniopterus_TP_2021-06-14_135125_002.MP4,1275.87,23.98,No focal subject,Bite,Foraging,None|None|None,POINT,1197.281,1197.281,NA,,
AQ_Sctaeniopterus_TP_2021-06-14_135125,6/18/2025 15:37,,/Users/ally/Documents/johnson lab/parrotfish bites/AQ_Sctaeniopterus_TP_2021-06-14_135125_002.MP4,1275.87,23.98,No focal subject,Bite,Foraging,None|None|None,POINT,1200.781,1200.781,NA,,
AQ_Sctaeniopterus_TP_2021-06-14_135125,6/18/2025 15:37,,/Users/ally/Documents/johnson lab/parrotfish bites/AQ_Sctaeniopterus_TP_2021-06-14_135125_002.MP4,1275.87,23.98,No focal subject,Bite,Foraging,None|None|None,POINT,1201.533,1201.533,NA,,
AQ_Sctaeniopterus_TP_2021-06-14_135125,6/18/2025 15:37,,/Users/ally/Documents/johnson lab/parrotfish bites/AQ_Sctaeniopterus_TP_2021-06-14_135125_002.MP4,1275.87,23.98,No focal subject,Bite,Foraging,None|None|None,POINT,1202.532,1202.532,NA,,
AQ_Sctaeniopterus_TP_2021-06-14_135125,6/18/2025 15:37,,/Users/ally/Documents/johnson lab/parrotfish bites/AQ_Sctaeniopterus_TP_2021-06-14_135125_002.MP4,1275.87,23.98,No focal subject,Bite,Foraging,None|None|None,POINT,1219.78,1219.78,NA,,
AQ_Sctaeniopterus_TP_2021-06-14_135125,6/18/2025 15:37,,/Users/ally/Documents/johnson lab/parrotfish bites/AQ_Sctaeniopterus_TP_2021-06-14_135125_002.MP4,1275.87,23.98,No focal subject,Bite,Foraging,None|None|None,POINT,1220.28,1220.28,NA,,
AQ_Sctaeniopterus_TP_2021-06-14_135125,6/18/2025 15:37,,/Users/ally/Documents/johnson lab/parrotfish bites/AQ_Sctaeniopterus_TP_2021-06-14_135125_002.MP4,1275.87,23.98,No focal subject,Bite,Foraging,None|None|None,POINT,1220.777,1220.777,NA,,
AQ_Sctaeniopterus_TP_2021-06-14_135125,6/18/2025 15:37,,/Users/ally/Documents/johnson lab/parrotfish bites/AQ_Sctaeniopterus_TP_2021-06-14_135125_002.MP4,1275.87,23.98,No focal subject,Bite,Foraging,None|None|None,POINT,1222.032,1222.032,NA,,
AQ_Sctaeniopterus_TP_2021-06-14_135125,6/18/2025 15:37,,/Users/ally/Documents/johnson lab/parrotfish bites/AQ_Sctaeniopterus_TP_2021-06-14_135125_002.MP4,1275.87,23.98,No focal subject,Bite,Foraging,None|None|None,POINT,1222.781,1222.781,NA,,
AQ_Sctaeniopterus_TP_2021-06-14_135125,6/18/2025 15:37,,/Users/ally/Documents/johnson lab/parrotfish bites/AQ_Sctaeniopterus_TP_2021-06-14_135125_002.MP4,1275.87,23.98,No focal subject,Bite,Foraging,None|None|None,POINT,1223.031,1223.031,NA,,
AQ_Sctaeniopterus_TP_2021-06-14_135125,6/18/2025 15:37,,/Users/ally/Documents/johnson lab/parrotfish bites/AQ_Sctaeniopterus_TP_2021-06-14_135125_002.MP4,1275.87,23.98,No focal subject,Bite,Foraging,None|None|None,POINT,1223.781,1223.781,NA,,
AQ_Sctaeniopterus_TP_2021-06-14_135125,6/18/2025 15:37,,/Users/ally/Documents/johnson lab/parrotfish bites/AQ_Sctaeniopterus_TP_2021-06-14_135125_002.MP4,1275.87,23.98,No focal subject,Bite,Foraging,None|None|None,POINT,1224.28,1224.28,NA,,
AQ_Sctaeniopterus_TP_2021-06-14_135125,6/18/2025 15:37,,/Users/ally/Documents/johnson lab/parrotfish bites/AQ_Sctaeniopterus_TP_2021-06-14_135125_002.MP4,1275.87,23.98,No focal subject,Bite,Foraging,None|None|None,POINT,1225.03,1225.03,NA,,
AQ_Sctaeniopterus_TP_2021-06-14_135125,6/18/2025 15:37,,/Users/ally/Documents/johnson lab/parrotfish bites/AQ_Sctaeniopterus_TP_2021-06-14_135125_002.MP4,1275.87,23.98,No focal subject,Bite,Foraging,None|None|None,POINT,1225.533,1225.533,NA,,
AQ_Sctaeniopterus_TP_2021-06-14_135125,6/18/2025 15:37,,/Users/ally/Documents/johnson lab/parrotfish bites/AQ_Sctaeniopterus_TP_2021-06-14_135125_002.MP4,1275.87,23.98,No focal subject,Bite,Foraging,None|None|None,POINT,1226.277,1226.277,NA,,
AQ_Sctaeniopterus_TP_2021-06-14_135125,6/18/2025 15:37,,/Users/ally/Documents/johnson lab/parrotfish bites/AQ_Sctaeniopterus_TP_2021-06-14_135125_002.MP4,1275.87,23.98,No focal subject,Bite,Foraging,None|None|None,POINT,1226.781,1226.781,NA,,
AQ_Sctaeniopterus_TP_2021-06-14_135125,6/18/2025 15:37,,/Users/ally/Documents/johnson lab/parrotfish bites/AQ_Sctaeniopterus_TP_2021-06-14_135125_002.MP4,1275.87,23.98,No focal subject,Bite,Foraging,None|None|None,POINT,1227.529,1227.529,NA,,
AQ_Sctaeniopterus_TP_2021-06-14_135125,6/18/2025 15:37,,/Users/ally/Documents/johnson lab/parrotfish bites/AQ_Sctaeniopterus_TP_2021-06-14_135125_002.MP4,1275.87,23.98,No focal subject,Bite,Foraging,None|None|None,POINT,1228.031,1228.031,NA,,
AQ_Sctaeniopterus_TP_2021-06-14_135125,6/18/2025 15:37,,/Users/ally/Documents/johnson lab/parrotfish bites/AQ_Sctaeniopterus_TP_2021-06-14_135125_002.MP4,1275.87,23.98,No focal subject,Bite,Foraging,None|None|None,POINT,1228.53,1228.53,NA,,
AQ_Sctaeniopterus_TP_2021-06-14_135125,6/18/2025 15:37,,/Users/ally/Documents/johnson lab/parrotfish bites/AQ_Sctaeniopterus_TP_2021-06-14_135125_002.MP4,1275.87,23.98,No focal subject,Bite,Foraging,None|None|None,POINT,1229.279,1229.279,NA,,
AQ_Sctaeniopterus_TP_2021-06-14_135125,6/18/2025 15:37,,/Users/ally/Documents/johnson lab/parrotfish bites/AQ_Sctaeniopterus_TP_2021-06-14_135125_002.MP4,1275.87,23.98,No focal subject,Bite,Foraging,None|None|None,POINT,1229.894,1229.894,NA,,
AQ_Sctaeniopterus_TP_2021-06-14_135125,6/18/2025 15:37,,/Users/ally/Documents/johnson lab/parrotfish bites/AQ_Sctaeniopterus_TP_2021-06-14_135125_002.MP4,1275.87,23.98,No focal subject,Bite,Foraging,None|None|None,POINT,1230.644,1230.644,NA,,
AQ_Sctaeniopterus_TP_2021-06-14_135125,6/18/2025 15:37,,/Users/ally/Documents/johnson lab/parrotfish bites/AQ_Sctaeniopterus_TP_2021-06-14_135125_002.MP4,1275.87,23.98,No focal subject,Bite,Foraging,None|None|None,POINT,1238.89,1238.89,NA,,
AQ_Sctaeniopterus_TP_2021-06-14_135125,6/18/2025 15:37,,/Users/ally/Documents/johnson lab/parrotfish bites/AQ_Sctaeniopterus_TP_2021-06-14_135125_002.MP4,1275.87,23.98,No focal subject,Bite,Foraging,None|None|None,POINT,1241.642,1241.642,NA,,
AQ_Sctaeniopterus_TP_2021-06-14_135125,6/18/2025 15:37,,/Users/ally/Documents/johnson lab/parrotfish bites/AQ_Sctaeniopterus_TP_2021-06-14_135125_002.MP4,1275.87,23.98,No focal subject,Bite,Foraging,None|None|None,POINT,1242.643,1242.643,NA,,
AQ_Sctaeniopterus_TP_2021-06-14_135125,6/18/2025 15:37,,/Users/ally/Documents/johnson lab/parrotfish bites/AQ_Sctaeniopterus_TP_2021-06-14_135125_002.MP4,1275.87,23.98,No focal subject,Bite,Foraging,None|None|None,POINT,1247.646,1247.646,NA,,
AQ_Sctaeniopterus_TP_2021-06-14_135125,6/18/2025 15:37,,/Users/ally/Documents/johnson lab/parrotfish bites/AQ_Sctaeniopterus_TP_2021-06-14_135125_002.MP4,1275.87,23.98,No focal subject,Bite,Foraging,None|None|None,POINT,1258.147,1258.147,NA,,
AQ_Sctaeniopterus_TP_2021-06-14_135125,6/18/2025 15:37,,/Users/ally/Documents/johnson lab/parrotfish bites/AQ_Sctaeniopterus_TP_2021-06-14_135125_002.MP4,1275.87,23.98,No focal subject,Bite,Foraging,None|None|None,POINT,1258.896,1258.896,NA,,
AQ_Sctaeniopterus_TP_2021-06-14_135125,6/18/2025 15:37,,/Users/ally/Documents/johnson lab/parrotfish bites/AQ_Sctaeniopterus_TP_2021-06-14_135125_002.MP4,1275.87,23.98,No focal subject,Bite,Foraging,None|None|None,POINT,1262.395,1262.395,NA,,
AQ_Sctaeniopterus_TP_2021-06-14_135125,6/18/2025 15:37,,/Users/ally/Documents/johnson lab/parrotfish bites/AQ_Sctaeniopterus_TP_2021-06-14_135125_002.MP4,1275.87,23.98,No focal subject,Bite,Foraging,None|None|None,POINT,1263.147,1263.147,NA,,
AQ_Sctaeniopterus_TP_2021-06-14_135125,6/18/2025 15:37,,/Users/ally/Documents/johnson lab/parrotfish bites/AQ_Sctaeniopterus_TP_2021-06-14_135125_002.MP4,1275.87,23.98,No focal subject,Bite,Foraging,None|None|None,POINT,1264.647,1264.647,NA,,
AQ_Sctaeniopterus_TP_2021-06-14_135125,6/18/2025 15:37,,/Users/ally/Documents/johnson lab/parrotfish bites/AQ_Sctaeniopterus_TP_2021-06-14_135125_002.MP4,1275.87,23.98,No focal subject,Watch Time,Time Keeping,135114,POINT,1269.145,1269.145,NA,,
