Observation id,Observation date,Description,Media file,Total length,FPS,Subject,Behavior,Behavioral category,Modifiers,Behavior type,Start (s),Stop (s),Duration (s),Comment start,Comment stop
AQ_Sctaeniopterus_TP_2021-06-17_135406,2025-06-28 19:04:07,,/Users/ally/Documents/johnson lab/parrotfish bites/AQ_Sctaeniopterus_TP_2021-06-17_135406_001.MP4,1202.130,23.98,No focal subject,Watch Time,Time Keeping,133400,POINT,1.413,1.413,NA,,
AQ_Sctaeniopterus_TP_2021-06-17_135406,2025-06-28 19:04:07,,/Users/ally/Documents/johnson lab/parrotfish bites/AQ_Sctaeniopterus_TP_2021-06-17_135406_001.MP4,1202.130,23.98,No focal subject,START/STOP,Time Keeping,,STATE,7.913,1197.445,1189.532,,
AQ_Sctaeniopterus_TP_2021-06-17_135406,2025-06-28 19:04:07,,/Users/ally/Documents/johnson lab/parrotfish bites/AQ_Sctaeniopterus_TP_2021-06-17_135406_001.MP4,1202.130,23.98,No focal subject,Bite,Foraging,None|None|None,POINT,8.411,8.411,NA,,
AQ_Sctaeniopterus_TP_2021-06-17_135406,2025-06-28 19:04:07,,/Users/ally/Documents/johnson lab/parrotfish bites/AQ_Sctaeniopterus_TP_2021-06-17_135406_001.MP4,1202.130,23.98,No focal subject,Bite,Foraging,None|None|None,POINT,11.418,11.418,NA,,
AQ_Sctaeniopterus_TP_2021-06-17_135406,2025-06-28 19:04:07,,/Users/ally/Documents/johnson lab/parrotfish bites/AQ_Sctaeniopterus_TP_2021-06-17_135406_001.MP4,1202.130,23.98,No focal subject,Bite,Foraging,None|None|None,POINT,12.917,12.917,NA,,
AQ_Sctaeniopterus_TP_2021-06-17_135406,2025-06-28 19:04:07,,/Users/ally/Documents/johnson lab/parrotfish bites/AQ_Sctaeniopterus_TP_2021-06-17_135406_001.MP4,1202.130,23.98,No focal subject,Bite,Foraging,None|None|None,POINT,13.915,13.915,NA,,
AQ_Sctaeniopterus_TP_2021-06-17_135406,2025-06-28 19:04:07,,/Users/ally/Documents/johnson lab/parrotfish bites/AQ_Sctaeniopterus_TP_2021-06-17_135406_001.MP4,1202.130,23.98,No focal subject,Bite,Foraging,None|None|None,POINT,16.164,16.164,NA,,
AQ_Sctaeniopterus_TP_2021-06-17_135406,2025-06-28 19:04:07,,/Users/ally/Documents/johnson lab/parrotfish bites/AQ_Sctaeniopterus_TP_2021-06-17_135406_001.MP4,1202.130,23.98,No focal subject,Bite,Foraging,None|None|None,POINT,16.915,16.915,NA,,
AQ_Sctaeniopterus_TP_2021-06-17_135406,2025-06-28 19:04:07,,/Users/ally/Documents/johnson lab/parrotfish bites/AQ_Sctaeniopterus_TP_2021-06-17_135406_001.MP4,1202.130,23.98,No focal subject,Bite,Foraging,None|None|None,POINT,18.415,18.415,NA,,
AQ_Sctaeniopterus_TP_2021-06-17_135406,2025-06-28 19:04:07,,/Users/ally/Documents/johnson lab/parrotfish bites/AQ_Sctaeniopterus_TP_2021-06-17_135406_001.MP4,1202.130,23.98,No focal subject,Bite,Foraging,None|None|None,POINT,19.916,19.916,NA,,
AQ_Sctaeniopterus_TP_2021-06-17_135406,2025-06-28 19:04:07,,/Users/ally/Documents/johnson lab/parrotfish bites/AQ_Sctaeniopterus_TP_2021-06-17_135406_001.MP4,1202.130,23.98,No focal subject,Bite,Foraging,None|None|None,POINT,21.916,21.916,NA,,
AQ_Sctaeniopterus_TP_2021-06-17_135406,2025-06-28 19:04:07,,/Users/ally/Documents/johnson lab/parrotfish bites/AQ_Sctaeniopterus_TP_2021-06-17_135406_001.MP4,1202.130,23.98,No focal subject,Bite,Foraging,None|None|None,POINT,22.414,22.414,NA,,
AQ_Sctaeniopterus_TP_2021-06-17_135406,2025-06-28 19:04:07,,/Users/ally/Documents/johnson lab/parrotfish bites/AQ_Sctaeniopterus_TP_2021-06-17_135406_001.MP4,1202.130,23.98,No focal subject,Bite,Foraging,None|None|None,POINT,23.418,23.418,NA,,
AQ_Sctaeniopterus_TP_2021-06-17_135406,2025-06-28 19:04:07,,/Users/ally/Documents/johnson lab/parrotfish bites/AQ_Sctaeniopterus_TP_2021-06-17_135406_001.MP4,1202.130,23.98,No focal subject,Bite,Foraging,None|None|None,POINT,23.917,23.917,NA,,
AQ_Sctaeniopterus_TP_2021-06-17_135406,2025-06-28 19:04:07,,/Users/ally/Documents/johnson lab/parrotfish bites/AQ_Sctaeniopterus_TP_2021-06-17_135406_001.MP4,1202.130,23.98,No focal subject,Bite,Foraging,None|None|None,POINT,24.917,24.917,NA,,
AQ_Sctaeniopterus_TP_2021-06-17_135406,2025-06-28 19:04:07,,/Users/ally/Documents/johnson lab/parrotfish bites/AQ_Sctaeniopterus_TP_2021-06-17_135406_001.MP4,1202.130,23.98,No focal subject,Bite,Foraging,None|None|None,POINT,25.163,25.163,NA,,
AQ_Sctaeniopterus_TP_2021-06-17_135406,2025-06-28 19:04:07,,/Users/ally/Documents/johnson lab/parrotfish bites/AQ_Sctaeniopterus_TP_2021-06-17_135406_001.MP4,1202.130,23.98,No focal subject,Bite,Foraging,None|None|None,POINT,26.417,26.417,NA,,
AQ_Sctaeniopterus_TP_2021-06-17_135406,2025-06-28 19:04:07,,/Users/ally/Documents/johnson lab/parrotfish bites/AQ_Sctaeniopterus_TP_2021-06-17_135406_001.MP4,1202.130,23.98,No focal subject,Bite,Foraging,None|None|None,POINT,26.916,26.916,NA,,
AQ_Sctaeniopterus_TP_2021-06-17_135406,2025-06-28 19:04:07,,/Users/ally/Documents/johnson lab/parrotfish bites/AQ_Sctaeniopterus_TP_2021-06-17_135406_001.MP4,1202.130,23.98,No focal subject,Bite,Foraging,None|None|None,POINT,27.415,27.415,NA,,
AQ_Sctaeniopterus_TP_2021-06-17_135406,2025-06-28 19:04:07,,/Users/ally/Documents/johnson lab/parrotfish bites/AQ_Sctaeniopterus_TP_2021-06-17_135406_001.MP4,1202.130,23.98,No focal subject,Bite,Foraging,None|None|None,POINT,28.416,28.416,NA,,
AQ_Sctaeniopterus_TP_2021-06-17_135406,2025-06-28 19:04:07,,/Users/ally/Documents/johnson lab/parrotfish bites/AQ_Sctaeniopterus_TP_2021-06-17_135406_001.MP4,1202.130,23.98,No focal subject,Bite,Foraging,None|None|None,POINT,29.416,29.416,NA,,
AQ_Sctaeniopterus_TP_2021-06-17_135406,2025-06-28 19:04:07,,/Users/ally/Documents/johnson lab/parrotfish bites/AQ_Sctaeniopterus_TP_2021-06-17_135406_001.MP4,1202.130,23.98,No focal subject,Bite,Foraging,None|None|None,POINT,31.163,31.163,NA,,
AQ_Sctaeniopterus_TP_2021-06-17_135406,2025-06-28 19:04:07,,/Users/ally/Documents/johnson lab/parrotfish bites/AQ_Sctaeniopterus_TP_2021-06-17_135406_001.MP4,1202.130,23.98,No focal subject,Bite,Foraging,None|None|None,POINT,33.916,33.916,NA,,
AQ_Sctaeniopterus_TP_2021-06-17_135406,2025-06-28 19:04:07,,/Users/ally/Documents/johnson lab/parrotfish bites/AQ_Sctaeniopterus_TP_2021-06-17_135406_001.MP4,1202.130,23.98,No focal subject,Bite,Foraging,None|None|None,POINT,34.918,34.918,NA,,
AQ_Sctaeniopterus_TP_2021-06-17_135406,2025-06-28 19:04:07,,/Users/ally/Documents/johnson lab/parrotfish bites/AQ_Sctaeniopterus_TP_2021-06-17_135406_001.MP4,1202.130,23.98,No focal subject,Bite,Foraging,None|None|None,POINT,37.418,37.418,NA,,
AQ_Sctaeniopterus_TP_2021-06-17_135406,2025-06-28 19:04:07,,/Users/ally/Documents/johnson lab/parrotfish bites/AQ_Sctaeniopterus_TP_2021-06-17_135406_001.MP4,1202.130,23.98,No focal subject,Bite,Foraging,None|None|None,POINT,38.914,38.914,NA,,
AQ_Sctaeniopterus_TP_2021-06-17_135406,2025-06-28 19:04:07,,/Users/ally/Documents/johnson lab/parrotfish bites/AQ_Sctaeniopterus_TP_2021-06-17_135406_001.MP4,1202.130,23.98,No focal subject,Bite,Foraging,None|None|None,POINT,40.415,40.415,NA,,
AQ_Sctaeniopterus_TP_2021-06-17_135406,2025-06-28 19:04:07,,/Users/ally/Documents/johnson lab/parrotfish bites/AQ_Sctaeniopterus_TP_2021-06-17_135406_001.MP4,1202.130,23.98,No focal subject,Bite,Foraging,None|None|None,POINT,41.412,41.412,NA,,
AQ_Sctaeniopterus_TP_2021-06-17_135406,2025-06-28 19:04:07,,/Users/ally/Documents/johnson lab/parrotfish bites/AQ_Sctaeniopterus_TP_2021-06-17_135406_001.MP4,1202.130,23.98,No focal subject,Bite,Foraging,None|None|None,POINT,87.915,87.915,NA,,
AQ_Sctaeniopterus_TP_2021-06-17_135406,2025-06-28 19:04:07,,/Users/ally/Documents/johnson lab/parrotfish bites/AQ_Sctaeniopterus_TP_2021-06-17_135406_001.MP4,1202.130,23.98,No focal subject,Bite,Foraging,None|None|None,POINT,88.915,88.915,NA,,
AQ_Sctaeniopterus_TP_2021-06-17_135406,2025-06-28 19:04:07,,/Users/ally/Documents/johnson lab/parrotfish bites/AQ_Sctaeniopterus_TP_2021-06-17_135406_001.MP4,1202.130,23.98,No focal subject,Bite,Foraging,None|None|None,POINT,89.414,89.414,NA,,
AQ_Sctaeniopterus_TP_2021-06-17_135406,2025-06-28 19:04:07,,/Users/ally/Documents/johnson lab/parrotfish bites/AQ_Sctaeniopterus_TP_2021-06-17_135406_001.MP4,1202.130,23.98,No focal subject,Bite,Foraging,None|None|None,POINT,91.416,91.416,NA,,
AQ_Sctaeniopterus_TP_2021-06-17_135406,2025-06-28 19:04:07,,/Users/ally/Documents/johnson lab/parrotfish bites/AQ_Sctaeniopterus_TP_2021-06-17_135406_001.MP4,1202.130,23.98,No focal subject,Bite,Foraging,None|None|None,POINT,91.916,91.916,NA,,
AQ_Sctaeniopterus_TP_2021-06-17_135406,2025-06-28 19:04:07,,/Users/ally/Documents/johnson lab/parrotfish bites/AQ_Sctaeniopterus_TP_2021-06-17_135406_001.MP4,1202.130,23.98,No focal subject,Bite,Foraging,None|None|None,POINT,95.915,95.915,NA,,
AQ_Sctaeniopterus_TP_2021-06-17_135406,2025-06-28 19:04:07,,/Users/ally/Documents/johnson lab/parrotfish bites/AQ_Sctaeniopterus_TP_2021-06-17_135406_001.MP4,1202.130,23.98,No focal subject,Bite,Foraging,None|None|None,POINT,96.914,96.914,NA,,
AQ_Sctaeniopterus_TP_2021-06-17_135406,2025-06-28 19:04:07,,/Users/ally/Documents/johnson lab/parrotfish bites/AQ_Sctaeniopterus_TP_2021-06-17_135406_001.MP4,1202.130,23.98,No focal subject,Bite,Foraging,None|None|None,POINT,98.162,98.162,NA,,
AQ_Sctaeniopterus_TP_2021-06-17_135406,2025-06-28 19:04:07,,/Users/ally/Documents/johnson lab/parrotfish bites/AQ_Sctaeniopterus_TP_2021-06-17_135406_001.MP4,1202.130,23.98,No focal subject,Bite,Foraging,None|None|None,POINT,99.415,99.415,NA,,
AQ_Sctaeniopterus_TP_2021-06-17_135406,2025-06-28 19:04:07,,/Users/ally/Documents/johnson lab/parrotfish bites/AQ_Sctaeniopterus_TP_2021-06-17_135406_001.MP4,1202.130,23.98,No focal subject,Bite,Foraging,None|None|None,POINT,100.415,100.415,NA,,
AQ_Sctaeniopterus_TP_2021-06-17_135406,2025-06-28 19:04:07,,/Users/ally/Documents/johnson lab/parrotfish bites/AQ_Sctaeniopterus_TP_2021-06-17_135406_001.MP4,1202.130,23.98,No focal subject,Bite,Foraging,None|None|None,POINT,101.414,101.414,NA,,
AQ_Sctaeniopterus_TP_2021-06-17_135406,2025-06-28 19:04:07,,/Users/ally/Documents/johnson lab/parrotfish bites/AQ_Sctaeniopterus_TP_2021-06-17_135406_001.MP4,1202.130,23.98,No focal subject,Bite,Foraging,None|None|None,POINT,116.916,116.916,NA,,
AQ_Sctaeniopterus_TP_2021-06-17_135406,2025-06-28 19:04:07,,/Users/ally/Documents/johnson lab/parrotfish bites/AQ_Sctaeniopterus_TP_2021-06-17_135406_001.MP4,1202.130,23.98,No focal subject,Bite,Foraging,None|None|None,POINT,117.915,117.915,NA,,
AQ_Sctaeniopterus_TP_2021-06-17_135406,2025-06-28 19:04:07,,/Users/ally/Documents/johnson lab/parrotfish bites/AQ_Sctaeniopterus_TP_2021-06-17_135406_001.MP4,1202.130,23.98,No focal subject,Bite,Foraging,None|None|None,POINT,118.917,118.917,NA,,
AQ_Sctaeniopterus_TP_2021-06-17_135406,2025-06-28 19:04:07,,/Users/ally/Documents/johnson lab/parrotfish bites/AQ_Sctaeniopterus_TP_2021-06-17_135406_001.MP4,1202.130,23.98,No focal subject,Bite,Foraging,None|None|None,POINT,120.415,120.415,NA,,
AQ_Sctaeniopterus_TP_2021-06-17_135406,2025-06-28 19:04:07,,/Users/ally/Documents/johnson lab/parrotfish bites/AQ_Sctaeniopterus_TP_2021-06-17_135406_001.MP4,1202.130,23.98,No focal subject,Bite,Foraging,None|None|None,POINT,121.415,121.415,NA,,
AQ_Sctaeniopterus_TP_2021-06-17_135406,2025-06-28 19:04:07,,/Users/ally/Documents/johnson lab/parrotfish bites/AQ_Sctaeniopterus_TP_2021-06-17_135406_001.MP4,1202.130,23.98,No focal subject,Bite,Foraging,None|None|None,POINT,122.416,122.416,NA,,
AQ_Sctaeniopterus_TP_2021-06-17_135406,2025-06-28 19:04:07,,/Users/ally/Documents/johnson lab/parrotfish bites/AQ_Sctaeniopterus_TP_2021-06-17_135406_001.MP4,1202.130,23.98,No focal subject,Bite,Foraging,None|None|None,POINT,125.413,125.413,NA,,
AQ_Sctaeniopterus_TP_2021-06-17_135406,2025-06-28 19:04:07,,/Users/ally/Documents/johnson lab/parrotfish bites/AQ_Sctaeniopterus_TP_2021-06-17_135406_001.MP4,1202.130,23.98,No focal subject,Bite,Foraging,None|None|None,POINT,127.417,127.417,NA,,
AQ_Sctaeniopterus_TP_2021-06-17_135406,2025-06-28 19:04:07,,/Users/ally/Documents/johnson lab/parrotfish bites/AQ_Sctaeniopterus_TP_2021-06-17_135406_001.MP4,1202.130,23.98,No focal subject,Bite,Foraging,None|None|None,POINT,129.417,129.417,NA,,
AQ_Sctaeniopterus_TP_2021-06-17_135406,2025-06-28 19:04:07,,/Users/ally/Documents/johnson lab/parrotfish bites/AQ_Sctaeniopterus_TP_2021-06-17_135406_001.MP4,1202.130,23.98,No focal subject,Bite,Foraging,None|None|None,POINT,129.915,129.915,NA,,
AQ_Sctaeniopterus_TP_2021-06-17_135406,2025-06-28 19:04:07,,/Users/ally/Documents/johnson lab/parrotfish bites/AQ_Sctaeniopterus_TP_2021-06-17_135406_001.MP4,1202.130,23.98,No focal subject,Bite,Foraging,None|None|None,POINT,130.915,130.915,NA,,
AQ_Sctaeniopterus_TP_2021-06-17_135406,2025-06-28 19:04:07,,/Users/ally/Documents/johnson lab/parrotfish bites/AQ_Sctaeniopterus_TP_2021-06-17_135406_001.MP4,1202.130,23.98,No focal subject,Bite,Foraging,None|None|None,POINT,131.415,131.415,NA,,
AQ_Sctaeniopterus_TP_2021-06-17_135406,2025-06-28 19:04:07,,/Users/ally/Documents/johnson lab/parrotfish bites/AQ_Sctaeniopterus_TP_2021-06-17_135406_001.MP4,1202.130,23.98,No focal subject,Bite,Foraging,None|None|None,POINT,132.915,132.915,NA,,
AQ_Sctaeniopterus_TP_2021-06-17_135406,2025-06-28 19:04:07,,/Users/ally/Documents/johnson lab/parrotfish bites/AQ_Sctaeniopterus_TP_2021-06-17_135406_001.MP4,1202.130,23.98,No focal subject,Bite,Foraging,None|None|None,POINT,137.416,137.416,NA,,
AQ_Sctaeniopterus_TP_2021-06-17_135406,2025-06-28 19:04:07,,/Users/ally/Documents/johnson lab/parrotfish bites/AQ_Sctaeniopterus_TP_2021-06-17_135406_001.MP4,1202.130,23.98,No focal subject,Bite,Foraging,None|None|None,POINT,138.416,138.416,NA,,
AQ_Sctaeniopterus_TP_2021-06-17_135406,2025-06-28 19:04:07,,/Users/ally/Documents/johnson lab/parrotfish bites/AQ_Sctaeniopterus_TP_2021-06-17_135406_001.MP4,1202.130,23.98,No focal subject,Bite,Foraging,None|None|None,POINT,150.418,150.418,NA,,
AQ_Sctaeniopterus_TP_2021-06-17_135406,2025-06-28 19:04:07,,/Users/ally/Documents/johnson lab/parrotfish bites/AQ_Sctaeniopterus_TP_2021-06-17_135406_001.MP4,1202.130,23.98,No focal subject,Bite,Foraging,None|None|None,POINT,151.416,151.416,NA,,
AQ_Sctaeniopterus_TP_2021-06-17_135406,2025-06-28 19:04:07,,/Users/ally/Documents/johnson lab/parrotfish bites/AQ_Sctaeniopterus_TP_2021-06-17_135406_001.MP4,1202.130,23.98,No focal subject,Bite,Foraging,None|None|None,POINT,152.417,152.417,NA,,
AQ_Sctaeniopterus_TP_2021-06-17_135406,2025-06-28 19:04:07,,/Users/ally/Documents/johnson lab/parrotfish bites/AQ_Sctaeniopterus_TP_2021-06-17_135406_001.MP4,1202.130,23.98,No focal subject,Bite,Foraging,None|None|None,POINT,156.912,156.912,NA,,
AQ_Sctaeniopterus_TP_2021-06-17_135406,2025-06-28 19:04:07,,/Users/ally/Documents/johnson lab/parrotfish bites/AQ_Sctaeniopterus_TP_2021-06-17_135406_001.MP4,1202.130,23.98,No focal subject,Bite,Foraging,None|None|None,POINT,163.417,163.417,NA,,
AQ_Sctaeniopterus_TP_2021-06-17_135406,2025-06-28 19:04:07,,/Users/ally/Documents/johnson lab/parrotfish bites/AQ_Sctaeniopterus_TP_2021-06-17_135406_001.MP4,1202.130,23.98,No focal subject,Bite,Foraging,None|None|None,POINT,164.415,164.415,NA,,
AQ_Sctaeniopterus_TP_2021-06-17_135406,2025-06-28 19:04:07,,/Users/ally/Documents/johnson lab/parrotfish bites/AQ_Sctaeniopterus_TP_2021-06-17_135406_001.MP4,1202.130,23.98,No focal subject,Bite,Foraging,None|None|None,POINT,165.913,165.913,NA,,
AQ_Sctaeniopterus_TP_2021-06-17_135406,2025-06-28 19:04:07,,/Users/ally/Documents/johnson lab/parrotfish bites/AQ_Sctaeniopterus_TP_2021-06-17_135406_001.MP4,1202.130,23.98,No focal subject,Bite,Foraging,None|None|None,POINT,168.418,168.418,NA,,
AQ_Sctaeniopterus_TP_2021-06-17_135406,2025-06-28 19:04:07,,/Users/ally/Documents/johnson lab/parrotfish bites/AQ_Sctaeniopterus_TP_2021-06-17_135406_001.MP4,1202.130,23.98,No focal subject,Bite,Foraging,None|None|None,POINT,169.915,169.915,NA,,
AQ_Sctaeniopterus_TP_2021-06-17_135406,2025-06-28 19:04:07,,/Users/ally/Documents/johnson lab/parrotfish bites/AQ_Sctaeniopterus_TP_2021-06-17_135406_001.MP4,1202.130,23.98,No focal subject,Bite,Foraging,None|None|None,POINT,170.916,170.916,NA,,
AQ_Sctaeniopterus_TP_2021-06-17_135406,2025-06-28 19:04:07,,/Users/ally/Documents/johnson lab/parrotfish bites/AQ_Sctaeniopterus_TP_2021-06-17_135406_001.MP4,1202.130,23.98,No focal subject,Bite,Foraging,None|None|None,POINT,171.915,171.915,NA,,
AQ_Sctaeniopterus_TP_2021-06-17_135406,2025-06-28 19:04:07,,/Users/ally/Documents/johnson lab/parrotfish bites/AQ_Sctaeniopterus_TP_2021-06-17_135406_001.MP4,1202.130,23.98,No focal subject,Bite,Foraging,None|None|None,POINT,175.165,175.165,NA,,
AQ_Sctaeniopterus_TP_2021-06-17_135406,2025-06-28 19:04:07,,/Users/ally/Documents/johnson lab/parrotfish bites/AQ_Sctaeniopterus_TP_2021-06-17_135406_001.MP4,1202.130,23.98,No focal subject,Bite,Foraging,None|None|None,POINT,175.916,175.916,NA,,
AQ_Sctaeniopterus_TP_2021-06-17_135406,2025-06-28 19:04:07,,/Users/ally/Documents/johnson lab/parrotfish bites/AQ_Sctaeniopterus_TP_2021-06-17_135406_001.MP4,1202.130,23.98,No focal subject,Bite,Foraging,None|None|None,POINT,177.916,177.916,NA,,
AQ_Sctaeniopterus_TP_2021-06-17_135406,2025-06-28 19:04:07,,/Users/ally/Documents/johnson lab/parrotfish bites/AQ_Sctaeniopterus_TP_2021-06-17_135406_001.MP4,1202.130,23.98,No focal subject,Bite,Foraging,None|None|None,POINT,178.917,178.917,NA,,
AQ_Sctaeniopterus_TP_2021-06-17_135406,2025-06-28 19:04:07,,/Users/ally/Documents/johnson lab/parrotfish bites/AQ_Sctaeniopterus_TP_2021-06-17_135406_001.MP4,1202.130,23.98,No focal subject,Bite,Foraging,None|None|None,POINT,180.413,180.413,NA,,
AQ_Sctaeniopterus_TP_2021-06-17_135406,2025-06-28 19:04:07,,/Users/ally/Documents/johnson lab/parrotfish bites/AQ_Sctaeniopterus_TP_2021-06-17_135406_001.MP4,1202.130,23.98,No focal subject,Bite,Foraging,None|None|None,POINT,180.916,180.916,NA,,
AQ_Sctaeniopterus_TP_2021-06-17_135406,2025-06-28 19:04:07,,/Users/ally/Documents/johnson lab/parrotfish bites/AQ_Sctaeniopterus_TP_2021-06-17_135406_001.MP4,1202.130,23.98,No focal subject,Bite,Foraging,None|None|None,POINT,181.416,181.416,NA,,
AQ_Sctaeniopterus_TP_2021-06-17_135406,2025-06-28 19:04:07,,/Users/ally/Documents/johnson lab/parrotfish bites/AQ_Sctaeniopterus_TP_2021-06-17_135406_001.MP4,1202.130,23.98,No focal subject,Bite,Foraging,None|None|None,POINT,182.413,182.413,NA,,
AQ_Sctaeniopterus_TP_2021-06-17_135406,2025-06-28 19:04:07,,/Users/ally/Documents/johnson lab/parrotfish bites/AQ_Sctaeniopterus_TP_2021-06-17_135406_001.MP4,1202.130,23.98,No focal subject,Bite,Foraging,None|None|None,POINT,183.917,183.917,NA,,
AQ_Sctaeniopterus_TP_2021-06-17_135406,2025-06-28 19:04:07,,/Users/ally/Documents/johnson lab/parrotfish bites/AQ_Sctaeniopterus_TP_2021-06-17_135406_001.MP4,1202.130,23.98,No focal subject,Bite,Foraging,None|None|None,POINT,184.916,184.916,NA,,
AQ_Sctaeniopterus_TP_2021-06-17_135406,2025-06-28 19:04:07,,/Users/ally/Documents/johnson lab/parrotfish bites/AQ_Sctaeniopterus_TP_2021-06-17_135406_001.MP4,1202.130,23.98,No focal subject,Bite,Foraging,None|None|None,POINT,185.915,185.915,NA,,
AQ_Sctaeniopterus_TP_2021-06-17_135406,2025-06-28 19:04:07,,/Users/ally/Documents/johnson lab/parrotfish bites/AQ_Sctaeniopterus_TP_2021-06-17_135406_001.MP4,1202.130,23.98,No focal subject,Bite,Foraging,None|None|None,POINT,187.416,187.416,NA,,
AQ_Sctaeniopterus_TP_2021-06-17_135406,2025-06-28 19:04:07,,/Users/ally/Documents/johnson lab/parrotfish bites/AQ_Sctaeniopterus_TP_2021-06-17_135406_001.MP4,1202.130,23.98,No focal subject,Bite,Foraging,None|None|None,POINT,191.415,191.415,NA,,
AQ_Sctaeniopterus_TP_2021-06-17_135406,2025-06-28 19:04:07,,/Users/ally/Documents/johnson lab/parrotfish bites/AQ_Sctaeniopterus_TP_2021-06-17_135406_001.MP4,1202.130,23.98,No focal subject,Bite,Foraging,None|None|None,POINT,192.662,192.662,NA,,
AQ_Sctaeniopterus_TP_2021-06-17_135406,2025-06-28 19:04:07,,/Users/ally/Documents/johnson lab/parrotfish bites/AQ_Sctaeniopterus_TP_2021-06-17_135406_001.MP4,1202.130,23.98,No focal subject,Bite,Foraging,None|None|None,POINT,195.164,195.164,NA,,
AQ_Sctaeniopterus_TP_2021-06-17_135406,2025-06-28 19:04:07,,/Users/ally/Documents/johnson lab/parrotfish bites/AQ_Sctaeniopterus_TP_2021-06-17_135406_001.MP4,1202.130,23.98,No focal subject,Bite,Foraging,None|None|None,POINT,201.918,201.918,NA,,
AQ_Sctaeniopterus_TP_2021-06-17_135406,2025-06-28 19:04:07,,/Users/ally/Documents/johnson lab/parrotfish bites/AQ_Sctaeniopterus_TP_2021-06-17_135406_001.MP4,1202.130,23.98,No focal subject,Bite,Foraging,None|None|None,POINT,204.418,204.418,NA,,
AQ_Sctaeniopterus_TP_2021-06-17_135406,2025-06-28 19:04:07,,/Users/ally/Documents/johnson lab/parrotfish bites/AQ_Sctaeniopterus_TP_2021-06-17_135406_001.MP4,1202.130,23.98,No focal subject,Bite,Foraging,None|None|None,POINT,206.417,206.417,NA,,
AQ_Sctaeniopterus_TP_2021-06-17_135406,2025-06-28 19:04:07,,/Users/ally/Documents/johnson lab/parrotfish bites/AQ_Sctaeniopterus_TP_2021-06-17_135406_001.MP4,1202.130,23.98,No focal subject,Bite,Foraging,None|None|None,POINT,207.917,207.917,NA,,
AQ_Sctaeniopterus_TP_2021-06-17_135406,2025-06-28 19:04:07,,/Users/ally/Documents/johnson lab/parrotfish bites/AQ_Sctaeniopterus_TP_2021-06-17_135406_001.MP4,1202.130,23.98,No focal subject,Bite,Foraging,None|None|None,POINT,208.916,208.916,NA,,
AQ_Sctaeniopterus_TP_2021-06-17_135406,2025-06-28 19:04:07,,/Users/ally/Documents/johnson lab/parrotfish bites/AQ_Sctaeniopterus_TP_2021-06-17_135406_001.MP4,1202.130,23.98,No focal subject,Bite,Foraging,None|None|None,POINT,209.917,209.917,NA,,
AQ_Sctaeniopterus_TP_2021-06-17_135406,2025-06-28 19:04:07,,/Users/ally/Documents/johnson lab/parrotfish bites/AQ_Sctaeniopterus_TP_2021-06-17_135406_001.MP4,1202.130,23.98,No focal subject,Bite,Foraging,None|None|None,POINT,210.919,210.919,NA,,
AQ_Sctaeniopterus_TP_2021-06-17_135406,2025-06-28 19:04:07,,/Users/ally/Documents/johnson lab/parrotfish bites/AQ_Sctaeniopterus_TP_2021-06-17_135406_001.MP4,1202.130,23.98,No focal subject,Bite,Foraging,None|None|None,POINT,212.417,212.417,NA,,
AQ_Sctaeniopterus_TP_2021-06-17_135406,2025-06-28 19:04:07,,/Users/ally/Documents/johnson lab/parrotfish bites/AQ_Sctaeniopterus_TP_2021-06-17_135406_001.MP4,1202.130,23.98,No focal subject,Bite,Foraging,None|None|None,POINT,214.420,214.420,NA,,
AQ_Sctaeniopterus_TP_2021-06-17_135406,2025-06-28 19:04:07,,/Users/ally/Documents/johnson lab/parrotfish bites/AQ_Sctaeniopterus_TP_2021-06-17_135406_001.MP4,1202.130,23.98,No focal subject,Bite,Foraging,None|None|None,POINT,215.417,215.417,NA,,
AQ_Sctaeniopterus_TP_2021-06-17_135406,2025-06-28 19:04:07,,/Users/ally/Documents/johnson lab/parrotfish bites/AQ_Sctaeniopterus_TP_2021-06-17_135406_001.MP4,1202.130,23.98,No focal subject,Bite,Foraging,None|None|None,POINT,216.417,216.417,NA,,
AQ_Sctaeniopterus_TP_2021-06-17_135406,2025-06-28 19:04:07,,/Users/ally/Documents/johnson lab/parrotfish bites/AQ_Sctaeniopterus_TP_2021-06-17_135406_001.MP4,1202.130,23.98,No focal subject,Bite,Foraging,Feces|None|None,POINT,256.910,256.910,NA,,
AQ_Sctaeniopterus_TP_2021-06-17_135406,2025-06-28 19:04:07,,/Users/ally/Documents/johnson lab/parrotfish bites/AQ_Sctaeniopterus_TP_2021-06-17_135406_001.MP4,1202.130,23.98,No focal subject,Bite,Foraging,None|None|None,POINT,264.662,264.662,NA,,
AQ_Sctaeniopterus_TP_2021-06-17_135406,2025-06-28 19:04:07,,/Users/ally/Documents/johnson lab/parrotfish bites/AQ_Sctaeniopterus_TP_2021-06-17_135406_001.MP4,1202.130,23.98,No focal subject,Bite,Foraging,None|None|None,POINT,265.160,265.160,NA,,
AQ_Sctaeniopterus_TP_2021-06-17_135406,2025-06-28 19:04:07,,/Users/ally/Documents/johnson lab/parrotfish bites/AQ_Sctaeniopterus_TP_2021-06-17_135406_001.MP4,1202.130,23.98,No focal subject,Bite,Foraging,None|None|None,POINT,266.160,266.160,NA,,
AQ_Sctaeniopterus_TP_2021-06-17_135406,2025-06-28 19:04:07,,/Users/ally/Documents/johnson lab/parrotfish bites/AQ_Sctaeniopterus_TP_2021-06-17_135406_001.MP4,1202.130,23.98,No focal subject,Bite,Foraging,None|None|None,POINT,267.660,267.660,NA,,
AQ_Sctaeniopterus_TP_2021-06-17_135406,2025-06-28 19:04:07,,/Users/ally/Documents/johnson lab/parrotfish bites/AQ_Sctaeniopterus_TP_2021-06-17_135406_001.MP4,1202.130,23.98,No focal subject,Bite,Foraging,None|None|None,POINT,268.159,268.159,NA,,
AQ_Sctaeniopterus_TP_2021-06-17_135406,2025-06-28 19:04:07,,/Users/ally/Documents/johnson lab/parrotfish bites/AQ_Sctaeniopterus_TP_2021-06-17_135406_001.MP4,1202.130,23.98,No focal subject,Bite,Foraging,None|None|None,POINT,269.162,269.162,NA,,
AQ_Sctaeniopterus_TP_2021-06-17_135406,2025-06-28 19:04:07,,/Users/ally/Documents/johnson lab/parrotfish bites/AQ_Sctaeniopterus_TP_2021-06-17_135406_001.MP4,1202.130,23.98,No focal subject,Bite,Foraging,None|None|None,POINT,270.160,270.160,NA,,
AQ_Sctaeniopterus_TP_2021-06-17_135406,2025-06-28 19:04:07,,/Users/ally/Documents/johnson lab/parrotfish bites/AQ_Sctaeniopterus_TP_2021-06-17_135406_001.MP4,1202.130,23.98,No focal subject,Bite,Foraging,None|None|None,POINT,270.660,270.660,NA,,
AQ_Sctaeniopterus_TP_2021-06-17_135406,2025-06-28 19:04:07,,/Users/ally/Documents/johnson lab/parrotfish bites/AQ_Sctaeniopterus_TP_2021-06-17_135406_001.MP4,1202.130,23.98,No focal subject,Bite,Foraging,None|None|None,POINT,272.160,272.160,NA,,
AQ_Sctaeniopterus_TP_2021-06-17_135406,2025-06-28 19:04:07,,/Users/ally/Documents/johnson lab/parrotfish bites/AQ_Sctaeniopterus_TP_2021-06-17_135406_001.MP4,1202.130,23.98,No focal subject,Bite,Foraging,None|None|None,POINT,272.910,272.910,NA,,
AQ_Sctaeniopterus_TP_2021-06-17_135406,2025-06-28 19:04:07,,/Users/ally/Documents/johnson lab/parrotfish bites/AQ_Sctaeniopterus_TP_2021-06-17_135406_001.MP4,1202.130,23.98,No focal subject,Bite,Foraging,None|None|None,POINT,274.662,274.662,NA,,
AQ_Sctaeniopterus_TP_2021-06-17_135406,2025-06-28 19:04:07,,/Users/ally/Documents/johnson lab/parrotfish bites/AQ_Sctaeniopterus_TP_2021-06-17_135406_001.MP4,1202.130,23.98,No focal subject,Bite,Foraging,None|None|None,POINT,275.659,275.659,NA,,
AQ_Sctaeniopterus_TP_2021-06-17_135406,2025-06-28 19:04:07,,/Users/ally/Documents/johnson lab/parrotfish bites/AQ_Sctaeniopterus_TP_2021-06-17_135406_001.MP4,1202.130,23.98,No focal subject,Bite,Foraging,None|None|None,POINT,277.160,277.160,NA,,
AQ_Sctaeniopterus_TP_2021-06-17_135406,2025-06-28 19:04:07,,/Users/ally/Documents/johnson lab/parrotfish bites/AQ_Sctaeniopterus_TP_2021-06-17_135406_001.MP4,1202.130,23.98,No focal subject,Bite,Foraging,None|None|None,POINT,278.662,278.662,NA,,
AQ_Sctaeniopterus_TP_2021-06-17_135406,2025-06-28 19:04:07,,/Users/ally/Documents/johnson lab/parrotfish bites/AQ_Sctaeniopterus_TP_2021-06-17_135406_001.MP4,1202.130,23.98,No focal subject,Bite,Foraging,None|None|None,POINT,279.161,279.161,NA,,
AQ_Sctaeniopterus_TP_2021-06-17_135406,2025-06-28 19:04:07,,/Users/ally/Documents/johnson lab/parrotfish bites/AQ_Sctaeniopterus_TP_2021-06-17_135406_001.MP4,1202.130,23.98,No focal subject,Bite,Foraging,None|None|None,POINT,280.410,280.410,NA,,
AQ_Sctaeniopterus_TP_2021-06-17_135406,2025-06-28 19:04:07,,/Users/ally/Documents/johnson lab/parrotfish bites/AQ_Sctaeniopterus_TP_2021-06-17_135406_001.MP4,1202.130,23.98,No focal subject,Bite,Foraging,None|None|None,POINT,281.160,281.160,NA,,
AQ_Sctaeniopterus_TP_2021-06-17_135406,2025-06-28 19:04:07,,/Users/ally/Documents/johnson lab/parrotfish bites/AQ_Sctaeniopterus_TP_2021-06-17_135406_001.MP4,1202.130,23.98,No focal subject,Bite,Foraging,None|None|None,POINT,281.661,281.661,NA,,
AQ_Sctaeniopterus_TP_2021-06-17_135406,2025-06-28 19:04:07,,/Users/ally/Documents/johnson lab/parrotfish bites/AQ_Sctaeniopterus_TP_2021-06-17_135406_001.MP4,1202.130,23.98,No focal subject,Bite,Foraging,None|None|None,POINT,283.164,283.164,NA,,
AQ_Sctaeniopterus_TP_2021-06-17_135406,2025-06-28 19:04:07,,/Users/ally/Documents/johnson lab/parrotfish bites/AQ_Sctaeniopterus_TP_2021-06-17_135406_001.MP4,1202.130,23.98,No focal subject,Bite,Foraging,None|None|None,POINT,284.158,284.158,NA,,
AQ_Sctaeniopterus_TP_2021-06-17_135406,2025-06-28 19:04:07,,/Users/ally/Documents/johnson lab/parrotfish bites/AQ_Sctaeniopterus_TP_2021-06-17_135406_001.MP4,1202.130,23.98,No focal subject,Bite,Foraging,None|None|None,POINT,294.162,294.162,NA,,
AQ_Sctaeniopterus_TP_2021-06-17_135406,2025-06-28 19:04:07,,/Users/ally/Documents/johnson lab/parrotfish bites/AQ_Sctaeniopterus_TP_2021-06-17_135406_001.MP4,1202.130,23.98,No focal subject,Bite,Foraging,None|None|None,POINT,310.162,310.162,NA,,
AQ_Sctaeniopterus_TP_2021-06-17_135406,2025-06-28 19:04:07,,/Users/ally/Documents/johnson lab/parrotfish bites/AQ_Sctaeniopterus_TP_2021-06-17_135406_001.MP4,1202.130,23.98,No focal subject,Bite,Foraging,None|None|None,POINT,313.161,313.161,NA,,
AQ_Sctaeniopterus_TP_2021-06-17_135406,2025-06-28 19:04:07,,/Users/ally/Documents/johnson lab/parrotfish bites/AQ_Sctaeniopterus_TP_2021-06-17_135406_001.MP4,1202.130,23.98,No focal subject,Bite,Foraging,None|None|None,POINT,314.661,314.661,NA,,
AQ_Sctaeniopterus_TP_2021-06-17_135406,2025-06-28 19:04:07,,/Users/ally/Documents/johnson lab/parrotfish bites/AQ_Sctaeniopterus_TP_2021-06-17_135406_001.MP4,1202.130,23.98,No focal subject,Bite,Foraging,None|None|None,POINT,315.660,315.660,NA,,
AQ_Sctaeniopterus_TP_2021-06-17_135406,2025-06-28 19:04:07,,/Users/ally/Documents/johnson lab/parrotfish bites/AQ_Sctaeniopterus_TP_2021-06-17_135406_001.MP4,1202.130,23.98,No focal subject,Bite,Foraging,None|None|None,POINT,316.408,316.408,NA,,
AQ_Sctaeniopterus_TP_2021-06-17_135406,2025-06-28 19:04:07,,/Users/ally/Documents/johnson lab/parrotfish bites/AQ_Sctaeniopterus_TP_2021-06-17_135406_001.MP4,1202.130,23.98,No focal subject,Bite,Foraging,None|None|None,POINT,317.662,317.662,NA,,
AQ_Sctaeniopterus_TP_2021-06-17_135406,2025-06-28 19:04:07,,/Users/ally/Documents/johnson lab/parrotfish bites/AQ_Sctaeniopterus_TP_2021-06-17_135406_001.MP4,1202.130,23.98,No focal subject,Bite,Foraging,None|None|None,POINT,319.158,319.158,NA,,
AQ_Sctaeniopterus_TP_2021-06-17_135406,2025-06-28 19:04:07,,/Users/ally/Documents/johnson lab/parrotfish bites/AQ_Sctaeniopterus_TP_2021-06-17_135406_001.MP4,1202.130,23.98,No focal subject,Bite,Foraging,None|None|None,POINT,320.157,320.157,NA,,
AQ_Sctaeniopterus_TP_2021-06-17_135406,2025-06-28 19:04:07,,/Users/ally/Documents/johnson lab/parrotfish bites/AQ_Sctaeniopterus_TP_2021-06-17_135406_001.MP4,1202.130,23.98,No focal subject,Bite,Foraging,None|None|None,POINT,320.660,320.660,NA,,
AQ_Sctaeniopterus_TP_2021-06-17_135406,2025-06-28 19:04:07,,/Users/ally/Documents/johnson lab/parrotfish bites/AQ_Sctaeniopterus_TP_2021-06-17_135406_001.MP4,1202.130,23.98,No focal subject,Bite,Foraging,None|None|None,POINT,321.662,321.662,NA,,
AQ_Sctaeniopterus_TP_2021-06-17_135406,2025-06-28 19:04:07,,/Users/ally/Documents/johnson lab/parrotfish bites/AQ_Sctaeniopterus_TP_2021-06-17_135406_001.MP4,1202.130,23.98,No focal subject,Bite,Foraging,None|None|None,POINT,322.161,322.161,NA,,
AQ_Sctaeniopterus_TP_2021-06-17_135406,2025-06-28 19:04:07,,/Users/ally/Documents/johnson lab/parrotfish bites/AQ_Sctaeniopterus_TP_2021-06-17_135406_001.MP4,1202.130,23.98,No focal subject,Bite,Foraging,None|None|None,POINT,339.908,339.908,NA,,
AQ_Sctaeniopterus_TP_2021-06-17_135406,2025-06-28 19:04:07,,/Users/ally/Documents/johnson lab/parrotfish bites/AQ_Sctaeniopterus_TP_2021-06-17_135406_001.MP4,1202.130,23.98,No focal subject,Bite,Foraging,None|None|None,POINT,341.158,341.158,NA,,
AQ_Sctaeniopterus_TP_2021-06-17_135406,2025-06-28 19:04:07,,/Users/ally/Documents/johnson lab/parrotfish bites/AQ_Sctaeniopterus_TP_2021-06-17_135406_001.MP4,1202.130,23.98,No focal subject,Bite,Foraging,None|None|None,POINT,341.660,341.660,NA,,
AQ_Sctaeniopterus_TP_2021-06-17_135406,2025-06-28 19:04:07,,/Users/ally/Documents/johnson lab/parrotfish bites/AQ_Sctaeniopterus_TP_2021-06-17_135406_001.MP4,1202.130,23.98,No focal subject,Bite,Foraging,None|None|None,POINT,342.161,342.161,NA,,
AQ_Sctaeniopterus_TP_2021-06-17_135406,2025-06-28 19:04:07,,/Users/ally/Documents/johnson lab/parrotfish bites/AQ_Sctaeniopterus_TP_2021-06-17_135406_001.MP4,1202.130,23.98,No focal subject,Bite,Foraging,None|None|None,POINT,344.157,344.157,NA,,
AQ_Sctaeniopterus_TP_2021-06-17_135406,2025-06-28 19:04:07,,/Users/ally/Documents/johnson lab/parrotfish bites/AQ_Sctaeniopterus_TP_2021-06-17_135406_001.MP4,1202.130,23.98,No focal subject,Bite,Foraging,None|None|None,POINT,345.162,345.162,NA,,
AQ_Sctaeniopterus_TP_2021-06-17_135406,2025-06-28 19:04:07,,/Users/ally/Documents/johnson lab/parrotfish bites/AQ_Sctaeniopterus_TP_2021-06-17_135406_001.MP4,1202.130,23.98,No focal subject,Bite,Foraging,None|None|None,POINT,346.657,346.657,NA,,
AQ_Sctaeniopterus_TP_2021-06-17_135406,2025-06-28 19:04:07,,/Users/ally/Documents/johnson lab/parrotfish bites/AQ_Sctaeniopterus_TP_2021-06-17_135406_001.MP4,1202.130,23.98,No focal subject,Bite,Foraging,None|None|None,POINT,347.159,347.159,NA,,
AQ_Sctaeniopterus_TP_2021-06-17_135406,2025-06-28 19:04:07,,/Users/ally/Documents/johnson lab/parrotfish bites/AQ_Sctaeniopterus_TP_2021-06-17_135406_001.MP4,1202.130,23.98,No focal subject,Bite,Foraging,None|None|None,POINT,348.662,348.662,NA,,
AQ_Sctaeniopterus_TP_2021-06-17_135406,2025-06-28 19:04:07,,/Users/ally/Documents/johnson lab/parrotfish bites/AQ_Sctaeniopterus_TP_2021-06-17_135406_001.MP4,1202.130,23.98,No focal subject,Bite,Foraging,None|None|None,POINT,349.660,349.660,NA,,
AQ_Sctaeniopterus_TP_2021-06-17_135406,2025-06-28 19:04:07,,/Users/ally/Documents/johnson lab/parrotfish bites/AQ_Sctaeniopterus_TP_2021-06-17_135406_001.MP4,1202.130,23.98,No focal subject,Bite,Foraging,None|None|None,POINT,351.161,351.161,NA,,
AQ_Sctaeniopterus_TP_2021-06-17_135406,2025-06-28 19:04:07,,/Users/ally/Documents/johnson lab/parrotfish bites/AQ_Sctaeniopterus_TP_2021-06-17_135406_001.MP4,1202.130,23.98,No focal subject,Bite,Foraging,None|None|None,POINT,352.160,352.160,NA,,
AQ_Sctaeniopterus_TP_2021-06-17_135406,2025-06-28 19:04:07,,/Users/ally/Documents/johnson lab/parrotfish bites/AQ_Sctaeniopterus_TP_2021-06-17_135406_001.MP4,1202.130,23.98,No focal subject,Bite,Foraging,None|None|None,POINT,352.662,352.662,NA,,
AQ_Sctaeniopterus_TP_2021-06-17_135406,2025-06-28 19:04:07,,/Users/ally/Documents/johnson lab/parrotfish bites/AQ_Sctaeniopterus_TP_2021-06-17_135406_001.MP4,1202.130,23.98,No focal subject,Bite,Foraging,None|None|None,POINT,354.162,354.162,NA,,
AQ_Sctaeniopterus_TP_2021-06-17_135406,2025-06-28 19:04:07,,/Users/ally/Documents/johnson lab/parrotfish bites/AQ_Sctaeniopterus_TP_2021-06-17_135406_001.MP4,1202.130,23.98,No focal subject,Bite,Foraging,None|None|None,POINT,355.662,355.662,NA,,
AQ_Sctaeniopterus_TP_2021-06-17_135406,2025-06-28 19:04:07,,/Users/ally/Documents/johnson lab/parrotfish bites/AQ_Sctaeniopterus_TP_2021-06-17_135406_001.MP4,1202.130,23.98,No focal subject,Bite,Foraging,None|None|None,POINT,357.657,357.657,NA,,
AQ_Sctaeniopterus_TP_2021-06-17_135406,2025-06-28 19:04:07,,/Users/ally/Documents/johnson lab/parrotfish bites/AQ_Sctaeniopterus_TP_2021-06-17_135406_001.MP4,1202.130,23.98,No focal subject,Bite,Foraging,None|None|None,POINT,358.411,358.411,NA,,
AQ_Sctaeniopterus_TP_2021-06-17_135406,2025-06-28 19:04:07,,/Users/ally/Documents/johnson lab/parrotfish bites/AQ_Sctaeniopterus_TP_2021-06-17_135406_001.MP4,1202.130,23.98,No focal subject,Bite,Foraging,None|None|None,POINT,360.660,360.660,NA,,
AQ_Sctaeniopterus_TP_2021-06-17_135406,2025-06-28 19:04:07,,/Users/ally/Documents/johnson lab/parrotfish bites/AQ_Sctaeniopterus_TP_2021-06-17_135406_001.MP4,1202.130,23.98,No focal subject,Bite,Foraging,None|None|None,POINT,362.408,362.408,NA,,
AQ_Sctaeniopterus_TP_2021-06-17_135406,2025-06-28 19:04:07,,/Users/ally/Documents/johnson lab/parrotfish bites/AQ_Sctaeniopterus_TP_2021-06-17_135406_001.MP4,1202.130,23.98,No focal subject,Bite,Foraging,None|None|None,POINT,363.410,363.410,NA,,
AQ_Sctaeniopterus_TP_2021-06-17_135406,2025-06-28 19:04:07,,/Users/ally/Documents/johnson lab/parrotfish bites/AQ_Sctaeniopterus_TP_2021-06-17_135406_001.MP4,1202.130,23.98,No focal subject,Bite,Foraging,None|None|None,POINT,364.163,364.163,NA,,
AQ_Sctaeniopterus_TP_2021-06-17_135406,2025-06-28 19:04:07,,/Users/ally/Documents/johnson lab/parrotfish bites/AQ_Sctaeniopterus_TP_2021-06-17_135406_001.MP4,1202.130,23.98,No focal subject,Bite,Foraging,None|None|None,POINT,366.164,366.164,NA,,
AQ_Sctaeniopterus_TP_2021-06-17_135406,2025-06-28 19:04:07,,/Users/ally/Documents/johnson lab/parrotfish bites/AQ_Sctaeniopterus_TP_2021-06-17_135406_001.MP4,1202.130,23.98,No focal subject,Bite,Foraging,None|None|None,POINT,366.664,366.664,NA,,
AQ_Sctaeniopterus_TP_2021-06-17_135406,2025-06-28 19:04:07,,/Users/ally/Documents/johnson lab/parrotfish bites/AQ_Sctaeniopterus_TP_2021-06-17_135406_001.MP4,1202.130,23.98,No focal subject,Bite,Foraging,None|None|None,POINT,368.161,368.161,NA,,
AQ_Sctaeniopterus_TP_2021-06-17_135406,2025-06-28 19:04:07,,/Users/ally/Documents/johnson lab/parrotfish bites/AQ_Sctaeniopterus_TP_2021-06-17_135406_001.MP4,1202.130,23.98,No focal subject,Bite,Foraging,None|None|None,POINT,368.664,368.664,NA,,
AQ_Sctaeniopterus_TP_2021-06-17_135406,2025-06-28 19:04:07,,/Users/ally/Documents/johnson lab/parrotfish bites/AQ_Sctaeniopterus_TP_2021-06-17_135406_001.MP4,1202.130,23.98,No focal subject,Bite,Foraging,None|None|None,POINT,369.660,369.660,NA,,
AQ_Sctaeniopterus_TP_2021-06-17_135406,2025-06-28 19:04:07,,/Users/ally/Documents/johnson lab/parrotfish bites/AQ_Sctaeniopterus_TP_2021-06-17_135406_001.MP4,1202.130,23.98,No focal subject,Bite,Foraging,None|None|None,POINT,370.409,370.409,NA,,
AQ_Sctaeniopterus_TP_2021-06-17_135406,2025-06-28 19:04:07,,/Users/ally/Documents/johnson lab/parrotfish bites/AQ_Sctaeniopterus_TP_2021-06-17_135406_001.MP4,1202.130,23.98,No focal subject,Bite,Foraging,None|None|None,POINT,371.162,371.162,NA,,
AQ_Sctaeniopterus_TP_2021-06-17_135406,2025-06-28 19:04:07,,/Users/ally/Documents/johnson lab/parrotfish bites/AQ_Sctaeniopterus_TP_2021-06-17_135406_001.MP4,1202.130,23.98,No focal subject,Bite,Foraging,None|None|None,POINT,372.162,372.162,NA,,
AQ_Sctaeniopterus_TP_2021-06-17_135406,2025-06-28 19:04:07,,/Users/ally/Documents/johnson lab/parrotfish bites/AQ_Sctaeniopterus_TP_2021-06-17_135406_001.MP4,1202.130,23.98,No focal subject,Bite,Foraging,None|None|None,POINT,373.160,373.160,NA,,
AQ_Sctaeniopterus_TP_2021-06-17_135406,2025-06-28 19:04:07,,/Users/ally/Documents/johnson lab/parrotfish bites/AQ_Sctaeniopterus_TP_2021-06-17_135406_001.MP4,1202.130,23.98,No focal subject,Bite,Foraging,None|None|None,POINT,375.408,375.408,NA,,
AQ_Sctaeniopterus_TP_2021-06-17_135406,2025-06-28 19:04:07,,/Users/ally/Documents/johnson lab/parrotfish bites/AQ_Sctaeniopterus_TP_2021-06-17_135406_001.MP4,1202.130,23.98,No focal subject,Bite,Foraging,None|None|None,POINT,376.660,376.660,NA,,
AQ_Sctaeniopterus_TP_2021-06-17_135406,2025-06-28 19:04:07,,/Users/ally/Documents/johnson lab/parrotfish bites/AQ_Sctaeniopterus_TP_2021-06-17_135406_001.MP4,1202.130,23.98,No focal subject,Bite,Foraging,None|None|None,POINT,377.661,377.661,NA,,
AQ_Sctaeniopterus_TP_2021-06-17_135406,2025-06-28 19:04:07,,/Users/ally/Documents/johnson lab/parrotfish bites/AQ_Sctaeniopterus_TP_2021-06-17_135406_001.MP4,1202.130,23.98,No focal subject,Bite,Foraging,None|None|None,POINT,378.160,378.160,NA,,
AQ_Sctaeniopterus_TP_2021-06-17_135406,2025-06-28 19:04:07,,/Users/ally/Documents/johnson lab/parrotfish bites/AQ_Sctaeniopterus_TP_2021-06-17_135406_001.MP4,1202.130,23.98,No focal subject,Bite,Foraging,None|None|None,POINT,379.159,379.159,NA,,
AQ_Sctaeniopterus_TP_2021-06-17_135406,2025-06-28 19:04:07,,/Users/ally/Documents/johnson lab/parrotfish bites/AQ_Sctaeniopterus_TP_2021-06-17_135406_001.MP4,1202.130,23.98,No focal subject,Bite,Foraging,None|None|None,POINT,380.160,380.160,NA,,
AQ_Sctaeniopterus_TP_2021-06-17_135406,2025-06-28 19:04:07,,/Users/ally/Documents/johnson lab/parrotfish bites/AQ_Sctaeniopterus_TP_2021-06-17_135406_001.MP4,1202.130,23.98,No focal subject,Bite,Foraging,None|None|None,POINT,380.660,380.660,NA,,
AQ_Sctaeniopterus_TP_2021-06-17_135406,2025-06-28 19:04:07,,/Users/ally/Documents/johnson lab/parrotfish bites/AQ_Sctaeniopterus_TP_2021-06-17_135406_001.MP4,1202.130,23.98,No focal subject,Bite,Foraging,None|None|None,POINT,382.162,382.162,NA,,
AQ_Sctaeniopterus_TP_2021-06-17_135406,2025-06-28 19:04:07,,/Users/ally/Documents/johnson lab/parrotfish bites/AQ_Sctaeniopterus_TP_2021-06-17_135406_001.MP4,1202.130,23.98,No focal subject,Bite,Foraging,None|None|None,POINT,382.660,382.660,NA,,
AQ_Sctaeniopterus_TP_2021-06-17_135406,2025-06-28 19:04:07,,/Users/ally/Documents/johnson lab/parrotfish bites/AQ_Sctaeniopterus_TP_2021-06-17_135406_001.MP4,1202.130,23.98,No focal subject,Bite,Foraging,None|None|None,POINT,383.661,383.661,NA,,
AQ_Sctaeniopterus_TP_2021-06-17_135406,2025-06-28 19:04:07,,/Users/ally/Documents/johnson lab/parrotfish bites/AQ_Sctaeniopterus_TP_2021-06-17_135406_001.MP4,1202.130,23.98,No focal subject,Bite,Foraging,None|None|None,POINT,384.661,384.661,NA,,
AQ_Sctaeniopterus_TP_2021-06-17_135406,2025-06-28 19:04:07,,/Users/ally/Documents/johnson lab/parrotfish bites/AQ_Sctaeniopterus_TP_2021-06-17_135406_001.MP4,1202.130,23.98,No focal subject,Bite,Foraging,None|None|None,POINT,385.662,385.662,NA,,
AQ_Sctaeniopterus_TP_2021-06-17_135406,2025-06-28 19:04:07,,/Users/ally/Documents/johnson lab/parrotfish bites/AQ_Sctaeniopterus_TP_2021-06-17_135406_001.MP4,1202.130,23.98,No focal subject,Bite,Foraging,None|None|None,POINT,386.660,386.660,NA,,
AQ_Sctaeniopterus_TP_2021-06-17_135406,2025-06-28 19:04:07,,/Users/ally/Documents/johnson lab/parrotfish bites/AQ_Sctaeniopterus_TP_2021-06-17_135406_001.MP4,1202.130,23.98,No focal subject,Bite,Foraging,None|None|None,POINT,389.160,389.160,NA,,
AQ_Sctaeniopterus_TP_2021-06-17_135406,2025-06-28 19:04:07,,/Users/ally/Documents/johnson lab/parrotfish bites/AQ_Sctaeniopterus_TP_2021-06-17_135406_001.MP4,1202.130,23.98,No focal subject,Bite,Foraging,None|None|None,POINT,392.163,392.163,NA,,
AQ_Sctaeniopterus_TP_2021-06-17_135406,2025-06-28 19:04:07,,/Users/ally/Documents/johnson lab/parrotfish bites/AQ_Sctaeniopterus_TP_2021-06-17_135406_001.MP4,1202.130,23.98,No focal subject,Bite,Foraging,None|None|None,POINT,393.161,393.161,NA,,
AQ_Sctaeniopterus_TP_2021-06-17_135406,2025-06-28 19:04:07,,/Users/ally/Documents/johnson lab/parrotfish bites/AQ_Sctaeniopterus_TP_2021-06-17_135406_001.MP4,1202.130,23.98,No focal subject,Bite,Foraging,None|None|None,POINT,394.161,394.161,NA,,
AQ_Sctaeniopterus_TP_2021-06-17_135406,2025-06-28 19:04:07,,/Users/ally/Documents/johnson lab/parrotfish bites/AQ_Sctaeniopterus_TP_2021-06-17_135406_001.MP4,1202.130,23.98,No focal subject,Bite,Foraging,None|None|None,POINT,397.162,397.162,NA,,
AQ_Sctaeniopterus_TP_2021-06-17_135406,2025-06-28 19:04:07,,/Users/ally/Documents/johnson lab/parrotfish bites/AQ_Sctaeniopterus_TP_2021-06-17_135406_001.MP4,1202.130,23.98,No focal subject,Bite,Foraging,None|None|None,POINT,398.657,398.657,NA,,
AQ_Sctaeniopterus_TP_2021-06-17_135406,2025-06-28 19:04:07,,/Users/ally/Documents/johnson lab/parrotfish bites/AQ_Sctaeniopterus_TP_2021-06-17_135406_001.MP4,1202.130,23.98,No focal subject,Bite,Foraging,None|None|None,POINT,399.663,399.663,NA,,
AQ_Sctaeniopterus_TP_2021-06-17_135406,2025-06-28 19:04:07,,/Users/ally/Documents/johnson lab/parrotfish bites/AQ_Sctaeniopterus_TP_2021-06-17_135406_001.MP4,1202.130,23.98,No focal subject,Bite,Foraging,None|None|None,POINT,400.406,400.406,NA,,
AQ_Sctaeniopterus_TP_2021-06-17_135406,2025-06-28 19:04:07,,/Users/ally/Documents/johnson lab/parrotfish bites/AQ_Sctaeniopterus_TP_2021-06-17_135406_001.MP4,1202.130,23.98,No focal subject,Bite,Foraging,None|None|None,POINT,401.158,401.158,NA,,
AQ_Sctaeniopterus_TP_2021-06-17_135406,2025-06-28 19:04:07,,/Users/ally/Documents/johnson lab/parrotfish bites/AQ_Sctaeniopterus_TP_2021-06-17_135406_001.MP4,1202.130,23.98,No focal subject,Bite,Foraging,None|None|None,POINT,435.657,435.657,NA,,
AQ_Sctaeniopterus_TP_2021-06-17_135406,2025-06-28 19:04:07,,/Users/ally/Documents/johnson lab/parrotfish bites/AQ_Sctaeniopterus_TP_2021-06-17_135406_001.MP4,1202.130,23.98,No focal subject,Bite,Foraging,None|None|None,POINT,435.908,435.908,NA,,
AQ_Sctaeniopterus_TP_2021-06-17_135406,2025-06-28 19:04:07,,/Users/ally/Documents/johnson lab/parrotfish bites/AQ_Sctaeniopterus_TP_2021-06-17_135406_001.MP4,1202.130,23.98,No focal subject,Bite,Foraging,None|None|None,POINT,436.909,436.909,NA,,
AQ_Sctaeniopterus_TP_2021-06-17_135406,2025-06-28 19:04:07,,/Users/ally/Documents/johnson lab/parrotfish bites/AQ_Sctaeniopterus_TP_2021-06-17_135406_001.MP4,1202.130,23.98,No focal subject,Bite,Foraging,None|None|None,POINT,437.909,437.909,NA,,
AQ_Sctaeniopterus_TP_2021-06-17_135406,2025-06-28 19:04:07,,/Users/ally/Documents/johnson lab/parrotfish bites/AQ_Sctaeniopterus_TP_2021-06-17_135406_001.MP4,1202.130,23.98,No focal subject,Bite,Foraging,None|None|None,POINT,439.408,439.408,NA,,
AQ_Sctaeniopterus_TP_2021-06-17_135406,2025-06-28 19:04:07,,/Users/ally/Documents/johnson lab/parrotfish bites/AQ_Sctaeniopterus_TP_2021-06-17_135406_001.MP4,1202.130,23.98,No focal subject,Bite,Foraging,None|None|None,POINT,444.658,444.658,NA,,
AQ_Sctaeniopterus_TP_2021-06-17_135406,2025-06-28 19:04:07,,/Users/ally/Documents/johnson lab/parrotfish bites/AQ_Sctaeniopterus_TP_2021-06-17_135406_001.MP4,1202.130,23.98,No focal subject,Bite,Foraging,None|None|None,POINT,447.660,447.660,NA,,
AQ_Sctaeniopterus_TP_2021-06-17_135406,2025-06-28 19:04:07,,/Users/ally/Documents/johnson lab/parrotfish bites/AQ_Sctaeniopterus_TP_2021-06-17_135406_001.MP4,1202.130,23.98,No focal subject,Bite,Foraging,None|None|None,POINT,448.162,448.162,NA,,
AQ_Sctaeniopterus_TP_2021-06-17_135406,2025-06-28 19:04:07,,/Users/ally/Documents/johnson lab/parrotfish bites/AQ_Sctaeniopterus_TP_2021-06-17_135406_001.MP4,1202.130,23.98,No focal subject,Bite,Foraging,None|None|None,POINT,449.661,449.661,NA,,
AQ_Sctaeniopterus_TP_2021-06-17_135406,2025-06-28 19:04:07,,/Users/ally/Documents/johnson lab/parrotfish bites/AQ_Sctaeniopterus_TP_2021-06-17_135406_001.MP4,1202.130,23.98,No focal subject,Bite,Foraging,None|None|None,POINT,452.661,452.661,NA,,
AQ_Sctaeniopterus_TP_2021-06-17_135406,2025-06-28 19:04:07,,/Users/ally/Documents/johnson lab/parrotfish bites/AQ_Sctaeniopterus_TP_2021-06-17_135406_001.MP4,1202.130,23.98,No focal subject,Bite,Foraging,None|None|None,POINT,453.161,453.161,NA,,
AQ_Sctaeniopterus_TP_2021-06-17_135406,2025-06-28 19:04:07,,/Users/ally/Documents/johnson lab/parrotfish bites/AQ_Sctaeniopterus_TP_2021-06-17_135406_001.MP4,1202.130,23.98,No focal subject,Bite,Foraging,None|None|None,POINT,454.161,454.161,NA,,
AQ_Sctaeniopterus_TP_2021-06-17_135406,2025-06-28 19:04:07,,/Users/ally/Documents/johnson lab/parrotfish bites/AQ_Sctaeniopterus_TP_2021-06-17_135406_001.MP4,1202.130,23.98,No focal subject,Bite,Foraging,None|None|None,POINT,456.661,456.661,NA,,
AQ_Sctaeniopterus_TP_2021-06-17_135406,2025-06-28 19:04:07,,/Users/ally/Documents/johnson lab/parrotfish bites/AQ_Sctaeniopterus_TP_2021-06-17_135406_001.MP4,1202.130,23.98,No focal subject,Bite,Foraging,None|None|None,POINT,461.163,461.163,NA,,
AQ_Sctaeniopterus_TP_2021-06-17_135406,2025-06-28 19:04:07,,/Users/ally/Documents/johnson lab/parrotfish bites/AQ_Sctaeniopterus_TP_2021-06-17_135406_001.MP4,1202.130,23.98,No focal subject,Bite,Foraging,None|None|None,POINT,463.662,463.662,NA,,
AQ_Sctaeniopterus_TP_2021-06-17_135406,2025-06-28 19:04:07,,/Users/ally/Documents/johnson lab/parrotfish bites/AQ_Sctaeniopterus_TP_2021-06-17_135406_001.MP4,1202.130,23.98,No focal subject,Bite,Foraging,None|None|None,POINT,465.160,465.160,NA,,
AQ_Sctaeniopterus_TP_2021-06-17_135406,2025-06-28 19:04:07,,/Users/ally/Documents/johnson lab/parrotfish bites/AQ_Sctaeniopterus_TP_2021-06-17_135406_001.MP4,1202.130,23.98,No focal subject,Bite,Foraging,None|None|None,POINT,466.161,466.161,NA,,
AQ_Sctaeniopterus_TP_2021-06-17_135406,2025-06-28 19:04:07,,/Users/ally/Documents/johnson lab/parrotfish bites/AQ_Sctaeniopterus_TP_2021-06-17_135406_001.MP4,1202.130,23.98,No focal subject,Bite,Foraging,None|None|None,POINT,467.160,467.160,NA,,
AQ_Sctaeniopterus_TP_2021-06-17_135406,2025-06-28 19:04:07,,/Users/ally/Documents/johnson lab/parrotfish bites/AQ_Sctaeniopterus_TP_2021-06-17_135406_001.MP4,1202.130,23.98,No focal subject,Bite,Foraging,None|None|None,POINT,468.160,468.160,NA,,
AQ_Sctaeniopterus_TP_2021-06-17_135406,2025-06-28 19:04:07,,/Users/ally/Documents/johnson lab/parrotfish bites/AQ_Sctaeniopterus_TP_2021-06-17_135406_001.MP4,1202.130,23.98,No focal subject,Bite,Foraging,None|None|None,POINT,468.660,468.660,NA,,
AQ_Sctaeniopterus_TP_2021-06-17_135406,2025-06-28 19:04:07,,/Users/ally/Documents/johnson lab/parrotfish bites/AQ_Sctaeniopterus_TP_2021-06-17_135406_001.MP4,1202.130,23.98,No focal subject,Bite,Foraging,None|None|None,POINT,469.655,469.655,NA,,
AQ_Sctaeniopterus_TP_2021-06-17_135406,2025-06-28 19:04:07,,/Users/ally/Documents/johnson lab/parrotfish bites/AQ_Sctaeniopterus_TP_2021-06-17_135406_001.MP4,1202.130,23.98,No focal subject,Bite,Foraging,None|None|None,POINT,470.160,470.160,NA,,
AQ_Sctaeniopterus_TP_2021-06-17_135406,2025-06-28 19:04:07,,/Users/ally/Documents/johnson lab/parrotfish bites/AQ_Sctaeniopterus_TP_2021-06-17_135406_001.MP4,1202.130,23.98,No focal subject,Bite,Foraging,None|None|None,POINT,470.908,470.908,NA,,
AQ_Sctaeniopterus_TP_2021-06-17_135406,2025-06-28 19:04:07,,/Users/ally/Documents/johnson lab/parrotfish bites/AQ_Sctaeniopterus_TP_2021-06-17_135406_001.MP4,1202.130,23.98,No focal subject,Bite,Foraging,None|None|None,POINT,472.160,472.160,NA,,
AQ_Sctaeniopterus_TP_2021-06-17_135406,2025-06-28 19:04:07,,/Users/ally/Documents/johnson lab/parrotfish bites/AQ_Sctaeniopterus_TP_2021-06-17_135406_001.MP4,1202.130,23.98,No focal subject,Bite,Foraging,None|None|None,POINT,474.162,474.162,NA,,
AQ_Sctaeniopterus_TP_2021-06-17_135406,2025-06-28 19:04:07,,/Users/ally/Documents/johnson lab/parrotfish bites/AQ_Sctaeniopterus_TP_2021-06-17_135406_001.MP4,1202.130,23.98,No focal subject,Bite,Foraging,None|None|None,POINT,475.161,475.161,NA,,
AQ_Sctaeniopterus_TP_2021-06-17_135406,2025-06-28 19:04:07,,/Users/ally/Documents/johnson lab/parrotfish bites/AQ_Sctaeniopterus_TP_2021-06-17_135406_001.MP4,1202.130,23.98,No focal subject,Bite,Foraging,None|None|None,POINT,476.160,476.160,NA,,
AQ_Sctaeniopterus_TP_2021-06-17_135406,2025-06-28 19:04:07,,/Users/ally/Documents/johnson lab/parrotfish bites/AQ_Sctaeniopterus_TP_2021-06-17_135406_001.MP4,1202.130,23.98,No focal subject,Bite,Foraging,None|None|None,POINT,477.162,477.162,NA,,
AQ_Sctaeniopterus_TP_2021-06-17_135406,2025-06-28 19:04:07,,/Users/ally/Documents/johnson lab/parrotfish bites/AQ_Sctaeniopterus_TP_2021-06-17_135406_001.MP4,1202.130,23.98,No focal subject,Bite,Foraging,None|None|None,POINT,478.661,478.661,NA,,
AQ_Sctaeniopterus_TP_2021-06-17_135406,2025-06-28 19:04:07,,/Users/ally/Documents/johnson lab/parrotfish bites/AQ_Sctaeniopterus_TP_2021-06-17_135406_001.MP4,1202.130,23.98,No focal subject,Bite,Foraging,None|None|None,POINT,479.661,479.661,NA,,
AQ_Sctaeniopterus_TP_2021-06-17_135406,2025-06-28 19:04:07,,/Users/ally/Documents/johnson lab/parrotfish bites/AQ_Sctaeniopterus_TP_2021-06-17_135406_001.MP4,1202.130,23.98,No focal subject,Bite,Foraging,None|None|None,POINT,480.162,480.162,NA,,
AQ_Sctaeniopterus_TP_2021-06-17_135406,2025-06-28 19:04:07,,/Users/ally/Documents/johnson lab/parrotfish bites/AQ_Sctaeniopterus_TP_2021-06-17_135406_001.MP4,1202.130,23.98,No focal subject,Bite,Foraging,None|None|None,POINT,481.162,481.162,NA,,
AQ_Sctaeniopterus_TP_2021-06-17_135406,2025-06-28 19:04:07,,/Users/ally/Documents/johnson lab/parrotfish bites/AQ_Sctaeniopterus_TP_2021-06-17_135406_001.MP4,1202.130,23.98,No focal subject,Bite,Foraging,None|None|None,POINT,482.662,482.662,NA,,
AQ_Sctaeniopterus_TP_2021-06-17_135406,2025-06-28 19:04:07,,/Users/ally/Documents/johnson lab/parrotfish bites/AQ_Sctaeniopterus_TP_2021-06-17_135406_001.MP4,1202.130,23.98,No focal subject,Bite,Foraging,None|None|None,POINT,484.908,484.908,NA,,
AQ_Sctaeniopterus_TP_2021-06-17_135406,2025-06-28 19:04:07,,/Users/ally/Documents/johnson lab/parrotfish bites/AQ_Sctaeniopterus_TP_2021-06-17_135406_001.MP4,1202.130,23.98,No focal subject,Bite,Foraging,None|None|None,POINT,485.661,485.661,NA,,
AQ_Sctaeniopterus_TP_2021-06-17_135406,2025-06-28 19:04:07,,/Users/ally/Documents/johnson lab/parrotfish bites/AQ_Sctaeniopterus_TP_2021-06-17_135406_001.MP4,1202.130,23.98,No focal subject,Bite,Foraging,None|None|None,POINT,487.157,487.157,NA,,
AQ_Sctaeniopterus_TP_2021-06-17_135406,2025-06-28 19:04:07,,/Users/ally/Documents/johnson lab/parrotfish bites/AQ_Sctaeniopterus_TP_2021-06-17_135406_001.MP4,1202.130,23.98,No focal subject,Bite,Foraging,None|None|None,POINT,487.662,487.662,NA,,
AQ_Sctaeniopterus_TP_2021-06-17_135406,2025-06-28 19:04:07,,/Users/ally/Documents/johnson lab/parrotfish bites/AQ_Sctaeniopterus_TP_2021-06-17_135406_001.MP4,1202.130,23.98,No focal subject,Bite,Foraging,None|None|None,POINT,488.661,488.661,NA,,
AQ_Sctaeniopterus_TP_2021-06-17_135406,2025-06-28 19:04:07,,/Users/ally/Documents/johnson lab/parrotfish bites/AQ_Sctaeniopterus_TP_2021-06-17_135406_001.MP4,1202.130,23.98,No focal subject,Bite,Foraging,None|None|None,POINT,491.165,491.165,NA,,
AQ_Sctaeniopterus_TP_2021-06-17_135406,2025-06-28 19:04:07,,/Users/ally/Documents/johnson lab/parrotfish bites/AQ_Sctaeniopterus_TP_2021-06-17_135406_001.MP4,1202.130,23.98,No focal subject,Bite,Foraging,None|None|None,POINT,492.166,492.166,NA,,
AQ_Sctaeniopterus_TP_2021-06-17_135406,2025-06-28 19:04:07,,/Users/ally/Documents/johnson lab/parrotfish bites/AQ_Sctaeniopterus_TP_2021-06-17_135406_001.MP4,1202.130,23.98,No focal subject,Bite,Foraging,None|None|None,POINT,493.162,493.162,NA,,
AQ_Sctaeniopterus_TP_2021-06-17_135406,2025-06-28 19:04:07,,/Users/ally/Documents/johnson lab/parrotfish bites/AQ_Sctaeniopterus_TP_2021-06-17_135406_001.MP4,1202.130,23.98,No focal subject,Bite,Foraging,None|None|None,POINT,509.911,509.911,NA,,
AQ_Sctaeniopterus_TP_2021-06-17_135406,2025-06-28 19:04:07,,/Users/ally/Documents/johnson lab/parrotfish bites/AQ_Sctaeniopterus_TP_2021-06-17_135406_001.MP4,1202.130,23.98,No focal subject,Bite,Foraging,None|None|None,POINT,512.406,512.406,NA,,
AQ_Sctaeniopterus_TP_2021-06-17_135406,2025-06-28 19:04:07,,/Users/ally/Documents/johnson lab/parrotfish bites/AQ_Sctaeniopterus_TP_2021-06-17_135406_001.MP4,1202.130,23.98,No focal subject,Bite,Foraging,None|None|None,POINT,513.412,513.412,NA,,
AQ_Sctaeniopterus_TP_2021-06-17_135406,2025-06-28 19:04:07,,/Users/ally/Documents/johnson lab/parrotfish bites/AQ_Sctaeniopterus_TP_2021-06-17_135406_001.MP4,1202.130,23.98,No focal subject,Bite,Foraging,None|None|None,POINT,514.912,514.912,NA,,
AQ_Sctaeniopterus_TP_2021-06-17_135406,2025-06-28 19:04:07,,/Users/ally/Documents/johnson lab/parrotfish bites/AQ_Sctaeniopterus_TP_2021-06-17_135406_001.MP4,1202.130,23.98,No focal subject,Bite,Foraging,None|None|None,POINT,516.911,516.911,NA,,
AQ_Sctaeniopterus_TP_2021-06-17_135406,2025-06-28 19:04:07,,/Users/ally/Documents/johnson lab/parrotfish bites/AQ_Sctaeniopterus_TP_2021-06-17_135406_001.MP4,1202.130,23.98,No focal subject,Bite,Foraging,None|None|None,POINT,519.412,519.412,NA,,
AQ_Sctaeniopterus_TP_2021-06-17_135406,2025-06-28 19:04:07,,/Users/ally/Documents/johnson lab/parrotfish bites/AQ_Sctaeniopterus_TP_2021-06-17_135406_001.MP4,1202.130,23.98,No focal subject,Bite,Foraging,None|None|None,POINT,519.910,519.910,NA,,
AQ_Sctaeniopterus_TP_2021-06-17_135406,2025-06-28 19:04:07,,/Users/ally/Documents/johnson lab/parrotfish bites/AQ_Sctaeniopterus_TP_2021-06-17_135406_001.MP4,1202.130,23.98,No focal subject,Bite,Foraging,None|None|None,POINT,521.411,521.411,NA,,
AQ_Sctaeniopterus_TP_2021-06-17_135406,2025-06-28 19:04:07,,/Users/ally/Documents/johnson lab/parrotfish bites/AQ_Sctaeniopterus_TP_2021-06-17_135406_001.MP4,1202.130,23.98,No focal subject,Bite,Foraging,None|None|None,POINT,521.910,521.910,NA,,
AQ_Sctaeniopterus_TP_2021-06-17_135406,2025-06-28 19:04:07,,/Users/ally/Documents/johnson lab/parrotfish bites/AQ_Sctaeniopterus_TP_2021-06-17_135406_001.MP4,1202.130,23.98,No focal subject,Bite,Foraging,None|None|None,POINT,524.410,524.410,NA,,
AQ_Sctaeniopterus_TP_2021-06-17_135406,2025-06-28 19:04:07,,/Users/ally/Documents/johnson lab/parrotfish bites/AQ_Sctaeniopterus_TP_2021-06-17_135406_001.MP4,1202.130,23.98,No focal subject,Bite,Foraging,None|None|None,POINT,550.428,550.428,NA,,
AQ_Sctaeniopterus_TP_2021-06-17_135406,2025-06-28 19:04:07,,/Users/ally/Documents/johnson lab/parrotfish bites/AQ_Sctaeniopterus_TP_2021-06-17_135406_001.MP4,1202.130,23.98,No focal subject,Bite,Foraging,None|None|None,POINT,551.432,551.432,NA,,
AQ_Sctaeniopterus_TP_2021-06-17_135406,2025-06-28 19:04:07,,/Users/ally/Documents/johnson lab/parrotfish bites/AQ_Sctaeniopterus_TP_2021-06-17_135406_001.MP4,1202.130,23.98,No focal subject,Bite,Foraging,None|None|None,POINT,551.933,551.933,NA,,
AQ_Sctaeniopterus_TP_2021-06-17_135406,2025-06-28 19:04:07,,/Users/ally/Documents/johnson lab/parrotfish bites/AQ_Sctaeniopterus_TP_2021-06-17_135406_001.MP4,1202.130,23.98,No focal subject,Bite,Foraging,None|None|None,POINT,553.431,553.431,NA,,
AQ_Sctaeniopterus_TP_2021-06-17_135406,2025-06-28 19:04:07,,/Users/ally/Documents/johnson lab/parrotfish bites/AQ_Sctaeniopterus_TP_2021-06-17_135406_001.MP4,1202.130,23.98,No focal subject,Bite,Foraging,None|None|None,POINT,554.932,554.932,NA,,
AQ_Sctaeniopterus_TP_2021-06-17_135406,2025-06-28 19:04:07,,/Users/ally/Documents/johnson lab/parrotfish bites/AQ_Sctaeniopterus_TP_2021-06-17_135406_001.MP4,1202.130,23.98,No focal subject,Bite,Foraging,None|None|None,POINT,556.432,556.432,NA,,
AQ_Sctaeniopterus_TP_2021-06-17_135406,2025-06-28 19:04:07,,/Users/ally/Documents/johnson lab/parrotfish bites/AQ_Sctaeniopterus_TP_2021-06-17_135406_001.MP4,1202.130,23.98,No focal subject,Bite,Foraging,None|None|None,POINT,557.182,557.182,NA,,
AQ_Sctaeniopterus_TP_2021-06-17_135406,2025-06-28 19:04:07,,/Users/ally/Documents/johnson lab/parrotfish bites/AQ_Sctaeniopterus_TP_2021-06-17_135406_001.MP4,1202.130,23.98,No focal subject,Bite,Foraging,None|None|None,POINT,557.932,557.932,NA,,
AQ_Sctaeniopterus_TP_2021-06-17_135406,2025-06-28 19:04:07,,/Users/ally/Documents/johnson lab/parrotfish bites/AQ_Sctaeniopterus_TP_2021-06-17_135406_001.MP4,1202.130,23.98,No focal subject,Bite,Foraging,None|None|None,POINT,558.680,558.680,NA,,
AQ_Sctaeniopterus_TP_2021-06-17_135406,2025-06-28 19:04:07,,/Users/ally/Documents/johnson lab/parrotfish bites/AQ_Sctaeniopterus_TP_2021-06-17_135406_001.MP4,1202.130,23.98,No focal subject,Bite,Foraging,None|None|None,POINT,560.181,560.181,NA,,
AQ_Sctaeniopterus_TP_2021-06-17_135406,2025-06-28 19:04:07,,/Users/ally/Documents/johnson lab/parrotfish bites/AQ_Sctaeniopterus_TP_2021-06-17_135406_001.MP4,1202.130,23.98,No focal subject,Bite,Foraging,None|None|None,POINT,560.429,560.429,NA,,
AQ_Sctaeniopterus_TP_2021-06-17_135406,2025-06-28 19:04:07,,/Users/ally/Documents/johnson lab/parrotfish bites/AQ_Sctaeniopterus_TP_2021-06-17_135406_001.MP4,1202.130,23.98,No focal subject,Bite,Foraging,None|None|None,POINT,561.682,561.682,NA,,
AQ_Sctaeniopterus_TP_2021-06-17_135406,2025-06-28 19:04:07,,/Users/ally/Documents/johnson lab/parrotfish bites/AQ_Sctaeniopterus_TP_2021-06-17_135406_001.MP4,1202.130,23.98,No focal subject,Bite,Foraging,None|None|None,POINT,562.431,562.431,NA,,
AQ_Sctaeniopterus_TP_2021-06-17_135406,2025-06-28 19:04:07,,/Users/ally/Documents/johnson lab/parrotfish bites/AQ_Sctaeniopterus_TP_2021-06-17_135406_001.MP4,1202.130,23.98,No focal subject,Bite,Foraging,None|None|None,POINT,565.180,565.180,NA,,
AQ_Sctaeniopterus_TP_2021-06-17_135406,2025-06-28 19:04:07,,/Users/ally/Documents/johnson lab/parrotfish bites/AQ_Sctaeniopterus_TP_2021-06-17_135406_001.MP4,1202.130,23.98,No focal subject,Bite,Foraging,None|None|None,POINT,572.677,572.677,NA,,
AQ_Sctaeniopterus_TP_2021-06-17_135406,2025-06-28 19:04:07,,/Users/ally/Documents/johnson lab/parrotfish bites/AQ_Sctaeniopterus_TP_2021-06-17_135406_001.MP4,1202.130,23.98,No focal subject,Bite,Foraging,None|None|None,POINT,573.678,573.678,NA,,
AQ_Sctaeniopterus_TP_2021-06-17_135406,2025-06-28 19:04:07,,/Users/ally/Documents/johnson lab/parrotfish bites/AQ_Sctaeniopterus_TP_2021-06-17_135406_001.MP4,1202.130,23.98,No focal subject,Bite,Foraging,None|None|None,POINT,574.929,574.929,NA,,
AQ_Sctaeniopterus_TP_2021-06-17_135406,2025-06-28 19:04:07,,/Users/ally/Documents/johnson lab/parrotfish bites/AQ_Sctaeniopterus_TP_2021-06-17_135406_001.MP4,1202.130,23.98,No focal subject,Bite,Foraging,None|None|None,POINT,575.932,575.932,NA,,
AQ_Sctaeniopterus_TP_2021-06-17_135406,2025-06-28 19:04:07,,/Users/ally/Documents/johnson lab/parrotfish bites/AQ_Sctaeniopterus_TP_2021-06-17_135406_001.MP4,1202.130,23.98,No focal subject,Bite,Foraging,None|None|None,POINT,576.682,576.682,NA,,
AQ_Sctaeniopterus_TP_2021-06-17_135406,2025-06-28 19:04:07,,/Users/ally/Documents/johnson lab/parrotfish bites/AQ_Sctaeniopterus_TP_2021-06-17_135406_001.MP4,1202.130,23.98,No focal subject,Bite,Foraging,None|None|None,POINT,577.432,577.432,NA,,
AQ_Sctaeniopterus_TP_2021-06-17_135406,2025-06-28 19:04:07,,/Users/ally/Documents/johnson lab/parrotfish bites/AQ_Sctaeniopterus_TP_2021-06-17_135406_001.MP4,1202.130,23.98,No focal subject,Bite,Foraging,None|None|None,POINT,578.181,578.181,NA,,
AQ_Sctaeniopterus_TP_2021-06-17_135406,2025-06-28 19:04:07,,/Users/ally/Documents/johnson lab/parrotfish bites/AQ_Sctaeniopterus_TP_2021-06-17_135406_001.MP4,1202.130,23.98,No focal subject,Bite,Foraging,None|None|None,POINT,578.931,578.931,NA,,
AQ_Sctaeniopterus_TP_2021-06-17_135406,2025-06-28 19:04:07,,/Users/ally/Documents/johnson lab/parrotfish bites/AQ_Sctaeniopterus_TP_2021-06-17_135406_001.MP4,1202.130,23.98,No focal subject,Bite,Foraging,None|None|None,POINT,579.927,579.927,NA,,
AQ_Sctaeniopterus_TP_2021-06-17_135406,2025-06-28 19:04:07,,/Users/ally/Documents/johnson lab/parrotfish bites/AQ_Sctaeniopterus_TP_2021-06-17_135406_001.MP4,1202.130,23.98,No focal subject,Bite,Foraging,None|None|None,POINT,582.929,582.929,NA,,
AQ_Sctaeniopterus_TP_2021-06-17_135406,2025-06-28 19:04:07,,/Users/ally/Documents/johnson lab/parrotfish bites/AQ_Sctaeniopterus_TP_2021-06-17_135406_001.MP4,1202.130,23.98,No focal subject,Bite,Foraging,None|None|None,POINT,586.931,586.931,NA,,
AQ_Sctaeniopterus_TP_2021-06-17_135406,2025-06-28 19:04:07,,/Users/ally/Documents/johnson lab/parrotfish bites/AQ_Sctaeniopterus_TP_2021-06-17_135406_001.MP4,1202.130,23.98,No focal subject,Bite,Foraging,None|None|None,POINT,589.679,589.679,NA,,
AQ_Sctaeniopterus_TP_2021-06-17_135406,2025-06-28 19:04:07,,/Users/ally/Documents/johnson lab/parrotfish bites/AQ_Sctaeniopterus_TP_2021-06-17_135406_001.MP4,1202.130,23.98,No focal subject,Bite,Foraging,None|None|None,POINT,589.931,589.931,NA,,
AQ_Sctaeniopterus_TP_2021-06-17_135406,2025-06-28 19:04:07,,/Users/ally/Documents/johnson lab/parrotfish bites/AQ_Sctaeniopterus_TP_2021-06-17_135406_001.MP4,1202.130,23.98,No focal subject,Bite,Foraging,None|None|None,POINT,590.682,590.682,NA,,
AQ_Sctaeniopterus_TP_2021-06-17_135406,2025-06-28 19:04:07,,/Users/ally/Documents/johnson lab/parrotfish bites/AQ_Sctaeniopterus_TP_2021-06-17_135406_001.MP4,1202.130,23.98,No focal subject,Bite,Foraging,None|None|None,POINT,591.929,591.929,NA,,
AQ_Sctaeniopterus_TP_2021-06-17_135406,2025-06-28 19:04:07,,/Users/ally/Documents/johnson lab/parrotfish bites/AQ_Sctaeniopterus_TP_2021-06-17_135406_001.MP4,1202.130,23.98,No focal subject,Bite,Foraging,None|None|None,POINT,592.932,592.932,NA,,
AQ_Sctaeniopterus_TP_2021-06-17_135406,2025-06-28 19:04:07,,/Users/ally/Documents/johnson lab/parrotfish bites/AQ_Sctaeniopterus_TP_2021-06-17_135406_001.MP4,1202.130,23.98,No focal subject,Bite,Foraging,None|None|None,POINT,595.679,595.679,NA,,
AQ_Sctaeniopterus_TP_2021-06-17_135406,2025-06-28 19:04:07,,/Users/ally/Documents/johnson lab/parrotfish bites/AQ_Sctaeniopterus_TP_2021-06-17_135406_001.MP4,1202.130,23.98,No focal subject,Bite,Foraging,None|None|None,POINT,596.430,596.430,NA,,
AQ_Sctaeniopterus_TP_2021-06-17_135406,2025-06-28 19:04:07,,/Users/ally/Documents/johnson lab/parrotfish bites/AQ_Sctaeniopterus_TP_2021-06-17_135406_001.MP4,1202.130,23.98,No focal subject,Bite,Foraging,None|None|None,POINT,596.929,596.929,NA,,
AQ_Sctaeniopterus_TP_2021-06-17_135406,2025-06-28 19:04:07,,/Users/ally/Documents/johnson lab/parrotfish bites/AQ_Sctaeniopterus_TP_2021-06-17_135406_001.MP4,1202.130,23.98,No focal subject,Bite,Foraging,None|None|None,POINT,597.929,597.929,NA,,
AQ_Sctaeniopterus_TP_2021-06-17_135406,2025-06-28 19:04:07,,/Users/ally/Documents/johnson lab/parrotfish bites/AQ_Sctaeniopterus_TP_2021-06-17_135406_001.MP4,1202.130,23.98,No focal subject,Bite,Foraging,None|None|None,POINT,598.180,598.180,NA,,
AQ_Sctaeniopterus_TP_2021-06-17_135406,2025-06-28 19:04:07,,/Users/ally/Documents/johnson lab/parrotfish bites/AQ_Sctaeniopterus_TP_2021-06-17_135406_001.MP4,1202.130,23.98,No focal subject,Bite,Foraging,None|None|None,POINT,598.932,598.932,NA,,
AQ_Sctaeniopterus_TP_2021-06-17_135406,2025-06-28 19:04:07,,/Users/ally/Documents/johnson lab/parrotfish bites/AQ_Sctaeniopterus_TP_2021-06-17_135406_001.MP4,1202.130,23.98,No focal subject,Bite,Foraging,None|None|None,POINT,600.929,600.929,NA,,
AQ_Sctaeniopterus_TP_2021-06-17_135406,2025-06-28 19:04:07,,/Users/ally/Documents/johnson lab/parrotfish bites/AQ_Sctaeniopterus_TP_2021-06-17_135406_001.MP4,1202.130,23.98,No focal subject,Bite,Foraging,None|None|None,POINT,601.679,601.679,NA,,
AQ_Sctaeniopterus_TP_2021-06-17_135406,2025-06-28 19:04:07,,/Users/ally/Documents/johnson lab/parrotfish bites/AQ_Sctaeniopterus_TP_2021-06-17_135406_001.MP4,1202.130,23.98,No focal subject,Bite,Foraging,None|None|None,POINT,602.681,602.681,NA,,
AQ_Sctaeniopterus_TP_2021-06-17_135406,2025-06-28 19:04:07,,/Users/ally/Documents/johnson lab/parrotfish bites/AQ_Sctaeniopterus_TP_2021-06-17_135406_001.MP4,1202.130,23.98,No focal subject,Bite,Foraging,None|None|None,POINT,603.432,603.432,NA,,
AQ_Sctaeniopterus_TP_2021-06-17_135406,2025-06-28 19:04:07,,/Users/ally/Documents/johnson lab/parrotfish bites/AQ_Sctaeniopterus_TP_2021-06-17_135406_001.MP4,1202.130,23.98,No focal subject,Bite,Foraging,None|None|None,POINT,604.182,604.182,NA,,
AQ_Sctaeniopterus_TP_2021-06-17_135406,2025-06-28 19:04:07,,/Users/ally/Documents/johnson lab/parrotfish bites/AQ_Sctaeniopterus_TP_2021-06-17_135406_001.MP4,1202.130,23.98,No focal subject,Bite,Foraging,None|None|None,POINT,606.433,606.433,NA,,
AQ_Sctaeniopterus_TP_2021-06-17_135406,2025-06-28 19:04:07,,/Users/ally/Documents/johnson lab/parrotfish bites/AQ_Sctaeniopterus_TP_2021-06-17_135406_001.MP4,1202.130,23.98,No focal subject,Bite,Foraging,None|None|None,POINT,607.181,607.181,NA,,
AQ_Sctaeniopterus_TP_2021-06-17_135406,2025-06-28 19:04:07,,/Users/ally/Documents/johnson lab/parrotfish bites/AQ_Sctaeniopterus_TP_2021-06-17_135406_001.MP4,1202.130,23.98,No focal subject,Bite,Foraging,None|None|None,POINT,608.682,608.682,NA,,
AQ_Sctaeniopterus_TP_2021-06-17_135406,2025-06-28 19:04:07,,/Users/ally/Documents/johnson lab/parrotfish bites/AQ_Sctaeniopterus_TP_2021-06-17_135406_001.MP4,1202.130,23.98,No focal subject,Bite,Foraging,None|None|None,POINT,609.180,609.180,NA,,
AQ_Sctaeniopterus_TP_2021-06-17_135406,2025-06-28 19:04:07,,/Users/ally/Documents/johnson lab/parrotfish bites/AQ_Sctaeniopterus_TP_2021-06-17_135406_001.MP4,1202.130,23.98,No focal subject,Bite,Foraging,None|None|None,POINT,610.180,610.180,NA,,
AQ_Sctaeniopterus_TP_2021-06-17_135406,2025-06-28 19:04:07,,/Users/ally/Documents/johnson lab/parrotfish bites/AQ_Sctaeniopterus_TP_2021-06-17_135406_001.MP4,1202.130,23.98,No focal subject,Bite,Foraging,None|None|None,POINT,611.929,611.929,NA,,
AQ_Sctaeniopterus_TP_2021-06-17_135406,2025-06-28 19:04:07,,/Users/ally/Documents/johnson lab/parrotfish bites/AQ_Sctaeniopterus_TP_2021-06-17_135406_001.MP4,1202.130,23.98,No focal subject,Bite,Foraging,None|None|None,POINT,613.429,613.429,NA,,
AQ_Sctaeniopterus_TP_2021-06-17_135406,2025-06-28 19:04:07,,/Users/ally/Documents/johnson lab/parrotfish bites/AQ_Sctaeniopterus_TP_2021-06-17_135406_001.MP4,1202.130,23.98,No focal subject,Bite,Foraging,None|None|None,POINT,641.932,641.932,NA,,
AQ_Sctaeniopterus_TP_2021-06-17_135406,2025-06-28 19:04:07,,/Users/ally/Documents/johnson lab/parrotfish bites/AQ_Sctaeniopterus_TP_2021-06-17_135406_001.MP4,1202.130,23.98,No focal subject,Bite,Foraging,None|None|None,POINT,645.929,645.929,NA,,
AQ_Sctaeniopterus_TP_2021-06-17_135406,2025-06-28 19:04:07,,/Users/ally/Documents/johnson lab/parrotfish bites/AQ_Sctaeniopterus_TP_2021-06-17_135406_001.MP4,1202.130,23.98,No focal subject,Bite,Foraging,None|None|None,POINT,646.929,646.929,NA,,
AQ_Sctaeniopterus_TP_2021-06-17_135406,2025-06-28 19:04:07,,/Users/ally/Documents/johnson lab/parrotfish bites/AQ_Sctaeniopterus_TP_2021-06-17_135406_001.MP4,1202.130,23.98,No focal subject,Bite,Foraging,None|None|None,POINT,648.681,648.681,NA,,
AQ_Sctaeniopterus_TP_2021-06-17_135406,2025-06-28 19:04:07,,/Users/ally/Documents/johnson lab/parrotfish bites/AQ_Sctaeniopterus_TP_2021-06-17_135406_001.MP4,1202.130,23.98,No focal subject,Bite,Foraging,None|None|None,POINT,651.179,651.179,NA,,
AQ_Sctaeniopterus_TP_2021-06-17_135406,2025-06-28 19:04:07,,/Users/ally/Documents/johnson lab/parrotfish bites/AQ_Sctaeniopterus_TP_2021-06-17_135406_001.MP4,1202.130,23.98,No focal subject,Bite,Foraging,None|None|None,POINT,651.929,651.929,NA,,
AQ_Sctaeniopterus_TP_2021-06-17_135406,2025-06-28 19:04:07,,/Users/ally/Documents/johnson lab/parrotfish bites/AQ_Sctaeniopterus_TP_2021-06-17_135406_001.MP4,1202.130,23.98,No focal subject,Bite,Foraging,None|None|None,POINT,653.181,653.181,NA,,
AQ_Sctaeniopterus_TP_2021-06-17_135406,2025-06-28 19:04:07,,/Users/ally/Documents/johnson lab/parrotfish bites/AQ_Sctaeniopterus_TP_2021-06-17_135406_001.MP4,1202.130,23.98,No focal subject,Bite,Foraging,None|None|None,POINT,654.429,654.429,NA,,
AQ_Sctaeniopterus_TP_2021-06-17_135406,2025-06-28 19:04:07,,/Users/ally/Documents/johnson lab/parrotfish bites/AQ_Sctaeniopterus_TP_2021-06-17_135406_001.MP4,1202.130,23.98,No focal subject,Bite,Foraging,None|None|None,POINT,655.179,655.179,NA,,
AQ_Sctaeniopterus_TP_2021-06-17_135406,2025-06-28 19:04:07,,/Users/ally/Documents/johnson lab/parrotfish bites/AQ_Sctaeniopterus_TP_2021-06-17_135406_001.MP4,1202.130,23.98,No focal subject,Bite,Foraging,None|None|None,POINT,656.430,656.430,NA,,
AQ_Sctaeniopterus_TP_2021-06-17_135406,2025-06-28 19:04:07,,/Users/ally/Documents/johnson lab/parrotfish bites/AQ_Sctaeniopterus_TP_2021-06-17_135406_001.MP4,1202.130,23.98,No focal subject,Bite,Foraging,None|None|None,POINT,657.429,657.429,NA,,
AQ_Sctaeniopterus_TP_2021-06-17_135406,2025-06-28 19:04:07,,/Users/ally/Documents/johnson lab/parrotfish bites/AQ_Sctaeniopterus_TP_2021-06-17_135406_001.MP4,1202.130,23.98,No focal subject,Bite,Foraging,None|None|None,POINT,658.432,658.432,NA,,
AQ_Sctaeniopterus_TP_2021-06-17_135406,2025-06-28 19:04:07,,/Users/ally/Documents/johnson lab/parrotfish bites/AQ_Sctaeniopterus_TP_2021-06-17_135406_001.MP4,1202.130,23.98,No focal subject,Bite,Foraging,None|None|None,POINT,662.182,662.182,NA,,
AQ_Sctaeniopterus_TP_2021-06-17_135406,2025-06-28 19:04:07,,/Users/ally/Documents/johnson lab/parrotfish bites/AQ_Sctaeniopterus_TP_2021-06-17_135406_001.MP4,1202.130,23.98,No focal subject,Bite,Foraging,None|None|None,POINT,662.932,662.932,NA,,
AQ_Sctaeniopterus_TP_2021-06-17_135406,2025-06-28 19:04:07,,/Users/ally/Documents/johnson lab/parrotfish bites/AQ_Sctaeniopterus_TP_2021-06-17_135406_001.MP4,1202.130,23.98,No focal subject,Bite,Foraging,None|None|None,POINT,666.426,666.426,NA,,
AQ_Sctaeniopterus_TP_2021-06-17_135406,2025-06-28 19:04:07,,/Users/ally/Documents/johnson lab/parrotfish bites/AQ_Sctaeniopterus_TP_2021-06-17_135406_001.MP4,1202.130,23.98,No focal subject,Bite,Foraging,None|None|None,POINT,667.179,667.179,NA,,
AQ_Sctaeniopterus_TP_2021-06-17_135406,2025-06-28 19:04:07,,/Users/ally/Documents/johnson lab/parrotfish bites/AQ_Sctaeniopterus_TP_2021-06-17_135406_001.MP4,1202.130,23.98,No focal subject,Bite,Foraging,None|None|None,POINT,675.429,675.429,NA,,
AQ_Sctaeniopterus_TP_2021-06-17_135406,2025-06-28 19:04:07,,/Users/ally/Documents/johnson lab/parrotfish bites/AQ_Sctaeniopterus_TP_2021-06-17_135406_001.MP4,1202.130,23.98,No focal subject,Bite,Foraging,None|None|None,POINT,676.679,676.679,NA,,
AQ_Sctaeniopterus_TP_2021-06-17_135406,2025-06-28 19:04:07,,/Users/ally/Documents/johnson lab/parrotfish bites/AQ_Sctaeniopterus_TP_2021-06-17_135406_001.MP4,1202.130,23.98,No focal subject,Bite,Foraging,None|None|None,POINT,679.931,679.931,NA,,
AQ_Sctaeniopterus_TP_2021-06-17_135406,2025-06-28 19:04:07,,/Users/ally/Documents/johnson lab/parrotfish bites/AQ_Sctaeniopterus_TP_2021-06-17_135406_001.MP4,1202.130,23.98,No focal subject,Bite,Foraging,None|None|None,POINT,680.681,680.681,NA,,
AQ_Sctaeniopterus_TP_2021-06-17_135406,2025-06-28 19:04:07,,/Users/ally/Documents/johnson lab/parrotfish bites/AQ_Sctaeniopterus_TP_2021-06-17_135406_001.MP4,1202.130,23.98,No focal subject,Bite,Foraging,None|None|None,POINT,682.183,682.183,NA,,
AQ_Sctaeniopterus_TP_2021-06-17_135406,2025-06-28 19:04:07,,/Users/ally/Documents/johnson lab/parrotfish bites/AQ_Sctaeniopterus_TP_2021-06-17_135406_001.MP4,1202.130,23.98,No focal subject,Bite,Foraging,None|None|None,POINT,682.932,682.932,NA,,
AQ_Sctaeniopterus_TP_2021-06-17_135406,2025-06-28 19:04:07,,/Users/ally/Documents/johnson lab/parrotfish bites/AQ_Sctaeniopterus_TP_2021-06-17_135406_001.MP4,1202.130,23.98,No focal subject,Bite,Foraging,None|None|None,POINT,683.430,683.430,NA,,
AQ_Sctaeniopterus_TP_2021-06-17_135406,2025-06-28 19:04:07,,/Users/ally/Documents/johnson lab/parrotfish bites/AQ_Sctaeniopterus_TP_2021-06-17_135406_001.MP4,1202.130,23.98,No focal subject,Bite,Foraging,None|None|None,POINT,684.430,684.430,NA,,
AQ_Sctaeniopterus_TP_2021-06-17_135406,2025-06-28 19:04:07,,/Users/ally/Documents/johnson lab/parrotfish bites/AQ_Sctaeniopterus_TP_2021-06-17_135406_001.MP4,1202.130,23.98,No focal subject,Bite,Foraging,None|None|None,POINT,684.929,684.929,NA,,
AQ_Sctaeniopterus_TP_2021-06-17_135406,2025-06-28 19:04:07,,/Users/ally/Documents/johnson lab/parrotfish bites/AQ_Sctaeniopterus_TP_2021-06-17_135406_001.MP4,1202.130,23.98,No focal subject,Bite,Foraging,None|None|None,POINT,685.181,685.181,NA,,
AQ_Sctaeniopterus_TP_2021-06-17_135406,2025-06-28 19:04:07,,/Users/ally/Documents/johnson lab/parrotfish bites/AQ_Sctaeniopterus_TP_2021-06-17_135406_001.MP4,1202.130,23.98,No focal subject,Bite,Foraging,None|None|None,POINT,687.930,687.930,NA,,
AQ_Sctaeniopterus_TP_2021-06-17_135406,2025-06-28 19:04:07,,/Users/ally/Documents/johnson lab/parrotfish bites/AQ_Sctaeniopterus_TP_2021-06-17_135406_001.MP4,1202.130,23.98,No focal subject,Bite,Foraging,None|None|None,POINT,688.430,688.430,NA,,
AQ_Sctaeniopterus_TP_2021-06-17_135406,2025-06-28 19:04:07,,/Users/ally/Documents/johnson lab/parrotfish bites/AQ_Sctaeniopterus_TP_2021-06-17_135406_001.MP4,1202.130,23.98,No focal subject,Bite,Foraging,None|None|None,POINT,688.933,688.933,NA,,
AQ_Sctaeniopterus_TP_2021-06-17_135406,2025-06-28 19:04:07,,/Users/ally/Documents/johnson lab/parrotfish bites/AQ_Sctaeniopterus_TP_2021-06-17_135406_001.MP4,1202.130,23.98,No focal subject,Bite,Foraging,None|None|None,POINT,690.930,690.930,NA,,
AQ_Sctaeniopterus_TP_2021-06-17_135406,2025-06-28 19:04:07,,/Users/ally/Documents/johnson lab/parrotfish bites/AQ_Sctaeniopterus_TP_2021-06-17_135406_001.MP4,1202.130,23.98,No focal subject,Bite,Foraging,None|None|None,POINT,691.932,691.932,NA,,
AQ_Sctaeniopterus_TP_2021-06-17_135406,2025-06-28 19:04:07,,/Users/ally/Documents/johnson lab/parrotfish bites/AQ_Sctaeniopterus_TP_2021-06-17_135406_001.MP4,1202.130,23.98,No focal subject,Bite,Foraging,None|None|None,POINT,692.179,692.179,NA,,
AQ_Sctaeniopterus_TP_2021-06-17_135406,2025-06-28 19:04:07,,/Users/ally/Documents/johnson lab/parrotfish bites/AQ_Sctaeniopterus_TP_2021-06-17_135406_001.MP4,1202.130,23.98,No focal subject,Bite,Foraging,None|None|None,POINT,692.682,692.682,NA,,
AQ_Sctaeniopterus_TP_2021-06-17_135406,2025-06-28 19:04:07,,/Users/ally/Documents/johnson lab/parrotfish bites/AQ_Sctaeniopterus_TP_2021-06-17_135406_001.MP4,1202.130,23.98,No focal subject,Bite,Foraging,None|None|None,POINT,693.442,693.442,NA,,
AQ_Sctaeniopterus_TP_2021-06-17_135406,2025-06-28 19:04:07,,/Users/ally/Documents/johnson lab/parrotfish bites/AQ_Sctaeniopterus_TP_2021-06-17_135406_001.MP4,1202.130,23.98,No focal subject,Bite,Foraging,None|None|None,POINT,694.932,694.932,NA,,
AQ_Sctaeniopterus_TP_2021-06-17_135406,2025-06-28 19:04:07,,/Users/ally/Documents/johnson lab/parrotfish bites/AQ_Sctaeniopterus_TP_2021-06-17_135406_001.MP4,1202.130,23.98,No focal subject,Bite,Foraging,None|None|None,POINT,696.431,696.431,NA,,
AQ_Sctaeniopterus_TP_2021-06-17_135406,2025-06-28 19:04:07,,/Users/ally/Documents/johnson lab/parrotfish bites/AQ_Sctaeniopterus_TP_2021-06-17_135406_001.MP4,1202.130,23.98,No focal subject,Bite,Foraging,None|None|None,POINT,698.426,698.426,NA,,
AQ_Sctaeniopterus_TP_2021-06-17_135406,2025-06-28 19:04:07,,/Users/ally/Documents/johnson lab/parrotfish bites/AQ_Sctaeniopterus_TP_2021-06-17_135406_001.MP4,1202.130,23.98,No focal subject,Bite,Foraging,None|None|None,POINT,699.179,699.179,NA,,
AQ_Sctaeniopterus_TP_2021-06-17_135406,2025-06-28 19:04:07,,/Users/ally/Documents/johnson lab/parrotfish bites/AQ_Sctaeniopterus_TP_2021-06-17_135406_001.MP4,1202.130,23.98,No focal subject,Bite,Foraging,None|None|None,POINT,701.433,701.433,NA,,
AQ_Sctaeniopterus_TP_2021-06-17_135406,2025-06-28 19:04:07,,/Users/ally/Documents/johnson lab/parrotfish bites/AQ_Sctaeniopterus_TP_2021-06-17_135406_002.MP4,1202.130,23.98,No focal subject,Bite,Foraging,None|None|None,POINT,741.635,741.635,NA,,
AQ_Sctaeniopterus_TP_2021-06-17_135406,2025-06-28 19:04:07,,/Users/ally/Documents/johnson lab/parrotfish bites/AQ_Sctaeniopterus_TP_2021-06-17_135406_002.MP4,1202.130,23.98,No focal subject,Bite,Foraging,None|None|None,POINT,742.131,742.131,NA,,
AQ_Sctaeniopterus_TP_2021-06-17_135406,2025-06-28 19:04:07,,/Users/ally/Documents/johnson lab/parrotfish bites/AQ_Sctaeniopterus_TP_2021-06-17_135406_002.MP4,1202.130,23.98,No focal subject,Bite,Foraging,None|None|None,POINT,743.132,743.132,NA,,
AQ_Sctaeniopterus_TP_2021-06-17_135406,2025-06-28 19:04:07,,/Users/ally/Documents/johnson lab/parrotfish bites/AQ_Sctaeniopterus_TP_2021-06-17_135406_002.MP4,1202.130,23.98,No focal subject,Bite,Foraging,None|None|None,POINT,746.132,746.132,NA,,
AQ_Sctaeniopterus_TP_2021-06-17_135406,2025-06-28 19:04:07,,/Users/ally/Documents/johnson lab/parrotfish bites/AQ_Sctaeniopterus_TP_2021-06-17_135406_002.MP4,1202.130,23.98,No focal subject,Bite,Foraging,None|None|None,POINT,748.128,748.128,NA,,
AQ_Sctaeniopterus_TP_2021-06-17_135406,2025-06-28 19:04:07,,/Users/ally/Documents/johnson lab/parrotfish bites/AQ_Sctaeniopterus_TP_2021-06-17_135406_002.MP4,1202.130,23.98,No focal subject,Bite,Foraging,None|None|None,POINT,751.634,751.634,NA,,
AQ_Sctaeniopterus_TP_2021-06-17_135406,2025-06-28 19:04:07,,/Users/ally/Documents/johnson lab/parrotfish bites/AQ_Sctaeniopterus_TP_2021-06-17_135406_002.MP4,1202.130,23.98,No focal subject,Bite,Foraging,None|None|None,POINT,752.134,752.134,NA,,
AQ_Sctaeniopterus_TP_2021-06-17_135406,2025-06-28 19:04:07,,/Users/ally/Documents/johnson lab/parrotfish bites/AQ_Sctaeniopterus_TP_2021-06-17_135406_002.MP4,1202.130,23.98,No focal subject,Bite,Foraging,None|None|None,POINT,753.133,753.133,NA,,
AQ_Sctaeniopterus_TP_2021-06-17_135406,2025-06-28 19:04:07,,/Users/ally/Documents/johnson lab/parrotfish bites/AQ_Sctaeniopterus_TP_2021-06-17_135406_002.MP4,1202.130,23.98,No focal subject,Bite,Foraging,None|None|None,POINT,755.135,755.135,NA,,
AQ_Sctaeniopterus_TP_2021-06-17_135406,2025-06-28 19:04:07,,/Users/ally/Documents/johnson lab/parrotfish bites/AQ_Sctaeniopterus_TP_2021-06-17_135406_002.MP4,1202.130,23.98,No focal subject,Bite,Foraging,None|None|None,POINT,756.133,756.133,NA,,
AQ_Sctaeniopterus_TP_2021-06-17_135406,2025-06-28 19:04:07,,/Users/ally/Documents/johnson lab/parrotfish bites/AQ_Sctaeniopterus_TP_2021-06-17_135406_002.MP4,1202.130,23.98,No focal subject,Bite,Foraging,None|None|None,POINT,757.133,757.133,NA,,
AQ_Sctaeniopterus_TP_2021-06-17_135406,2025-06-28 19:04:07,,/Users/ally/Documents/johnson lab/parrotfish bites/AQ_Sctaeniopterus_TP_2021-06-17_135406_002.MP4,1202.130,23.98,No focal subject,Bite,Foraging,None|None|None,POINT,757.634,757.634,NA,,
AQ_Sctaeniopterus_TP_2021-06-17_135406,2025-06-28 19:04:07,,/Users/ally/Documents/johnson lab/parrotfish bites/AQ_Sctaeniopterus_TP_2021-06-17_135406_002.MP4,1202.130,23.98,No focal subject,Bite,Foraging,None|None|None,POINT,758.634,758.634,NA,,
AQ_Sctaeniopterus_TP_2021-06-17_135406,2025-06-28 19:04:07,,/Users/ally/Documents/johnson lab/parrotfish bites/AQ_Sctaeniopterus_TP_2021-06-17_135406_002.MP4,1202.130,23.98,No focal subject,Bite,Foraging,None|None|None,POINT,765.133,765.133,NA,,
AQ_Sctaeniopterus_TP_2021-06-17_135406,2025-06-28 19:04:07,,/Users/ally/Documents/johnson lab/parrotfish bites/AQ_Sctaeniopterus_TP_2021-06-17_135406_002.MP4,1202.130,23.98,No focal subject,Bite,Foraging,None|None|None,POINT,765.880,765.880,NA,,
AQ_Sctaeniopterus_TP_2021-06-17_135406,2025-06-28 19:04:07,,/Users/ally/Documents/johnson lab/parrotfish bites/AQ_Sctaeniopterus_TP_2021-06-17_135406_002.MP4,1202.130,23.98,No focal subject,Bite,Foraging,None|None|None,POINT,767.133,767.133,NA,,
AQ_Sctaeniopterus_TP_2021-06-17_135406,2025-06-28 19:04:07,,/Users/ally/Documents/johnson lab/parrotfish bites/AQ_Sctaeniopterus_TP_2021-06-17_135406_002.MP4,1202.130,23.98,No focal subject,Bite,Foraging,None|None|None,POINT,767.631,767.631,NA,,
AQ_Sctaeniopterus_TP_2021-06-17_135406,2025-06-28 19:04:07,,/Users/ally/Documents/johnson lab/parrotfish bites/AQ_Sctaeniopterus_TP_2021-06-17_135406_002.MP4,1202.130,23.98,No focal subject,Bite,Foraging,None|None|None,POINT,768.632,768.632,NA,,
AQ_Sctaeniopterus_TP_2021-06-17_135406,2025-06-28 19:04:07,,/Users/ally/Documents/johnson lab/parrotfish bites/AQ_Sctaeniopterus_TP_2021-06-17_135406_002.MP4,1202.130,23.98,No focal subject,Bite,Foraging,None|None|None,POINT,769.132,769.132,NA,,
AQ_Sctaeniopterus_TP_2021-06-17_135406,2025-06-28 19:04:07,,/Users/ally/Documents/johnson lab/parrotfish bites/AQ_Sctaeniopterus_TP_2021-06-17_135406_002.MP4,1202.130,23.98,No focal subject,Bite,Foraging,None|None|None,POINT,770.381,770.381,NA,,
AQ_Sctaeniopterus_TP_2021-06-17_135406,2025-06-28 19:04:07,,/Users/ally/Documents/johnson lab/parrotfish bites/AQ_Sctaeniopterus_TP_2021-06-17_135406_002.MP4,1202.130,23.98,No focal subject,Bite,Foraging,None|None|None,POINT,771.633,771.633,NA,,
AQ_Sctaeniopterus_TP_2021-06-17_135406,2025-06-28 19:04:07,,/Users/ally/Documents/johnson lab/parrotfish bites/AQ_Sctaeniopterus_TP_2021-06-17_135406_002.MP4,1202.130,23.98,No focal subject,Bite,Foraging,None|None|None,POINT,773.136,773.136,NA,,
AQ_Sctaeniopterus_TP_2021-06-17_135406,2025-06-28 19:04:07,,/Users/ally/Documents/johnson lab/parrotfish bites/AQ_Sctaeniopterus_TP_2021-06-17_135406_002.MP4,1202.130,23.98,No focal subject,Bite,Foraging,None|None|None,POINT,773.633,773.633,NA,,
AQ_Sctaeniopterus_TP_2021-06-17_135406,2025-06-28 19:04:07,,/Users/ally/Documents/johnson lab/parrotfish bites/AQ_Sctaeniopterus_TP_2021-06-17_135406_002.MP4,1202.130,23.98,No focal subject,Bite,Foraging,None|None|None,POINT,774.634,774.634,NA,,
AQ_Sctaeniopterus_TP_2021-06-17_135406,2025-06-28 19:04:07,,/Users/ally/Documents/johnson lab/parrotfish bites/AQ_Sctaeniopterus_TP_2021-06-17_135406_002.MP4,1202.130,23.98,No focal subject,Bite,Foraging,None|None|None,POINT,777.133,777.133,NA,,
AQ_Sctaeniopterus_TP_2021-06-17_135406,2025-06-28 19:04:07,,/Users/ally/Documents/johnson lab/parrotfish bites/AQ_Sctaeniopterus_TP_2021-06-17_135406_002.MP4,1202.130,23.98,No focal subject,Bite,Foraging,None|None|None,POINT,778.634,778.634,NA,,
AQ_Sctaeniopterus_TP_2021-06-17_135406,2025-06-28 19:04:07,,/Users/ally/Documents/johnson lab/parrotfish bites/AQ_Sctaeniopterus_TP_2021-06-17_135406_002.MP4,1202.130,23.98,No focal subject,Bite,Foraging,None|None|None,POINT,781.630,781.630,NA,,
AQ_Sctaeniopterus_TP_2021-06-17_135406,2025-06-28 19:04:07,,/Users/ally/Documents/johnson lab/parrotfish bites/AQ_Sctaeniopterus_TP_2021-06-17_135406_002.MP4,1202.130,23.98,No focal subject,Bite,Foraging,None|None|None,POINT,783.134,783.134,NA,,
AQ_Sctaeniopterus_TP_2021-06-17_135406,2025-06-28 19:04:07,,/Users/ally/Documents/johnson lab/parrotfish bites/AQ_Sctaeniopterus_TP_2021-06-17_135406_002.MP4,1202.130,23.98,No focal subject,Bite,Foraging,None|None|None,POINT,783.880,783.880,NA,,
AQ_Sctaeniopterus_TP_2021-06-17_135406,2025-06-28 19:04:07,,/Users/ally/Documents/johnson lab/parrotfish bites/AQ_Sctaeniopterus_TP_2021-06-17_135406_002.MP4,1202.130,23.98,No focal subject,Bite,Foraging,None|None|None,POINT,785.635,785.635,NA,,
AQ_Sctaeniopterus_TP_2021-06-17_135406,2025-06-28 19:04:07,,/Users/ally/Documents/johnson lab/parrotfish bites/AQ_Sctaeniopterus_TP_2021-06-17_135406_002.MP4,1202.130,23.98,No focal subject,Bite,Foraging,Feces|None|None,POINT,799.965,799.965,NA,,
AQ_Sctaeniopterus_TP_2021-06-17_135406,2025-06-28 19:04:07,,/Users/ally/Documents/johnson lab/parrotfish bites/AQ_Sctaeniopterus_TP_2021-06-17_135406_002.MP4,1202.130,23.98,No focal subject,Bite,Foraging,Feces|None|None,POINT,800.720,800.720,NA,,
AQ_Sctaeniopterus_TP_2021-06-17_135406,2025-06-28 19:04:07,,/Users/ally/Documents/johnson lab/parrotfish bites/AQ_Sctaeniopterus_TP_2021-06-17_135406_002.MP4,1202.130,23.98,No focal subject,Bite,Foraging,None|None|None,POINT,818.220,818.220,NA,,
AQ_Sctaeniopterus_TP_2021-06-17_135406,2025-06-28 19:04:07,,/Users/ally/Documents/johnson lab/parrotfish bites/AQ_Sctaeniopterus_TP_2021-06-17_135406_002.MP4,1202.130,23.98,No focal subject,Bite,Foraging,None|None|None,POINT,819.468,819.468,NA,,
AQ_Sctaeniopterus_TP_2021-06-17_135406,2025-06-28 19:04:07,,/Users/ally/Documents/johnson lab/parrotfish bites/AQ_Sctaeniopterus_TP_2021-06-17_135406_002.MP4,1202.130,23.98,No focal subject,Bite,Foraging,None|None|None,POINT,820.719,820.719,NA,,
AQ_Sctaeniopterus_TP_2021-06-17_135406,2025-06-28 19:04:07,,/Users/ally/Documents/johnson lab/parrotfish bites/AQ_Sctaeniopterus_TP_2021-06-17_135406_002.MP4,1202.130,23.98,No focal subject,Bite,Foraging,None|None|None,POINT,822.220,822.220,NA,,
AQ_Sctaeniopterus_TP_2021-06-17_135406,2025-06-28 19:04:07,,/Users/ally/Documents/johnson lab/parrotfish bites/AQ_Sctaeniopterus_TP_2021-06-17_135406_002.MP4,1202.130,23.98,No focal subject,Bite,Foraging,None|None|None,POINT,823.220,823.220,NA,,
AQ_Sctaeniopterus_TP_2021-06-17_135406,2025-06-28 19:04:07,,/Users/ally/Documents/johnson lab/parrotfish bites/AQ_Sctaeniopterus_TP_2021-06-17_135406_002.MP4,1202.130,23.98,No focal subject,Bite,Foraging,None|None|None,POINT,824.220,824.220,NA,,
AQ_Sctaeniopterus_TP_2021-06-17_135406,2025-06-28 19:04:07,,/Users/ally/Documents/johnson lab/parrotfish bites/AQ_Sctaeniopterus_TP_2021-06-17_135406_002.MP4,1202.130,23.98,No focal subject,Bite,Foraging,None|None|None,POINT,826.721,826.721,NA,,
AQ_Sctaeniopterus_TP_2021-06-17_135406,2025-06-28 19:04:07,,/Users/ally/Documents/johnson lab/parrotfish bites/AQ_Sctaeniopterus_TP_2021-06-17_135406_002.MP4,1202.130,23.98,No focal subject,Bite,Foraging,None|None|None,POINT,828.468,828.468,NA,,
AQ_Sctaeniopterus_TP_2021-06-17_135406,2025-06-28 19:04:07,,/Users/ally/Documents/johnson lab/parrotfish bites/AQ_Sctaeniopterus_TP_2021-06-17_135406_002.MP4,1202.130,23.98,No focal subject,Bite,Foraging,None|None|None,POINT,829.221,829.221,NA,,
AQ_Sctaeniopterus_TP_2021-06-17_135406,2025-06-28 19:04:07,,/Users/ally/Documents/johnson lab/parrotfish bites/AQ_Sctaeniopterus_TP_2021-06-17_135406_002.MP4,1202.130,23.98,No focal subject,Bite,Foraging,None|None|None,POINT,830.220,830.220,NA,,
AQ_Sctaeniopterus_TP_2021-06-17_135406,2025-06-28 19:04:07,,/Users/ally/Documents/johnson lab/parrotfish bites/AQ_Sctaeniopterus_TP_2021-06-17_135406_002.MP4,1202.130,23.98,No focal subject,Bite,Foraging,None|None|None,POINT,831.723,831.723,NA,,
AQ_Sctaeniopterus_TP_2021-06-17_135406,2025-06-28 19:04:07,,/Users/ally/Documents/johnson lab/parrotfish bites/AQ_Sctaeniopterus_TP_2021-06-17_135406_002.MP4,1202.130,23.98,No focal subject,Bite,Foraging,None|None|None,POINT,833.220,833.220,NA,,
AQ_Sctaeniopterus_TP_2021-06-17_135406,2025-06-28 19:04:07,,/Users/ally/Documents/johnson lab/parrotfish bites/AQ_Sctaeniopterus_TP_2021-06-17_135406_002.MP4,1202.130,23.98,No focal subject,Bite,Foraging,None|None|None,POINT,833.968,833.968,NA,,
AQ_Sctaeniopterus_TP_2021-06-17_135406,2025-06-28 19:04:07,,/Users/ally/Documents/johnson lab/parrotfish bites/AQ_Sctaeniopterus_TP_2021-06-17_135406_002.MP4,1202.130,23.98,No focal subject,Bite,Foraging,None|None|None,POINT,835.224,835.224,NA,,
AQ_Sctaeniopterus_TP_2021-06-17_135406,2025-06-28 19:04:07,,/Users/ally/Documents/johnson lab/parrotfish bites/AQ_Sctaeniopterus_TP_2021-06-17_135406_002.MP4,1202.130,23.98,No focal subject,Bite,Foraging,None|None|None,POINT,843.722,843.722,NA,,
AQ_Sctaeniopterus_TP_2021-06-17_135406,2025-06-28 19:04:07,,/Users/ally/Documents/johnson lab/parrotfish bites/AQ_Sctaeniopterus_TP_2021-06-17_135406_002.MP4,1202.130,23.98,No focal subject,Bite,Foraging,None|None|None,POINT,845.220,845.220,NA,,
AQ_Sctaeniopterus_TP_2021-06-17_135406,2025-06-28 19:04:07,,/Users/ally/Documents/johnson lab/parrotfish bites/AQ_Sctaeniopterus_TP_2021-06-17_135406_002.MP4,1202.130,23.98,No focal subject,Bite,Foraging,None|None|None,POINT,848.223,848.223,NA,,
AQ_Sctaeniopterus_TP_2021-06-17_135406,2025-06-28 19:04:07,,/Users/ally/Documents/johnson lab/parrotfish bites/AQ_Sctaeniopterus_TP_2021-06-17_135406_002.MP4,1202.130,23.98,No focal subject,Bite,Foraging,None|None|None,POINT,849.722,849.722,NA,,
AQ_Sctaeniopterus_TP_2021-06-17_135406,2025-06-28 19:04:07,,/Users/ally/Documents/johnson lab/parrotfish bites/AQ_Sctaeniopterus_TP_2021-06-17_135406_002.MP4,1202.130,23.98,No focal subject,Bite,Foraging,None|None|None,POINT,850.721,850.721,NA,,
AQ_Sctaeniopterus_TP_2021-06-17_135406,2025-06-28 19:04:07,,/Users/ally/Documents/johnson lab/parrotfish bites/AQ_Sctaeniopterus_TP_2021-06-17_135406_002.MP4,1202.130,23.98,No focal subject,Bite,Foraging,None|None|None,POINT,852.223,852.223,NA,,
AQ_Sctaeniopterus_TP_2021-06-17_135406,2025-06-28 19:04:07,,/Users/ally/Documents/johnson lab/parrotfish bites/AQ_Sctaeniopterus_TP_2021-06-17_135406_002.MP4,1202.130,23.98,No focal subject,Bite,Foraging,None|None|None,POINT,853.720,853.720,NA,,
AQ_Sctaeniopterus_TP_2021-06-17_135406,2025-06-28 19:04:07,,/Users/ally/Documents/johnson lab/parrotfish bites/AQ_Sctaeniopterus_TP_2021-06-17_135406_002.MP4,1202.130,23.98,No focal subject,Bite,Foraging,None|None|None,POINT,861.721,861.721,NA,,
AQ_Sctaeniopterus_TP_2021-06-17_135406,2025-06-28 19:04:07,,/Users/ally/Documents/johnson lab/parrotfish bites/AQ_Sctaeniopterus_TP_2021-06-17_135406_002.MP4,1202.130,23.98,No focal subject,Bite,Foraging,None|None|None,POINT,865.218,865.218,NA,,
AQ_Sctaeniopterus_TP_2021-06-17_135406,2025-06-28 19:04:07,,/Users/ally/Documents/johnson lab/parrotfish bites/AQ_Sctaeniopterus_TP_2021-06-17_135406_002.MP4,1202.130,23.98,No focal subject,Bite,Foraging,None|None|None,POINT,865.969,865.969,NA,,
AQ_Sctaeniopterus_TP_2021-06-17_135406,2025-06-28 19:04:07,,/Users/ally/Documents/johnson lab/parrotfish bites/AQ_Sctaeniopterus_TP_2021-06-17_135406_002.MP4,1202.130,23.98,No focal subject,Bite,Foraging,None|None|None,POINT,866.719,866.719,NA,,
AQ_Sctaeniopterus_TP_2021-06-17_135406,2025-06-28 19:04:07,,/Users/ally/Documents/johnson lab/parrotfish bites/AQ_Sctaeniopterus_TP_2021-06-17_135406_002.MP4,1202.130,23.98,No focal subject,Bite,Foraging,None|None|None,POINT,867.722,867.722,NA,,
AQ_Sctaeniopterus_TP_2021-06-17_135406,2025-06-28 19:04:07,,/Users/ally/Documents/johnson lab/parrotfish bites/AQ_Sctaeniopterus_TP_2021-06-17_135406_002.MP4,1202.130,23.98,No focal subject,Bite,Foraging,None|None|None,POINT,868.718,868.718,NA,,
AQ_Sctaeniopterus_TP_2021-06-17_135406,2025-06-28 19:04:07,,/Users/ally/Documents/johnson lab/parrotfish bites/AQ_Sctaeniopterus_TP_2021-06-17_135406_002.MP4,1202.130,23.98,No focal subject,Bite,Foraging,None|None|None,POINT,869.723,869.723,NA,,
AQ_Sctaeniopterus_TP_2021-06-17_135406,2025-06-28 19:04:07,,/Users/ally/Documents/johnson lab/parrotfish bites/AQ_Sctaeniopterus_TP_2021-06-17_135406_002.MP4,1202.130,23.98,No focal subject,Bite,Foraging,None|None|None,POINT,870.723,870.723,NA,,
AQ_Sctaeniopterus_TP_2021-06-17_135406,2025-06-28 19:04:07,,/Users/ally/Documents/johnson lab/parrotfish bites/AQ_Sctaeniopterus_TP_2021-06-17_135406_002.MP4,1202.130,23.98,No focal subject,Bite,Foraging,None|None|None,POINT,871.221,871.221,NA,,
AQ_Sctaeniopterus_TP_2021-06-17_135406,2025-06-28 19:04:07,,/Users/ally/Documents/johnson lab/parrotfish bites/AQ_Sctaeniopterus_TP_2021-06-17_135406_002.MP4,1202.130,23.98,No focal subject,Bite,Foraging,None|None|None,POINT,872.723,872.723,NA,,
AQ_Sctaeniopterus_TP_2021-06-17_135406,2025-06-28 19:04:07,,/Users/ally/Documents/johnson lab/parrotfish bites/AQ_Sctaeniopterus_TP_2021-06-17_135406_002.MP4,1202.130,23.98,No focal subject,Bite,Foraging,None|None|None,POINT,873.721,873.721,NA,,
AQ_Sctaeniopterus_TP_2021-06-17_135406,2025-06-28 19:04:07,,/Users/ally/Documents/johnson lab/parrotfish bites/AQ_Sctaeniopterus_TP_2021-06-17_135406_002.MP4,1202.130,23.98,No focal subject,Bite,Foraging,None|None|None,POINT,874.723,874.723,NA,,
AQ_Sctaeniopterus_TP_2021-06-17_135406,2025-06-28 19:04:07,,/Users/ally/Documents/johnson lab/parrotfish bites/AQ_Sctaeniopterus_TP_2021-06-17_135406_002.MP4,1202.130,23.98,No focal subject,Bite,Foraging,None|None|None,POINT,877.220,877.220,NA,,
AQ_Sctaeniopterus_TP_2021-06-17_135406,2025-06-28 19:04:07,,/Users/ally/Documents/johnson lab/parrotfish bites/AQ_Sctaeniopterus_TP_2021-06-17_135406_002.MP4,1202.130,23.98,No focal subject,Bite,Foraging,None|None|None,POINT,879.220,879.220,NA,,
AQ_Sctaeniopterus_TP_2021-06-17_135406,2025-06-28 19:04:07,,/Users/ally/Documents/johnson lab/parrotfish bites/AQ_Sctaeniopterus_TP_2021-06-17_135406_002.MP4,1202.130,23.98,No focal subject,Bite,Foraging,None|None|None,POINT,880.718,880.718,NA,,
AQ_Sctaeniopterus_TP_2021-06-17_135406,2025-06-28 19:04:07,,/Users/ally/Documents/johnson lab/parrotfish bites/AQ_Sctaeniopterus_TP_2021-06-17_135406_002.MP4,1202.130,23.98,No focal subject,Bite,Foraging,None|None|None,POINT,881.222,881.222,NA,,
AQ_Sctaeniopterus_TP_2021-06-17_135406,2025-06-28 19:04:07,,/Users/ally/Documents/johnson lab/parrotfish bites/AQ_Sctaeniopterus_TP_2021-06-17_135406_002.MP4,1202.130,23.98,No focal subject,Bite,Foraging,None|None|None,POINT,882.225,882.225,NA,,
AQ_Sctaeniopterus_TP_2021-06-17_135406,2025-06-28 19:04:07,,/Users/ally/Documents/johnson lab/parrotfish bites/AQ_Sctaeniopterus_TP_2021-06-17_135406_002.MP4,1202.130,23.98,No focal subject,Bite,Foraging,None|None|None,POINT,882.723,882.723,NA,,
AQ_Sctaeniopterus_TP_2021-06-17_135406,2025-06-28 19:04:07,,/Users/ally/Documents/johnson lab/parrotfish bites/AQ_Sctaeniopterus_TP_2021-06-17_135406_002.MP4,1202.130,23.98,No focal subject,Bite,Foraging,None|None|None,POINT,885.223,885.223,NA,,
AQ_Sctaeniopterus_TP_2021-06-17_135406,2025-06-28 19:04:07,,/Users/ally/Documents/johnson lab/parrotfish bites/AQ_Sctaeniopterus_TP_2021-06-17_135406_002.MP4,1202.130,23.98,No focal subject,Bite,Foraging,None|None|None,POINT,885.994,885.994,NA,,
AQ_Sctaeniopterus_TP_2021-06-17_135406,2025-06-28 19:04:07,,/Users/ally/Documents/johnson lab/parrotfish bites/AQ_Sctaeniopterus_TP_2021-06-17_135406_002.MP4,1202.130,23.98,No focal subject,Bite,Foraging,None|None|None,POINT,887.719,887.719,NA,,
AQ_Sctaeniopterus_TP_2021-06-17_135406,2025-06-28 19:04:07,,/Users/ally/Documents/johnson lab/parrotfish bites/AQ_Sctaeniopterus_TP_2021-06-17_135406_002.MP4,1202.130,23.98,No focal subject,Bite,Foraging,None|None|None,POINT,888.723,888.723,NA,,
AQ_Sctaeniopterus_TP_2021-06-17_135406,2025-06-28 19:04:07,,/Users/ally/Documents/johnson lab/parrotfish bites/AQ_Sctaeniopterus_TP_2021-06-17_135406_002.MP4,1202.130,23.98,No focal subject,Bite,Foraging,None|None|None,POINT,889.968,889.968,NA,,
AQ_Sctaeniopterus_TP_2021-06-17_135406,2025-06-28 19:04:07,,/Users/ally/Documents/johnson lab/parrotfish bites/AQ_Sctaeniopterus_TP_2021-06-17_135406_002.MP4,1202.130,23.98,No focal subject,Bite,Foraging,None|None|None,POINT,894.219,894.219,NA,,
AQ_Sctaeniopterus_TP_2021-06-17_135406,2025-06-28 19:04:07,,/Users/ally/Documents/johnson lab/parrotfish bites/AQ_Sctaeniopterus_TP_2021-06-17_135406_002.MP4,1202.130,23.98,No focal subject,Bite,Foraging,None|None|None,POINT,896.969,896.969,NA,,
AQ_Sctaeniopterus_TP_2021-06-17_135406,2025-06-28 19:04:07,,/Users/ally/Documents/johnson lab/parrotfish bites/AQ_Sctaeniopterus_TP_2021-06-17_135406_002.MP4,1202.130,23.98,No focal subject,Bite,Foraging,None|None|None,POINT,897.718,897.718,NA,,
AQ_Sctaeniopterus_TP_2021-06-17_135406,2025-06-28 19:04:07,,/Users/ally/Documents/johnson lab/parrotfish bites/AQ_Sctaeniopterus_TP_2021-06-17_135406_002.MP4,1202.130,23.98,No focal subject,Bite,Foraging,None|None|None,POINT,899.720,899.720,NA,,
AQ_Sctaeniopterus_TP_2021-06-17_135406,2025-06-28 19:04:07,,/Users/ally/Documents/johnson lab/parrotfish bites/AQ_Sctaeniopterus_TP_2021-06-17_135406_002.MP4,1202.130,23.98,No focal subject,Bite,Foraging,None|None|None,POINT,902.222,902.222,NA,,
AQ_Sctaeniopterus_TP_2021-06-17_135406,2025-06-28 19:04:07,,/Users/ally/Documents/johnson lab/parrotfish bites/AQ_Sctaeniopterus_TP_2021-06-17_135406_002.MP4,1202.130,23.98,No focal subject,Bite,Foraging,None|None|None,POINT,904.222,904.222,NA,,
AQ_Sctaeniopterus_TP_2021-06-17_135406,2025-06-28 19:04:07,,/Users/ally/Documents/johnson lab/parrotfish bites/AQ_Sctaeniopterus_TP_2021-06-17_135406_002.MP4,1202.130,23.98,No focal subject,Bite,Foraging,None|None|None,POINT,904.722,904.722,NA,,
AQ_Sctaeniopterus_TP_2021-06-17_135406,2025-06-28 19:04:07,,/Users/ally/Documents/johnson lab/parrotfish bites/AQ_Sctaeniopterus_TP_2021-06-17_135406_002.MP4,1202.130,23.98,No focal subject,Bite,Foraging,None|None|None,POINT,905.716,905.716,NA,,
AQ_Sctaeniopterus_TP_2021-06-17_135406,2025-06-28 19:04:07,,/Users/ally/Documents/johnson lab/parrotfish bites/AQ_Sctaeniopterus_TP_2021-06-17_135406_002.MP4,1202.130,23.98,No focal subject,Bite,Foraging,None|None|None,POINT,906.720,906.720,NA,,
AQ_Sctaeniopterus_TP_2021-06-17_135406,2025-06-28 19:04:07,,/Users/ally/Documents/johnson lab/parrotfish bites/AQ_Sctaeniopterus_TP_2021-06-17_135406_002.MP4,1202.130,23.98,No focal subject,Bite,Foraging,None|None|None,POINT,907.720,907.720,NA,,
AQ_Sctaeniopterus_TP_2021-06-17_135406,2025-06-28 19:04:07,,/Users/ally/Documents/johnson lab/parrotfish bites/AQ_Sctaeniopterus_TP_2021-06-17_135406_002.MP4,1202.130,23.98,No focal subject,Bite,Foraging,None|None|None,POINT,908.720,908.720,NA,,
AQ_Sctaeniopterus_TP_2021-06-17_135406,2025-06-28 19:04:07,,/Users/ally/Documents/johnson lab/parrotfish bites/AQ_Sctaeniopterus_TP_2021-06-17_135406_002.MP4,1202.130,23.98,No focal subject,Bite,Foraging,None|None|None,POINT,910.221,910.221,NA,,
AQ_Sctaeniopterus_TP_2021-06-17_135406,2025-06-28 19:04:07,,/Users/ally/Documents/johnson lab/parrotfish bites/AQ_Sctaeniopterus_TP_2021-06-17_135406_002.MP4,1202.130,23.98,No focal subject,Bite,Foraging,None|None|None,POINT,910.967,910.967,NA,,
AQ_Sctaeniopterus_TP_2021-06-17_135406,2025-06-28 19:04:07,,/Users/ally/Documents/johnson lab/parrotfish bites/AQ_Sctaeniopterus_TP_2021-06-17_135406_002.MP4,1202.130,23.98,No focal subject,Bite,Foraging,Feces|None|None,POINT,927.223,927.223,NA,,
AQ_Sctaeniopterus_TP_2021-06-17_135406,2025-06-28 19:04:07,,/Users/ally/Documents/johnson lab/parrotfish bites/AQ_Sctaeniopterus_TP_2021-06-17_135406_002.MP4,1202.130,23.98,No focal subject,Bite,Foraging,Feces|None|None,POINT,931.844,931.844,NA,,
AQ_Sctaeniopterus_TP_2021-06-17_135406,2025-06-28 19:04:07,,/Users/ally/Documents/johnson lab/parrotfish bites/AQ_Sctaeniopterus_TP_2021-06-17_135406_002.MP4,1202.130,23.98,No focal subject,Bite,Foraging,None|None|None,POINT,936.343,936.343,NA,,
AQ_Sctaeniopterus_TP_2021-06-17_135406,2025-06-28 19:04:07,,/Users/ally/Documents/johnson lab/parrotfish bites/AQ_Sctaeniopterus_TP_2021-06-17_135406_002.MP4,1202.130,23.98,No focal subject,Bite,Foraging,None|None|None,POINT,937.348,937.348,NA,,
AQ_Sctaeniopterus_TP_2021-06-17_135406,2025-06-28 19:04:07,,/Users/ally/Documents/johnson lab/parrotfish bites/AQ_Sctaeniopterus_TP_2021-06-17_135406_002.MP4,1202.130,23.98,No focal subject,Bite,Foraging,None|None|None,POINT,939.347,939.347,NA,,
AQ_Sctaeniopterus_TP_2021-06-17_135406,2025-06-28 19:04:07,,/Users/ally/Documents/johnson lab/parrotfish bites/AQ_Sctaeniopterus_TP_2021-06-17_135406_002.MP4,1202.130,23.98,No focal subject,Bite,Foraging,None|None|None,POINT,940.847,940.847,NA,,
AQ_Sctaeniopterus_TP_2021-06-17_135406,2025-06-28 19:04:07,,/Users/ally/Documents/johnson lab/parrotfish bites/AQ_Sctaeniopterus_TP_2021-06-17_135406_002.MP4,1202.130,23.98,No focal subject,Bite,Foraging,None|None|None,POINT,944.346,944.346,NA,,
AQ_Sctaeniopterus_TP_2021-06-17_135406,2025-06-28 19:04:07,,/Users/ally/Documents/johnson lab/parrotfish bites/AQ_Sctaeniopterus_TP_2021-06-17_135406_002.MP4,1202.130,23.98,No focal subject,Bite,Foraging,None|None|None,POINT,944.847,944.847,NA,,
AQ_Sctaeniopterus_TP_2021-06-17_135406,2025-06-28 19:04:07,,/Users/ally/Documents/johnson lab/parrotfish bites/AQ_Sctaeniopterus_TP_2021-06-17_135406_002.MP4,1202.130,23.98,No focal subject,Bite,Foraging,None|None|None,POINT,946.849,946.849,NA,,
AQ_Sctaeniopterus_TP_2021-06-17_135406,2025-06-28 19:04:07,,/Users/ally/Documents/johnson lab/parrotfish bites/AQ_Sctaeniopterus_TP_2021-06-17_135406_002.MP4,1202.130,23.98,No focal subject,Bite,Foraging,None|None|None,POINT,949.346,949.346,NA,,
AQ_Sctaeniopterus_TP_2021-06-17_135406,2025-06-28 19:04:07,,/Users/ally/Documents/johnson lab/parrotfish bites/AQ_Sctaeniopterus_TP_2021-06-17_135406_002.MP4,1202.130,23.98,No focal subject,Bite,Foraging,None|None|None,POINT,953.847,953.847,NA,,
AQ_Sctaeniopterus_TP_2021-06-17_135406,2025-06-28 19:04:07,,/Users/ally/Documents/johnson lab/parrotfish bites/AQ_Sctaeniopterus_TP_2021-06-17_135406_002.MP4,1202.130,23.98,No focal subject,Bite,Foraging,None|None|None,POINT,955.846,955.846,NA,,
AQ_Sctaeniopterus_TP_2021-06-17_135406,2025-06-28 19:04:07,,/Users/ally/Documents/johnson lab/parrotfish bites/AQ_Sctaeniopterus_TP_2021-06-17_135406_002.MP4,1202.130,23.98,No focal subject,Bite,Foraging,None|None|None,POINT,958.847,958.847,NA,,
AQ_Sctaeniopterus_TP_2021-06-17_135406,2025-06-28 19:04:07,,/Users/ally/Documents/johnson lab/parrotfish bites/AQ_Sctaeniopterus_TP_2021-06-17_135406_002.MP4,1202.130,23.98,No focal subject,Bite,Foraging,None|None|None,POINT,960.849,960.849,NA,,
AQ_Sctaeniopterus_TP_2021-06-17_135406,2025-06-28 19:04:07,,/Users/ally/Documents/johnson lab/parrotfish bites/AQ_Sctaeniopterus_TP_2021-06-17_135406_002.MP4,1202.130,23.98,No focal subject,Bite,Foraging,None|None|None,POINT,961.846,961.846,NA,,
AQ_Sctaeniopterus_TP_2021-06-17_135406,2025-06-28 19:04:07,,/Users/ally/Documents/johnson lab/parrotfish bites/AQ_Sctaeniopterus_TP_2021-06-17_135406_002.MP4,1202.130,23.98,No focal subject,Bite,Foraging,None|None|None,POINT,962.845,962.845,NA,,
AQ_Sctaeniopterus_TP_2021-06-17_135406,2025-06-28 19:04:07,,/Users/ally/Documents/johnson lab/parrotfish bites/AQ_Sctaeniopterus_TP_2021-06-17_135406_002.MP4,1202.130,23.98,No focal subject,Bite,Foraging,None|None|None,POINT,963.847,963.847,NA,,
AQ_Sctaeniopterus_TP_2021-06-17_135406,2025-06-28 19:04:07,,/Users/ally/Documents/johnson lab/parrotfish bites/AQ_Sctaeniopterus_TP_2021-06-17_135406_002.MP4,1202.130,23.98,No focal subject,Bite,Foraging,None|None|None,POINT,964.848,964.848,NA,,
AQ_Sctaeniopterus_TP_2021-06-17_135406,2025-06-28 19:04:07,,/Users/ally/Documents/johnson lab/parrotfish bites/AQ_Sctaeniopterus_TP_2021-06-17_135406_002.MP4,1202.130,23.98,No focal subject,Bite,Foraging,None|None|None,POINT,966.350,966.350,NA,,
AQ_Sctaeniopterus_TP_2021-06-17_135406,2025-06-28 19:04:07,,/Users/ally/Documents/johnson lab/parrotfish bites/AQ_Sctaeniopterus_TP_2021-06-17_135406_002.MP4,1202.130,23.98,No focal subject,Bite,Foraging,None|None|None,POINT,967.348,967.348,NA,,
AQ_Sctaeniopterus_TP_2021-06-17_135406,2025-06-28 19:04:07,,/Users/ally/Documents/johnson lab/parrotfish bites/AQ_Sctaeniopterus_TP_2021-06-17_135406_002.MP4,1202.130,23.98,No focal subject,Bite,Foraging,None|None|None,POINT,969.849,969.849,NA,,
AQ_Sctaeniopterus_TP_2021-06-17_135406,2025-06-28 19:04:07,,/Users/ally/Documents/johnson lab/parrotfish bites/AQ_Sctaeniopterus_TP_2021-06-17_135406_002.MP4,1202.130,23.98,No focal subject,Bite,Foraging,None|None|None,POINT,970.847,970.847,NA,,
AQ_Sctaeniopterus_TP_2021-06-17_135406,2025-06-28 19:04:07,,/Users/ally/Documents/johnson lab/parrotfish bites/AQ_Sctaeniopterus_TP_2021-06-17_135406_002.MP4,1202.130,23.98,No focal subject,Bite,Foraging,None|None|None,POINT,973.846,973.846,NA,,
AQ_Sctaeniopterus_TP_2021-06-17_135406,2025-06-28 19:04:07,,/Users/ally/Documents/johnson lab/parrotfish bites/AQ_Sctaeniopterus_TP_2021-06-17_135406_002.MP4,1202.130,23.98,No focal subject,Bite,Foraging,None|None|None,POINT,976.346,976.346,NA,,
AQ_Sctaeniopterus_TP_2021-06-17_135406,2025-06-28 19:04:07,,/Users/ally/Documents/johnson lab/parrotfish bites/AQ_Sctaeniopterus_TP_2021-06-17_135406_002.MP4,1202.130,23.98,No focal subject,Bite,Foraging,None|None|None,POINT,976.846,976.846,NA,,
AQ_Sctaeniopterus_TP_2021-06-17_135406,2025-06-28 19:04:07,,/Users/ally/Documents/johnson lab/parrotfish bites/AQ_Sctaeniopterus_TP_2021-06-17_135406_002.MP4,1202.130,23.98,No focal subject,Bite,Foraging,None|None|None,POINT,993.349,993.349,NA,,
AQ_Sctaeniopterus_TP_2021-06-17_135406,2025-06-28 19:04:07,,/Users/ally/Documents/johnson lab/parrotfish bites/AQ_Sctaeniopterus_TP_2021-06-17_135406_002.MP4,1202.130,23.98,No focal subject,Bite,Foraging,None|None|None,POINT,993.845,993.845,NA,,
AQ_Sctaeniopterus_TP_2021-06-17_135406,2025-06-28 19:04:07,,/Users/ally/Documents/johnson lab/parrotfish bites/AQ_Sctaeniopterus_TP_2021-06-17_135406_002.MP4,1202.130,23.98,No focal subject,Bite,Foraging,None|None|None,POINT,994.847,994.847,NA,,
AQ_Sctaeniopterus_TP_2021-06-17_135406,2025-06-28 19:04:07,,/Users/ally/Documents/johnson lab/parrotfish bites/AQ_Sctaeniopterus_TP_2021-06-17_135406_002.MP4,1202.130,23.98,No focal subject,Bite,Foraging,None|None|None,POINT,996.343,996.343,NA,,
AQ_Sctaeniopterus_TP_2021-06-17_135406,2025-06-28 19:04:07,,/Users/ally/Documents/johnson lab/parrotfish bites/AQ_Sctaeniopterus_TP_2021-06-17_135406_002.MP4,1202.130,23.98,No focal subject,Bite,Foraging,None|None|None,POINT,997.846,997.846,NA,,
AQ_Sctaeniopterus_TP_2021-06-17_135406,2025-06-28 19:04:07,,/Users/ally/Documents/johnson lab/parrotfish bites/AQ_Sctaeniopterus_TP_2021-06-17_135406_002.MP4,1202.130,23.98,No focal subject,Bite,Foraging,None|None|None,POINT,998.844,998.844,NA,,
AQ_Sctaeniopterus_TP_2021-06-17_135406,2025-06-28 19:04:07,,/Users/ally/Documents/johnson lab/parrotfish bites/AQ_Sctaeniopterus_TP_2021-06-17_135406_002.MP4,1202.130,23.98,No focal subject,Bite,Foraging,None|None|None,POINT,1000.349,1000.349,NA,,
AQ_Sctaeniopterus_TP_2021-06-17_135406,2025-06-28 19:04:07,,/Users/ally/Documents/johnson lab/parrotfish bites/AQ_Sctaeniopterus_TP_2021-06-17_135406_002.MP4,1202.130,23.98,No focal subject,Bite,Foraging,None|None|None,POINT,1001.348,1001.348,NA,,
AQ_Sctaeniopterus_TP_2021-06-17_135406,2025-06-28 19:04:07,,/Users/ally/Documents/johnson lab/parrotfish bites/AQ_Sctaeniopterus_TP_2021-06-17_135406_002.MP4,1202.130,23.98,No focal subject,Bite,Foraging,None|None|None,POINT,1001.845,1001.845,NA,,
AQ_Sctaeniopterus_TP_2021-06-17_135406,2025-06-28 19:04:07,,/Users/ally/Documents/johnson lab/parrotfish bites/AQ_Sctaeniopterus_TP_2021-06-17_135406_002.MP4,1202.130,23.98,No focal subject,Bite,Foraging,None|None|None,POINT,1003.346,1003.346,NA,,
AQ_Sctaeniopterus_TP_2021-06-17_135406,2025-06-28 19:04:07,,/Users/ally/Documents/johnson lab/parrotfish bites/AQ_Sctaeniopterus_TP_2021-06-17_135406_002.MP4,1202.130,23.98,No focal subject,Bite,Foraging,None|None|None,POINT,1003.846,1003.846,NA,,
AQ_Sctaeniopterus_TP_2021-06-17_135406,2025-06-28 19:04:07,,/Users/ally/Documents/johnson lab/parrotfish bites/AQ_Sctaeniopterus_TP_2021-06-17_135406_002.MP4,1202.130,23.98,No focal subject,Bite,Foraging,None|None|None,POINT,1004.848,1004.848,NA,,
AQ_Sctaeniopterus_TP_2021-06-17_135406,2025-06-28 19:04:07,,/Users/ally/Documents/johnson lab/parrotfish bites/AQ_Sctaeniopterus_TP_2021-06-17_135406_002.MP4,1202.130,23.98,No focal subject,Bite,Foraging,None|None|None,POINT,1009.350,1009.350,NA,,
AQ_Sctaeniopterus_TP_2021-06-17_135406,2025-06-28 19:04:07,,/Users/ally/Documents/johnson lab/parrotfish bites/AQ_Sctaeniopterus_TP_2021-06-17_135406_002.MP4,1202.130,23.98,No focal subject,Bite,Foraging,None|None|None,POINT,1010.351,1010.351,NA,,
AQ_Sctaeniopterus_TP_2021-06-17_135406,2025-06-28 19:04:07,,/Users/ally/Documents/johnson lab/parrotfish bites/AQ_Sctaeniopterus_TP_2021-06-17_135406_002.MP4,1202.130,23.98,No focal subject,Bite,Foraging,None|None|None,POINT,1012.347,1012.347,NA,,
AQ_Sctaeniopterus_TP_2021-06-17_135406,2025-06-28 19:04:07,,/Users/ally/Documents/johnson lab/parrotfish bites/AQ_Sctaeniopterus_TP_2021-06-17_135406_002.MP4,1202.130,23.98,No focal subject,Bite,Foraging,None|None|None,POINT,1013.849,1013.849,NA,,
AQ_Sctaeniopterus_TP_2021-06-17_135406,2025-06-28 19:04:07,,/Users/ally/Documents/johnson lab/parrotfish bites/AQ_Sctaeniopterus_TP_2021-06-17_135406_002.MP4,1202.130,23.98,No focal subject,Bite,Foraging,None|None|None,POINT,1015.350,1015.350,NA,,
AQ_Sctaeniopterus_TP_2021-06-17_135406,2025-06-28 19:04:07,,/Users/ally/Documents/johnson lab/parrotfish bites/AQ_Sctaeniopterus_TP_2021-06-17_135406_002.MP4,1202.130,23.98,No focal subject,Bite,Foraging,None|None|None,POINT,1015.848,1015.848,NA,,
AQ_Sctaeniopterus_TP_2021-06-17_135406,2025-06-28 19:04:07,,/Users/ally/Documents/johnson lab/parrotfish bites/AQ_Sctaeniopterus_TP_2021-06-17_135406_002.MP4,1202.130,23.98,No focal subject,Bite,Foraging,None|None|None,POINT,1016.847,1016.847,NA,,
AQ_Sctaeniopterus_TP_2021-06-17_135406,2025-06-28 19:04:07,,/Users/ally/Documents/johnson lab/parrotfish bites/AQ_Sctaeniopterus_TP_2021-06-17_135406_002.MP4,1202.130,23.98,No focal subject,Bite,Foraging,None|None|None,POINT,1017.849,1017.849,NA,,
AQ_Sctaeniopterus_TP_2021-06-17_135406,2025-06-28 19:04:07,,/Users/ally/Documents/johnson lab/parrotfish bites/AQ_Sctaeniopterus_TP_2021-06-17_135406_002.MP4,1202.130,23.98,No focal subject,Bite,Foraging,None|None|None,POINT,1018.349,1018.349,NA,,
AQ_Sctaeniopterus_TP_2021-06-17_135406,2025-06-28 19:04:07,,/Users/ally/Documents/johnson lab/parrotfish bites/AQ_Sctaeniopterus_TP_2021-06-17_135406_002.MP4,1202.130,23.98,No focal subject,Bite,Foraging,None|None|None,POINT,1019.846,1019.846,NA,,
AQ_Sctaeniopterus_TP_2021-06-17_135406,2025-06-28 19:04:07,,/Users/ally/Documents/johnson lab/parrotfish bites/AQ_Sctaeniopterus_TP_2021-06-17_135406_002.MP4,1202.130,23.98,No focal subject,Bite,Foraging,None|None|None,POINT,1021.848,1021.848,NA,,
AQ_Sctaeniopterus_TP_2021-06-17_135406,2025-06-28 19:04:07,,/Users/ally/Documents/johnson lab/parrotfish bites/AQ_Sctaeniopterus_TP_2021-06-17_135406_002.MP4,1202.130,23.98,No focal subject,Bite,Foraging,None|None|None,POINT,1022.346,1022.346,NA,,
AQ_Sctaeniopterus_TP_2021-06-17_135406,2025-06-28 19:04:07,,/Users/ally/Documents/johnson lab/parrotfish bites/AQ_Sctaeniopterus_TP_2021-06-17_135406_002.MP4,1202.130,23.98,No focal subject,Bite,Foraging,None|None|None,POINT,1023.347,1023.347,NA,,
AQ_Sctaeniopterus_TP_2021-06-17_135406,2025-06-28 19:04:07,,/Users/ally/Documents/johnson lab/parrotfish bites/AQ_Sctaeniopterus_TP_2021-06-17_135406_002.MP4,1202.130,23.98,No focal subject,Bite,Foraging,None|None|None,POINT,1025.348,1025.348,NA,,
AQ_Sctaeniopterus_TP_2021-06-17_135406,2025-06-28 19:04:07,,/Users/ally/Documents/johnson lab/parrotfish bites/AQ_Sctaeniopterus_TP_2021-06-17_135406_002.MP4,1202.130,23.98,No focal subject,Lost Time,Time Keeping,,STATE,1029.439,1050.193,20.754,,
AQ_Sctaeniopterus_TP_2021-06-17_135406,2025-06-28 19:04:07,,/Users/ally/Documents/johnson lab/parrotfish bites/AQ_Sctaeniopterus_TP_2021-06-17_135406_002.MP4,1202.130,23.98,No focal subject,Bite,Foraging,None|None|None,POINT,1051.944,1051.944,NA,,
AQ_Sctaeniopterus_TP_2021-06-17_135406,2025-06-28 19:04:07,,/Users/ally/Documents/johnson lab/parrotfish bites/AQ_Sctaeniopterus_TP_2021-06-17_135406_002.MP4,1202.130,23.98,No focal subject,Bite,Foraging,None|None|None,POINT,1052.944,1052.944,NA,,
AQ_Sctaeniopterus_TP_2021-06-17_135406,2025-06-28 19:04:07,,/Users/ally/Documents/johnson lab/parrotfish bites/AQ_Sctaeniopterus_TP_2021-06-17_135406_002.MP4,1202.130,23.98,No focal subject,Bite,Foraging,None|None|None,POINT,1055.943,1055.943,NA,,
AQ_Sctaeniopterus_TP_2021-06-17_135406,2025-06-28 19:04:07,,/Users/ally/Documents/johnson lab/parrotfish bites/AQ_Sctaeniopterus_TP_2021-06-17_135406_002.MP4,1202.130,23.98,No focal subject,Bite,Foraging,None|None|None,POINT,1063.948,1063.948,NA,,
AQ_Sctaeniopterus_TP_2021-06-17_135406,2025-06-28 19:04:07,,/Users/ally/Documents/johnson lab/parrotfish bites/AQ_Sctaeniopterus_TP_2021-06-17_135406_002.MP4,1202.130,23.98,No focal subject,Bite,Foraging,None|None|None,POINT,1064.445,1064.445,NA,,
AQ_Sctaeniopterus_TP_2021-06-17_135406,2025-06-28 19:04:07,,/Users/ally/Documents/johnson lab/parrotfish bites/AQ_Sctaeniopterus_TP_2021-06-17_135406_002.MP4,1202.130,23.98,No focal subject,Bite,Foraging,None|None|None,POINT,1065.445,1065.445,NA,,
AQ_Sctaeniopterus_TP_2021-06-17_135406,2025-06-28 19:04:07,,/Users/ally/Documents/johnson lab/parrotfish bites/AQ_Sctaeniopterus_TP_2021-06-17_135406_002.MP4,1202.130,23.98,No focal subject,Bite,Foraging,None|None|None,POINT,1066.449,1066.449,NA,,
AQ_Sctaeniopterus_TP_2021-06-17_135406,2025-06-28 19:04:07,,/Users/ally/Documents/johnson lab/parrotfish bites/AQ_Sctaeniopterus_TP_2021-06-17_135406_002.MP4,1202.130,23.98,No focal subject,Bite,Foraging,None|None|None,POINT,1067.950,1067.950,NA,,
AQ_Sctaeniopterus_TP_2021-06-17_135406,2025-06-28 19:04:07,,/Users/ally/Documents/johnson lab/parrotfish bites/AQ_Sctaeniopterus_TP_2021-06-17_135406_002.MP4,1202.130,23.98,No focal subject,Bite,Foraging,None|None|None,POINT,1073.947,1073.947,NA,,
AQ_Sctaeniopterus_TP_2021-06-17_135406,2025-06-28 19:04:07,,/Users/ally/Documents/johnson lab/parrotfish bites/AQ_Sctaeniopterus_TP_2021-06-17_135406_002.MP4,1202.130,23.98,No focal subject,Bite,Foraging,None|None|None,POINT,1074.446,1074.446,NA,,
AQ_Sctaeniopterus_TP_2021-06-17_135406,2025-06-28 19:04:07,,/Users/ally/Documents/johnson lab/parrotfish bites/AQ_Sctaeniopterus_TP_2021-06-17_135406_002.MP4,1202.130,23.98,No focal subject,Bite,Foraging,None|None|None,POINT,1077.445,1077.445,NA,,
AQ_Sctaeniopterus_TP_2021-06-17_135406,2025-06-28 19:04:07,,/Users/ally/Documents/johnson lab/parrotfish bites/AQ_Sctaeniopterus_TP_2021-06-17_135406_002.MP4,1202.130,23.98,No focal subject,Bite,Foraging,None|None|None,POINT,1077.945,1077.945,NA,,
AQ_Sctaeniopterus_TP_2021-06-17_135406,2025-06-28 19:04:07,,/Users/ally/Documents/johnson lab/parrotfish bites/AQ_Sctaeniopterus_TP_2021-06-17_135406_002.MP4,1202.130,23.98,No focal subject,Bite,Foraging,None|None|None,POINT,1079.945,1079.945,NA,,
AQ_Sctaeniopterus_TP_2021-06-17_135406,2025-06-28 19:04:07,,/Users/ally/Documents/johnson lab/parrotfish bites/AQ_Sctaeniopterus_TP_2021-06-17_135406_002.MP4,1202.130,23.98,No focal subject,Bite,Foraging,None|None|None,POINT,1082.945,1082.945,NA,,
AQ_Sctaeniopterus_TP_2021-06-17_135406,2025-06-28 19:04:07,,/Users/ally/Documents/johnson lab/parrotfish bites/AQ_Sctaeniopterus_TP_2021-06-17_135406_002.MP4,1202.130,23.98,No focal subject,Bite,Foraging,None|None|None,POINT,1083.947,1083.947,NA,,
AQ_Sctaeniopterus_TP_2021-06-17_135406,2025-06-28 19:04:07,,/Users/ally/Documents/johnson lab/parrotfish bites/AQ_Sctaeniopterus_TP_2021-06-17_135406_002.MP4,1202.130,23.98,No focal subject,Bite,Foraging,None|None|None,POINT,1084.944,1084.944,NA,,
AQ_Sctaeniopterus_TP_2021-06-17_135406,2025-06-28 19:04:07,,/Users/ally/Documents/johnson lab/parrotfish bites/AQ_Sctaeniopterus_TP_2021-06-17_135406_002.MP4,1202.130,23.98,No focal subject,Bite,Foraging,None|None|None,POINT,1088.945,1088.945,NA,,
AQ_Sctaeniopterus_TP_2021-06-17_135406,2025-06-28 19:04:07,,/Users/ally/Documents/johnson lab/parrotfish bites/AQ_Sctaeniopterus_TP_2021-06-17_135406_002.MP4,1202.130,23.98,No focal subject,Bite,Foraging,None|None|None,POINT,1089.945,1089.945,NA,,
AQ_Sctaeniopterus_TP_2021-06-17_135406,2025-06-28 19:04:07,,/Users/ally/Documents/johnson lab/parrotfish bites/AQ_Sctaeniopterus_TP_2021-06-17_135406_002.MP4,1202.130,23.98,No focal subject,Bite,Foraging,None|None|None,POINT,1090.941,1090.941,NA,,
AQ_Sctaeniopterus_TP_2021-06-17_135406,2025-06-28 19:04:07,,/Users/ally/Documents/johnson lab/parrotfish bites/AQ_Sctaeniopterus_TP_2021-06-17_135406_002.MP4,1202.130,23.98,No focal subject,Bite,Foraging,None|None|None,POINT,1095.947,1095.947,NA,,
AQ_Sctaeniopterus_TP_2021-06-17_135406,2025-06-28 19:04:07,,/Users/ally/Documents/johnson lab/parrotfish bites/AQ_Sctaeniopterus_TP_2021-06-17_135406_002.MP4,1202.130,23.98,No focal subject,Bite,Foraging,None|None|None,POINT,1096.446,1096.446,NA,,
AQ_Sctaeniopterus_TP_2021-06-17_135406,2025-06-28 19:04:07,,/Users/ally/Documents/johnson lab/parrotfish bites/AQ_Sctaeniopterus_TP_2021-06-17_135406_002.MP4,1202.130,23.98,No focal subject,Bite,Foraging,None|None|None,POINT,1097.448,1097.448,NA,,
AQ_Sctaeniopterus_TP_2021-06-17_135406,2025-06-28 19:04:07,,/Users/ally/Documents/johnson lab/parrotfish bites/AQ_Sctaeniopterus_TP_2021-06-17_135406_002.MP4,1202.130,23.98,No focal subject,Bite,Foraging,None|None|None,POINT,1098.445,1098.445,NA,,
AQ_Sctaeniopterus_TP_2021-06-17_135406,2025-06-28 19:04:07,,/Users/ally/Documents/johnson lab/parrotfish bites/AQ_Sctaeniopterus_TP_2021-06-17_135406_002.MP4,1202.130,23.98,No focal subject,Bite,Foraging,None|None|None,POINT,1102.947,1102.947,NA,,
AQ_Sctaeniopterus_TP_2021-06-17_135406,2025-06-28 19:04:07,,/Users/ally/Documents/johnson lab/parrotfish bites/AQ_Sctaeniopterus_TP_2021-06-17_135406_002.MP4,1202.130,23.98,No focal subject,Bite,Foraging,None|None|None,POINT,1103.946,1103.946,NA,,
AQ_Sctaeniopterus_TP_2021-06-17_135406,2025-06-28 19:04:07,,/Users/ally/Documents/johnson lab/parrotfish bites/AQ_Sctaeniopterus_TP_2021-06-17_135406_002.MP4,1202.130,23.98,No focal subject,Bite,Foraging,None|None|None,POINT,1105.447,1105.447,NA,,
AQ_Sctaeniopterus_TP_2021-06-17_135406,2025-06-28 19:04:07,,/Users/ally/Documents/johnson lab/parrotfish bites/AQ_Sctaeniopterus_TP_2021-06-17_135406_002.MP4,1202.130,23.98,No focal subject,Bite,Foraging,None|None|None,POINT,1105.947,1105.947,NA,,
AQ_Sctaeniopterus_TP_2021-06-17_135406,2025-06-28 19:04:07,,/Users/ally/Documents/johnson lab/parrotfish bites/AQ_Sctaeniopterus_TP_2021-06-17_135406_002.MP4,1202.130,23.98,No focal subject,Bite,Foraging,None|None|None,POINT,1108.695,1108.695,NA,,
AQ_Sctaeniopterus_TP_2021-06-17_135406,2025-06-28 19:04:07,,/Users/ally/Documents/johnson lab/parrotfish bites/AQ_Sctaeniopterus_TP_2021-06-17_135406_002.MP4,1202.130,23.98,No focal subject,Bite,Foraging,None|None|None,POINT,1115.447,1115.447,NA,,
AQ_Sctaeniopterus_TP_2021-06-17_135406,2025-06-28 19:04:07,,/Users/ally/Documents/johnson lab/parrotfish bites/AQ_Sctaeniopterus_TP_2021-06-17_135406_002.MP4,1202.130,23.98,No focal subject,Bite,Foraging,None|None|None,POINT,1116.947,1116.947,NA,,
AQ_Sctaeniopterus_TP_2021-06-17_135406,2025-06-28 19:04:07,,/Users/ally/Documents/johnson lab/parrotfish bites/AQ_Sctaeniopterus_TP_2021-06-17_135406_002.MP4,1202.130,23.98,No focal subject,Bite,Foraging,None|None|None,POINT,1120.946,1120.946,NA,,
AQ_Sctaeniopterus_TP_2021-06-17_135406,2025-06-28 19:04:07,,/Users/ally/Documents/johnson lab/parrotfish bites/AQ_Sctaeniopterus_TP_2021-06-17_135406_002.MP4,1202.130,23.98,No focal subject,Bite,Foraging,None|None|None,POINT,1121.445,1121.445,NA,,
AQ_Sctaeniopterus_TP_2021-06-17_135406,2025-06-28 19:04:07,,/Users/ally/Documents/johnson lab/parrotfish bites/AQ_Sctaeniopterus_TP_2021-06-17_135406_002.MP4,1202.130,23.98,No focal subject,Bite,Foraging,None|None|None,POINT,1122.947,1122.947,NA,,
AQ_Sctaeniopterus_TP_2021-06-17_135406,2025-06-28 19:04:07,,/Users/ally/Documents/johnson lab/parrotfish bites/AQ_Sctaeniopterus_TP_2021-06-17_135406_002.MP4,1202.130,23.98,No focal subject,Bite,Foraging,None|None|None,POINT,1125.948,1125.948,NA,,
AQ_Sctaeniopterus_TP_2021-06-17_135406,2025-06-28 19:04:07,,/Users/ally/Documents/johnson lab/parrotfish bites/AQ_Sctaeniopterus_TP_2021-06-17_135406_002.MP4,1202.130,23.98,No focal subject,Bite,Foraging,None|None|None,POINT,1127.446,1127.446,NA,,
AQ_Sctaeniopterus_TP_2021-06-17_135406,2025-06-28 19:04:07,,/Users/ally/Documents/johnson lab/parrotfish bites/AQ_Sctaeniopterus_TP_2021-06-17_135406_002.MP4,1202.130,23.98,No focal subject,Bite,Foraging,None|None|None,POINT,1129.944,1129.944,NA,,
AQ_Sctaeniopterus_TP_2021-06-17_135406,2025-06-28 19:04:07,,/Users/ally/Documents/johnson lab/parrotfish bites/AQ_Sctaeniopterus_TP_2021-06-17_135406_002.MP4,1202.130,23.98,No focal subject,Bite,Foraging,None|None|None,POINT,1130.946,1130.946,NA,,
AQ_Sctaeniopterus_TP_2021-06-17_135406,2025-06-28 19:04:07,,/Users/ally/Documents/johnson lab/parrotfish bites/AQ_Sctaeniopterus_TP_2021-06-17_135406_002.MP4,1202.130,23.98,No focal subject,Bite,Foraging,None|None|None,POINT,1131.944,1131.944,NA,,
AQ_Sctaeniopterus_TP_2021-06-17_135406,2025-06-28 19:04:07,,/Users/ally/Documents/johnson lab/parrotfish bites/AQ_Sctaeniopterus_TP_2021-06-17_135406_002.MP4,1202.130,23.98,No focal subject,Bite,Foraging,None|None|None,POINT,1132.944,1132.944,NA,,
AQ_Sctaeniopterus_TP_2021-06-17_135406,2025-06-28 19:04:07,,/Users/ally/Documents/johnson lab/parrotfish bites/AQ_Sctaeniopterus_TP_2021-06-17_135406_002.MP4,1202.130,23.98,No focal subject,Bite,Foraging,None|None|None,POINT,1133.944,1133.944,NA,,
AQ_Sctaeniopterus_TP_2021-06-17_135406,2025-06-28 19:04:07,,/Users/ally/Documents/johnson lab/parrotfish bites/AQ_Sctaeniopterus_TP_2021-06-17_135406_002.MP4,1202.130,23.98,No focal subject,Bite,Foraging,None|None|None,POINT,1134.445,1134.445,NA,,
AQ_Sctaeniopterus_TP_2021-06-17_135406,2025-06-28 19:04:07,,/Users/ally/Documents/johnson lab/parrotfish bites/AQ_Sctaeniopterus_TP_2021-06-17_135406_002.MP4,1202.130,23.98,No focal subject,Bite,Foraging,None|None|None,POINT,1135.444,1135.444,NA,,
AQ_Sctaeniopterus_TP_2021-06-17_135406,2025-06-28 19:04:07,,/Users/ally/Documents/johnson lab/parrotfish bites/AQ_Sctaeniopterus_TP_2021-06-17_135406_002.MP4,1202.130,23.98,No focal subject,Bite,Foraging,None|None|None,POINT,1136.447,1136.447,NA,,
AQ_Sctaeniopterus_TP_2021-06-17_135406,2025-06-28 19:04:07,,/Users/ally/Documents/johnson lab/parrotfish bites/AQ_Sctaeniopterus_TP_2021-06-17_135406_002.MP4,1202.130,23.98,No focal subject,Bite,Foraging,None|None|None,POINT,1137.944,1137.944,NA,,
AQ_Sctaeniopterus_TP_2021-06-17_135406,2025-06-28 19:04:07,,/Users/ally/Documents/johnson lab/parrotfish bites/AQ_Sctaeniopterus_TP_2021-06-17_135406_002.MP4,1202.130,23.98,No focal subject,Bite,Foraging,None|None|None,POINT,1139.947,1139.947,NA,,
AQ_Sctaeniopterus_TP_2021-06-17_135406,2025-06-28 19:04:07,,/Users/ally/Documents/johnson lab/parrotfish bites/AQ_Sctaeniopterus_TP_2021-06-17_135406_002.MP4,1202.130,23.98,No focal subject,Bite,Foraging,None|None|None,POINT,1140.446,1140.446,NA,,
AQ_Sctaeniopterus_TP_2021-06-17_135406,2025-06-28 19:04:07,,/Users/ally/Documents/johnson lab/parrotfish bites/AQ_Sctaeniopterus_TP_2021-06-17_135406_002.MP4,1202.130,23.98,No focal subject,Bite,Foraging,None|None|None,POINT,1140.945,1140.945,NA,,
AQ_Sctaeniopterus_TP_2021-06-17_135406,2025-06-28 19:04:07,,/Users/ally/Documents/johnson lab/parrotfish bites/AQ_Sctaeniopterus_TP_2021-06-17_135406_002.MP4,1202.130,23.98,No focal subject,Bite,Foraging,None|None|None,POINT,1141.946,1141.946,NA,,
AQ_Sctaeniopterus_TP_2021-06-17_135406,2025-06-28 19:04:07,,/Users/ally/Documents/johnson lab/parrotfish bites/AQ_Sctaeniopterus_TP_2021-06-17_135406_002.MP4,1202.130,23.98,No focal subject,Bite,Foraging,None|None|None,POINT,1143.445,1143.445,NA,,
AQ_Sctaeniopterus_TP_2021-06-17_135406,2025-06-28 19:04:07,,/Users/ally/Documents/johnson lab/parrotfish bites/AQ_Sctaeniopterus_TP_2021-06-17_135406_002.MP4,1202.130,23.98,No focal subject,Bite,Foraging,None|None|None,POINT,1143.945,1143.945,NA,,
AQ_Sctaeniopterus_TP_2021-06-17_135406,2025-06-28 19:04:07,,/Users/ally/Documents/johnson lab/parrotfish bites/AQ_Sctaeniopterus_TP_2021-06-17_135406_002.MP4,1202.130,23.98,No focal subject,Bite,Foraging,None|None|None,POINT,1144.945,1144.945,NA,,
AQ_Sctaeniopterus_TP_2021-06-17_135406,2025-06-28 19:04:07,,/Users/ally/Documents/johnson lab/parrotfish bites/AQ_Sctaeniopterus_TP_2021-06-17_135406_002.MP4,1202.130,23.98,No focal subject,Bite,Foraging,None|None|None,POINT,1146.446,1146.446,NA,,
AQ_Sctaeniopterus_TP_2021-06-17_135406,2025-06-28 19:04:07,,/Users/ally/Documents/johnson lab/parrotfish bites/AQ_Sctaeniopterus_TP_2021-06-17_135406_002.MP4,1202.130,23.98,No focal subject,Bite,Foraging,None|None|None,POINT,1147.446,1147.446,NA,,
AQ_Sctaeniopterus_TP_2021-06-17_135406,2025-06-28 19:04:07,,/Users/ally/Documents/johnson lab/parrotfish bites/AQ_Sctaeniopterus_TP_2021-06-17_135406_002.MP4,1202.130,23.98,No focal subject,Bite,Foraging,None|None|None,POINT,1148.947,1148.947,NA,,
AQ_Sctaeniopterus_TP_2021-06-17_135406,2025-06-28 19:04:07,,/Users/ally/Documents/johnson lab/parrotfish bites/AQ_Sctaeniopterus_TP_2021-06-17_135406_002.MP4,1202.130,23.98,No focal subject,Bite,Foraging,None|None|None,POINT,1149.950,1149.950,NA,,
AQ_Sctaeniopterus_TP_2021-06-17_135406,2025-06-28 19:04:07,,/Users/ally/Documents/johnson lab/parrotfish bites/AQ_Sctaeniopterus_TP_2021-06-17_135406_002.MP4,1202.130,23.98,No focal subject,Bite,Foraging,None|None|None,POINT,1150.948,1150.948,NA,,
AQ_Sctaeniopterus_TP_2021-06-17_135406,2025-06-28 19:04:07,,/Users/ally/Documents/johnson lab/parrotfish bites/AQ_Sctaeniopterus_TP_2021-06-17_135406_002.MP4,1202.130,23.98,No focal subject,Bite,Foraging,None|None|None,POINT,1151.949,1151.949,NA,,
AQ_Sctaeniopterus_TP_2021-06-17_135406,2025-06-28 19:04:07,,/Users/ally/Documents/johnson lab/parrotfish bites/AQ_Sctaeniopterus_TP_2021-06-17_135406_002.MP4,1202.130,23.98,No focal subject,Bite,Foraging,None|None|None,POINT,1168.945,1168.945,NA,,
AQ_Sctaeniopterus_TP_2021-06-17_135406,2025-06-28 19:04:07,,/Users/ally/Documents/johnson lab/parrotfish bites/AQ_Sctaeniopterus_TP_2021-06-17_135406_002.MP4,1202.130,23.98,No focal subject,Bite,Foraging,None|None|None,POINT,1170.445,1170.445,NA,,
AQ_Sctaeniopterus_TP_2021-06-17_135406,2025-06-28 19:04:07,,/Users/ally/Documents/johnson lab/parrotfish bites/AQ_Sctaeniopterus_TP_2021-06-17_135406_002.MP4,1202.130,23.98,No focal subject,Bite,Foraging,None|None|None,POINT,1173.194,1173.194,NA,,
AQ_Sctaeniopterus_TP_2021-06-17_135406,2025-06-28 19:04:07,,/Users/ally/Documents/johnson lab/parrotfish bites/AQ_Sctaeniopterus_TP_2021-06-17_135406_002.MP4,1202.130,23.98,No focal subject,Bite,Foraging,None|None|None,POINT,1173.945,1173.945,NA,,
AQ_Sctaeniopterus_TP_2021-06-17_135406,2025-06-28 19:04:07,,/Users/ally/Documents/johnson lab/parrotfish bites/AQ_Sctaeniopterus_TP_2021-06-17_135406_002.MP4,1202.130,23.98,No focal subject,Bite,Foraging,None|None|None,POINT,1177.941,1177.941,NA,,
AQ_Sctaeniopterus_TP_2021-06-17_135406,2025-06-28 19:04:07,,/Users/ally/Documents/johnson lab/parrotfish bites/AQ_Sctaeniopterus_TP_2021-06-17_135406_002.MP4,1202.130,23.98,No focal subject,Bite,Foraging,None|None|None,POINT,1178.948,1178.948,NA,,
AQ_Sctaeniopterus_TP_2021-06-17_135406,2025-06-28 19:04:07,,/Users/ally/Documents/johnson lab/parrotfish bites/AQ_Sctaeniopterus_TP_2021-06-17_135406_002.MP4,1202.130,23.98,No focal subject,Bite,Foraging,None|None|None,POINT,1180.446,1180.446,NA,,
AQ_Sctaeniopterus_TP_2021-06-17_135406,2025-06-28 19:04:07,,/Users/ally/Documents/johnson lab/parrotfish bites/AQ_Sctaeniopterus_TP_2021-06-17_135406_002.MP4,1202.130,23.98,No focal subject,Bite,Foraging,None|None|None,POINT,1182.948,1182.948,NA,,
AQ_Sctaeniopterus_TP_2021-06-17_135406,2025-06-28 19:04:07,,/Users/ally/Documents/johnson lab/parrotfish bites/AQ_Sctaeniopterus_TP_2021-06-17_135406_002.MP4,1202.130,23.98,No focal subject,Bite,Foraging,None|None|None,POINT,1186.449,1186.449,NA,,
AQ_Sctaeniopterus_TP_2021-06-17_135406,2025-06-28 19:04:07,,/Users/ally/Documents/johnson lab/parrotfish bites/AQ_Sctaeniopterus_TP_2021-06-17_135406_002.MP4,1202.130,23.98,No focal subject,Bite,Foraging,None|None|None,POINT,1187.694,1187.694,NA,,
AQ_Sctaeniopterus_TP_2021-06-17_135406,2025-06-28 19:04:07,,/Users/ally/Documents/johnson lab/parrotfish bites/AQ_Sctaeniopterus_TP_2021-06-17_135406_002.MP4,1202.130,23.98,No focal subject,Bite,Foraging,None|None|None,POINT,1192.947,1192.947,NA,,
AQ_Sctaeniopterus_TP_2021-06-17_135406,2025-06-28 19:04:07,,/Users/ally/Documents/johnson lab/parrotfish bites/AQ_Sctaeniopterus_TP_2021-06-17_135406_002.MP4,1202.130,23.98,No focal subject,Bite,Foraging,None|None|None,POINT,1194.195,1194.195,NA,,
AQ_Sctaeniopterus_TP_2021-06-17_135406,2025-06-28 19:04:07,,/Users/ally/Documents/johnson lab/parrotfish bites/AQ_Sctaeniopterus_TP_2021-06-17_135406_002.MP4,1202.130,23.98,No focal subject,Watch Time,Time Keeping,135357,POINT,1198.946,1198.946,NA,,
