Observation id,Observation date,Description,Media file,Total length,FPS,Subject,Behavior,Behavioral category,Modifiers,Behavior type,Start (s),Stop (s),Duration (s),Comment start,Comment stop
AQ_Sctaeniopterus_TP_2021-06-14_113532,6/19/2025 17:08,,/Users/ally/Documents/johnson lab/parrotfish bites/AQ_Sctaeniopterus_TP_2021-06-14_113532_001.MP4,1277.51,23.98,No focal subject,Watch Time,Time Keeping,111412,POINT,7.413,7.413,NA,,
AQ_Sctaeniopterus_TP_2021-06-14_113532,6/19/2025 17:08,,/Users/ally/Documents/johnson lab/parrotfish bites/AQ_Sctaeniopterus_TP_2021-06-14_113532_001.MP4,1277.51,23.98,No focal subject,START/STOP,Time Keeping,,STATE,8.412,1273.131,1264.719,,
AQ_Sctaeniopterus_TP_2021-06-14_113532,6/19/2025 17:08,,/Users/ally/Documents/johnson lab/parrotfish bites/AQ_Sctaeniopterus_TP_2021-06-14_113532_001.MP4,1277.51,23.98,No focal subject,Bite,Foraging,None|None|None,POINT,18.913,18.913,NA,,
AQ_Sctaeniopterus_TP_2021-06-14_113532,6/19/2025 17:08,,/Users/ally/Documents/johnson lab/parrotfish bites/AQ_Sctaeniopterus_TP_2021-06-14_113532_001.MP4,1277.51,23.98,No focal subject,Bite,Foraging,None|None|None,POINT,20.911,20.911,NA,,
AQ_Sctaeniopterus_TP_2021-06-14_113532,6/19/2025 17:08,,/Users/ally/Documents/johnson lab/parrotfish bites/AQ_Sctaeniopterus_TP_2021-06-14_113532_001.MP4,1277.51,23.98,No focal subject,Bite,Foraging,None|None|None,POINT,21.412,21.412,NA,,
AQ_Sctaeniopterus_TP_2021-06-14_113532,6/19/2025 17:08,,/Users/ally/Documents/johnson lab/parrotfish bites/AQ_Sctaeniopterus_TP_2021-06-14_113532_001.MP4,1277.51,23.98,No focal subject,Bite,Foraging,None|None|None,POINT,21.911,21.911,NA,,
AQ_Sctaeniopterus_TP_2021-06-14_113532,6/19/2025 17:08,,/Users/ally/Documents/johnson lab/parrotfish bites/AQ_Sctaeniopterus_TP_2021-06-14_113532_001.MP4,1277.51,23.98,No focal subject,Bite,Foraging,None|None|None,POINT,22.412,22.412,NA,,
AQ_Sctaeniopterus_TP_2021-06-14_113532,6/19/2025 17:08,,/Users/ally/Documents/johnson lab/parrotfish bites/AQ_Sctaeniopterus_TP_2021-06-14_113532_001.MP4,1277.51,23.98,No focal subject,Bite,Foraging,None|None|None,POINT,23.161,23.161,NA,,
AQ_Sctaeniopterus_TP_2021-06-14_113532,6/19/2025 17:08,,/Users/ally/Documents/johnson lab/parrotfish bites/AQ_Sctaeniopterus_TP_2021-06-14_113532_001.MP4,1277.51,23.98,No focal subject,Bite,Foraging,None|None|None,POINT,23.913,23.913,NA,,
AQ_Sctaeniopterus_TP_2021-06-14_113532,6/19/2025 17:08,,/Users/ally/Documents/johnson lab/parrotfish bites/AQ_Sctaeniopterus_TP_2021-06-14_113532_001.MP4,1277.51,23.98,No focal subject,Bite,Foraging,None|None|None,POINT,24.412,24.412,NA,,
AQ_Sctaeniopterus_TP_2021-06-14_113532,6/19/2025 17:08,,/Users/ally/Documents/johnson lab/parrotfish bites/AQ_Sctaeniopterus_TP_2021-06-14_113532_001.MP4,1277.51,23.98,No focal subject,Bite,Foraging,None|None|None,POINT,25.414,25.414,NA,,
AQ_Sctaeniopterus_TP_2021-06-14_113532,6/19/2025 17:08,,/Users/ally/Documents/johnson lab/parrotfish bites/AQ_Sctaeniopterus_TP_2021-06-14_113532_001.MP4,1277.51,23.98,No focal subject,Bite,Foraging,None|None|None,POINT,25.912,25.912,NA,,
AQ_Sctaeniopterus_TP_2021-06-14_113532,6/19/2025 17:08,,/Users/ally/Documents/johnson lab/parrotfish bites/AQ_Sctaeniopterus_TP_2021-06-14_113532_001.MP4,1277.51,23.98,No focal subject,Bite,Foraging,None|None|None,POINT,26.913,26.913,NA,,
AQ_Sctaeniopterus_TP_2021-06-14_113532,6/19/2025 17:08,,/Users/ally/Documents/johnson lab/parrotfish bites/AQ_Sctaeniopterus_TP_2021-06-14_113532_001.MP4,1277.51,23.98,No focal subject,Bite,Foraging,None|None|None,POINT,27.913,27.913,NA,,
AQ_Sctaeniopterus_TP_2021-06-14_113532,6/19/2025 17:08,,/Users/ally/Documents/johnson lab/parrotfish bites/AQ_Sctaeniopterus_TP_2021-06-14_113532_001.MP4,1277.51,23.98,No focal subject,Bite,Foraging,None|None|None,POINT,28.91,28.91,NA,,
AQ_Sctaeniopterus_TP_2021-06-14_113532,6/19/2025 17:08,,/Users/ally/Documents/johnson lab/parrotfish bites/AQ_Sctaeniopterus_TP_2021-06-14_113532_001.MP4,1277.51,23.98,No focal subject,Bite,Foraging,None|None|None,POINT,29.911,29.911,NA,,
AQ_Sctaeniopterus_TP_2021-06-14_113532,6/19/2025 17:08,,/Users/ally/Documents/johnson lab/parrotfish bites/AQ_Sctaeniopterus_TP_2021-06-14_113532_001.MP4,1277.51,23.98,No focal subject,Bite,Foraging,None|None|None,POINT,30.412,30.412,NA,,
AQ_Sctaeniopterus_TP_2021-06-14_113532,6/19/2025 17:08,,/Users/ally/Documents/johnson lab/parrotfish bites/AQ_Sctaeniopterus_TP_2021-06-14_113532_001.MP4,1277.51,23.98,No focal subject,Bite,Foraging,None|None|None,POINT,31.407,31.407,NA,,
AQ_Sctaeniopterus_TP_2021-06-14_113532,6/19/2025 17:08,,/Users/ally/Documents/johnson lab/parrotfish bites/AQ_Sctaeniopterus_TP_2021-06-14_113532_001.MP4,1277.51,23.98,No focal subject,Bite,Foraging,None|None|None,POINT,31.912,31.912,NA,,
AQ_Sctaeniopterus_TP_2021-06-14_113532,6/19/2025 17:08,,/Users/ally/Documents/johnson lab/parrotfish bites/AQ_Sctaeniopterus_TP_2021-06-14_113532_001.MP4,1277.51,23.98,No focal subject,Bite,Foraging,None|None|None,POINT,35.411,35.411,NA,,
AQ_Sctaeniopterus_TP_2021-06-14_113532,6/19/2025 17:08,,/Users/ally/Documents/johnson lab/parrotfish bites/AQ_Sctaeniopterus_TP_2021-06-14_113532_001.MP4,1277.51,23.98,No focal subject,Bite,Foraging,None|None|None,POINT,37.161,37.161,NA,,
AQ_Sctaeniopterus_TP_2021-06-14_113532,6/19/2025 17:08,,/Users/ally/Documents/johnson lab/parrotfish bites/AQ_Sctaeniopterus_TP_2021-06-14_113532_001.MP4,1277.51,23.98,No focal subject,Bite,Foraging,None|None|None,POINT,38.911,38.911,NA,,
AQ_Sctaeniopterus_TP_2021-06-14_113532,6/19/2025 17:08,,/Users/ally/Documents/johnson lab/parrotfish bites/AQ_Sctaeniopterus_TP_2021-06-14_113532_001.MP4,1277.51,23.98,No focal subject,Bite,Foraging,None|None|None,POINT,39.913,39.913,NA,,
AQ_Sctaeniopterus_TP_2021-06-14_113532,6/19/2025 17:08,,/Users/ally/Documents/johnson lab/parrotfish bites/AQ_Sctaeniopterus_TP_2021-06-14_113532_001.MP4,1277.51,23.98,No focal subject,Bite,Foraging,None|None|None,POINT,41.414,41.414,NA,,
AQ_Sctaeniopterus_TP_2021-06-14_113532,6/19/2025 17:08,,/Users/ally/Documents/johnson lab/parrotfish bites/AQ_Sctaeniopterus_TP_2021-06-14_113532_001.MP4,1277.51,23.98,No focal subject,Bite,Foraging,None|None|None,POINT,41.911,41.911,NA,,
AQ_Sctaeniopterus_TP_2021-06-14_113532,6/19/2025 17:08,,/Users/ally/Documents/johnson lab/parrotfish bites/AQ_Sctaeniopterus_TP_2021-06-14_113532_001.MP4,1277.51,23.98,No focal subject,Bite,Foraging,None|None|None,POINT,42.41,42.41,NA,,
AQ_Sctaeniopterus_TP_2021-06-14_113532,6/19/2025 17:08,,/Users/ally/Documents/johnson lab/parrotfish bites/AQ_Sctaeniopterus_TP_2021-06-14_113532_001.MP4,1277.51,23.98,No focal subject,Bite,Foraging,None|None|None,POINT,43.412,43.412,NA,,
AQ_Sctaeniopterus_TP_2021-06-14_113532,6/19/2025 17:08,,/Users/ally/Documents/johnson lab/parrotfish bites/AQ_Sctaeniopterus_TP_2021-06-14_113532_001.MP4,1277.51,23.98,No focal subject,Bite,Foraging,None|None|None,POINT,43.913,43.913,NA,,
AQ_Sctaeniopterus_TP_2021-06-14_113532,6/19/2025 17:08,,/Users/ally/Documents/johnson lab/parrotfish bites/AQ_Sctaeniopterus_TP_2021-06-14_113532_001.MP4,1277.51,23.98,No focal subject,Bite,Foraging,None|None|None,POINT,44.411,44.411,NA,,
AQ_Sctaeniopterus_TP_2021-06-14_113532,6/19/2025 17:08,,/Users/ally/Documents/johnson lab/parrotfish bites/AQ_Sctaeniopterus_TP_2021-06-14_113532_001.MP4,1277.51,23.98,No focal subject,Bite,Foraging,None|None|None,POINT,65.913,65.913,NA,,
AQ_Sctaeniopterus_TP_2021-06-14_113532,6/19/2025 17:08,,/Users/ally/Documents/johnson lab/parrotfish bites/AQ_Sctaeniopterus_TP_2021-06-14_113532_001.MP4,1277.51,23.98,No focal subject,Bite,Foraging,None|None|None,POINT,69.41,69.41,NA,,
AQ_Sctaeniopterus_TP_2021-06-14_113532,6/19/2025 17:08,,/Users/ally/Documents/johnson lab/parrotfish bites/AQ_Sctaeniopterus_TP_2021-06-14_113532_001.MP4,1277.51,23.98,No focal subject,Bite,Foraging,None|None|None,POINT,70.913,70.913,NA,,
AQ_Sctaeniopterus_TP_2021-06-14_113532,6/19/2025 17:08,,/Users/ally/Documents/johnson lab/parrotfish bites/AQ_Sctaeniopterus_TP_2021-06-14_113532_001.MP4,1277.51,23.98,No focal subject,Bite,Foraging,None|None|None,POINT,72.413,72.413,NA,,
AQ_Sctaeniopterus_TP_2021-06-14_113532,6/19/2025 17:08,,/Users/ally/Documents/johnson lab/parrotfish bites/AQ_Sctaeniopterus_TP_2021-06-14_113532_001.MP4,1277.51,23.98,No focal subject,Bite,Foraging,None|None|None,POINT,73.411,73.411,NA,,
AQ_Sctaeniopterus_TP_2021-06-14_113532,6/19/2025 17:08,,/Users/ally/Documents/johnson lab/parrotfish bites/AQ_Sctaeniopterus_TP_2021-06-14_113532_001.MP4,1277.51,23.98,No focal subject,Bite,Foraging,None|None|None,POINT,75.411,75.411,NA,,
AQ_Sctaeniopterus_TP_2021-06-14_113532,6/19/2025 17:08,,/Users/ally/Documents/johnson lab/parrotfish bites/AQ_Sctaeniopterus_TP_2021-06-14_113532_001.MP4,1277.51,23.98,No focal subject,Bite,Foraging,None|None|None,POINT,75.913,75.913,NA,,
AQ_Sctaeniopterus_TP_2021-06-14_113532,6/19/2025 17:08,,/Users/ally/Documents/johnson lab/parrotfish bites/AQ_Sctaeniopterus_TP_2021-06-14_113532_001.MP4,1277.51,23.98,No focal subject,Bite,Foraging,None|None|None,POINT,76.912,76.912,NA,,
AQ_Sctaeniopterus_TP_2021-06-14_113532,6/19/2025 17:08,,/Users/ally/Documents/johnson lab/parrotfish bites/AQ_Sctaeniopterus_TP_2021-06-14_113532_001.MP4,1277.51,23.98,No focal subject,Bite,Foraging,None|None|None,POINT,77.411,77.411,NA,,
AQ_Sctaeniopterus_TP_2021-06-14_113532,6/19/2025 17:08,,/Users/ally/Documents/johnson lab/parrotfish bites/AQ_Sctaeniopterus_TP_2021-06-14_113532_001.MP4,1277.51,23.98,No focal subject,Bite,Foraging,None|None|None,POINT,80.413,80.413,NA,,
AQ_Sctaeniopterus_TP_2021-06-14_113532,6/19/2025 17:08,,/Users/ally/Documents/johnson lab/parrotfish bites/AQ_Sctaeniopterus_TP_2021-06-14_113532_001.MP4,1277.51,23.98,No focal subject,Bite,Foraging,None|None|None,POINT,81.413,81.413,NA,,
AQ_Sctaeniopterus_TP_2021-06-14_113532,6/19/2025 17:08,,/Users/ally/Documents/johnson lab/parrotfish bites/AQ_Sctaeniopterus_TP_2021-06-14_113532_001.MP4,1277.51,23.98,No focal subject,Bite,Foraging,None|None|None,POINT,82.412,82.412,NA,,
AQ_Sctaeniopterus_TP_2021-06-14_113532,6/19/2025 17:08,,/Users/ally/Documents/johnson lab/parrotfish bites/AQ_Sctaeniopterus_TP_2021-06-14_113532_001.MP4,1277.51,23.98,No focal subject,Bite,Foraging,None|None|None,POINT,83.161,83.161,NA,,
AQ_Sctaeniopterus_TP_2021-06-14_113532,6/19/2025 17:08,,/Users/ally/Documents/johnson lab/parrotfish bites/AQ_Sctaeniopterus_TP_2021-06-14_113532_001.MP4,1277.51,23.98,No focal subject,Bite,Foraging,None|None|None,POINT,84.16,84.16,NA,,
AQ_Sctaeniopterus_TP_2021-06-14_113532,6/19/2025 17:08,,/Users/ally/Documents/johnson lab/parrotfish bites/AQ_Sctaeniopterus_TP_2021-06-14_113532_001.MP4,1277.51,23.98,No focal subject,Bite,Foraging,None|None|None,POINT,85.414,85.414,NA,,
AQ_Sctaeniopterus_TP_2021-06-14_113532,6/19/2025 17:08,,/Users/ally/Documents/johnson lab/parrotfish bites/AQ_Sctaeniopterus_TP_2021-06-14_113532_001.MP4,1277.51,23.98,No focal subject,Bite,Foraging,None|None|None,POINT,88.413,88.413,NA,,
AQ_Sctaeniopterus_TP_2021-06-14_113532,6/19/2025 17:08,,/Users/ally/Documents/johnson lab/parrotfish bites/AQ_Sctaeniopterus_TP_2021-06-14_113532_001.MP4,1277.51,23.98,No focal subject,Bite,Foraging,None|None|None,POINT,89.913,89.913,NA,,
AQ_Sctaeniopterus_TP_2021-06-14_113532,6/19/2025 17:08,,/Users/ally/Documents/johnson lab/parrotfish bites/AQ_Sctaeniopterus_TP_2021-06-14_113532_001.MP4,1277.51,23.98,No focal subject,Bite,Foraging,None|None|None,POINT,90.412,90.412,NA,,
AQ_Sctaeniopterus_TP_2021-06-14_113532,6/19/2025 17:08,,/Users/ally/Documents/johnson lab/parrotfish bites/AQ_Sctaeniopterus_TP_2021-06-14_113532_001.MP4,1277.51,23.98,No focal subject,Bite,Foraging,None|None|None,POINT,92.413,92.413,NA,,
AQ_Sctaeniopterus_TP_2021-06-14_113532,6/19/2025 17:08,,/Users/ally/Documents/johnson lab/parrotfish bites/AQ_Sctaeniopterus_TP_2021-06-14_113532_001.MP4,1277.51,23.98,No focal subject,Bite,Foraging,None|None|None,POINT,93.411,93.411,NA,,
AQ_Sctaeniopterus_TP_2021-06-14_113532,6/19/2025 17:08,,/Users/ally/Documents/johnson lab/parrotfish bites/AQ_Sctaeniopterus_TP_2021-06-14_113532_001.MP4,1277.51,23.98,No focal subject,Bite,Foraging,None|None|None,POINT,95.907,95.907,NA,,
AQ_Sctaeniopterus_TP_2021-06-14_113532,6/19/2025 17:08,,/Users/ally/Documents/johnson lab/parrotfish bites/AQ_Sctaeniopterus_TP_2021-06-14_113532_001.MP4,1277.51,23.98,No focal subject,Bite,Foraging,None|None|None,POINT,96.911,96.911,NA,,
AQ_Sctaeniopterus_TP_2021-06-14_113532,6/19/2025 17:08,,/Users/ally/Documents/johnson lab/parrotfish bites/AQ_Sctaeniopterus_TP_2021-06-14_113532_001.MP4,1277.51,23.98,No focal subject,Bite,Foraging,None|None|None,POINT,114.411,114.411,NA,,
AQ_Sctaeniopterus_TP_2021-06-14_113532,6/19/2025 17:08,,/Users/ally/Documents/johnson lab/parrotfish bites/AQ_Sctaeniopterus_TP_2021-06-14_113532_001.MP4,1277.51,23.98,No focal subject,Bite,Foraging,None|None|None,POINT,115.912,115.912,NA,,
AQ_Sctaeniopterus_TP_2021-06-14_113532,6/19/2025 17:08,,/Users/ally/Documents/johnson lab/parrotfish bites/AQ_Sctaeniopterus_TP_2021-06-14_113532_001.MP4,1277.51,23.98,No focal subject,Bite,Foraging,None|None|None,POINT,120.414,120.414,NA,,
AQ_Sctaeniopterus_TP_2021-06-14_113532,6/19/2025 17:08,,/Users/ally/Documents/johnson lab/parrotfish bites/AQ_Sctaeniopterus_TP_2021-06-14_113532_001.MP4,1277.51,23.98,No focal subject,Bite,Foraging,None|None|None,POINT,121.411,121.411,NA,,
AQ_Sctaeniopterus_TP_2021-06-14_113532,6/19/2025 17:08,,/Users/ally/Documents/johnson lab/parrotfish bites/AQ_Sctaeniopterus_TP_2021-06-14_113532_001.MP4,1277.51,23.98,No focal subject,Bite,Foraging,None|None|None,POINT,122.914,122.914,NA,,
AQ_Sctaeniopterus_TP_2021-06-14_113532,6/19/2025 17:08,,/Users/ally/Documents/johnson lab/parrotfish bites/AQ_Sctaeniopterus_TP_2021-06-14_113532_001.MP4,1277.51,23.98,No focal subject,Bite,Foraging,None|None|None,POINT,123.412,123.412,NA,,
AQ_Sctaeniopterus_TP_2021-06-14_113532,6/19/2025 17:08,,/Users/ally/Documents/johnson lab/parrotfish bites/AQ_Sctaeniopterus_TP_2021-06-14_113532_001.MP4,1277.51,23.98,No focal subject,Bite,Foraging,None|None|None,POINT,125.913,125.913,NA,,
AQ_Sctaeniopterus_TP_2021-06-14_113532,6/19/2025 17:08,,/Users/ally/Documents/johnson lab/parrotfish bites/AQ_Sctaeniopterus_TP_2021-06-14_113532_001.MP4,1277.51,23.98,No focal subject,Bite,Foraging,None|None|None,POINT,126.912,126.912,NA,,
AQ_Sctaeniopterus_TP_2021-06-14_113532,6/19/2025 17:08,,/Users/ally/Documents/johnson lab/parrotfish bites/AQ_Sctaeniopterus_TP_2021-06-14_113532_001.MP4,1277.51,23.98,No focal subject,Bite,Foraging,None|None|None,POINT,127.912,127.912,NA,,
AQ_Sctaeniopterus_TP_2021-06-14_113532,6/19/2025 17:08,,/Users/ally/Documents/johnson lab/parrotfish bites/AQ_Sctaeniopterus_TP_2021-06-14_113532_001.MP4,1277.51,23.98,No focal subject,Bite,Foraging,None|None|None,POINT,140.913,140.913,NA,,
AQ_Sctaeniopterus_TP_2021-06-14_113532,6/19/2025 17:08,,/Users/ally/Documents/johnson lab/parrotfish bites/AQ_Sctaeniopterus_TP_2021-06-14_113532_001.MP4,1277.51,23.98,No focal subject,Bite,Foraging,None|None|None,POINT,141.913,141.913,NA,,
AQ_Sctaeniopterus_TP_2021-06-14_113532,6/19/2025 17:08,,/Users/ally/Documents/johnson lab/parrotfish bites/AQ_Sctaeniopterus_TP_2021-06-14_113532_001.MP4,1277.51,23.98,No focal subject,Bite,Foraging,None|None|None,POINT,142.913,142.913,NA,,
AQ_Sctaeniopterus_TP_2021-06-14_113532,6/19/2025 17:08,,/Users/ally/Documents/johnson lab/parrotfish bites/AQ_Sctaeniopterus_TP_2021-06-14_113532_001.MP4,1277.51,23.98,No focal subject,Bite,Foraging,None|None|None,POINT,143.912,143.912,NA,,
AQ_Sctaeniopterus_TP_2021-06-14_113532,6/19/2025 17:08,,/Users/ally/Documents/johnson lab/parrotfish bites/AQ_Sctaeniopterus_TP_2021-06-14_113532_001.MP4,1277.51,23.98,No focal subject,Bite,Foraging,None|None|None,POINT,146.412,146.412,NA,,
AQ_Sctaeniopterus_TP_2021-06-14_113532,6/19/2025 17:08,,/Users/ally/Documents/johnson lab/parrotfish bites/AQ_Sctaeniopterus_TP_2021-06-14_113532_001.MP4,1277.51,23.98,No focal subject,Bite,Foraging,None|None|None,POINT,146.912,146.912,NA,,
AQ_Sctaeniopterus_TP_2021-06-14_113532,6/19/2025 17:08,,/Users/ally/Documents/johnson lab/parrotfish bites/AQ_Sctaeniopterus_TP_2021-06-14_113532_001.MP4,1277.51,23.98,No focal subject,Bite,Foraging,None|None|None,POINT,147.412,147.412,NA,,
AQ_Sctaeniopterus_TP_2021-06-14_113532,6/19/2025 17:08,,/Users/ally/Documents/johnson lab/parrotfish bites/AQ_Sctaeniopterus_TP_2021-06-14_113532_001.MP4,1277.51,23.98,No focal subject,Bite,Foraging,None|None|None,POINT,147.911,147.911,NA,,
AQ_Sctaeniopterus_TP_2021-06-14_113532,6/19/2025 17:08,,/Users/ally/Documents/johnson lab/parrotfish bites/AQ_Sctaeniopterus_TP_2021-06-14_113532_001.MP4,1277.51,23.98,No focal subject,Bite,Foraging,None|None|None,POINT,148.912,148.912,NA,,
AQ_Sctaeniopterus_TP_2021-06-14_113532,6/19/2025 17:08,,/Users/ally/Documents/johnson lab/parrotfish bites/AQ_Sctaeniopterus_TP_2021-06-14_113532_001.MP4,1277.51,23.98,No focal subject,Bite,Foraging,None|None|None,POINT,155.415,155.415,NA,,
AQ_Sctaeniopterus_TP_2021-06-14_113532,6/19/2025 17:08,,/Users/ally/Documents/johnson lab/parrotfish bites/AQ_Sctaeniopterus_TP_2021-06-14_113532_001.MP4,1277.51,23.98,No focal subject,Bite,Foraging,None|None|None,POINT,155.914,155.914,NA,,
AQ_Sctaeniopterus_TP_2021-06-14_113532,6/19/2025 17:08,,/Users/ally/Documents/johnson lab/parrotfish bites/AQ_Sctaeniopterus_TP_2021-06-14_113532_001.MP4,1277.51,23.98,No focal subject,Bite,Foraging,None|None|None,POINT,156.408,156.408,NA,,
AQ_Sctaeniopterus_TP_2021-06-14_113532,6/19/2025 17:08,,/Users/ally/Documents/johnson lab/parrotfish bites/AQ_Sctaeniopterus_TP_2021-06-14_113532_001.MP4,1277.51,23.98,No focal subject,Bite,Foraging,None|None|None,POINT,157.412,157.412,NA,,
AQ_Sctaeniopterus_TP_2021-06-14_113532,6/19/2025 17:08,,/Users/ally/Documents/johnson lab/parrotfish bites/AQ_Sctaeniopterus_TP_2021-06-14_113532_001.MP4,1277.51,23.98,No focal subject,Bite,Foraging,None|None|None,POINT,158.412,158.412,NA,,
AQ_Sctaeniopterus_TP_2021-06-14_113532,6/19/2025 17:08,,/Users/ally/Documents/johnson lab/parrotfish bites/AQ_Sctaeniopterus_TP_2021-06-14_113532_001.MP4,1277.51,23.98,No focal subject,Bite,Foraging,None|None|None,POINT,159.413,159.413,NA,,
AQ_Sctaeniopterus_TP_2021-06-14_113532,6/19/2025 17:08,,/Users/ally/Documents/johnson lab/parrotfish bites/AQ_Sctaeniopterus_TP_2021-06-14_113532_001.MP4,1277.51,23.98,No focal subject,Bite,Foraging,None|None|None,POINT,160.414,160.414,NA,,
AQ_Sctaeniopterus_TP_2021-06-14_113532,6/19/2025 17:08,,/Users/ally/Documents/johnson lab/parrotfish bites/AQ_Sctaeniopterus_TP_2021-06-14_113532_001.MP4,1277.51,23.98,No focal subject,Bite,Foraging,None|None|None,POINT,179.911,179.911,NA,,
AQ_Sctaeniopterus_TP_2021-06-14_113532,6/19/2025 17:08,,/Users/ally/Documents/johnson lab/parrotfish bites/AQ_Sctaeniopterus_TP_2021-06-14_113532_001.MP4,1277.51,23.98,No focal subject,Bite,Foraging,None|None|None,POINT,180.911,180.911,NA,,
AQ_Sctaeniopterus_TP_2021-06-14_113532,6/19/2025 17:08,,/Users/ally/Documents/johnson lab/parrotfish bites/AQ_Sctaeniopterus_TP_2021-06-14_113532_001.MP4,1277.51,23.98,No focal subject,Bite,Foraging,None|None|None,POINT,181.911,181.911,NA,,
AQ_Sctaeniopterus_TP_2021-06-14_113532,6/19/2025 17:08,,/Users/ally/Documents/johnson lab/parrotfish bites/AQ_Sctaeniopterus_TP_2021-06-14_113532_001.MP4,1277.51,23.98,No focal subject,Bite,Foraging,None|None|None,POINT,183.414,183.414,NA,,
AQ_Sctaeniopterus_TP_2021-06-14_113532,6/19/2025 17:08,,/Users/ally/Documents/johnson lab/parrotfish bites/AQ_Sctaeniopterus_TP_2021-06-14_113532_001.MP4,1277.51,23.98,No focal subject,Bite,Foraging,None|None|None,POINT,184.911,184.911,NA,,
AQ_Sctaeniopterus_TP_2021-06-14_113532,6/19/2025 17:08,,/Users/ally/Documents/johnson lab/parrotfish bites/AQ_Sctaeniopterus_TP_2021-06-14_113532_001.MP4,1277.51,23.98,No focal subject,Bite,Foraging,None|None|None,POINT,190.412,190.412,NA,,
AQ_Sctaeniopterus_TP_2021-06-14_113532,6/19/2025 17:08,,/Users/ally/Documents/johnson lab/parrotfish bites/AQ_Sctaeniopterus_TP_2021-06-14_113532_001.MP4,1277.51,23.98,No focal subject,Bite,Foraging,None|None|None,POINT,191.66,191.66,NA,,
AQ_Sctaeniopterus_TP_2021-06-14_113532,6/19/2025 17:08,,/Users/ally/Documents/johnson lab/parrotfish bites/AQ_Sctaeniopterus_TP_2021-06-14_113532_001.MP4,1277.51,23.98,No focal subject,Bite,Foraging,None|None|None,POINT,192.412,192.412,NA,,
AQ_Sctaeniopterus_TP_2021-06-14_113532,6/19/2025 17:08,,/Users/ally/Documents/johnson lab/parrotfish bites/AQ_Sctaeniopterus_TP_2021-06-14_113532_001.MP4,1277.51,23.98,No focal subject,Bite,Foraging,None|None|None,POINT,192.911,192.911,NA,,
AQ_Sctaeniopterus_TP_2021-06-14_113532,6/19/2025 17:08,,/Users/ally/Documents/johnson lab/parrotfish bites/AQ_Sctaeniopterus_TP_2021-06-14_113532_001.MP4,1277.51,23.98,No focal subject,Bite,Foraging,None|None|None,POINT,193.911,193.911,NA,,
AQ_Sctaeniopterus_TP_2021-06-14_113532,6/19/2025 17:08,,/Users/ally/Documents/johnson lab/parrotfish bites/AQ_Sctaeniopterus_TP_2021-06-14_113532_001.MP4,1277.51,23.98,No focal subject,Bite,Foraging,None|None|None,POINT,197.912,197.912,NA,,
AQ_Sctaeniopterus_TP_2021-06-14_113532,6/19/2025 17:08,,/Users/ally/Documents/johnson lab/parrotfish bites/AQ_Sctaeniopterus_TP_2021-06-14_113532_001.MP4,1277.51,23.98,No focal subject,Bite,Foraging,None|None|None,POINT,198.912,198.912,NA,,
AQ_Sctaeniopterus_TP_2021-06-14_113532,6/19/2025 17:08,,/Users/ally/Documents/johnson lab/parrotfish bites/AQ_Sctaeniopterus_TP_2021-06-14_113532_001.MP4,1277.51,23.98,No focal subject,Bite,Foraging,None|None|None,POINT,201.413,201.413,NA,,
AQ_Sctaeniopterus_TP_2021-06-14_113532,6/19/2025 17:08,,/Users/ally/Documents/johnson lab/parrotfish bites/AQ_Sctaeniopterus_TP_2021-06-14_113532_001.MP4,1277.51,23.98,No focal subject,Bite,Foraging,None|None|None,POINT,203.914,203.914,NA,,
AQ_Sctaeniopterus_TP_2021-06-14_113532,6/19/2025 17:08,,/Users/ally/Documents/johnson lab/parrotfish bites/AQ_Sctaeniopterus_TP_2021-06-14_113532_001.MP4,1277.51,23.98,No focal subject,Bite,Foraging,None|None|None,POINT,207.913,207.913,NA,,
AQ_Sctaeniopterus_TP_2021-06-14_113532,6/19/2025 17:08,,/Users/ally/Documents/johnson lab/parrotfish bites/AQ_Sctaeniopterus_TP_2021-06-14_113532_001.MP4,1277.51,23.98,No focal subject,Bite,Foraging,None|None|None,POINT,208.914,208.914,NA,,
AQ_Sctaeniopterus_TP_2021-06-14_113532,6/19/2025 17:08,,/Users/ally/Documents/johnson lab/parrotfish bites/AQ_Sctaeniopterus_TP_2021-06-14_113532_001.MP4,1277.51,23.98,No focal subject,Bite,Foraging,None|None|None,POINT,209.412,209.412,NA,,
AQ_Sctaeniopterus_TP_2021-06-14_113532,6/19/2025 17:08,,/Users/ally/Documents/johnson lab/parrotfish bites/AQ_Sctaeniopterus_TP_2021-06-14_113532_001.MP4,1277.51,23.98,No focal subject,Bite,Foraging,None|None|None,POINT,209.912,209.912,NA,,
AQ_Sctaeniopterus_TP_2021-06-14_113532,6/19/2025 17:08,,/Users/ally/Documents/johnson lab/parrotfish bites/AQ_Sctaeniopterus_TP_2021-06-14_113532_001.MP4,1277.51,23.98,No focal subject,Bite,Foraging,None|None|None,POINT,216.912,216.912,NA,,
AQ_Sctaeniopterus_TP_2021-06-14_113532,6/19/2025 17:08,,/Users/ally/Documents/johnson lab/parrotfish bites/AQ_Sctaeniopterus_TP_2021-06-14_113532_001.MP4,1277.51,23.98,No focal subject,Bite,Foraging,None|None|None,POINT,217.914,217.914,NA,,
AQ_Sctaeniopterus_TP_2021-06-14_113532,6/19/2025 17:08,,/Users/ally/Documents/johnson lab/parrotfish bites/AQ_Sctaeniopterus_TP_2021-06-14_113532_001.MP4,1277.51,23.98,No focal subject,Bite,Foraging,None|None|None,POINT,224.914,224.914,NA,,
AQ_Sctaeniopterus_TP_2021-06-14_113532,6/19/2025 17:08,,/Users/ally/Documents/johnson lab/parrotfish bites/AQ_Sctaeniopterus_TP_2021-06-14_113532_001.MP4,1277.51,23.98,No focal subject,Bite,Foraging,None|None|None,POINT,241.913,241.913,NA,,
AQ_Sctaeniopterus_TP_2021-06-14_113532,6/19/2025 17:08,,/Users/ally/Documents/johnson lab/parrotfish bites/AQ_Sctaeniopterus_TP_2021-06-14_113532_001.MP4,1277.51,23.98,No focal subject,Bite,Foraging,None|None|None,POINT,242.412,242.412,NA,,
AQ_Sctaeniopterus_TP_2021-06-14_113532,6/19/2025 17:08,,/Users/ally/Documents/johnson lab/parrotfish bites/AQ_Sctaeniopterus_TP_2021-06-14_113532_001.MP4,1277.51,23.98,No focal subject,Bite,Foraging,None|None|None,POINT,242.912,242.912,NA,,
AQ_Sctaeniopterus_TP_2021-06-14_113532,6/19/2025 17:08,,/Users/ally/Documents/johnson lab/parrotfish bites/AQ_Sctaeniopterus_TP_2021-06-14_113532_001.MP4,1277.51,23.98,No focal subject,Bite,Foraging,None|None|None,POINT,243.412,243.412,NA,,
AQ_Sctaeniopterus_TP_2021-06-14_113532,6/19/2025 17:08,,/Users/ally/Documents/johnson lab/parrotfish bites/AQ_Sctaeniopterus_TP_2021-06-14_113532_001.MP4,1277.51,23.98,No focal subject,Bite,Foraging,None|None|None,POINT,244.413,244.413,NA,,
AQ_Sctaeniopterus_TP_2021-06-14_113532,6/19/2025 17:08,,/Users/ally/Documents/johnson lab/parrotfish bites/AQ_Sctaeniopterus_TP_2021-06-14_113532_001.MP4,1277.51,23.98,No focal subject,Bite,Foraging,None|None|None,POINT,265.163,265.163,NA,,
AQ_Sctaeniopterus_TP_2021-06-14_113532,6/19/2025 17:08,,/Users/ally/Documents/johnson lab/parrotfish bites/AQ_Sctaeniopterus_TP_2021-06-14_113532_001.MP4,1277.51,23.98,No focal subject,Bite,Foraging,None|None|None,POINT,266.164,266.164,NA,,
AQ_Sctaeniopterus_TP_2021-06-14_113532,6/19/2025 17:08,,/Users/ally/Documents/johnson lab/parrotfish bites/AQ_Sctaeniopterus_TP_2021-06-14_113532_001.MP4,1277.51,23.98,No focal subject,Bite,Foraging,None|None|None,POINT,273.663,273.663,NA,,
AQ_Sctaeniopterus_TP_2021-06-14_113532,6/19/2025 17:08,,/Users/ally/Documents/johnson lab/parrotfish bites/AQ_Sctaeniopterus_TP_2021-06-14_113532_001.MP4,1277.51,23.98,No focal subject,Bite,Foraging,None|None|None,POINT,274.162,274.162,NA,,
AQ_Sctaeniopterus_TP_2021-06-14_113532,6/19/2025 17:08,,/Users/ally/Documents/johnson lab/parrotfish bites/AQ_Sctaeniopterus_TP_2021-06-14_113532_001.MP4,1277.51,23.98,No focal subject,Bite,Foraging,None|None|None,POINT,275.662,275.662,NA,,
AQ_Sctaeniopterus_TP_2021-06-14_113532,6/19/2025 17:08,,/Users/ally/Documents/johnson lab/parrotfish bites/AQ_Sctaeniopterus_TP_2021-06-14_113532_001.MP4,1277.51,23.98,No focal subject,Bite,Foraging,None|None|None,POINT,277.661,277.661,NA,,
AQ_Sctaeniopterus_TP_2021-06-14_113532,6/19/2025 17:08,,/Users/ally/Documents/johnson lab/parrotfish bites/AQ_Sctaeniopterus_TP_2021-06-14_113532_001.MP4,1277.51,23.98,No focal subject,Bite,Foraging,None|None|None,POINT,278.661,278.661,NA,,
AQ_Sctaeniopterus_TP_2021-06-14_113532,6/19/2025 17:08,,/Users/ally/Documents/johnson lab/parrotfish bites/AQ_Sctaeniopterus_TP_2021-06-14_113532_001.MP4,1277.51,23.98,No focal subject,Bite,Foraging,None|None|None,POINT,279.911,279.911,NA,,
AQ_Sctaeniopterus_TP_2021-06-14_113532,6/19/2025 17:08,,/Users/ally/Documents/johnson lab/parrotfish bites/AQ_Sctaeniopterus_TP_2021-06-14_113532_001.MP4,1277.51,23.98,No focal subject,Bite,Foraging,None|None|None,POINT,280.662,280.662,NA,,
AQ_Sctaeniopterus_TP_2021-06-14_113532,6/19/2025 17:08,,/Users/ally/Documents/johnson lab/parrotfish bites/AQ_Sctaeniopterus_TP_2021-06-14_113532_001.MP4,1277.51,23.98,No focal subject,Bite,Foraging,None|None|None,POINT,281.662,281.662,NA,,
AQ_Sctaeniopterus_TP_2021-06-14_113532,6/19/2025 17:08,,/Users/ally/Documents/johnson lab/parrotfish bites/AQ_Sctaeniopterus_TP_2021-06-14_113532_001.MP4,1277.51,23.98,No focal subject,Bite,Foraging,None|None|None,POINT,282.161,282.161,NA,,
AQ_Sctaeniopterus_TP_2021-06-14_113532,6/19/2025 17:08,,/Users/ally/Documents/johnson lab/parrotfish bites/AQ_Sctaeniopterus_TP_2021-06-14_113532_001.MP4,1277.51,23.98,No focal subject,Bite,Foraging,None|None|None,POINT,282.662,282.662,NA,,
AQ_Sctaeniopterus_TP_2021-06-14_113532,6/19/2025 17:08,,/Users/ally/Documents/johnson lab/parrotfish bites/AQ_Sctaeniopterus_TP_2021-06-14_113532_001.MP4,1277.51,23.98,No focal subject,Bite,Foraging,None|None|None,POINT,285.661,285.661,NA,,
AQ_Sctaeniopterus_TP_2021-06-14_113532,6/19/2025 17:08,,/Users/ally/Documents/johnson lab/parrotfish bites/AQ_Sctaeniopterus_TP_2021-06-14_113532_001.MP4,1277.51,23.98,No focal subject,Bite,Foraging,None|None|None,POINT,286.161,286.161,NA,,
AQ_Sctaeniopterus_TP_2021-06-14_113532,6/19/2025 17:08,,/Users/ally/Documents/johnson lab/parrotfish bites/AQ_Sctaeniopterus_TP_2021-06-14_113532_001.MP4,1277.51,23.98,No focal subject,Bite,Foraging,None|None|None,POINT,288.662,288.662,NA,,
AQ_Sctaeniopterus_TP_2021-06-14_113532,6/19/2025 17:08,,/Users/ally/Documents/johnson lab/parrotfish bites/AQ_Sctaeniopterus_TP_2021-06-14_113532_001.MP4,1277.51,23.98,No focal subject,Bite,Foraging,None|None|None,POINT,289.161,289.161,NA,,
AQ_Sctaeniopterus_TP_2021-06-14_113532,6/19/2025 17:08,,/Users/ally/Documents/johnson lab/parrotfish bites/AQ_Sctaeniopterus_TP_2021-06-14_113532_001.MP4,1277.51,23.98,No focal subject,Bite,Foraging,None|None|None,POINT,291.162,291.162,NA,,
AQ_Sctaeniopterus_TP_2021-06-14_113532,6/19/2025 17:08,,/Users/ally/Documents/johnson lab/parrotfish bites/AQ_Sctaeniopterus_TP_2021-06-14_113532_001.MP4,1277.51,23.98,No focal subject,Bite,Foraging,None|None|None,POINT,291.661,291.661,NA,,
AQ_Sctaeniopterus_TP_2021-06-14_113532,6/19/2025 17:08,,/Users/ally/Documents/johnson lab/parrotfish bites/AQ_Sctaeniopterus_TP_2021-06-14_113532_001.MP4,1277.51,23.98,No focal subject,Bite,Foraging,None|None|None,POINT,293.164,293.164,NA,,
AQ_Sctaeniopterus_TP_2021-06-14_113532,6/19/2025 17:08,,/Users/ally/Documents/johnson lab/parrotfish bites/AQ_Sctaeniopterus_TP_2021-06-14_113532_001.MP4,1277.51,23.98,No focal subject,Bite,Foraging,None|None|None,POINT,293.663,293.663,NA,,
AQ_Sctaeniopterus_TP_2021-06-14_113532,6/19/2025 17:08,,/Users/ally/Documents/johnson lab/parrotfish bites/AQ_Sctaeniopterus_TP_2021-06-14_113532_001.MP4,1277.51,23.98,No focal subject,Bite,Foraging,None|None|None,POINT,295.661,295.661,NA,,
AQ_Sctaeniopterus_TP_2021-06-14_113532,6/19/2025 17:08,,/Users/ally/Documents/johnson lab/parrotfish bites/AQ_Sctaeniopterus_TP_2021-06-14_113532_001.MP4,1277.51,23.98,No focal subject,Bite,Foraging,None|None|None,POINT,297.162,297.162,NA,,
AQ_Sctaeniopterus_TP_2021-06-14_113532,6/19/2025 17:08,,/Users/ally/Documents/johnson lab/parrotfish bites/AQ_Sctaeniopterus_TP_2021-06-14_113532_001.MP4,1277.51,23.98,No focal subject,Bite,Foraging,None|None|None,POINT,297.662,297.662,NA,,
AQ_Sctaeniopterus_TP_2021-06-14_113532,6/19/2025 17:08,,/Users/ally/Documents/johnson lab/parrotfish bites/AQ_Sctaeniopterus_TP_2021-06-14_113532_001.MP4,1277.51,23.98,No focal subject,Bite,Foraging,None|None|None,POINT,298.161,298.161,NA,,
AQ_Sctaeniopterus_TP_2021-06-14_113532,6/19/2025 17:08,,/Users/ally/Documents/johnson lab/parrotfish bites/AQ_Sctaeniopterus_TP_2021-06-14_113532_001.MP4,1277.51,23.98,No focal subject,Bite,Foraging,None|None|None,POINT,298.661,298.661,NA,,
AQ_Sctaeniopterus_TP_2021-06-14_113532,6/19/2025 17:08,,/Users/ally/Documents/johnson lab/parrotfish bites/AQ_Sctaeniopterus_TP_2021-06-14_113532_001.MP4,1277.51,23.98,No focal subject,Bite,Foraging,None|None|None,POINT,299.662,299.662,NA,,
AQ_Sctaeniopterus_TP_2021-06-14_113532,6/19/2025 17:08,,/Users/ally/Documents/johnson lab/parrotfish bites/AQ_Sctaeniopterus_TP_2021-06-14_113532_001.MP4,1277.51,23.98,No focal subject,Bite,Foraging,None|None|None,POINT,300.662,300.662,NA,,
AQ_Sctaeniopterus_TP_2021-06-14_113532,6/19/2025 17:08,,/Users/ally/Documents/johnson lab/parrotfish bites/AQ_Sctaeniopterus_TP_2021-06-14_113532_001.MP4,1277.51,23.98,No focal subject,Bite,Foraging,None|None|None,POINT,305.663,305.663,NA,,
AQ_Sctaeniopterus_TP_2021-06-14_113532,6/19/2025 17:08,,/Users/ally/Documents/johnson lab/parrotfish bites/AQ_Sctaeniopterus_TP_2021-06-14_113532_001.MP4,1277.51,23.98,No focal subject,Bite,Foraging,None|None|None,POINT,306.661,306.661,NA,,
AQ_Sctaeniopterus_TP_2021-06-14_113532,6/19/2025 17:08,,/Users/ally/Documents/johnson lab/parrotfish bites/AQ_Sctaeniopterus_TP_2021-06-14_113532_001.MP4,1277.51,23.98,No focal subject,Bite,Foraging,None|None|None,POINT,307.162,307.162,NA,,
AQ_Sctaeniopterus_TP_2021-06-14_113532,6/19/2025 17:08,,/Users/ally/Documents/johnson lab/parrotfish bites/AQ_Sctaeniopterus_TP_2021-06-14_113532_001.MP4,1277.51,23.98,No focal subject,Bite,Foraging,None|None|None,POINT,308.163,308.163,NA,,
AQ_Sctaeniopterus_TP_2021-06-14_113532,6/19/2025 17:08,,/Users/ally/Documents/johnson lab/parrotfish bites/AQ_Sctaeniopterus_TP_2021-06-14_113532_001.MP4,1277.51,23.98,No focal subject,Bite,Foraging,None|None|None,POINT,313.161,313.161,NA,,
AQ_Sctaeniopterus_TP_2021-06-14_113532,6/19/2025 17:08,,/Users/ally/Documents/johnson lab/parrotfish bites/AQ_Sctaeniopterus_TP_2021-06-14_113532_001.MP4,1277.51,23.98,No focal subject,Bite,Foraging,None|None|None,POINT,320.661,320.661,NA,,
AQ_Sctaeniopterus_TP_2021-06-14_113532,6/19/2025 17:08,,/Users/ally/Documents/johnson lab/parrotfish bites/AQ_Sctaeniopterus_TP_2021-06-14_113532_001.MP4,1277.51,23.98,No focal subject,Bite,Foraging,None|None|None,POINT,325.665,325.665,NA,,
AQ_Sctaeniopterus_TP_2021-06-14_113532,6/19/2025 17:08,,/Users/ally/Documents/johnson lab/parrotfish bites/AQ_Sctaeniopterus_TP_2021-06-14_113532_001.MP4,1277.51,23.98,No focal subject,Bite,Foraging,None|None|None,POINT,326.911,326.911,NA,,
AQ_Sctaeniopterus_TP_2021-06-14_113532,6/19/2025 17:08,,/Users/ally/Documents/johnson lab/parrotfish bites/AQ_Sctaeniopterus_TP_2021-06-14_113532_001.MP4,1277.51,23.98,No focal subject,Bite,Foraging,None|None|None,POINT,328.664,328.664,NA,,
AQ_Sctaeniopterus_TP_2021-06-14_113532,6/19/2025 17:08,,/Users/ally/Documents/johnson lab/parrotfish bites/AQ_Sctaeniopterus_TP_2021-06-14_113532_001.MP4,1277.51,23.98,No focal subject,Bite,Foraging,None|None|None,POINT,329.663,329.663,NA,,
AQ_Sctaeniopterus_TP_2021-06-14_113532,6/19/2025 17:08,,/Users/ally/Documents/johnson lab/parrotfish bites/AQ_Sctaeniopterus_TP_2021-06-14_113532_001.MP4,1277.51,23.98,No focal subject,Bite,Foraging,None|None|None,POINT,331.163,331.163,NA,,
AQ_Sctaeniopterus_TP_2021-06-14_113532,6/19/2025 17:08,,/Users/ally/Documents/johnson lab/parrotfish bites/AQ_Sctaeniopterus_TP_2021-06-14_113532_001.MP4,1277.51,23.98,No focal subject,Bite,Foraging,None|None|None,POINT,331.662,331.662,NA,,
AQ_Sctaeniopterus_TP_2021-06-14_113532,6/19/2025 17:08,,/Users/ally/Documents/johnson lab/parrotfish bites/AQ_Sctaeniopterus_TP_2021-06-14_113532_001.MP4,1277.51,23.98,No focal subject,Bite,Foraging,None|None|None,POINT,332.162,332.162,NA,,
AQ_Sctaeniopterus_TP_2021-06-14_113532,6/19/2025 17:08,,/Users/ally/Documents/johnson lab/parrotfish bites/AQ_Sctaeniopterus_TP_2021-06-14_113532_001.MP4,1277.51,23.98,No focal subject,Bite,Foraging,None|None|None,POINT,333.162,333.162,NA,,
AQ_Sctaeniopterus_TP_2021-06-14_113532,6/19/2025 17:08,,/Users/ally/Documents/johnson lab/parrotfish bites/AQ_Sctaeniopterus_TP_2021-06-14_113532_001.MP4,1277.51,23.98,No focal subject,Bite,Foraging,None|None|None,POINT,334.162,334.162,NA,,
AQ_Sctaeniopterus_TP_2021-06-14_113532,6/19/2025 17:08,,/Users/ally/Documents/johnson lab/parrotfish bites/AQ_Sctaeniopterus_TP_2021-06-14_113532_001.MP4,1277.51,23.98,No focal subject,Bite,Foraging,None|None|None,POINT,342.164,342.164,NA,,
AQ_Sctaeniopterus_TP_2021-06-14_113532,6/19/2025 17:08,,/Users/ally/Documents/johnson lab/parrotfish bites/AQ_Sctaeniopterus_TP_2021-06-14_113532_001.MP4,1277.51,23.98,No focal subject,Bite,Foraging,None|None|None,POINT,345.165,345.165,NA,,
AQ_Sctaeniopterus_TP_2021-06-14_113532,6/19/2025 17:08,,/Users/ally/Documents/johnson lab/parrotfish bites/AQ_Sctaeniopterus_TP_2021-06-14_113532_001.MP4,1277.51,23.98,No focal subject,Bite,Foraging,None|None|None,POINT,351.664,351.664,NA,,
AQ_Sctaeniopterus_TP_2021-06-14_113532,6/19/2025 17:08,,/Users/ally/Documents/johnson lab/parrotfish bites/AQ_Sctaeniopterus_TP_2021-06-14_113532_001.MP4,1277.51,23.98,No focal subject,Bite,Foraging,None|None|None,POINT,360.661,360.661,NA,,
AQ_Sctaeniopterus_TP_2021-06-14_113532,6/19/2025 17:08,,/Users/ally/Documents/johnson lab/parrotfish bites/AQ_Sctaeniopterus_TP_2021-06-14_113532_001.MP4,1277.51,23.98,No focal subject,Bite,Foraging,None|None|None,POINT,364.663,364.663,NA,,
AQ_Sctaeniopterus_TP_2021-06-14_113532,6/19/2025 17:08,,/Users/ally/Documents/johnson lab/parrotfish bites/AQ_Sctaeniopterus_TP_2021-06-14_113532_001.MP4,1277.51,23.98,No focal subject,Bite,Foraging,None|None|None,POINT,367.164,367.164,NA,,
AQ_Sctaeniopterus_TP_2021-06-14_113532,6/19/2025 17:08,,/Users/ally/Documents/johnson lab/parrotfish bites/AQ_Sctaeniopterus_TP_2021-06-14_113532_001.MP4,1277.51,23.98,No focal subject,Bite,Foraging,None|None|None,POINT,368.16,368.16,NA,,
AQ_Sctaeniopterus_TP_2021-06-14_113532,6/19/2025 17:08,,/Users/ally/Documents/johnson lab/parrotfish bites/AQ_Sctaeniopterus_TP_2021-06-14_113532_001.MP4,1277.51,23.98,No focal subject,Bite,Foraging,None|None|None,POINT,368.662,368.662,NA,,
AQ_Sctaeniopterus_TP_2021-06-14_113532,6/19/2025 17:08,,/Users/ally/Documents/johnson lab/parrotfish bites/AQ_Sctaeniopterus_TP_2021-06-14_113532_001.MP4,1277.51,23.98,No focal subject,Bite,Foraging,None|None|None,POINT,369.163,369.163,NA,,
AQ_Sctaeniopterus_TP_2021-06-14_113532,6/19/2025 17:08,,/Users/ally/Documents/johnson lab/parrotfish bites/AQ_Sctaeniopterus_TP_2021-06-14_113532_001.MP4,1277.51,23.98,No focal subject,Bite,Foraging,None|None|None,POINT,369.663,369.663,NA,,
AQ_Sctaeniopterus_TP_2021-06-14_113532,6/19/2025 17:08,,/Users/ally/Documents/johnson lab/parrotfish bites/AQ_Sctaeniopterus_TP_2021-06-14_113532_001.MP4,1277.51,23.98,No focal subject,Bite,Foraging,None|None|None,POINT,371.163,371.163,NA,,
AQ_Sctaeniopterus_TP_2021-06-14_113532,6/19/2025 17:08,,/Users/ally/Documents/johnson lab/parrotfish bites/AQ_Sctaeniopterus_TP_2021-06-14_113532_001.MP4,1277.51,23.98,No focal subject,Bite,Foraging,None|None|None,POINT,372.663,372.663,NA,,
AQ_Sctaeniopterus_TP_2021-06-14_113532,6/19/2025 17:08,,/Users/ally/Documents/johnson lab/parrotfish bites/AQ_Sctaeniopterus_TP_2021-06-14_113532_001.MP4,1277.51,23.98,No focal subject,Bite,Foraging,None|None|None,POINT,373.662,373.662,NA,,
AQ_Sctaeniopterus_TP_2021-06-14_113532,6/19/2025 17:08,,/Users/ally/Documents/johnson lab/parrotfish bites/AQ_Sctaeniopterus_TP_2021-06-14_113532_001.MP4,1277.51,23.98,No focal subject,Bite,Foraging,None|None|None,POINT,375.663,375.663,NA,,
AQ_Sctaeniopterus_TP_2021-06-14_113532,6/19/2025 17:08,,/Users/ally/Documents/johnson lab/parrotfish bites/AQ_Sctaeniopterus_TP_2021-06-14_113532_001.MP4,1277.51,23.98,No focal subject,Bite,Foraging,None|None|None,POINT,377.663,377.663,NA,,
AQ_Sctaeniopterus_TP_2021-06-14_113532,6/19/2025 17:08,,/Users/ally/Documents/johnson lab/parrotfish bites/AQ_Sctaeniopterus_TP_2021-06-14_113532_001.MP4,1277.51,23.98,No focal subject,Bite,Foraging,None|None|None,POINT,378.663,378.663,NA,,
AQ_Sctaeniopterus_TP_2021-06-14_113532,6/19/2025 17:08,,/Users/ally/Documents/johnson lab/parrotfish bites/AQ_Sctaeniopterus_TP_2021-06-14_113532_001.MP4,1277.51,23.98,No focal subject,Bite,Foraging,None|None|None,POINT,379.663,379.663,NA,,
AQ_Sctaeniopterus_TP_2021-06-14_113532,6/19/2025 17:08,,/Users/ally/Documents/johnson lab/parrotfish bites/AQ_Sctaeniopterus_TP_2021-06-14_113532_001.MP4,1277.51,23.98,No focal subject,Bite,Foraging,None|None|None,POINT,381.164,381.164,NA,,
AQ_Sctaeniopterus_TP_2021-06-14_113532,6/19/2025 17:08,,/Users/ally/Documents/johnson lab/parrotfish bites/AQ_Sctaeniopterus_TP_2021-06-14_113532_001.MP4,1277.51,23.98,No focal subject,Bite,Foraging,None|None|None,POINT,390.162,390.162,NA,,
AQ_Sctaeniopterus_TP_2021-06-14_113532,6/19/2025 17:08,,/Users/ally/Documents/johnson lab/parrotfish bites/AQ_Sctaeniopterus_TP_2021-06-14_113532_001.MP4,1277.51,23.98,No focal subject,Bite,Foraging,None|None|None,POINT,391.664,391.664,NA,,
AQ_Sctaeniopterus_TP_2021-06-14_113532,6/19/2025 17:08,,/Users/ally/Documents/johnson lab/parrotfish bites/AQ_Sctaeniopterus_TP_2021-06-14_113532_001.MP4,1277.51,23.98,No focal subject,Bite,Foraging,None|None|None,POINT,396.157,396.157,NA,,
AQ_Sctaeniopterus_TP_2021-06-14_113532,6/19/2025 17:08,,/Users/ally/Documents/johnson lab/parrotfish bites/AQ_Sctaeniopterus_TP_2021-06-14_113532_001.MP4,1277.51,23.98,No focal subject,Bite,Foraging,None|None|None,POINT,404.663,404.663,NA,,
AQ_Sctaeniopterus_TP_2021-06-14_113532,6/19/2025 17:08,,/Users/ally/Documents/johnson lab/parrotfish bites/AQ_Sctaeniopterus_TP_2021-06-14_113532_001.MP4,1277.51,23.98,No focal subject,Bite,Foraging,None|None|None,POINT,407.162,407.162,NA,,
AQ_Sctaeniopterus_TP_2021-06-14_113532,6/19/2025 17:08,,/Users/ally/Documents/johnson lab/parrotfish bites/AQ_Sctaeniopterus_TP_2021-06-14_113532_001.MP4,1277.51,23.98,No focal subject,Bite,Foraging,None|None|None,POINT,408.163,408.163,NA,,
AQ_Sctaeniopterus_TP_2021-06-14_113532,6/19/2025 17:08,,/Users/ally/Documents/johnson lab/parrotfish bites/AQ_Sctaeniopterus_TP_2021-06-14_113532_001.MP4,1277.51,23.98,No focal subject,Bite,Foraging,None|None|None,POINT,412.164,412.164,NA,,
AQ_Sctaeniopterus_TP_2021-06-14_113532,6/19/2025 17:08,,/Users/ally/Documents/johnson lab/parrotfish bites/AQ_Sctaeniopterus_TP_2021-06-14_113532_001.MP4,1277.51,23.98,No focal subject,Bite,Foraging,None|None|None,POINT,413.159,413.159,NA,,
AQ_Sctaeniopterus_TP_2021-06-14_113532,6/19/2025 17:08,,/Users/ally/Documents/johnson lab/parrotfish bites/AQ_Sctaeniopterus_TP_2021-06-14_113532_001.MP4,1277.51,23.98,No focal subject,Bite,Foraging,None|None|None,POINT,414.162,414.162,NA,,
AQ_Sctaeniopterus_TP_2021-06-14_113532,6/19/2025 17:08,,/Users/ally/Documents/johnson lab/parrotfish bites/AQ_Sctaeniopterus_TP_2021-06-14_113532_001.MP4,1277.51,23.98,No focal subject,Bite,Foraging,None|None|None,POINT,416.165,416.165,NA,,
AQ_Sctaeniopterus_TP_2021-06-14_113532,6/19/2025 17:08,,/Users/ally/Documents/johnson lab/parrotfish bites/AQ_Sctaeniopterus_TP_2021-06-14_113532_001.MP4,1277.51,23.98,No focal subject,Bite,Foraging,None|None|None,POINT,418.165,418.165,NA,,
AQ_Sctaeniopterus_TP_2021-06-14_113532,6/19/2025 17:08,,/Users/ally/Documents/johnson lab/parrotfish bites/AQ_Sctaeniopterus_TP_2021-06-14_113532_001.MP4,1277.51,23.98,No focal subject,Bite,Foraging,None|None|None,POINT,419.163,419.163,NA,,
AQ_Sctaeniopterus_TP_2021-06-14_113532,6/19/2025 17:08,,/Users/ally/Documents/johnson lab/parrotfish bites/AQ_Sctaeniopterus_TP_2021-06-14_113532_001.MP4,1277.51,23.98,No focal subject,Bite,Foraging,None|None|None,POINT,420.664,420.664,NA,,
AQ_Sctaeniopterus_TP_2021-06-14_113532,6/19/2025 17:08,,/Users/ally/Documents/johnson lab/parrotfish bites/AQ_Sctaeniopterus_TP_2021-06-14_113532_001.MP4,1277.51,23.98,No focal subject,Bite,Foraging,None|None|None,POINT,421.663,421.663,NA,,
AQ_Sctaeniopterus_TP_2021-06-14_113532,6/19/2025 17:08,,/Users/ally/Documents/johnson lab/parrotfish bites/AQ_Sctaeniopterus_TP_2021-06-14_113532_001.MP4,1277.51,23.98,No focal subject,Bite,Foraging,None|None|None,POINT,422.658,422.658,NA,,
AQ_Sctaeniopterus_TP_2021-06-14_113532,6/19/2025 17:08,,/Users/ally/Documents/johnson lab/parrotfish bites/AQ_Sctaeniopterus_TP_2021-06-14_113532_001.MP4,1277.51,23.98,No focal subject,Bite,Foraging,None|None|None,POINT,424.163,424.163,NA,,
AQ_Sctaeniopterus_TP_2021-06-14_113532,6/19/2025 17:08,,/Users/ally/Documents/johnson lab/parrotfish bites/AQ_Sctaeniopterus_TP_2021-06-14_113532_001.MP4,1277.51,23.98,No focal subject,Bite,Foraging,None|None|None,POINT,425.664,425.664,NA,,
AQ_Sctaeniopterus_TP_2021-06-14_113532,6/19/2025 17:08,,/Users/ally/Documents/johnson lab/parrotfish bites/AQ_Sctaeniopterus_TP_2021-06-14_113532_001.MP4,1277.51,23.98,No focal subject,Bite,Foraging,None|None|None,POINT,428.663,428.663,NA,,
AQ_Sctaeniopterus_TP_2021-06-14_113532,6/19/2025 17:08,,/Users/ally/Documents/johnson lab/parrotfish bites/AQ_Sctaeniopterus_TP_2021-06-14_113532_001.MP4,1277.51,23.98,No focal subject,Bite,Foraging,None|None|None,POINT,430.162,430.162,NA,,
AQ_Sctaeniopterus_TP_2021-06-14_113532,6/19/2025 17:08,,/Users/ally/Documents/johnson lab/parrotfish bites/AQ_Sctaeniopterus_TP_2021-06-14_113532_001.MP4,1277.51,23.98,No focal subject,Bite,Foraging,None|None|None,POINT,433.162,433.162,NA,,
AQ_Sctaeniopterus_TP_2021-06-14_113532,6/19/2025 17:08,,/Users/ally/Documents/johnson lab/parrotfish bites/AQ_Sctaeniopterus_TP_2021-06-14_113532_001.MP4,1277.51,23.98,No focal subject,Bite,Foraging,None|None|None,POINT,437.163,437.163,NA,,
AQ_Sctaeniopterus_TP_2021-06-14_113532,6/19/2025 17:08,,/Users/ally/Documents/johnson lab/parrotfish bites/AQ_Sctaeniopterus_TP_2021-06-14_113532_001.MP4,1277.51,23.98,No focal subject,Bite,Foraging,None|None|None,POINT,439.664,439.664,NA,,
AQ_Sctaeniopterus_TP_2021-06-14_113532,6/19/2025 17:08,,/Users/ally/Documents/johnson lab/parrotfish bites/AQ_Sctaeniopterus_TP_2021-06-14_113532_001.MP4,1277.51,23.98,No focal subject,Bite,Foraging,None|None|None,POINT,441.162,441.162,NA,,
AQ_Sctaeniopterus_TP_2021-06-14_113532,6/19/2025 17:08,,/Users/ally/Documents/johnson lab/parrotfish bites/AQ_Sctaeniopterus_TP_2021-06-14_113532_001.MP4,1277.51,23.98,No focal subject,Bite,Foraging,None|None|None,POINT,442.911,442.911,NA,,
AQ_Sctaeniopterus_TP_2021-06-14_113532,6/19/2025 17:08,,/Users/ally/Documents/johnson lab/parrotfish bites/AQ_Sctaeniopterus_TP_2021-06-14_113532_001.MP4,1277.51,23.98,No focal subject,Bite,Foraging,None|None|None,POINT,445.91,445.91,NA,,
AQ_Sctaeniopterus_TP_2021-06-14_113532,6/19/2025 17:08,,/Users/ally/Documents/johnson lab/parrotfish bites/AQ_Sctaeniopterus_TP_2021-06-14_113532_001.MP4,1277.51,23.98,No focal subject,Bite,Foraging,None|None|None,POINT,446.161,446.161,NA,,
AQ_Sctaeniopterus_TP_2021-06-14_113532,6/19/2025 17:08,,/Users/ally/Documents/johnson lab/parrotfish bites/AQ_Sctaeniopterus_TP_2021-06-14_113532_001.MP4,1277.51,23.98,No focal subject,Bite,Foraging,None|None|None,POINT,446.662,446.662,NA,,
AQ_Sctaeniopterus_TP_2021-06-14_113532,6/19/2025 17:08,,/Users/ally/Documents/johnson lab/parrotfish bites/AQ_Sctaeniopterus_TP_2021-06-14_113532_001.MP4,1277.51,23.98,No focal subject,Bite,Foraging,None|None|None,POINT,448.164,448.164,NA,,
AQ_Sctaeniopterus_TP_2021-06-14_113532,6/19/2025 17:08,,/Users/ally/Documents/johnson lab/parrotfish bites/AQ_Sctaeniopterus_TP_2021-06-14_113532_001.MP4,1277.51,23.98,No focal subject,Bite,Foraging,None|None|None,POINT,449.163,449.163,NA,,
AQ_Sctaeniopterus_TP_2021-06-14_113532,6/19/2025 17:08,,/Users/ally/Documents/johnson lab/parrotfish bites/AQ_Sctaeniopterus_TP_2021-06-14_113532_001.MP4,1277.51,23.98,No focal subject,Bite,Foraging,None|None|None,POINT,450.161,450.161,NA,,
AQ_Sctaeniopterus_TP_2021-06-14_113532,6/19/2025 17:08,,/Users/ally/Documents/johnson lab/parrotfish bites/AQ_Sctaeniopterus_TP_2021-06-14_113532_001.MP4,1277.51,23.98,No focal subject,Bite,Foraging,None|None|None,POINT,451.162,451.162,NA,,
AQ_Sctaeniopterus_TP_2021-06-14_113532,6/19/2025 17:08,,/Users/ally/Documents/johnson lab/parrotfish bites/AQ_Sctaeniopterus_TP_2021-06-14_113532_001.MP4,1277.51,23.98,No focal subject,Bite,Foraging,None|None|None,POINT,452.165,452.165,NA,,
AQ_Sctaeniopterus_TP_2021-06-14_113532,6/19/2025 17:08,,/Users/ally/Documents/johnson lab/parrotfish bites/AQ_Sctaeniopterus_TP_2021-06-14_113532_001.MP4,1277.51,23.98,No focal subject,Bite,Foraging,None|None|None,POINT,471.164,471.164,NA,,
AQ_Sctaeniopterus_TP_2021-06-14_113532,6/19/2025 17:08,,/Users/ally/Documents/johnson lab/parrotfish bites/AQ_Sctaeniopterus_TP_2021-06-14_113532_001.MP4,1277.51,23.98,No focal subject,Bite,Foraging,None|None|None,POINT,471.664,471.664,NA,,
AQ_Sctaeniopterus_TP_2021-06-14_113532,6/19/2025 17:08,,/Users/ally/Documents/johnson lab/parrotfish bites/AQ_Sctaeniopterus_TP_2021-06-14_113532_001.MP4,1277.51,23.98,No focal subject,Bite,Foraging,None|None|None,POINT,472.662,472.662,NA,,
AQ_Sctaeniopterus_TP_2021-06-14_113532,6/19/2025 17:08,,/Users/ally/Documents/johnson lab/parrotfish bites/AQ_Sctaeniopterus_TP_2021-06-14_113532_001.MP4,1277.51,23.98,No focal subject,Bite,Foraging,None|None|None,POINT,479.162,479.162,NA,,
AQ_Sctaeniopterus_TP_2021-06-14_113532,6/19/2025 17:08,,/Users/ally/Documents/johnson lab/parrotfish bites/AQ_Sctaeniopterus_TP_2021-06-14_113532_001.MP4,1277.51,23.98,No focal subject,Bite,Foraging,None|None|None,POINT,479.66,479.66,NA,,
AQ_Sctaeniopterus_TP_2021-06-14_113532,6/19/2025 17:08,,/Users/ally/Documents/johnson lab/parrotfish bites/AQ_Sctaeniopterus_TP_2021-06-14_113532_001.MP4,1277.51,23.98,No focal subject,Bite,Foraging,None|None|None,POINT,481.162,481.162,NA,,
AQ_Sctaeniopterus_TP_2021-06-14_113532,6/19/2025 17:08,,/Users/ally/Documents/johnson lab/parrotfish bites/AQ_Sctaeniopterus_TP_2021-06-14_113532_001.MP4,1277.51,23.98,No focal subject,Bite,Foraging,None|None|None,POINT,482.161,482.161,NA,,
AQ_Sctaeniopterus_TP_2021-06-14_113532,6/19/2025 17:08,,/Users/ally/Documents/johnson lab/parrotfish bites/AQ_Sctaeniopterus_TP_2021-06-14_113532_001.MP4,1277.51,23.98,No focal subject,Bite,Foraging,None|None|None,POINT,483.658,483.658,NA,,
AQ_Sctaeniopterus_TP_2021-06-14_113532,6/19/2025 17:08,,/Users/ally/Documents/johnson lab/parrotfish bites/AQ_Sctaeniopterus_TP_2021-06-14_113532_001.MP4,1277.51,23.98,No focal subject,Bite,Foraging,None|None|None,POINT,486.164,486.164,NA,,
AQ_Sctaeniopterus_TP_2021-06-14_113532,6/19/2025 17:08,,/Users/ally/Documents/johnson lab/parrotfish bites/AQ_Sctaeniopterus_TP_2021-06-14_113532_001.MP4,1277.51,23.98,No focal subject,Bite,Foraging,None|None|None,POINT,487.665,487.665,NA,,
AQ_Sctaeniopterus_TP_2021-06-14_113532,6/19/2025 17:08,,/Users/ally/Documents/johnson lab/parrotfish bites/AQ_Sctaeniopterus_TP_2021-06-14_113532_001.MP4,1277.51,23.98,No focal subject,Bite,Foraging,None|None|None,POINT,488.66,488.66,NA,,
AQ_Sctaeniopterus_TP_2021-06-14_113532,6/19/2025 17:08,,/Users/ally/Documents/johnson lab/parrotfish bites/AQ_Sctaeniopterus_TP_2021-06-14_113532_001.MP4,1277.51,23.98,No focal subject,Bite,Foraging,None|None|None,POINT,489.163,489.163,NA,,
AQ_Sctaeniopterus_TP_2021-06-14_113532,6/19/2025 17:08,,/Users/ally/Documents/johnson lab/parrotfish bites/AQ_Sctaeniopterus_TP_2021-06-14_113532_001.MP4,1277.51,23.98,No focal subject,Bite,Foraging,None|None|None,POINT,490.161,490.161,NA,,
AQ_Sctaeniopterus_TP_2021-06-14_113532,6/19/2025 17:08,,/Users/ally/Documents/johnson lab/parrotfish bites/AQ_Sctaeniopterus_TP_2021-06-14_113532_001.MP4,1277.51,23.98,No focal subject,Bite,Foraging,None|None|None,POINT,497.664,497.664,NA,,
AQ_Sctaeniopterus_TP_2021-06-14_113532,6/19/2025 17:08,,/Users/ally/Documents/johnson lab/parrotfish bites/AQ_Sctaeniopterus_TP_2021-06-14_113532_001.MP4,1277.51,23.98,No focal subject,Bite,Foraging,None|None|None,POINT,498.162,498.162,NA,,
AQ_Sctaeniopterus_TP_2021-06-14_113532,6/19/2025 17:08,,/Users/ally/Documents/johnson lab/parrotfish bites/AQ_Sctaeniopterus_TP_2021-06-14_113532_001.MP4,1277.51,23.98,No focal subject,Bite,Foraging,None|None|None,POINT,499.164,499.164,NA,,
AQ_Sctaeniopterus_TP_2021-06-14_113532,6/19/2025 17:08,,/Users/ally/Documents/johnson lab/parrotfish bites/AQ_Sctaeniopterus_TP_2021-06-14_113532_001.MP4,1277.51,23.98,No focal subject,Bite,Foraging,None|None|None,POINT,499.661,499.661,NA,,
AQ_Sctaeniopterus_TP_2021-06-14_113532,6/19/2025 17:08,,/Users/ally/Documents/johnson lab/parrotfish bites/AQ_Sctaeniopterus_TP_2021-06-14_113532_001.MP4,1277.51,23.98,No focal subject,Bite,Foraging,None|None|None,POINT,500.413,500.413,NA,,
AQ_Sctaeniopterus_TP_2021-06-14_113532,6/19/2025 17:08,,/Users/ally/Documents/johnson lab/parrotfish bites/AQ_Sctaeniopterus_TP_2021-06-14_113532_001.MP4,1277.51,23.98,No focal subject,Bite,Foraging,None|None|None,POINT,522.414,522.414,NA,,
AQ_Sctaeniopterus_TP_2021-06-14_113532,6/19/2025 17:08,,/Users/ally/Documents/johnson lab/parrotfish bites/AQ_Sctaeniopterus_TP_2021-06-14_113532_001.MP4,1277.51,23.98,No focal subject,Bite,Foraging,None|None|None,POINT,522.912,522.912,NA,,
AQ_Sctaeniopterus_TP_2021-06-14_113532,6/19/2025 17:08,,/Users/ally/Documents/johnson lab/parrotfish bites/AQ_Sctaeniopterus_TP_2021-06-14_113532_001.MP4,1277.51,23.98,No focal subject,Bite,Foraging,None|None|None,POINT,523.912,523.912,NA,,
AQ_Sctaeniopterus_TP_2021-06-14_113532,6/19/2025 17:08,,/Users/ally/Documents/johnson lab/parrotfish bites/AQ_Sctaeniopterus_TP_2021-06-14_113532_001.MP4,1277.51,23.98,No focal subject,Bite,Foraging,None|None|None,POINT,525.912,525.912,NA,,
AQ_Sctaeniopterus_TP_2021-06-14_113532,6/19/2025 17:08,,/Users/ally/Documents/johnson lab/parrotfish bites/AQ_Sctaeniopterus_TP_2021-06-14_113532_001.MP4,1277.51,23.98,No focal subject,Bite,Foraging,None|None|None,POINT,529.412,529.412,NA,,
AQ_Sctaeniopterus_TP_2021-06-14_113532,6/19/2025 17:08,,/Users/ally/Documents/johnson lab/parrotfish bites/AQ_Sctaeniopterus_TP_2021-06-14_113532_001.MP4,1277.51,23.98,No focal subject,Bite,Foraging,None|None|None,POINT,529.913,529.913,NA,,
AQ_Sctaeniopterus_TP_2021-06-14_113532,6/19/2025 17:08,,/Users/ally/Documents/johnson lab/parrotfish bites/AQ_Sctaeniopterus_TP_2021-06-14_113532_001.MP4,1277.51,23.98,No focal subject,Bite,Foraging,None|None|None,POINT,530.413,530.413,NA,,
AQ_Sctaeniopterus_TP_2021-06-14_113532,6/19/2025 17:08,,/Users/ally/Documents/johnson lab/parrotfish bites/AQ_Sctaeniopterus_TP_2021-06-14_113532_001.MP4,1277.51,23.98,No focal subject,Bite,Foraging,None|None|None,POINT,575.915,575.915,NA,,
AQ_Sctaeniopterus_TP_2021-06-14_113532,6/19/2025 17:08,,/Users/ally/Documents/johnson lab/parrotfish bites/AQ_Sctaeniopterus_TP_2021-06-14_113532_001.MP4,1277.51,23.98,No focal subject,Bite,Foraging,None|None|None,POINT,576.913,576.913,NA,,
AQ_Sctaeniopterus_TP_2021-06-14_113532,6/19/2025 17:08,,/Users/ally/Documents/johnson lab/parrotfish bites/AQ_Sctaeniopterus_TP_2021-06-14_113532_001.MP4,1277.51,23.98,No focal subject,Bite,Foraging,None|None|None,POINT,578.915,578.915,NA,,
AQ_Sctaeniopterus_TP_2021-06-14_113532,6/19/2025 17:08,,/Users/ally/Documents/johnson lab/parrotfish bites/AQ_Sctaeniopterus_TP_2021-06-14_113532_001.MP4,1277.51,23.98,No focal subject,Bite,Foraging,None|None|None,POINT,579.912,579.912,NA,,
AQ_Sctaeniopterus_TP_2021-06-14_113532,6/19/2025 17:08,,/Users/ally/Documents/johnson lab/parrotfish bites/AQ_Sctaeniopterus_TP_2021-06-14_113532_001.MP4,1277.51,23.98,No focal subject,Bite,Foraging,None|None|None,POINT,581.414,581.414,NA,,
AQ_Sctaeniopterus_TP_2021-06-14_113532,6/19/2025 17:08,,/Users/ally/Documents/johnson lab/parrotfish bites/AQ_Sctaeniopterus_TP_2021-06-14_113532_001.MP4,1277.51,23.98,No focal subject,Bite,Foraging,None|None|None,POINT,582.911,582.911,NA,,
AQ_Sctaeniopterus_TP_2021-06-14_113532,6/19/2025 17:08,,/Users/ally/Documents/johnson lab/parrotfish bites/AQ_Sctaeniopterus_TP_2021-06-14_113532_001.MP4,1277.51,23.98,No focal subject,Bite,Foraging,None|None|None,POINT,583.411,583.411,NA,,
AQ_Sctaeniopterus_TP_2021-06-14_113532,6/19/2025 17:08,,/Users/ally/Documents/johnson lab/parrotfish bites/AQ_Sctaeniopterus_TP_2021-06-14_113532_001.MP4,1277.51,23.98,No focal subject,Bite,Foraging,None|None|None,POINT,584.412,584.412,NA,,
AQ_Sctaeniopterus_TP_2021-06-14_113532,6/19/2025 17:08,,/Users/ally/Documents/johnson lab/parrotfish bites/AQ_Sctaeniopterus_TP_2021-06-14_113532_001.MP4,1277.51,23.98,No focal subject,Bite,Foraging,None|None|None,POINT,590.413,590.413,NA,,
AQ_Sctaeniopterus_TP_2021-06-14_113532,6/19/2025 17:08,,/Users/ally/Documents/johnson lab/parrotfish bites/AQ_Sctaeniopterus_TP_2021-06-14_113532_001.MP4,1277.51,23.98,No focal subject,Bite,Foraging,None|None|None,POINT,591.411,591.411,NA,,
AQ_Sctaeniopterus_TP_2021-06-14_113532,6/19/2025 17:08,,/Users/ally/Documents/johnson lab/parrotfish bites/AQ_Sctaeniopterus_TP_2021-06-14_113532_001.MP4,1277.51,23.98,No focal subject,Bite,Foraging,None|None|None,POINT,595.914,595.914,NA,,
AQ_Sctaeniopterus_TP_2021-06-14_113532,6/19/2025 17:08,,/Users/ally/Documents/johnson lab/parrotfish bites/AQ_Sctaeniopterus_TP_2021-06-14_113532_001.MP4,1277.51,23.98,No focal subject,Bite,Foraging,None|None|None,POINT,606.91,606.91,NA,,
AQ_Sctaeniopterus_TP_2021-06-14_113532,6/19/2025 17:08,,/Users/ally/Documents/johnson lab/parrotfish bites/AQ_Sctaeniopterus_TP_2021-06-14_113532_001.MP4,1277.51,23.98,No focal subject,Bite,Foraging,None|None|None,POINT,607.913,607.913,NA,,
AQ_Sctaeniopterus_TP_2021-06-14_113532,6/19/2025 17:08,,/Users/ally/Documents/johnson lab/parrotfish bites/AQ_Sctaeniopterus_TP_2021-06-14_113532_001.MP4,1277.51,23.98,No focal subject,Bite,Foraging,None|None|None,POINT,609.912,609.912,NA,,
AQ_Sctaeniopterus_TP_2021-06-14_113532,6/19/2025 17:08,,/Users/ally/Documents/johnson lab/parrotfish bites/AQ_Sctaeniopterus_TP_2021-06-14_113532_001.MP4,1277.51,23.98,No focal subject,Bite,Foraging,None|None|None,POINT,611.412,611.412,NA,,
AQ_Sctaeniopterus_TP_2021-06-14_113532,6/19/2025 17:08,,/Users/ally/Documents/johnson lab/parrotfish bites/AQ_Sctaeniopterus_TP_2021-06-14_113532_001.MP4,1277.51,23.98,No focal subject,Bite,Foraging,None|None|None,POINT,614.914,614.914,NA,,
AQ_Sctaeniopterus_TP_2021-06-14_113532,6/19/2025 17:08,,/Users/ally/Documents/johnson lab/parrotfish bites/AQ_Sctaeniopterus_TP_2021-06-14_113532_001.MP4,1277.51,23.98,No focal subject,Bite,Foraging,None|None|None,POINT,615.415,615.415,NA,,
AQ_Sctaeniopterus_TP_2021-06-14_113532,6/19/2025 17:08,,/Users/ally/Documents/johnson lab/parrotfish bites/AQ_Sctaeniopterus_TP_2021-06-14_113532_001.MP4,1277.51,23.98,No focal subject,Bite,Foraging,None|None|None,POINT,618.415,618.415,NA,,
AQ_Sctaeniopterus_TP_2021-06-14_113532,6/19/2025 17:08,,/Users/ally/Documents/johnson lab/parrotfish bites/AQ_Sctaeniopterus_TP_2021-06-14_113532_001.MP4,1277.51,23.98,No focal subject,Bite,Foraging,None|None|None,POINT,619.661,619.661,NA,,
AQ_Sctaeniopterus_TP_2021-06-14_113532,6/19/2025 17:08,,/Users/ally/Documents/johnson lab/parrotfish bites/AQ_Sctaeniopterus_TP_2021-06-14_113532_001.MP4,1277.51,23.98,No focal subject,Bite,Foraging,None|None|None,POINT,620.411,620.411,NA,,
AQ_Sctaeniopterus_TP_2021-06-14_113532,6/19/2025 17:08,,/Users/ally/Documents/johnson lab/parrotfish bites/AQ_Sctaeniopterus_TP_2021-06-14_113532_001.MP4,1277.51,23.98,No focal subject,Bite,Foraging,None|None|None,POINT,646.412,646.412,NA,,
AQ_Sctaeniopterus_TP_2021-06-14_113532,6/19/2025 17:08,,/Users/ally/Documents/johnson lab/parrotfish bites/AQ_Sctaeniopterus_TP_2021-06-14_113532_001.MP4,1277.51,23.98,No focal subject,Bite,Foraging,None|None|None,POINT,647.912,647.912,NA,,
AQ_Sctaeniopterus_TP_2021-06-14_113532,6/19/2025 17:08,,/Users/ally/Documents/johnson lab/parrotfish bites/AQ_Sctaeniopterus_TP_2021-06-14_113532_001.MP4,1277.51,23.98,No focal subject,Bite,Foraging,None|None|None,POINT,648.912,648.912,NA,,
AQ_Sctaeniopterus_TP_2021-06-14_113532,6/19/2025 17:08,,/Users/ally/Documents/johnson lab/parrotfish bites/AQ_Sctaeniopterus_TP_2021-06-14_113532_001.MP4,1277.51,23.98,No focal subject,Bite,Foraging,None|None|None,POINT,650.413,650.413,NA,,
AQ_Sctaeniopterus_TP_2021-06-14_113532,6/19/2025 17:08,,/Users/ally/Documents/johnson lab/parrotfish bites/AQ_Sctaeniopterus_TP_2021-06-14_113532_001.MP4,1277.51,23.98,No focal subject,Bite,Foraging,None|None|None,POINT,651.914,651.914,NA,,
AQ_Sctaeniopterus_TP_2021-06-14_113532,6/19/2025 17:08,,/Users/ally/Documents/johnson lab/parrotfish bites/AQ_Sctaeniopterus_TP_2021-06-14_113532_001.MP4,1277.51,23.98,No focal subject,Bite,Foraging,None|None|None,POINT,653.913,653.913,NA,,
AQ_Sctaeniopterus_TP_2021-06-14_113532,6/19/2025 17:08,,/Users/ally/Documents/johnson lab/parrotfish bites/AQ_Sctaeniopterus_TP_2021-06-14_113532_001.MP4,1277.51,23.98,No focal subject,Bite,Foraging,None|None|None,POINT,654.412,654.412,NA,,
AQ_Sctaeniopterus_TP_2021-06-14_113532,6/19/2025 17:08,,/Users/ally/Documents/johnson lab/parrotfish bites/AQ_Sctaeniopterus_TP_2021-06-14_113532_001.MP4,1277.51,23.98,No focal subject,Bite,Foraging,None|None|None,POINT,655.412,655.412,NA,,
AQ_Sctaeniopterus_TP_2021-06-14_113532,6/19/2025 17:08,,/Users/ally/Documents/johnson lab/parrotfish bites/AQ_Sctaeniopterus_TP_2021-06-14_113532_001.MP4,1277.51,23.98,No focal subject,Bite,Foraging,None|None|None,POINT,658.412,658.412,NA,,
AQ_Sctaeniopterus_TP_2021-06-14_113532,6/19/2025 17:08,,/Users/ally/Documents/johnson lab/parrotfish bites/AQ_Sctaeniopterus_TP_2021-06-14_113532_001.MP4,1277.51,23.98,No focal subject,Bite,Foraging,None|None|None,POINT,660.913,660.913,NA,,
AQ_Sctaeniopterus_TP_2021-06-14_113532,6/19/2025 17:08,,/Users/ally/Documents/johnson lab/parrotfish bites/AQ_Sctaeniopterus_TP_2021-06-14_113532_001.MP4,1277.51,23.98,No focal subject,Bite,Foraging,None|None|None,POINT,661.912,661.912,NA,,
AQ_Sctaeniopterus_TP_2021-06-14_113532,6/19/2025 17:08,,/Users/ally/Documents/johnson lab/parrotfish bites/AQ_Sctaeniopterus_TP_2021-06-14_113532_001.MP4,1277.51,23.98,No focal subject,Bite,Foraging,None|None|None,POINT,663.91,663.91,NA,,
AQ_Sctaeniopterus_TP_2021-06-14_113532,6/19/2025 17:08,,/Users/ally/Documents/johnson lab/parrotfish bites/AQ_Sctaeniopterus_TP_2021-06-14_113532_001.MP4,1277.51,23.98,No focal subject,Bite,Foraging,None|None|None,POINT,664.913,664.913,NA,,
AQ_Sctaeniopterus_TP_2021-06-14_113532,6/19/2025 17:08,,/Users/ally/Documents/johnson lab/parrotfish bites/AQ_Sctaeniopterus_TP_2021-06-14_113532_001.MP4,1277.51,23.98,No focal subject,Bite,Foraging,None|None|None,POINT,665.411,665.411,NA,,
AQ_Sctaeniopterus_TP_2021-06-14_113532,6/19/2025 17:08,,/Users/ally/Documents/johnson lab/parrotfish bites/AQ_Sctaeniopterus_TP_2021-06-14_113532_001.MP4,1277.51,23.98,No focal subject,Bite,Foraging,None|None|None,POINT,666.912,666.912,NA,,
AQ_Sctaeniopterus_TP_2021-06-14_113532,6/19/2025 17:08,,/Users/ally/Documents/johnson lab/parrotfish bites/AQ_Sctaeniopterus_TP_2021-06-14_113532_001.MP4,1277.51,23.98,No focal subject,Bite,Foraging,None|None|None,POINT,668.913,668.913,NA,,
AQ_Sctaeniopterus_TP_2021-06-14_113532,6/19/2025 17:08,,/Users/ally/Documents/johnson lab/parrotfish bites/AQ_Sctaeniopterus_TP_2021-06-14_113532_001.MP4,1277.51,23.98,No focal subject,Bite,Foraging,None|None|None,POINT,669.913,669.913,NA,,
AQ_Sctaeniopterus_TP_2021-06-14_113532,6/19/2025 17:08,,/Users/ally/Documents/johnson lab/parrotfish bites/AQ_Sctaeniopterus_TP_2021-06-14_113532_001.MP4,1277.51,23.98,No focal subject,Bite,Foraging,None|None|None,POINT,670.412,670.412,NA,,
AQ_Sctaeniopterus_TP_2021-06-14_113532,6/19/2025 17:08,,/Users/ally/Documents/johnson lab/parrotfish bites/AQ_Sctaeniopterus_TP_2021-06-14_113532_001.MP4,1277.51,23.98,No focal subject,Bite,Foraging,None|None|None,POINT,670.912,670.912,NA,,
AQ_Sctaeniopterus_TP_2021-06-14_113532,6/19/2025 17:08,,/Users/ally/Documents/johnson lab/parrotfish bites/AQ_Sctaeniopterus_TP_2021-06-14_113532_001.MP4,1277.51,23.98,No focal subject,Bite,Foraging,None|None|None,POINT,671.912,671.912,NA,,
AQ_Sctaeniopterus_TP_2021-06-14_113532,6/19/2025 17:08,,/Users/ally/Documents/johnson lab/parrotfish bites/AQ_Sctaeniopterus_TP_2021-06-14_113532_001.MP4,1277.51,23.98,No focal subject,Bite,Foraging,None|None|None,POINT,674.413,674.413,NA,,
AQ_Sctaeniopterus_TP_2021-06-14_113532,6/19/2025 17:08,,/Users/ally/Documents/johnson lab/parrotfish bites/AQ_Sctaeniopterus_TP_2021-06-14_113532_001.MP4,1277.51,23.98,No focal subject,Bite,Foraging,None|None|None,POINT,675.914,675.914,NA,,
AQ_Sctaeniopterus_TP_2021-06-14_113532,6/19/2025 17:08,,/Users/ally/Documents/johnson lab/parrotfish bites/AQ_Sctaeniopterus_TP_2021-06-14_113532_001.MP4,1277.51,23.98,No focal subject,Bite,Foraging,None|None|None,POINT,676.914,676.914,NA,,
AQ_Sctaeniopterus_TP_2021-06-14_113532,6/19/2025 17:08,,/Users/ally/Documents/johnson lab/parrotfish bites/AQ_Sctaeniopterus_TP_2021-06-14_113532_001.MP4,1277.51,23.98,No focal subject,Bite,Foraging,None|None|None,POINT,677.912,677.912,NA,,
AQ_Sctaeniopterus_TP_2021-06-14_113532,6/19/2025 17:08,,/Users/ally/Documents/johnson lab/parrotfish bites/AQ_Sctaeniopterus_TP_2021-06-14_113532_001.MP4,1277.51,23.98,No focal subject,Bite,Foraging,None|None|None,POINT,678.912,678.912,NA,,
AQ_Sctaeniopterus_TP_2021-06-14_113532,6/19/2025 17:08,,/Users/ally/Documents/johnson lab/parrotfish bites/AQ_Sctaeniopterus_TP_2021-06-14_113532_001.MP4,1277.51,23.98,No focal subject,Bite,Foraging,None|None|None,POINT,680.16,680.16,NA,,
AQ_Sctaeniopterus_TP_2021-06-14_113532,6/19/2025 17:08,,/Users/ally/Documents/johnson lab/parrotfish bites/AQ_Sctaeniopterus_TP_2021-06-14_113532_001.MP4,1277.51,23.98,No focal subject,Bite,Foraging,None|None|None,POINT,680.911,680.911,NA,,
AQ_Sctaeniopterus_TP_2021-06-14_113532,6/19/2025 17:08,,/Users/ally/Documents/johnson lab/parrotfish bites/AQ_Sctaeniopterus_TP_2021-06-14_113532_001.MP4,1277.51,23.98,No focal subject,Bite,Foraging,None|None|None,POINT,682.413,682.413,NA,,
AQ_Sctaeniopterus_TP_2021-06-14_113532,6/19/2025 17:08,,/Users/ally/Documents/johnson lab/parrotfish bites/AQ_Sctaeniopterus_TP_2021-06-14_113532_001.MP4,1277.51,23.98,No focal subject,Bite,Foraging,None|None|None,POINT,683.412,683.412,NA,,
AQ_Sctaeniopterus_TP_2021-06-14_113532,6/19/2025 17:08,,/Users/ally/Documents/johnson lab/parrotfish bites/AQ_Sctaeniopterus_TP_2021-06-14_113532_002.MP4,1277.51,23.98,No focal subject,Bite,Foraging,None|None|None,POINT,782.133,782.133,NA,,
AQ_Sctaeniopterus_TP_2021-06-14_113532,6/19/2025 17:08,,/Users/ally/Documents/johnson lab/parrotfish bites/AQ_Sctaeniopterus_TP_2021-06-14_113532_002.MP4,1277.51,23.98,No focal subject,Bite,Foraging,None|None|None,POINT,783.381,783.381,NA,,
AQ_Sctaeniopterus_TP_2021-06-14_113532,6/19/2025 17:08,,/Users/ally/Documents/johnson lab/parrotfish bites/AQ_Sctaeniopterus_TP_2021-06-14_113532_002.MP4,1277.51,23.98,No focal subject,Bite,Foraging,None|None|None,POINT,788.635,788.635,NA,,
AQ_Sctaeniopterus_TP_2021-06-14_113532,6/19/2025 17:08,,/Users/ally/Documents/johnson lab/parrotfish bites/AQ_Sctaeniopterus_TP_2021-06-14_113532_002.MP4,1277.51,23.98,No focal subject,Bite,Foraging,None|None|None,POINT,789.633,789.633,NA,,
AQ_Sctaeniopterus_TP_2021-06-14_113532,6/19/2025 17:08,,/Users/ally/Documents/johnson lab/parrotfish bites/AQ_Sctaeniopterus_TP_2021-06-14_113532_002.MP4,1277.51,23.98,No focal subject,Bite,Foraging,None|None|None,POINT,790.628,790.628,NA,,
AQ_Sctaeniopterus_TP_2021-06-14_113532,6/19/2025 17:08,,/Users/ally/Documents/johnson lab/parrotfish bites/AQ_Sctaeniopterus_TP_2021-06-14_113532_002.MP4,1277.51,23.98,No focal subject,Bite,Foraging,None|None|None,POINT,791.631,791.631,NA,,
AQ_Sctaeniopterus_TP_2021-06-14_113532,6/19/2025 17:08,,/Users/ally/Documents/johnson lab/parrotfish bites/AQ_Sctaeniopterus_TP_2021-06-14_113532_002.MP4,1277.51,23.98,No focal subject,Bite,Foraging,None|None|None,POINT,793.383,793.383,NA,,
AQ_Sctaeniopterus_TP_2021-06-14_113532,6/19/2025 17:08,,/Users/ally/Documents/johnson lab/parrotfish bites/AQ_Sctaeniopterus_TP_2021-06-14_113532_002.MP4,1277.51,23.98,No focal subject,Bite,Foraging,None|None|None,POINT,796.135,796.135,NA,,
AQ_Sctaeniopterus_TP_2021-06-14_113532,6/19/2025 17:08,,/Users/ally/Documents/johnson lab/parrotfish bites/AQ_Sctaeniopterus_TP_2021-06-14_113532_002.MP4,1277.51,23.98,No focal subject,Bite,Foraging,None|None|None,POINT,796.633,796.633,NA,,
AQ_Sctaeniopterus_TP_2021-06-14_113532,6/19/2025 17:08,,/Users/ally/Documents/johnson lab/parrotfish bites/AQ_Sctaeniopterus_TP_2021-06-14_113532_002.MP4,1277.51,23.98,No focal subject,Bite,Foraging,None|None|None,POINT,799.636,799.636,NA,,
AQ_Sctaeniopterus_TP_2021-06-14_113532,6/19/2025 17:08,,/Users/ally/Documents/johnson lab/parrotfish bites/AQ_Sctaeniopterus_TP_2021-06-14_113532_002.MP4,1277.51,23.98,No focal subject,Bite,Foraging,None|None|None,POINT,800.635,800.635,NA,,
AQ_Sctaeniopterus_TP_2021-06-14_113532,6/19/2025 17:08,,/Users/ally/Documents/johnson lab/parrotfish bites/AQ_Sctaeniopterus_TP_2021-06-14_113532_002.MP4,1277.51,23.98,No focal subject,Bite,Foraging,None|None|None,POINT,805.133,805.133,NA,,
AQ_Sctaeniopterus_TP_2021-06-14_113532,6/19/2025 17:08,,/Users/ally/Documents/johnson lab/parrotfish bites/AQ_Sctaeniopterus_TP_2021-06-14_113532_002.MP4,1277.51,23.98,No focal subject,Bite,Foraging,None|None|None,POINT,805.632,805.632,NA,,
AQ_Sctaeniopterus_TP_2021-06-14_113532,6/19/2025 17:08,,/Users/ally/Documents/johnson lab/parrotfish bites/AQ_Sctaeniopterus_TP_2021-06-14_113532_002.MP4,1277.51,23.98,No focal subject,Bite,Foraging,None|None|None,POINT,806.634,806.634,NA,,
AQ_Sctaeniopterus_TP_2021-06-14_113532,6/19/2025 17:08,,/Users/ally/Documents/johnson lab/parrotfish bites/AQ_Sctaeniopterus_TP_2021-06-14_113532_002.MP4,1277.51,23.98,No focal subject,Bite,Foraging,None|None|None,POINT,810.633,810.633,NA,,
AQ_Sctaeniopterus_TP_2021-06-14_113532,6/19/2025 17:08,,/Users/ally/Documents/johnson lab/parrotfish bites/AQ_Sctaeniopterus_TP_2021-06-14_113532_002.MP4,1277.51,23.98,No focal subject,Bite,Foraging,None|None|None,POINT,820.131,820.131,NA,,
AQ_Sctaeniopterus_TP_2021-06-14_113532,6/19/2025 17:08,,/Users/ally/Documents/johnson lab/parrotfish bites/AQ_Sctaeniopterus_TP_2021-06-14_113532_002.MP4,1277.51,23.98,No focal subject,Bite,Foraging,None|None|None,POINT,834.133,834.133,NA,,
AQ_Sctaeniopterus_TP_2021-06-14_113532,6/19/2025 17:08,,/Users/ally/Documents/johnson lab/parrotfish bites/AQ_Sctaeniopterus_TP_2021-06-14_113532_002.MP4,1277.51,23.98,No focal subject,Bite,Foraging,None|None|None,POINT,835.134,835.134,NA,,
AQ_Sctaeniopterus_TP_2021-06-14_113532,6/19/2025 17:08,,/Users/ally/Documents/johnson lab/parrotfish bites/AQ_Sctaeniopterus_TP_2021-06-14_113532_002.MP4,1277.51,23.98,No focal subject,Bite,Foraging,None|None|None,POINT,835.634,835.634,NA,,
AQ_Sctaeniopterus_TP_2021-06-14_113532,6/19/2025 17:08,,/Users/ally/Documents/johnson lab/parrotfish bites/AQ_Sctaeniopterus_TP_2021-06-14_113532_002.MP4,1277.51,23.98,No focal subject,Bite,Foraging,None|None|None,POINT,837.132,837.132,NA,,
AQ_Sctaeniopterus_TP_2021-06-14_113532,6/19/2025 17:08,,/Users/ally/Documents/johnson lab/parrotfish bites/AQ_Sctaeniopterus_TP_2021-06-14_113532_002.MP4,1277.51,23.98,No focal subject,Bite,Foraging,None|None|None,POINT,851.631,851.631,NA,,
AQ_Sctaeniopterus_TP_2021-06-14_113532,6/19/2025 17:08,,/Users/ally/Documents/johnson lab/parrotfish bites/AQ_Sctaeniopterus_TP_2021-06-14_113532_002.MP4,1277.51,23.98,No focal subject,Bite,Foraging,None|None|None,POINT,852.631,852.631,NA,,
AQ_Sctaeniopterus_TP_2021-06-14_113532,6/19/2025 17:08,,/Users/ally/Documents/johnson lab/parrotfish bites/AQ_Sctaeniopterus_TP_2021-06-14_113532_002.MP4,1277.51,23.98,No focal subject,Bite,Foraging,None|None|None,POINT,872.632,872.632,NA,,
AQ_Sctaeniopterus_TP_2021-06-14_113532,6/19/2025 17:08,,/Users/ally/Documents/johnson lab/parrotfish bites/AQ_Sctaeniopterus_TP_2021-06-14_113532_002.MP4,1277.51,23.98,No focal subject,Bite,Foraging,None|None|None,POINT,874.134,874.134,NA,,
AQ_Sctaeniopterus_TP_2021-06-14_113532,6/19/2025 17:08,,/Users/ally/Documents/johnson lab/parrotfish bites/AQ_Sctaeniopterus_TP_2021-06-14_113532_002.MP4,1277.51,23.98,No focal subject,Bite,Foraging,None|None|None,POINT,875.637,875.637,NA,,
AQ_Sctaeniopterus_TP_2021-06-14_113532,6/19/2025 17:08,,/Users/ally/Documents/johnson lab/parrotfish bites/AQ_Sctaeniopterus_TP_2021-06-14_113532_002.MP4,1277.51,23.98,No focal subject,Bite,Foraging,None|None|None,POINT,876.635,876.635,NA,,
AQ_Sctaeniopterus_TP_2021-06-14_113532,6/19/2025 17:08,,/Users/ally/Documents/johnson lab/parrotfish bites/AQ_Sctaeniopterus_TP_2021-06-14_113532_002.MP4,1277.51,23.98,No focal subject,Bite,Foraging,None|None|None,POINT,877.633,877.633,NA,,
AQ_Sctaeniopterus_TP_2021-06-14_113532,6/19/2025 17:08,,/Users/ally/Documents/johnson lab/parrotfish bites/AQ_Sctaeniopterus_TP_2021-06-14_113532_002.MP4,1277.51,23.98,No focal subject,Bite,Foraging,None|None|None,POINT,878.632,878.632,NA,,
AQ_Sctaeniopterus_TP_2021-06-14_113532,6/19/2025 17:08,,/Users/ally/Documents/johnson lab/parrotfish bites/AQ_Sctaeniopterus_TP_2021-06-14_113532_002.MP4,1277.51,23.98,No focal subject,Bite,Foraging,None|None|None,POINT,880.134,880.134,NA,,
AQ_Sctaeniopterus_TP_2021-06-14_113532,6/19/2025 17:08,,/Users/ally/Documents/johnson lab/parrotfish bites/AQ_Sctaeniopterus_TP_2021-06-14_113532_002.MP4,1277.51,23.98,No focal subject,Bite,Foraging,None|None|None,POINT,881.136,881.136,NA,,
AQ_Sctaeniopterus_TP_2021-06-14_113532,6/19/2025 17:08,,/Users/ally/Documents/johnson lab/parrotfish bites/AQ_Sctaeniopterus_TP_2021-06-14_113532_002.MP4,1277.51,23.98,No focal subject,Bite,Foraging,None|None|None,POINT,882.631,882.631,NA,,
AQ_Sctaeniopterus_TP_2021-06-14_113532,6/19/2025 17:08,,/Users/ally/Documents/johnson lab/parrotfish bites/AQ_Sctaeniopterus_TP_2021-06-14_113532_002.MP4,1277.51,23.98,No focal subject,Bite,Foraging,None|None|None,POINT,883.132,883.132,NA,,
AQ_Sctaeniopterus_TP_2021-06-14_113532,6/19/2025 17:08,,/Users/ally/Documents/johnson lab/parrotfish bites/AQ_Sctaeniopterus_TP_2021-06-14_113532_002.MP4,1277.51,23.98,No focal subject,Bite,Foraging,None|None|None,POINT,884.131,884.131,NA,,
AQ_Sctaeniopterus_TP_2021-06-14_113532,6/19/2025 17:08,,/Users/ally/Documents/johnson lab/parrotfish bites/AQ_Sctaeniopterus_TP_2021-06-14_113532_002.MP4,1277.51,23.98,No focal subject,Bite,Foraging,None|None|None,POINT,884.633,884.633,NA,,
AQ_Sctaeniopterus_TP_2021-06-14_113532,6/19/2025 17:08,,/Users/ally/Documents/johnson lab/parrotfish bites/AQ_Sctaeniopterus_TP_2021-06-14_113532_002.MP4,1277.51,23.98,No focal subject,Bite,Foraging,None|None|None,POINT,885.131,885.131,NA,,
AQ_Sctaeniopterus_TP_2021-06-14_113532,6/19/2025 17:08,,/Users/ally/Documents/johnson lab/parrotfish bites/AQ_Sctaeniopterus_TP_2021-06-14_113532_002.MP4,1277.51,23.98,No focal subject,Bite,Foraging,None|None|None,POINT,885.631,885.631,NA,,
AQ_Sctaeniopterus_TP_2021-06-14_113532,6/19/2025 17:08,,/Users/ally/Documents/johnson lab/parrotfish bites/AQ_Sctaeniopterus_TP_2021-06-14_113532_002.MP4,1277.51,23.98,No focal subject,Bite,Foraging,None|None|None,POINT,890.132,890.132,NA,,
AQ_Sctaeniopterus_TP_2021-06-14_113532,6/19/2025 17:08,,/Users/ally/Documents/johnson lab/parrotfish bites/AQ_Sctaeniopterus_TP_2021-06-14_113532_002.MP4,1277.51,23.98,No focal subject,Bite,Foraging,None|None|None,POINT,891.633,891.633,NA,,
AQ_Sctaeniopterus_TP_2021-06-14_113532,6/19/2025 17:08,,/Users/ally/Documents/johnson lab/parrotfish bites/AQ_Sctaeniopterus_TP_2021-06-14_113532_002.MP4,1277.51,23.98,No focal subject,Bite,Foraging,None|None|None,POINT,893.132,893.132,NA,,
AQ_Sctaeniopterus_TP_2021-06-14_113532,6/19/2025 17:08,,/Users/ally/Documents/johnson lab/parrotfish bites/AQ_Sctaeniopterus_TP_2021-06-14_113532_002.MP4,1277.51,23.98,No focal subject,Bite,Foraging,None|None|None,POINT,894.132,894.132,NA,,
AQ_Sctaeniopterus_TP_2021-06-14_113532,6/19/2025 17:08,,/Users/ally/Documents/johnson lab/parrotfish bites/AQ_Sctaeniopterus_TP_2021-06-14_113532_002.MP4,1277.51,23.98,No focal subject,Bite,Foraging,None|None|None,POINT,897.632,897.632,NA,,
AQ_Sctaeniopterus_TP_2021-06-14_113532,6/19/2025 17:08,,/Users/ally/Documents/johnson lab/parrotfish bites/AQ_Sctaeniopterus_TP_2021-06-14_113532_002.MP4,1277.51,23.98,No focal subject,Bite,Foraging,None|None|None,POINT,900.631,900.631,NA,,
AQ_Sctaeniopterus_TP_2021-06-14_113532,6/19/2025 17:08,,/Users/ally/Documents/johnson lab/parrotfish bites/AQ_Sctaeniopterus_TP_2021-06-14_113532_002.MP4,1277.51,23.98,No focal subject,Bite,Foraging,None|None|None,POINT,901.632,901.632,NA,,
AQ_Sctaeniopterus_TP_2021-06-14_113532,6/19/2025 17:08,,/Users/ally/Documents/johnson lab/parrotfish bites/AQ_Sctaeniopterus_TP_2021-06-14_113532_002.MP4,1277.51,23.98,No focal subject,Bite,Foraging,None|None|None,POINT,902.13,902.13,NA,,
AQ_Sctaeniopterus_TP_2021-06-14_113532,6/19/2025 17:08,,/Users/ally/Documents/johnson lab/parrotfish bites/AQ_Sctaeniopterus_TP_2021-06-14_113532_002.MP4,1277.51,23.98,No focal subject,Bite,Foraging,None|None|None,POINT,903.132,903.132,NA,,
AQ_Sctaeniopterus_TP_2021-06-14_113532,6/19/2025 17:08,,/Users/ally/Documents/johnson lab/parrotfish bites/AQ_Sctaeniopterus_TP_2021-06-14_113532_002.MP4,1277.51,23.98,No focal subject,Bite,Foraging,None|None|None,POINT,904.131,904.131,NA,,
AQ_Sctaeniopterus_TP_2021-06-14_113532,6/19/2025 17:08,,/Users/ally/Documents/johnson lab/parrotfish bites/AQ_Sctaeniopterus_TP_2021-06-14_113532_002.MP4,1277.51,23.98,No focal subject,Bite,Foraging,None|None|None,POINT,906.63,906.63,NA,,
AQ_Sctaeniopterus_TP_2021-06-14_113532,6/19/2025 17:08,,/Users/ally/Documents/johnson lab/parrotfish bites/AQ_Sctaeniopterus_TP_2021-06-14_113532_002.MP4,1277.51,23.98,No focal subject,Bite,Foraging,None|None|None,POINT,908.132,908.132,NA,,
AQ_Sctaeniopterus_TP_2021-06-14_113532,6/19/2025 17:08,,/Users/ally/Documents/johnson lab/parrotfish bites/AQ_Sctaeniopterus_TP_2021-06-14_113532_002.MP4,1277.51,23.98,No focal subject,Bite,Foraging,None|None|None,POINT,909.131,909.131,NA,,
AQ_Sctaeniopterus_TP_2021-06-14_113532,6/19/2025 17:08,,/Users/ally/Documents/johnson lab/parrotfish bites/AQ_Sctaeniopterus_TP_2021-06-14_113532_002.MP4,1277.51,23.98,No focal subject,Bite,Foraging,None|None|None,POINT,910.633,910.633,NA,,
AQ_Sctaeniopterus_TP_2021-06-14_113532,6/19/2025 17:08,,/Users/ally/Documents/johnson lab/parrotfish bites/AQ_Sctaeniopterus_TP_2021-06-14_113532_002.MP4,1277.51,23.98,No focal subject,Bite,Foraging,None|None|None,POINT,911.382,911.382,NA,,
AQ_Sctaeniopterus_TP_2021-06-14_113532,6/19/2025 17:08,,/Users/ally/Documents/johnson lab/parrotfish bites/AQ_Sctaeniopterus_TP_2021-06-14_113532_002.MP4,1277.51,23.98,No focal subject,Bite,Foraging,None|None|None,POINT,925.133,925.133,NA,,
AQ_Sctaeniopterus_TP_2021-06-14_113532,6/19/2025 17:08,,/Users/ally/Documents/johnson lab/parrotfish bites/AQ_Sctaeniopterus_TP_2021-06-14_113532_002.MP4,1277.51,23.98,No focal subject,Bite,Foraging,None|None|None,POINT,925.632,925.632,NA,,
AQ_Sctaeniopterus_TP_2021-06-14_113532,6/19/2025 17:08,,/Users/ally/Documents/johnson lab/parrotfish bites/AQ_Sctaeniopterus_TP_2021-06-14_113532_002.MP4,1277.51,23.98,No focal subject,Bite,Foraging,None|None|None,POINT,927.135,927.135,NA,,
AQ_Sctaeniopterus_TP_2021-06-14_113532,6/19/2025 17:08,,/Users/ally/Documents/johnson lab/parrotfish bites/AQ_Sctaeniopterus_TP_2021-06-14_113532_002.MP4,1277.51,23.98,No focal subject,Bite,Foraging,None|None|None,POINT,929.631,929.631,NA,,
AQ_Sctaeniopterus_TP_2021-06-14_113532,6/19/2025 17:08,,/Users/ally/Documents/johnson lab/parrotfish bites/AQ_Sctaeniopterus_TP_2021-06-14_113532_002.MP4,1277.51,23.98,No focal subject,Bite,Foraging,None|None|None,POINT,930.633,930.633,NA,,
AQ_Sctaeniopterus_TP_2021-06-14_113532,6/19/2025 17:08,,/Users/ally/Documents/johnson lab/parrotfish bites/AQ_Sctaeniopterus_TP_2021-06-14_113532_002.MP4,1277.51,23.98,No focal subject,Bite,Foraging,None|None|None,POINT,931.13,931.13,NA,,
AQ_Sctaeniopterus_TP_2021-06-14_113532,6/19/2025 17:08,,/Users/ally/Documents/johnson lab/parrotfish bites/AQ_Sctaeniopterus_TP_2021-06-14_113532_002.MP4,1277.51,23.98,No focal subject,Bite,Foraging,None|None|None,POINT,932.631,932.631,NA,,
AQ_Sctaeniopterus_TP_2021-06-14_113532,6/19/2025 17:08,,/Users/ally/Documents/johnson lab/parrotfish bites/AQ_Sctaeniopterus_TP_2021-06-14_113532_002.MP4,1277.51,23.98,No focal subject,Bite,Foraging,None|None|None,POINT,933.632,933.632,NA,,
AQ_Sctaeniopterus_TP_2021-06-14_113532,6/19/2025 17:08,,/Users/ally/Documents/johnson lab/parrotfish bites/AQ_Sctaeniopterus_TP_2021-06-14_113532_002.MP4,1277.51,23.98,No focal subject,Bite,Foraging,None|None|None,POINT,934.631,934.631,NA,,
AQ_Sctaeniopterus_TP_2021-06-14_113532,6/19/2025 17:08,,/Users/ally/Documents/johnson lab/parrotfish bites/AQ_Sctaeniopterus_TP_2021-06-14_113532_002.MP4,1277.51,23.98,No focal subject,Bite,Foraging,None|None|None,POINT,936.134,936.134,NA,,
AQ_Sctaeniopterus_TP_2021-06-14_113532,6/19/2025 17:08,,/Users/ally/Documents/johnson lab/parrotfish bites/AQ_Sctaeniopterus_TP_2021-06-14_113532_002.MP4,1277.51,23.98,No focal subject,Bite,Foraging,None|None|None,POINT,940.635,940.635,NA,,
AQ_Sctaeniopterus_TP_2021-06-14_113532,6/19/2025 17:08,,/Users/ally/Documents/johnson lab/parrotfish bites/AQ_Sctaeniopterus_TP_2021-06-14_113532_002.MP4,1277.51,23.98,No focal subject,Bite,Foraging,None|None|None,POINT,941.634,941.634,NA,,
AQ_Sctaeniopterus_TP_2021-06-14_113532,6/19/2025 17:08,,/Users/ally/Documents/johnson lab/parrotfish bites/AQ_Sctaeniopterus_TP_2021-06-14_113532_002.MP4,1277.51,23.98,No focal subject,Bite,Foraging,None|None|None,POINT,942.634,942.634,NA,,
AQ_Sctaeniopterus_TP_2021-06-14_113532,6/19/2025 17:08,,/Users/ally/Documents/johnson lab/parrotfish bites/AQ_Sctaeniopterus_TP_2021-06-14_113532_002.MP4,1277.51,23.98,No focal subject,Bite,Foraging,None|None|None,POINT,943.132,943.132,NA,,
AQ_Sctaeniopterus_TP_2021-06-14_113532,6/19/2025 17:08,,/Users/ally/Documents/johnson lab/parrotfish bites/AQ_Sctaeniopterus_TP_2021-06-14_113532_002.MP4,1277.51,23.98,No focal subject,Bite,Foraging,None|None|None,POINT,944.135,944.135,NA,,
AQ_Sctaeniopterus_TP_2021-06-14_113532,6/19/2025 17:08,,/Users/ally/Documents/johnson lab/parrotfish bites/AQ_Sctaeniopterus_TP_2021-06-14_113532_002.MP4,1277.51,23.98,No focal subject,Bite,Foraging,None|None|None,POINT,950.634,950.634,NA,,
AQ_Sctaeniopterus_TP_2021-06-14_113532,6/19/2025 17:08,,/Users/ally/Documents/johnson lab/parrotfish bites/AQ_Sctaeniopterus_TP_2021-06-14_113532_002.MP4,1277.51,23.98,No focal subject,Bite,Foraging,None|None|None,POINT,951.132,951.132,NA,,
AQ_Sctaeniopterus_TP_2021-06-14_113532,6/19/2025 17:08,,/Users/ally/Documents/johnson lab/parrotfish bites/AQ_Sctaeniopterus_TP_2021-06-14_113532_002.MP4,1277.51,23.98,No focal subject,Bite,Foraging,None|None|None,POINT,951.631,951.631,NA,,
AQ_Sctaeniopterus_TP_2021-06-14_113532,6/19/2025 17:08,,/Users/ally/Documents/johnson lab/parrotfish bites/AQ_Sctaeniopterus_TP_2021-06-14_113532_002.MP4,1277.51,23.98,No focal subject,Bite,Foraging,None|None|None,POINT,952.381,952.381,NA,,
AQ_Sctaeniopterus_TP_2021-06-14_113532,6/19/2025 17:08,,/Users/ally/Documents/johnson lab/parrotfish bites/AQ_Sctaeniopterus_TP_2021-06-14_113532_002.MP4,1277.51,23.98,No focal subject,Bite,Foraging,None|None|None,POINT,953.133,953.133,NA,,
AQ_Sctaeniopterus_TP_2021-06-14_113532,6/19/2025 17:08,,/Users/ally/Documents/johnson lab/parrotfish bites/AQ_Sctaeniopterus_TP_2021-06-14_113532_002.MP4,1277.51,23.98,No focal subject,Bite,Foraging,None|None|None,POINT,953.631,953.631,NA,,
AQ_Sctaeniopterus_TP_2021-06-14_113532,6/19/2025 17:08,,/Users/ally/Documents/johnson lab/parrotfish bites/AQ_Sctaeniopterus_TP_2021-06-14_113532_002.MP4,1277.51,23.98,No focal subject,Bite,Foraging,None|None|None,POINT,954.632,954.632,NA,,
AQ_Sctaeniopterus_TP_2021-06-14_113532,6/19/2025 17:08,,/Users/ally/Documents/johnson lab/parrotfish bites/AQ_Sctaeniopterus_TP_2021-06-14_113532_002.MP4,1277.51,23.98,No focal subject,Bite,Foraging,None|None|None,POINT,956.129,956.129,NA,,
AQ_Sctaeniopterus_TP_2021-06-14_113532,6/19/2025 17:08,,/Users/ally/Documents/johnson lab/parrotfish bites/AQ_Sctaeniopterus_TP_2021-06-14_113532_002.MP4,1277.51,23.98,No focal subject,Bite,Foraging,None|None|None,POINT,956.633,956.633,NA,,
AQ_Sctaeniopterus_TP_2021-06-14_113532,6/19/2025 17:08,,/Users/ally/Documents/johnson lab/parrotfish bites/AQ_Sctaeniopterus_TP_2021-06-14_113532_002.MP4,1277.51,23.98,No focal subject,Bite,Foraging,None|None|None,POINT,957.632,957.632,NA,,
AQ_Sctaeniopterus_TP_2021-06-14_113532,6/19/2025 17:08,,/Users/ally/Documents/johnson lab/parrotfish bites/AQ_Sctaeniopterus_TP_2021-06-14_113532_002.MP4,1277.51,23.98,No focal subject,Bite,Foraging,None|None|None,POINT,958.633,958.633,NA,,
AQ_Sctaeniopterus_TP_2021-06-14_113532,6/19/2025 17:08,,/Users/ally/Documents/johnson lab/parrotfish bites/AQ_Sctaeniopterus_TP_2021-06-14_113532_002.MP4,1277.51,23.98,No focal subject,Bite,Foraging,None|None|None,POINT,959.38,959.38,NA,,
AQ_Sctaeniopterus_TP_2021-06-14_113532,6/19/2025 17:08,,/Users/ally/Documents/johnson lab/parrotfish bites/AQ_Sctaeniopterus_TP_2021-06-14_113532_002.MP4,1277.51,23.98,No focal subject,Bite,Foraging,None|None|None,POINT,959.882,959.882,NA,,
AQ_Sctaeniopterus_TP_2021-06-14_113532,6/19/2025 17:08,,/Users/ally/Documents/johnson lab/parrotfish bites/AQ_Sctaeniopterus_TP_2021-06-14_113532_002.MP4,1277.51,23.98,No focal subject,Bite,Foraging,None|None|None,POINT,960.381,960.381,NA,,
AQ_Sctaeniopterus_TP_2021-06-14_113532,6/19/2025 17:08,,/Users/ally/Documents/johnson lab/parrotfish bites/AQ_Sctaeniopterus_TP_2021-06-14_113532_002.MP4,1277.51,23.98,No focal subject,Bite,Foraging,None|None|None,POINT,961.385,961.385,NA,,
AQ_Sctaeniopterus_TP_2021-06-14_113532,6/19/2025 17:08,,/Users/ally/Documents/johnson lab/parrotfish bites/AQ_Sctaeniopterus_TP_2021-06-14_113532_002.MP4,1277.51,23.98,No focal subject,Bite,Foraging,None|None|None,POINT,961.885,961.885,NA,,
AQ_Sctaeniopterus_TP_2021-06-14_113532,6/19/2025 17:08,,/Users/ally/Documents/johnson lab/parrotfish bites/AQ_Sctaeniopterus_TP_2021-06-14_113532_002.MP4,1277.51,23.98,No focal subject,Bite,Foraging,None|None|None,POINT,963.886,963.886,NA,,
AQ_Sctaeniopterus_TP_2021-06-14_113532,6/19/2025 17:08,,/Users/ally/Documents/johnson lab/parrotfish bites/AQ_Sctaeniopterus_TP_2021-06-14_113532_002.MP4,1277.51,23.98,No focal subject,Bite,Foraging,None|None|None,POINT,965.386,965.386,NA,,
AQ_Sctaeniopterus_TP_2021-06-14_113532,6/19/2025 17:08,,/Users/ally/Documents/johnson lab/parrotfish bites/AQ_Sctaeniopterus_TP_2021-06-14_113532_002.MP4,1277.51,23.98,No focal subject,Bite,Foraging,None|None|None,POINT,965.884,965.884,NA,,
AQ_Sctaeniopterus_TP_2021-06-14_113532,6/19/2025 17:08,,/Users/ally/Documents/johnson lab/parrotfish bites/AQ_Sctaeniopterus_TP_2021-06-14_113532_002.MP4,1277.51,23.98,No focal subject,Bite,Foraging,None|None|None,POINT,1043.631,1043.631,NA,,
AQ_Sctaeniopterus_TP_2021-06-14_113532,6/19/2025 17:08,,/Users/ally/Documents/johnson lab/parrotfish bites/AQ_Sctaeniopterus_TP_2021-06-14_113532_002.MP4,1277.51,23.98,No focal subject,Bite,Foraging,None|None|None,POINT,1044.887,1044.887,NA,,
AQ_Sctaeniopterus_TP_2021-06-14_113532,6/19/2025 17:08,,/Users/ally/Documents/johnson lab/parrotfish bites/AQ_Sctaeniopterus_TP_2021-06-14_113532_002.MP4,1277.51,23.98,No focal subject,Bite,Foraging,None|None|None,POINT,1045.885,1045.885,NA,,
AQ_Sctaeniopterus_TP_2021-06-14_113532,6/19/2025 17:08,,/Users/ally/Documents/johnson lab/parrotfish bites/AQ_Sctaeniopterus_TP_2021-06-14_113532_002.MP4,1277.51,23.98,No focal subject,Bite,Foraging,None|None|None,POINT,1047.384,1047.384,NA,,
AQ_Sctaeniopterus_TP_2021-06-14_113532,6/19/2025 17:08,,/Users/ally/Documents/johnson lab/parrotfish bites/AQ_Sctaeniopterus_TP_2021-06-14_113532_002.MP4,1277.51,23.98,No focal subject,Bite,Foraging,None|None|None,POINT,1047.884,1047.884,NA,,
AQ_Sctaeniopterus_TP_2021-06-14_113532,6/19/2025 17:08,,/Users/ally/Documents/johnson lab/parrotfish bites/AQ_Sctaeniopterus_TP_2021-06-14_113532_002.MP4,1277.51,23.98,No focal subject,Bite,Foraging,None|None|None,POINT,1056.377,1056.377,NA,,
AQ_Sctaeniopterus_TP_2021-06-14_113532,6/19/2025 17:08,,/Users/ally/Documents/johnson lab/parrotfish bites/AQ_Sctaeniopterus_TP_2021-06-14_113532_002.MP4,1277.51,23.98,No focal subject,Bite,Foraging,None|None|None,POINT,1068.882,1068.882,NA,,
AQ_Sctaeniopterus_TP_2021-06-14_113532,6/19/2025 17:08,,/Users/ally/Documents/johnson lab/parrotfish bites/AQ_Sctaeniopterus_TP_2021-06-14_113532_002.MP4,1277.51,23.98,No focal subject,Bite,Foraging,None|None|None,POINT,1070.13,1070.13,NA,,
AQ_Sctaeniopterus_TP_2021-06-14_113532,6/19/2025 17:08,,/Users/ally/Documents/johnson lab/parrotfish bites/AQ_Sctaeniopterus_TP_2021-06-14_113532_002.MP4,1277.51,23.98,No focal subject,Bite,Foraging,None|None|None,POINT,1072.382,1072.382,NA,,
AQ_Sctaeniopterus_TP_2021-06-14_113532,6/19/2025 17:08,,/Users/ally/Documents/johnson lab/parrotfish bites/AQ_Sctaeniopterus_TP_2021-06-14_113532_002.MP4,1277.51,23.98,No focal subject,Bite,Foraging,None|None|None,POINT,1073.883,1073.883,NA,,
AQ_Sctaeniopterus_TP_2021-06-14_113532,6/19/2025 17:08,,/Users/ally/Documents/johnson lab/parrotfish bites/AQ_Sctaeniopterus_TP_2021-06-14_113532_002.MP4,1277.51,23.98,No focal subject,Bite,Foraging,None|None|None,POINT,1074.381,1074.381,NA,,
AQ_Sctaeniopterus_TP_2021-06-14_113532,6/19/2025 17:08,,/Users/ally/Documents/johnson lab/parrotfish bites/AQ_Sctaeniopterus_TP_2021-06-14_113532_002.MP4,1277.51,23.98,No focal subject,Bite,Foraging,None|None|None,POINT,1075.384,1075.384,NA,,
AQ_Sctaeniopterus_TP_2021-06-14_113532,6/19/2025 17:08,,/Users/ally/Documents/johnson lab/parrotfish bites/AQ_Sctaeniopterus_TP_2021-06-14_113532_002.MP4,1277.51,23.98,No focal subject,Bite,Foraging,None|None|None,POINT,1077.883,1077.883,NA,,
AQ_Sctaeniopterus_TP_2021-06-14_113532,6/19/2025 17:08,,/Users/ally/Documents/johnson lab/parrotfish bites/AQ_Sctaeniopterus_TP_2021-06-14_113532_002.MP4,1277.51,23.98,No focal subject,Bite,Foraging,None|None|None,POINT,1079.378,1079.378,NA,,
AQ_Sctaeniopterus_TP_2021-06-14_113532,6/19/2025 17:08,,/Users/ally/Documents/johnson lab/parrotfish bites/AQ_Sctaeniopterus_TP_2021-06-14_113532_002.MP4,1277.51,23.98,No focal subject,Bite,Foraging,None|None|None,POINT,1080.882,1080.882,NA,,
AQ_Sctaeniopterus_TP_2021-06-14_113532,6/19/2025 17:08,,/Users/ally/Documents/johnson lab/parrotfish bites/AQ_Sctaeniopterus_TP_2021-06-14_113532_002.MP4,1277.51,23.98,No focal subject,Bite,Foraging,None|None|None,POINT,1082.384,1082.384,NA,,
AQ_Sctaeniopterus_TP_2021-06-14_113532,6/19/2025 17:08,,/Users/ally/Documents/johnson lab/parrotfish bites/AQ_Sctaeniopterus_TP_2021-06-14_113532_002.MP4,1277.51,23.98,No focal subject,Bite,Foraging,None|None|None,POINT,1082.881,1082.881,NA,,
AQ_Sctaeniopterus_TP_2021-06-14_113532,6/19/2025 17:08,,/Users/ally/Documents/johnson lab/parrotfish bites/AQ_Sctaeniopterus_TP_2021-06-14_113532_002.MP4,1277.51,23.98,No focal subject,Bite,Foraging,None|None|None,POINT,1128.131,1128.131,NA,,
AQ_Sctaeniopterus_TP_2021-06-14_113532,6/19/2025 17:08,,/Users/ally/Documents/johnson lab/parrotfish bites/AQ_Sctaeniopterus_TP_2021-06-14_113532_002.MP4,1277.51,23.98,No focal subject,Bite,Foraging,None|None|None,POINT,1128.886,1128.886,NA,,
AQ_Sctaeniopterus_TP_2021-06-14_113532,6/19/2025 17:08,,/Users/ally/Documents/johnson lab/parrotfish bites/AQ_Sctaeniopterus_TP_2021-06-14_113532_002.MP4,1277.51,23.98,No focal subject,Bite,Foraging,None|None|None,POINT,1129.886,1129.886,NA,,
AQ_Sctaeniopterus_TP_2021-06-14_113532,6/19/2025 17:08,,/Users/ally/Documents/johnson lab/parrotfish bites/AQ_Sctaeniopterus_TP_2021-06-14_113532_002.MP4,1277.51,23.98,No focal subject,Bite,Foraging,None|None|None,POINT,1133.884,1133.884,NA,,
AQ_Sctaeniopterus_TP_2021-06-14_113532,6/19/2025 17:08,,/Users/ally/Documents/johnson lab/parrotfish bites/AQ_Sctaeniopterus_TP_2021-06-14_113532_002.MP4,1277.51,23.98,No focal subject,Bite,Foraging,None|None|None,POINT,1134.883,1134.883,NA,,
AQ_Sctaeniopterus_TP_2021-06-14_113532,6/19/2025 17:08,,/Users/ally/Documents/johnson lab/parrotfish bites/AQ_Sctaeniopterus_TP_2021-06-14_113532_002.MP4,1277.51,23.98,No focal subject,Bite,Foraging,None|None|None,POINT,1136.13,1136.13,NA,,
AQ_Sctaeniopterus_TP_2021-06-14_113532,6/19/2025 17:08,,/Users/ally/Documents/johnson lab/parrotfish bites/AQ_Sctaeniopterus_TP_2021-06-14_113532_002.MP4,1277.51,23.98,No focal subject,Bite,Foraging,None|None|None,POINT,1136.884,1136.884,NA,,
AQ_Sctaeniopterus_TP_2021-06-14_113532,6/19/2025 17:08,,/Users/ally/Documents/johnson lab/parrotfish bites/AQ_Sctaeniopterus_TP_2021-06-14_113532_002.MP4,1277.51,23.98,No focal subject,Bite,Foraging,None|None|None,POINT,1140.38,1140.38,NA,,
AQ_Sctaeniopterus_TP_2021-06-14_113532,6/19/2025 17:08,,/Users/ally/Documents/johnson lab/parrotfish bites/AQ_Sctaeniopterus_TP_2021-06-14_113532_002.MP4,1277.51,23.98,No focal subject,Bite,Foraging,None|None|None,POINT,1142.382,1142.382,NA,,
AQ_Sctaeniopterus_TP_2021-06-14_113532,6/19/2025 17:08,,/Users/ally/Documents/johnson lab/parrotfish bites/AQ_Sctaeniopterus_TP_2021-06-14_113532_002.MP4,1277.51,23.98,No focal subject,Bite,Foraging,None|None|None,POINT,1143.381,1143.381,NA,,
AQ_Sctaeniopterus_TP_2021-06-14_113532,6/19/2025 17:08,,/Users/ally/Documents/johnson lab/parrotfish bites/AQ_Sctaeniopterus_TP_2021-06-14_113532_002.MP4,1277.51,23.98,No focal subject,Bite,Foraging,None|None|None,POINT,1144.381,1144.381,NA,,
AQ_Sctaeniopterus_TP_2021-06-14_113532,6/19/2025 17:08,,/Users/ally/Documents/johnson lab/parrotfish bites/AQ_Sctaeniopterus_TP_2021-06-14_113532_002.MP4,1277.51,23.98,No focal subject,Bite,Foraging,None|None|None,POINT,1145.382,1145.382,NA,,
AQ_Sctaeniopterus_TP_2021-06-14_113532,6/19/2025 17:08,,/Users/ally/Documents/johnson lab/parrotfish bites/AQ_Sctaeniopterus_TP_2021-06-14_113532_002.MP4,1277.51,23.98,No focal subject,Bite,Foraging,None|None|None,POINT,1172.386,1172.386,NA,,
AQ_Sctaeniopterus_TP_2021-06-14_113532,6/19/2025 17:08,,/Users/ally/Documents/johnson lab/parrotfish bites/AQ_Sctaeniopterus_TP_2021-06-14_113532_002.MP4,1277.51,23.98,No focal subject,Bite,Foraging,None|None|None,POINT,1173.384,1173.384,NA,,
AQ_Sctaeniopterus_TP_2021-06-14_113532,6/19/2025 17:08,,/Users/ally/Documents/johnson lab/parrotfish bites/AQ_Sctaeniopterus_TP_2021-06-14_113532_002.MP4,1277.51,23.98,No focal subject,Bite,Foraging,None|None|None,POINT,1173.882,1173.882,NA,,
AQ_Sctaeniopterus_TP_2021-06-14_113532,6/19/2025 17:08,,/Users/ally/Documents/johnson lab/parrotfish bites/AQ_Sctaeniopterus_TP_2021-06-14_113532_002.MP4,1277.51,23.98,No focal subject,Bite,Foraging,None|None|None,POINT,1174.883,1174.883,NA,,
AQ_Sctaeniopterus_TP_2021-06-14_113532,6/19/2025 17:08,,/Users/ally/Documents/johnson lab/parrotfish bites/AQ_Sctaeniopterus_TP_2021-06-14_113532_002.MP4,1277.51,23.98,No focal subject,Bite,Foraging,None|None|None,POINT,1176.383,1176.383,NA,,
AQ_Sctaeniopterus_TP_2021-06-14_113532,6/19/2025 17:08,,/Users/ally/Documents/johnson lab/parrotfish bites/AQ_Sctaeniopterus_TP_2021-06-14_113532_002.MP4,1277.51,23.98,No focal subject,Bite,Foraging,None|None|None,POINT,1176.882,1176.882,NA,,
AQ_Sctaeniopterus_TP_2021-06-14_113532,6/19/2025 17:08,,/Users/ally/Documents/johnson lab/parrotfish bites/AQ_Sctaeniopterus_TP_2021-06-14_113532_002.MP4,1277.51,23.98,No focal subject,Bite,Foraging,None|None|None,POINT,1177.384,1177.384,NA,,
AQ_Sctaeniopterus_TP_2021-06-14_113532,6/19/2025 17:08,,/Users/ally/Documents/johnson lab/parrotfish bites/AQ_Sctaeniopterus_TP_2021-06-14_113532_002.MP4,1277.51,23.98,No focal subject,Bite,Foraging,None|None|None,POINT,1177.883,1177.883,NA,,
AQ_Sctaeniopterus_TP_2021-06-14_113532,6/19/2025 17:08,,/Users/ally/Documents/johnson lab/parrotfish bites/AQ_Sctaeniopterus_TP_2021-06-14_113532_002.MP4,1277.51,23.98,No focal subject,Bite,Foraging,None|None|None,POINT,1179.131,1179.131,NA,,
AQ_Sctaeniopterus_TP_2021-06-14_113532,6/19/2025 17:08,,/Users/ally/Documents/johnson lab/parrotfish bites/AQ_Sctaeniopterus_TP_2021-06-14_113532_002.MP4,1277.51,23.98,No focal subject,Bite,Foraging,None|None|None,POINT,1179.881,1179.881,NA,,
AQ_Sctaeniopterus_TP_2021-06-14_113532,6/19/2025 17:08,,/Users/ally/Documents/johnson lab/parrotfish bites/AQ_Sctaeniopterus_TP_2021-06-14_113532_002.MP4,1277.51,23.98,No focal subject,Bite,Foraging,None|None|None,POINT,1181.882,1181.882,NA,,
AQ_Sctaeniopterus_TP_2021-06-14_113532,6/19/2025 17:08,,/Users/ally/Documents/johnson lab/parrotfish bites/AQ_Sctaeniopterus_TP_2021-06-14_113532_002.MP4,1277.51,23.98,No focal subject,Bite,Foraging,None|None|None,POINT,1182.884,1182.884,NA,,
AQ_Sctaeniopterus_TP_2021-06-14_113532,6/19/2025 17:08,,/Users/ally/Documents/johnson lab/parrotfish bites/AQ_Sctaeniopterus_TP_2021-06-14_113532_002.MP4,1277.51,23.98,No focal subject,Bite,Foraging,None|None|None,POINT,1194.382,1194.382,NA,,
AQ_Sctaeniopterus_TP_2021-06-14_113532,6/19/2025 17:08,,/Users/ally/Documents/johnson lab/parrotfish bites/AQ_Sctaeniopterus_TP_2021-06-14_113532_002.MP4,1277.51,23.98,No focal subject,Bite,Foraging,None|None|None,POINT,1200.379,1200.379,NA,,
AQ_Sctaeniopterus_TP_2021-06-14_113532,6/19/2025 17:08,,/Users/ally/Documents/johnson lab/parrotfish bites/AQ_Sctaeniopterus_TP_2021-06-14_113532_002.MP4,1277.51,23.98,No focal subject,Bite,Foraging,None|None|None,POINT,1215.135,1215.135,NA,,
AQ_Sctaeniopterus_TP_2021-06-14_113532,6/19/2025 17:08,,/Users/ally/Documents/johnson lab/parrotfish bites/AQ_Sctaeniopterus_TP_2021-06-14_113532_002.MP4,1277.51,23.98,No focal subject,Bite,Foraging,None|None|None,POINT,1215.631,1215.631,NA,,
AQ_Sctaeniopterus_TP_2021-06-14_113532,6/19/2025 17:08,,/Users/ally/Documents/johnson lab/parrotfish bites/AQ_Sctaeniopterus_TP_2021-06-14_113532_002.MP4,1277.51,23.98,No focal subject,Bite,Foraging,None|None|None,POINT,1216.633,1216.633,NA,,
AQ_Sctaeniopterus_TP_2021-06-14_113532,6/19/2025 17:08,,/Users/ally/Documents/johnson lab/parrotfish bites/AQ_Sctaeniopterus_TP_2021-06-14_113532_002.MP4,1277.51,23.98,No focal subject,Bite,Foraging,None|None|None,POINT,1218.38,1218.38,NA,,
AQ_Sctaeniopterus_TP_2021-06-14_113532,6/19/2025 17:08,,/Users/ally/Documents/johnson lab/parrotfish bites/AQ_Sctaeniopterus_TP_2021-06-14_113532_002.MP4,1277.51,23.98,No focal subject,Bite,Foraging,None|None|None,POINT,1219.131,1219.131,NA,,
AQ_Sctaeniopterus_TP_2021-06-14_113532,6/19/2025 17:08,,/Users/ally/Documents/johnson lab/parrotfish bites/AQ_Sctaeniopterus_TP_2021-06-14_113532_002.MP4,1277.51,23.98,No focal subject,Bite,Foraging,None|None|None,POINT,1220.632,1220.632,NA,,
AQ_Sctaeniopterus_TP_2021-06-14_113532,6/19/2025 17:08,,/Users/ally/Documents/johnson lab/parrotfish bites/AQ_Sctaeniopterus_TP_2021-06-14_113532_002.MP4,1277.51,23.98,No focal subject,Bite,Foraging,None|None|None,POINT,1221.63,1221.63,NA,,
AQ_Sctaeniopterus_TP_2021-06-14_113532,6/19/2025 17:08,,/Users/ally/Documents/johnson lab/parrotfish bites/AQ_Sctaeniopterus_TP_2021-06-14_113532_002.MP4,1277.51,23.98,No focal subject,Bite,Foraging,None|None|None,POINT,1225.129,1225.129,NA,,
AQ_Sctaeniopterus_TP_2021-06-14_113532,6/19/2025 17:08,,/Users/ally/Documents/johnson lab/parrotfish bites/AQ_Sctaeniopterus_TP_2021-06-14_113532_002.MP4,1277.51,23.98,No focal subject,Bite,Foraging,None|None|None,POINT,1226.132,1226.132,NA,,
AQ_Sctaeniopterus_TP_2021-06-14_113532,6/19/2025 17:08,,/Users/ally/Documents/johnson lab/parrotfish bites/AQ_Sctaeniopterus_TP_2021-06-14_113532_002.MP4,1277.51,23.98,No focal subject,Bite,Foraging,None|None|None,POINT,1226.631,1226.631,NA,,
AQ_Sctaeniopterus_TP_2021-06-14_113532,6/19/2025 17:08,,/Users/ally/Documents/johnson lab/parrotfish bites/AQ_Sctaeniopterus_TP_2021-06-14_113532_002.MP4,1277.51,23.98,No focal subject,Bite,Foraging,None|None|None,POINT,1227.631,1227.631,NA,,
AQ_Sctaeniopterus_TP_2021-06-14_113532,6/19/2025 17:08,,/Users/ally/Documents/johnson lab/parrotfish bites/AQ_Sctaeniopterus_TP_2021-06-14_113532_002.MP4,1277.51,23.98,No focal subject,Bite,Foraging,None|None|None,POINT,1228.131,1228.131,NA,,
AQ_Sctaeniopterus_TP_2021-06-14_113532,6/19/2025 17:08,,/Users/ally/Documents/johnson lab/parrotfish bites/AQ_Sctaeniopterus_TP_2021-06-14_113532_002.MP4,1277.51,23.98,No focal subject,Bite,Foraging,None|None|None,POINT,1228.88,1228.88,NA,,
AQ_Sctaeniopterus_TP_2021-06-14_113532,6/19/2025 17:08,,/Users/ally/Documents/johnson lab/parrotfish bites/AQ_Sctaeniopterus_TP_2021-06-14_113532_002.MP4,1277.51,23.98,No focal subject,Bite,Foraging,None|None|None,POINT,1229.632,1229.632,NA,,
AQ_Sctaeniopterus_TP_2021-06-14_113532,6/19/2025 17:08,,/Users/ally/Documents/johnson lab/parrotfish bites/AQ_Sctaeniopterus_TP_2021-06-14_113532_002.MP4,1277.51,23.98,No focal subject,Bite,Foraging,None|None|None,POINT,1232.132,1232.132,NA,,
AQ_Sctaeniopterus_TP_2021-06-14_113532,6/19/2025 17:08,,/Users/ally/Documents/johnson lab/parrotfish bites/AQ_Sctaeniopterus_TP_2021-06-14_113532_002.MP4,1277.51,23.98,No focal subject,Bite,Foraging,None|None|None,POINT,1233.132,1233.132,NA,,
AQ_Sctaeniopterus_TP_2021-06-14_113532,6/19/2025 17:08,,/Users/ally/Documents/johnson lab/parrotfish bites/AQ_Sctaeniopterus_TP_2021-06-14_113532_002.MP4,1277.51,23.98,No focal subject,Bite,Foraging,None|None|None,POINT,1236.129,1236.129,NA,,
AQ_Sctaeniopterus_TP_2021-06-14_113532,6/19/2025 17:08,,/Users/ally/Documents/johnson lab/parrotfish bites/AQ_Sctaeniopterus_TP_2021-06-14_113532_002.MP4,1277.51,23.98,No focal subject,Bite,Foraging,None|None|None,POINT,1241.133,1241.133,NA,,
AQ_Sctaeniopterus_TP_2021-06-14_113532,6/19/2025 17:08,,/Users/ally/Documents/johnson lab/parrotfish bites/AQ_Sctaeniopterus_TP_2021-06-14_113532_002.MP4,1277.51,23.98,No focal subject,Bite,Foraging,None|None|None,POINT,1242.132,1242.132,NA,,
AQ_Sctaeniopterus_TP_2021-06-14_113532,6/19/2025 17:08,,/Users/ally/Documents/johnson lab/parrotfish bites/AQ_Sctaeniopterus_TP_2021-06-14_113532_002.MP4,1277.51,23.98,No focal subject,Bite,Foraging,None|None|None,POINT,1244.131,1244.131,NA,,
AQ_Sctaeniopterus_TP_2021-06-14_113532,6/19/2025 17:08,,/Users/ally/Documents/johnson lab/parrotfish bites/AQ_Sctaeniopterus_TP_2021-06-14_113532_002.MP4,1277.51,23.98,No focal subject,Bite,Foraging,None|None|None,POINT,1245.133,1245.133,NA,,
AQ_Sctaeniopterus_TP_2021-06-14_113532,6/19/2025 17:08,,/Users/ally/Documents/johnson lab/parrotfish bites/AQ_Sctaeniopterus_TP_2021-06-14_113532_002.MP4,1277.51,23.98,No focal subject,Bite,Foraging,None|None|None,POINT,1246.633,1246.633,NA,,
AQ_Sctaeniopterus_TP_2021-06-14_113532,6/19/2025 17:08,,/Users/ally/Documents/johnson lab/parrotfish bites/AQ_Sctaeniopterus_TP_2021-06-14_113532_002.MP4,1277.51,23.98,No focal subject,Bite,Foraging,None|None|None,POINT,1253.137,1253.137,NA,,
AQ_Sctaeniopterus_TP_2021-06-14_113532,6/19/2025 17:08,,/Users/ally/Documents/johnson lab/parrotfish bites/AQ_Sctaeniopterus_TP_2021-06-14_113532_002.MP4,1277.51,23.98,No focal subject,Bite,Foraging,None|None|None,POINT,1254.135,1254.135,NA,,
AQ_Sctaeniopterus_TP_2021-06-14_113532,6/19/2025 17:08,,/Users/ally/Documents/johnson lab/parrotfish bites/AQ_Sctaeniopterus_TP_2021-06-14_113532_002.MP4,1277.51,23.98,No focal subject,Bite,Foraging,None|None|None,POINT,1258.633,1258.633,NA,,
AQ_Sctaeniopterus_TP_2021-06-14_113532,6/19/2025 17:08,,/Users/ally/Documents/johnson lab/parrotfish bites/AQ_Sctaeniopterus_TP_2021-06-14_113532_002.MP4,1277.51,23.98,No focal subject,Bite,Foraging,None|None|None,POINT,1267.63,1267.63,NA,,
AQ_Sctaeniopterus_TP_2021-06-14_113532,6/19/2025 17:08,,/Users/ally/Documents/johnson lab/parrotfish bites/AQ_Sctaeniopterus_TP_2021-06-14_113532_002.MP4,1277.51,23.98,No focal subject,Bite,Foraging,None|None|None,POINT,1268.632,1268.632,NA,,
AQ_Sctaeniopterus_TP_2021-06-14_113532,6/19/2025 17:08,,/Users/ally/Documents/johnson lab/parrotfish bites/AQ_Sctaeniopterus_TP_2021-06-14_113532_002.MP4,1277.51,23.98,No focal subject,Bite,Foraging,None|None|None,POINT,1270.133,1270.133,NA,,
AQ_Sctaeniopterus_TP_2021-06-14_113532,6/19/2025 17:08,,/Users/ally/Documents/johnson lab/parrotfish bites/AQ_Sctaeniopterus_TP_2021-06-14_113532_002.MP4,1277.51,23.98,No focal subject,Bite,Foraging,None|None|None,POINT,1271.131,1271.131,NA,,
AQ_Sctaeniopterus_TP_2021-06-14_113532,6/19/2025 17:08,,/Users/ally/Documents/johnson lab/parrotfish bites/AQ_Sctaeniopterus_TP_2021-06-14_113532_002.MP4,1277.51,23.98,No focal subject,Bite,Foraging,None|None|None,POINT,1271.63,1271.63,NA,,
AQ_Sctaeniopterus_TP_2021-06-14_113532,6/19/2025 17:08,,/Users/ally/Documents/johnson lab/parrotfish bites/AQ_Sctaeniopterus_TP_2021-06-14_113532_002.MP4,1277.51,23.98,No focal subject,Bite,Foraging,None|None|None,POINT,1272.632,1272.632,NA,,
AQ_Sctaeniopterus_TP_2021-06-14_113532,6/19/2025 17:08,,/Users/ally/Documents/johnson lab/parrotfish bites/AQ_Sctaeniopterus_TP_2021-06-14_113532_002.MP4,1277.51,23.98,No focal subject,Watch Time,Time Keeping,113518,POINT,1273.881,1273.881,NA,,
