Observation id,Observation date,Description,Media file,Total length,FPS,Subject,Behavior,Behavioral category,Modifiers,Behavior type,Start (s),Stop (s),Duration (s),Comment start,Comment stop
AQ_Sctaeniopterus_TP_2021-06-17_130527,2025-06-28 16:49:03,,/Users/ally/Documents/johnson lab/parrotfish bites/AQ_Sctaeniopterus_TP_2021-06-17_130527_001.MP4,1223.280,23.98,No focal subject,Watch Time,Time Keeping,124500,POINT,2.662,2.662,NA,,
AQ_Sctaeniopterus_TP_2021-06-17_130527,2025-06-28 16:49:03,,/Users/ally/Documents/johnson lab/parrotfish bites/AQ_Sctaeniopterus_TP_2021-06-17_130527_001.MP4,1223.280,23.98,No focal subject,START/STOP,Time Keeping,,STATE,4.414,1219.479,1215.065,,
AQ_Sctaeniopterus_TP_2021-06-17_130527,2025-06-28 16:49:03,,/Users/ally/Documents/johnson lab/parrotfish bites/AQ_Sctaeniopterus_TP_2021-06-17_130527_001.MP4,1223.280,23.98,No focal subject,Bite,Foraging,None|None|None,POINT,22.159,22.159,NA,,
AQ_Sctaeniopterus_TP_2021-06-17_130527,2025-06-28 16:49:03,,/Users/ally/Documents/johnson lab/parrotfish bites/AQ_Sctaeniopterus_TP_2021-06-17_130527_001.MP4,1223.280,23.98,No focal subject,Bite,Foraging,None|None|None,POINT,23.411,23.411,NA,,
AQ_Sctaeniopterus_TP_2021-06-17_130527,2025-06-28 16:49:03,,/Users/ally/Documents/johnson lab/parrotfish bites/AQ_Sctaeniopterus_TP_2021-06-17_130527_001.MP4,1223.280,23.98,No focal subject,Bite,Foraging,None|None|None,POINT,24.661,24.661,NA,,
AQ_Sctaeniopterus_TP_2021-06-17_130527,2025-06-28 16:49:03,,/Users/ally/Documents/johnson lab/parrotfish bites/AQ_Sctaeniopterus_TP_2021-06-17_130527_001.MP4,1223.280,23.98,No focal subject,Bite,Foraging,None|None|None,POINT,47.911,47.911,NA,,
AQ_Sctaeniopterus_TP_2021-06-17_130527,2025-06-28 16:49:03,,/Users/ally/Documents/johnson lab/parrotfish bites/AQ_Sctaeniopterus_TP_2021-06-17_130527_001.MP4,1223.280,23.98,No focal subject,Bite,Foraging,None|None|None,POINT,49.414,49.414,NA,,
AQ_Sctaeniopterus_TP_2021-06-17_130527,2025-06-28 16:49:03,,/Users/ally/Documents/johnson lab/parrotfish bites/AQ_Sctaeniopterus_TP_2021-06-17_130527_001.MP4,1223.280,23.98,No focal subject,Bite,Foraging,None|None|None,POINT,49.912,49.912,NA,,
AQ_Sctaeniopterus_TP_2021-06-17_130527,2025-06-28 16:49:03,,/Users/ally/Documents/johnson lab/parrotfish bites/AQ_Sctaeniopterus_TP_2021-06-17_130527_001.MP4,1223.280,23.98,No focal subject,Bite,Foraging,None|None|None,POINT,51.413,51.413,NA,,
AQ_Sctaeniopterus_TP_2021-06-17_130527,2025-06-28 16:49:03,,/Users/ally/Documents/johnson lab/parrotfish bites/AQ_Sctaeniopterus_TP_2021-06-17_130527_001.MP4,1223.280,23.98,No focal subject,Bite,Foraging,None|None|None,POINT,51.913,51.913,NA,,
AQ_Sctaeniopterus_TP_2021-06-17_130527,2025-06-28 16:49:03,,/Users/ally/Documents/johnson lab/parrotfish bites/AQ_Sctaeniopterus_TP_2021-06-17_130527_001.MP4,1223.280,23.98,No focal subject,Bite,Foraging,None|None|None,POINT,52.411,52.411,NA,,
AQ_Sctaeniopterus_TP_2021-06-17_130527,2025-06-28 16:49:03,,/Users/ally/Documents/johnson lab/parrotfish bites/AQ_Sctaeniopterus_TP_2021-06-17_130527_001.MP4,1223.280,23.98,No focal subject,Bite,Foraging,None|None|None,POINT,54.412,54.412,NA,,
AQ_Sctaeniopterus_TP_2021-06-17_130527,2025-06-28 16:49:03,,/Users/ally/Documents/johnson lab/parrotfish bites/AQ_Sctaeniopterus_TP_2021-06-17_130527_001.MP4,1223.280,23.98,No focal subject,Bite,Foraging,None|None|None,POINT,56.913,56.913,NA,,
AQ_Sctaeniopterus_TP_2021-06-17_130527,2025-06-28 16:49:03,,/Users/ally/Documents/johnson lab/parrotfish bites/AQ_Sctaeniopterus_TP_2021-06-17_130527_001.MP4,1223.280,23.98,No focal subject,Bite,Foraging,None|None|None,POINT,58.914,58.914,NA,,
AQ_Sctaeniopterus_TP_2021-06-17_130527,2025-06-28 16:49:03,,/Users/ally/Documents/johnson lab/parrotfish bites/AQ_Sctaeniopterus_TP_2021-06-17_130527_001.MP4,1223.280,23.98,No focal subject,Bite,Foraging,None|None|None,POINT,59.914,59.914,NA,,
AQ_Sctaeniopterus_TP_2021-06-17_130527,2025-06-28 16:49:03,,/Users/ally/Documents/johnson lab/parrotfish bites/AQ_Sctaeniopterus_TP_2021-06-17_130527_001.MP4,1223.280,23.98,No focal subject,Bite,Foraging,None|None|None,POINT,62.913,62.913,NA,,
AQ_Sctaeniopterus_TP_2021-06-17_130527,2025-06-28 16:49:03,,/Users/ally/Documents/johnson lab/parrotfish bites/AQ_Sctaeniopterus_TP_2021-06-17_130527_001.MP4,1223.280,23.98,No focal subject,Bite,Foraging,None|None|None,POINT,63.913,63.913,NA,,
AQ_Sctaeniopterus_TP_2021-06-17_130527,2025-06-28 16:49:03,,/Users/ally/Documents/johnson lab/parrotfish bites/AQ_Sctaeniopterus_TP_2021-06-17_130527_001.MP4,1223.280,23.98,No focal subject,Bite,Foraging,None|None|None,POINT,64.913,64.913,NA,,
AQ_Sctaeniopterus_TP_2021-06-17_130527,2025-06-28 16:49:03,,/Users/ally/Documents/johnson lab/parrotfish bites/AQ_Sctaeniopterus_TP_2021-06-17_130527_001.MP4,1223.280,23.98,No focal subject,Bite,Foraging,None|None|None,POINT,68.912,68.912,NA,,
AQ_Sctaeniopterus_TP_2021-06-17_130527,2025-06-28 16:49:03,,/Users/ally/Documents/johnson lab/parrotfish bites/AQ_Sctaeniopterus_TP_2021-06-17_130527_001.MP4,1223.280,23.98,No focal subject,Bite,Foraging,None|None|None,POINT,70.412,70.412,NA,,
AQ_Sctaeniopterus_TP_2021-06-17_130527,2025-06-28 16:49:03,,/Users/ally/Documents/johnson lab/parrotfish bites/AQ_Sctaeniopterus_TP_2021-06-17_130527_001.MP4,1223.280,23.98,No focal subject,Bite,Foraging,None|None|None,POINT,70.912,70.912,NA,,
AQ_Sctaeniopterus_TP_2021-06-17_130527,2025-06-28 16:49:03,,/Users/ally/Documents/johnson lab/parrotfish bites/AQ_Sctaeniopterus_TP_2021-06-17_130527_001.MP4,1223.280,23.98,No focal subject,Bite,Foraging,None|None|None,POINT,72.412,72.412,NA,,
AQ_Sctaeniopterus_TP_2021-06-17_130527,2025-06-28 16:49:03,,/Users/ally/Documents/johnson lab/parrotfish bites/AQ_Sctaeniopterus_TP_2021-06-17_130527_001.MP4,1223.280,23.98,No focal subject,Bite,Foraging,None|None|None,POINT,75.912,75.912,NA,,
AQ_Sctaeniopterus_TP_2021-06-17_130527,2025-06-28 16:49:03,,/Users/ally/Documents/johnson lab/parrotfish bites/AQ_Sctaeniopterus_TP_2021-06-17_130527_001.MP4,1223.280,23.98,No focal subject,Bite,Foraging,None|None|None,POINT,77.912,77.912,NA,,
AQ_Sctaeniopterus_TP_2021-06-17_130527,2025-06-28 16:49:03,,/Users/ally/Documents/johnson lab/parrotfish bites/AQ_Sctaeniopterus_TP_2021-06-17_130527_001.MP4,1223.280,23.98,No focal subject,Bite,Foraging,None|None|None,POINT,78.912,78.912,NA,,
AQ_Sctaeniopterus_TP_2021-06-17_130527,2025-06-28 16:49:03,,/Users/ally/Documents/johnson lab/parrotfish bites/AQ_Sctaeniopterus_TP_2021-06-17_130527_001.MP4,1223.280,23.98,No focal subject,Bite,Foraging,None|None|None,POINT,79.410,79.410,NA,,
AQ_Sctaeniopterus_TP_2021-06-17_130527,2025-06-28 16:49:03,,/Users/ally/Documents/johnson lab/parrotfish bites/AQ_Sctaeniopterus_TP_2021-06-17_130527_001.MP4,1223.280,23.98,No focal subject,Bite,Foraging,None|None|None,POINT,82.914,82.914,NA,,
AQ_Sctaeniopterus_TP_2021-06-17_130527,2025-06-28 16:49:03,,/Users/ally/Documents/johnson lab/parrotfish bites/AQ_Sctaeniopterus_TP_2021-06-17_130527_001.MP4,1223.280,23.98,No focal subject,Bite,Foraging,None|None|None,POINT,83.911,83.911,NA,,
AQ_Sctaeniopterus_TP_2021-06-17_130527,2025-06-28 16:49:03,,/Users/ally/Documents/johnson lab/parrotfish bites/AQ_Sctaeniopterus_TP_2021-06-17_130527_001.MP4,1223.280,23.98,No focal subject,Bite,Foraging,None|None|None,POINT,84.411,84.411,NA,,
AQ_Sctaeniopterus_TP_2021-06-17_130527,2025-06-28 16:49:03,,/Users/ally/Documents/johnson lab/parrotfish bites/AQ_Sctaeniopterus_TP_2021-06-17_130527_001.MP4,1223.280,23.98,No focal subject,Bite,Foraging,None|None|None,POINT,85.912,85.912,NA,,
AQ_Sctaeniopterus_TP_2021-06-17_130527,2025-06-28 16:49:03,,/Users/ally/Documents/johnson lab/parrotfish bites/AQ_Sctaeniopterus_TP_2021-06-17_130527_001.MP4,1223.280,23.98,No focal subject,Bite,Foraging,None|None|None,POINT,89.411,89.411,NA,,
AQ_Sctaeniopterus_TP_2021-06-17_130527,2025-06-28 16:49:03,,/Users/ally/Documents/johnson lab/parrotfish bites/AQ_Sctaeniopterus_TP_2021-06-17_130527_001.MP4,1223.280,23.98,No focal subject,Bite,Foraging,None|None|None,POINT,89.911,89.911,NA,,
AQ_Sctaeniopterus_TP_2021-06-17_130527,2025-06-28 16:49:03,,/Users/ally/Documents/johnson lab/parrotfish bites/AQ_Sctaeniopterus_TP_2021-06-17_130527_001.MP4,1223.280,23.98,No focal subject,Bite,Foraging,None|None|None,POINT,91.410,91.410,NA,,
AQ_Sctaeniopterus_TP_2021-06-17_130527,2025-06-28 16:49:03,,/Users/ally/Documents/johnson lab/parrotfish bites/AQ_Sctaeniopterus_TP_2021-06-17_130527_001.MP4,1223.280,23.98,No focal subject,Bite,Foraging,None|None|None,POINT,91.910,91.910,NA,,
AQ_Sctaeniopterus_TP_2021-06-17_130527,2025-06-28 16:49:03,,/Users/ally/Documents/johnson lab/parrotfish bites/AQ_Sctaeniopterus_TP_2021-06-17_130527_001.MP4,1223.280,23.98,No focal subject,Bite,Foraging,None|None|None,POINT,92.911,92.911,NA,,
AQ_Sctaeniopterus_TP_2021-06-17_130527,2025-06-28 16:49:03,,/Users/ally/Documents/johnson lab/parrotfish bites/AQ_Sctaeniopterus_TP_2021-06-17_130527_001.MP4,1223.280,23.98,No focal subject,Bite,Foraging,None|None|None,POINT,93.411,93.411,NA,,
AQ_Sctaeniopterus_TP_2021-06-17_130527,2025-06-28 16:49:03,,/Users/ally/Documents/johnson lab/parrotfish bites/AQ_Sctaeniopterus_TP_2021-06-17_130527_001.MP4,1223.280,23.98,No focal subject,Bite,Foraging,None|None|None,POINT,97.911,97.911,NA,,
AQ_Sctaeniopterus_TP_2021-06-17_130527,2025-06-28 16:49:03,,/Users/ally/Documents/johnson lab/parrotfish bites/AQ_Sctaeniopterus_TP_2021-06-17_130527_001.MP4,1223.280,23.98,No focal subject,Bite,Foraging,None|None|None,POINT,99.411,99.411,NA,,
AQ_Sctaeniopterus_TP_2021-06-17_130527,2025-06-28 16:49:03,,/Users/ally/Documents/johnson lab/parrotfish bites/AQ_Sctaeniopterus_TP_2021-06-17_130527_001.MP4,1223.280,23.98,No focal subject,Bite,Foraging,None|None|None,POINT,101.411,101.411,NA,,
AQ_Sctaeniopterus_TP_2021-06-17_130527,2025-06-28 16:49:03,,/Users/ally/Documents/johnson lab/parrotfish bites/AQ_Sctaeniopterus_TP_2021-06-17_130527_001.MP4,1223.280,23.98,No focal subject,Bite,Foraging,None|None|None,POINT,103.912,103.912,NA,,
AQ_Sctaeniopterus_TP_2021-06-17_130527,2025-06-28 16:49:03,,/Users/ally/Documents/johnson lab/parrotfish bites/AQ_Sctaeniopterus_TP_2021-06-17_130527_001.MP4,1223.280,23.98,No focal subject,Bite,Foraging,None|None|None,POINT,104.008,104.008,NA,,
AQ_Sctaeniopterus_TP_2021-06-17_130527,2025-06-28 16:49:03,,/Users/ally/Documents/johnson lab/parrotfish bites/AQ_Sctaeniopterus_TP_2021-06-17_130527_001.MP4,1223.280,23.98,No focal subject,Bite,Foraging,None|None|None,POINT,104.758,104.758,NA,,
AQ_Sctaeniopterus_TP_2021-06-17_130527,2025-06-28 16:49:03,,/Users/ally/Documents/johnson lab/parrotfish bites/AQ_Sctaeniopterus_TP_2021-06-17_130527_001.MP4,1223.280,23.98,No focal subject,Bite,Foraging,None|None|None,POINT,105.256,105.256,NA,,
AQ_Sctaeniopterus_TP_2021-06-17_130527,2025-06-28 16:49:03,,/Users/ally/Documents/johnson lab/parrotfish bites/AQ_Sctaeniopterus_TP_2021-06-17_130527_001.MP4,1223.280,23.98,No focal subject,Bite,Foraging,None|None|None,POINT,105.756,105.756,NA,,
AQ_Sctaeniopterus_TP_2021-06-17_130527,2025-06-28 16:49:03,,/Users/ally/Documents/johnson lab/parrotfish bites/AQ_Sctaeniopterus_TP_2021-06-17_130527_001.MP4,1223.280,23.98,No focal subject,Bite,Foraging,None|None|None,POINT,106.258,106.258,NA,,
AQ_Sctaeniopterus_TP_2021-06-17_130527,2025-06-28 16:49:03,,/Users/ally/Documents/johnson lab/parrotfish bites/AQ_Sctaeniopterus_TP_2021-06-17_130527_001.MP4,1223.280,23.98,No focal subject,Bite,Foraging,None|None|None,POINT,107.506,107.506,NA,,
AQ_Sctaeniopterus_TP_2021-06-17_130527,2025-06-28 16:49:03,,/Users/ally/Documents/johnson lab/parrotfish bites/AQ_Sctaeniopterus_TP_2021-06-17_130527_001.MP4,1223.280,23.98,No focal subject,Bite,Foraging,None|None|None,POINT,107.759,107.759,NA,,
AQ_Sctaeniopterus_TP_2021-06-17_130527,2025-06-28 16:49:03,,/Users/ally/Documents/johnson lab/parrotfish bites/AQ_Sctaeniopterus_TP_2021-06-17_130527_001.MP4,1223.280,23.98,No focal subject,Bite,Foraging,None|None|None,POINT,109.006,109.006,NA,,
AQ_Sctaeniopterus_TP_2021-06-17_130527,2025-06-28 16:49:03,,/Users/ally/Documents/johnson lab/parrotfish bites/AQ_Sctaeniopterus_TP_2021-06-17_130527_001.MP4,1223.280,23.98,No focal subject,Bite,Foraging,None|None|None,POINT,109.757,109.757,NA,,
AQ_Sctaeniopterus_TP_2021-06-17_130527,2025-06-28 16:49:03,,/Users/ally/Documents/johnson lab/parrotfish bites/AQ_Sctaeniopterus_TP_2021-06-17_130527_001.MP4,1223.280,23.98,No focal subject,Bite,Foraging,None|None|None,POINT,110.758,110.758,NA,,
AQ_Sctaeniopterus_TP_2021-06-17_130527,2025-06-28 16:49:03,,/Users/ally/Documents/johnson lab/parrotfish bites/AQ_Sctaeniopterus_TP_2021-06-17_130527_001.MP4,1223.280,23.98,No focal subject,Bite,Foraging,None|None|None,POINT,112.258,112.258,NA,,
AQ_Sctaeniopterus_TP_2021-06-17_130527,2025-06-28 16:49:03,,/Users/ally/Documents/johnson lab/parrotfish bites/AQ_Sctaeniopterus_TP_2021-06-17_130527_001.MP4,1223.280,23.98,No focal subject,Bite,Foraging,None|None|None,POINT,113.008,113.008,NA,,
AQ_Sctaeniopterus_TP_2021-06-17_130527,2025-06-28 16:49:03,,/Users/ally/Documents/johnson lab/parrotfish bites/AQ_Sctaeniopterus_TP_2021-06-17_130527_001.MP4,1223.280,23.98,No focal subject,Bite,Foraging,None|None|None,POINT,115.002,115.002,NA,,
AQ_Sctaeniopterus_TP_2021-06-17_130527,2025-06-28 16:49:03,,/Users/ally/Documents/johnson lab/parrotfish bites/AQ_Sctaeniopterus_TP_2021-06-17_130527_001.MP4,1223.280,23.98,No focal subject,Bite,Foraging,None|None|None,POINT,119.008,119.008,NA,,
AQ_Sctaeniopterus_TP_2021-06-17_130527,2025-06-28 16:49:03,,/Users/ally/Documents/johnson lab/parrotfish bites/AQ_Sctaeniopterus_TP_2021-06-17_130527_001.MP4,1223.280,23.98,No focal subject,Bite,Foraging,None|None|None,POINT,119.509,119.509,NA,,
AQ_Sctaeniopterus_TP_2021-06-17_130527,2025-06-28 16:49:03,,/Users/ally/Documents/johnson lab/parrotfish bites/AQ_Sctaeniopterus_TP_2021-06-17_130527_001.MP4,1223.280,23.98,No focal subject,Bite,Foraging,None|None|None,POINT,120.509,120.509,NA,,
AQ_Sctaeniopterus_TP_2021-06-17_130527,2025-06-28 16:49:03,,/Users/ally/Documents/johnson lab/parrotfish bites/AQ_Sctaeniopterus_TP_2021-06-17_130527_001.MP4,1223.280,23.98,No focal subject,Bite,Foraging,None|None|None,POINT,121.008,121.008,NA,,
AQ_Sctaeniopterus_TP_2021-06-17_130527,2025-06-28 16:49:03,,/Users/ally/Documents/johnson lab/parrotfish bites/AQ_Sctaeniopterus_TP_2021-06-17_130527_001.MP4,1223.280,23.98,No focal subject,Bite,Foraging,None|None|None,POINT,121.506,121.506,NA,,
AQ_Sctaeniopterus_TP_2021-06-17_130527,2025-06-28 16:49:03,,/Users/ally/Documents/johnson lab/parrotfish bites/AQ_Sctaeniopterus_TP_2021-06-17_130527_001.MP4,1223.280,23.98,No focal subject,Bite,Foraging,None|None|None,POINT,128.510,128.510,NA,,
AQ_Sctaeniopterus_TP_2021-06-17_130527,2025-06-28 16:49:03,,/Users/ally/Documents/johnson lab/parrotfish bites/AQ_Sctaeniopterus_TP_2021-06-17_130527_001.MP4,1223.280,23.98,No focal subject,Bite,Foraging,None|None|None,POINT,129.756,129.756,NA,,
AQ_Sctaeniopterus_TP_2021-06-17_130527,2025-06-28 16:49:03,,/Users/ally/Documents/johnson lab/parrotfish bites/AQ_Sctaeniopterus_TP_2021-06-17_130527_001.MP4,1223.280,23.98,No focal subject,Bite,Foraging,None|None|None,POINT,130.759,130.759,NA,,
AQ_Sctaeniopterus_TP_2021-06-17_130527,2025-06-28 16:49:03,,/Users/ally/Documents/johnson lab/parrotfish bites/AQ_Sctaeniopterus_TP_2021-06-17_130527_001.MP4,1223.280,23.98,No focal subject,Bite,Foraging,None|None|None,POINT,131.256,131.256,NA,,
AQ_Sctaeniopterus_TP_2021-06-17_130527,2025-06-28 16:49:03,,/Users/ally/Documents/johnson lab/parrotfish bites/AQ_Sctaeniopterus_TP_2021-06-17_130527_001.MP4,1223.280,23.98,No focal subject,Bite,Foraging,None|None|None,POINT,132.259,132.259,NA,,
AQ_Sctaeniopterus_TP_2021-06-17_130527,2025-06-28 16:49:03,,/Users/ally/Documents/johnson lab/parrotfish bites/AQ_Sctaeniopterus_TP_2021-06-17_130527_001.MP4,1223.280,23.98,No focal subject,Bite,Foraging,None|None|None,POINT,133.008,133.008,NA,,
AQ_Sctaeniopterus_TP_2021-06-17_130527,2025-06-28 16:49:03,,/Users/ally/Documents/johnson lab/parrotfish bites/AQ_Sctaeniopterus_TP_2021-06-17_130527_001.MP4,1223.280,23.98,No focal subject,Bite,Foraging,None|None|None,POINT,135.757,135.757,NA,,
AQ_Sctaeniopterus_TP_2021-06-17_130527,2025-06-28 16:49:03,,/Users/ally/Documents/johnson lab/parrotfish bites/AQ_Sctaeniopterus_TP_2021-06-17_130527_001.MP4,1223.280,23.98,No focal subject,Bite,Foraging,None|None|None,POINT,137.508,137.508,NA,,
AQ_Sctaeniopterus_TP_2021-06-17_130527,2025-06-28 16:49:03,,/Users/ally/Documents/johnson lab/parrotfish bites/AQ_Sctaeniopterus_TP_2021-06-17_130527_001.MP4,1223.280,23.98,No focal subject,Bite,Foraging,None|None|None,POINT,141.258,141.258,NA,,
AQ_Sctaeniopterus_TP_2021-06-17_130527,2025-06-28 16:49:03,,/Users/ally/Documents/johnson lab/parrotfish bites/AQ_Sctaeniopterus_TP_2021-06-17_130527_001.MP4,1223.280,23.98,No focal subject,Bite,Foraging,None|None|None,POINT,142.758,142.758,NA,,
AQ_Sctaeniopterus_TP_2021-06-17_130527,2025-06-28 16:49:03,,/Users/ally/Documents/johnson lab/parrotfish bites/AQ_Sctaeniopterus_TP_2021-06-17_130527_001.MP4,1223.280,23.98,No focal subject,Bite,Foraging,None|None|None,POINT,143.508,143.508,NA,,
AQ_Sctaeniopterus_TP_2021-06-17_130527,2025-06-28 16:49:03,,/Users/ally/Documents/johnson lab/parrotfish bites/AQ_Sctaeniopterus_TP_2021-06-17_130527_001.MP4,1223.280,23.98,No focal subject,Bite,Foraging,None|None|None,POINT,165.010,165.010,NA,,
AQ_Sctaeniopterus_TP_2021-06-17_130527,2025-06-28 16:49:03,,/Users/ally/Documents/johnson lab/parrotfish bites/AQ_Sctaeniopterus_TP_2021-06-17_130527_001.MP4,1223.280,23.98,No focal subject,Bite,Foraging,None|None|None,POINT,165.758,165.758,NA,,
AQ_Sctaeniopterus_TP_2021-06-17_130527,2025-06-28 16:49:03,,/Users/ally/Documents/johnson lab/parrotfish bites/AQ_Sctaeniopterus_TP_2021-06-17_130527_001.MP4,1223.280,23.98,No focal subject,Bite,Foraging,None|None|None,POINT,167.006,167.006,NA,,
AQ_Sctaeniopterus_TP_2021-06-17_130527,2025-06-28 16:49:03,,/Users/ally/Documents/johnson lab/parrotfish bites/AQ_Sctaeniopterus_TP_2021-06-17_130527_001.MP4,1223.280,23.98,No focal subject,Bite,Foraging,None|None|None,POINT,167.258,167.258,NA,,
AQ_Sctaeniopterus_TP_2021-06-17_130527,2025-06-28 16:49:03,,/Users/ally/Documents/johnson lab/parrotfish bites/AQ_Sctaeniopterus_TP_2021-06-17_130527_001.MP4,1223.280,23.98,No focal subject,Bite,Foraging,None|None|None,POINT,167.756,167.756,NA,,
AQ_Sctaeniopterus_TP_2021-06-17_130527,2025-06-28 16:49:03,,/Users/ally/Documents/johnson lab/parrotfish bites/AQ_Sctaeniopterus_TP_2021-06-17_130527_001.MP4,1223.280,23.98,No focal subject,Bite,Foraging,None|None|None,POINT,168.758,168.758,NA,,
AQ_Sctaeniopterus_TP_2021-06-17_130527,2025-06-28 16:49:03,,/Users/ally/Documents/johnson lab/parrotfish bites/AQ_Sctaeniopterus_TP_2021-06-17_130527_001.MP4,1223.280,23.98,No focal subject,Bite,Foraging,None|None|None,POINT,169.509,169.509,NA,,
AQ_Sctaeniopterus_TP_2021-06-17_130527,2025-06-28 16:49:03,,/Users/ally/Documents/johnson lab/parrotfish bites/AQ_Sctaeniopterus_TP_2021-06-17_130527_001.MP4,1223.280,23.98,No focal subject,Bite,Foraging,None|None|None,POINT,170.258,170.258,NA,,
AQ_Sctaeniopterus_TP_2021-06-17_130527,2025-06-28 16:49:03,,/Users/ally/Documents/johnson lab/parrotfish bites/AQ_Sctaeniopterus_TP_2021-06-17_130527_001.MP4,1223.280,23.98,No focal subject,Bite,Foraging,None|None|None,POINT,170.756,170.756,NA,,
AQ_Sctaeniopterus_TP_2021-06-17_130527,2025-06-28 16:49:03,,/Users/ally/Documents/johnson lab/parrotfish bites/AQ_Sctaeniopterus_TP_2021-06-17_130527_001.MP4,1223.280,23.98,No focal subject,Bite,Foraging,None|None|None,POINT,171.507,171.507,NA,,
AQ_Sctaeniopterus_TP_2021-06-17_130527,2025-06-28 16:49:03,,/Users/ally/Documents/johnson lab/parrotfish bites/AQ_Sctaeniopterus_TP_2021-06-17_130527_001.MP4,1223.280,23.98,No focal subject,Bite,Foraging,None|None|None,POINT,172.508,172.508,NA,,
AQ_Sctaeniopterus_TP_2021-06-17_130527,2025-06-28 16:49:03,,/Users/ally/Documents/johnson lab/parrotfish bites/AQ_Sctaeniopterus_TP_2021-06-17_130527_001.MP4,1223.280,23.98,No focal subject,Bite,Foraging,None|None|None,POINT,173.006,173.006,NA,,
AQ_Sctaeniopterus_TP_2021-06-17_130527,2025-06-28 16:49:03,,/Users/ally/Documents/johnson lab/parrotfish bites/AQ_Sctaeniopterus_TP_2021-06-17_130527_001.MP4,1223.280,23.98,No focal subject,Bite,Foraging,None|None|None,POINT,174.009,174.009,NA,,
AQ_Sctaeniopterus_TP_2021-06-17_130527,2025-06-28 16:49:03,,/Users/ally/Documents/johnson lab/parrotfish bites/AQ_Sctaeniopterus_TP_2021-06-17_130527_001.MP4,1223.280,23.98,No focal subject,Bite,Foraging,None|None|None,POINT,174.759,174.759,NA,,
AQ_Sctaeniopterus_TP_2021-06-17_130527,2025-06-28 16:49:03,,/Users/ally/Documents/johnson lab/parrotfish bites/AQ_Sctaeniopterus_TP_2021-06-17_130527_001.MP4,1223.280,23.98,No focal subject,Bite,Foraging,None|None|None,POINT,175.508,175.508,NA,,
AQ_Sctaeniopterus_TP_2021-06-17_130527,2025-06-28 16:49:03,,/Users/ally/Documents/johnson lab/parrotfish bites/AQ_Sctaeniopterus_TP_2021-06-17_130527_001.MP4,1223.280,23.98,No focal subject,Bite,Foraging,None|None|None,POINT,176.259,176.259,NA,,
AQ_Sctaeniopterus_TP_2021-06-17_130527,2025-06-28 16:49:03,,/Users/ally/Documents/johnson lab/parrotfish bites/AQ_Sctaeniopterus_TP_2021-06-17_130527_001.MP4,1223.280,23.98,No focal subject,Bite,Foraging,None|None|None,POINT,177.509,177.509,NA,,
AQ_Sctaeniopterus_TP_2021-06-17_130527,2025-06-28 16:49:03,,/Users/ally/Documents/johnson lab/parrotfish bites/AQ_Sctaeniopterus_TP_2021-06-17_130527_001.MP4,1223.280,23.98,No focal subject,Bite,Foraging,None|None|None,POINT,178.006,178.006,NA,,
AQ_Sctaeniopterus_TP_2021-06-17_130527,2025-06-28 16:49:03,,/Users/ally/Documents/johnson lab/parrotfish bites/AQ_Sctaeniopterus_TP_2021-06-17_130527_001.MP4,1223.280,23.98,No focal subject,Bite,Foraging,None|None|None,POINT,178.756,178.756,NA,,
AQ_Sctaeniopterus_TP_2021-06-17_130527,2025-06-28 16:49:03,,/Users/ally/Documents/johnson lab/parrotfish bites/AQ_Sctaeniopterus_TP_2021-06-17_130527_001.MP4,1223.280,23.98,No focal subject,Bite,Foraging,None|None|None,POINT,179.756,179.756,NA,,
AQ_Sctaeniopterus_TP_2021-06-17_130527,2025-06-28 16:49:03,,/Users/ally/Documents/johnson lab/parrotfish bites/AQ_Sctaeniopterus_TP_2021-06-17_130527_001.MP4,1223.280,23.98,No focal subject,Bite,Foraging,None|None|None,POINT,180.508,180.508,NA,,
AQ_Sctaeniopterus_TP_2021-06-17_130527,2025-06-28 16:49:03,,/Users/ally/Documents/johnson lab/parrotfish bites/AQ_Sctaeniopterus_TP_2021-06-17_130527_001.MP4,1223.280,23.98,No focal subject,Bite,Foraging,None|None|None,POINT,181.006,181.006,NA,,
AQ_Sctaeniopterus_TP_2021-06-17_130527,2025-06-28 16:49:03,,/Users/ally/Documents/johnson lab/parrotfish bites/AQ_Sctaeniopterus_TP_2021-06-17_130527_001.MP4,1223.280,23.98,No focal subject,Bite,Foraging,None|None|None,POINT,182.009,182.009,NA,,
AQ_Sctaeniopterus_TP_2021-06-17_130527,2025-06-28 16:49:03,,/Users/ally/Documents/johnson lab/parrotfish bites/AQ_Sctaeniopterus_TP_2021-06-17_130527_001.MP4,1223.280,23.98,No focal subject,Bite,Foraging,None|None|None,POINT,182.506,182.506,NA,,
AQ_Sctaeniopterus_TP_2021-06-17_130527,2025-06-28 16:49:03,,/Users/ally/Documents/johnson lab/parrotfish bites/AQ_Sctaeniopterus_TP_2021-06-17_130527_001.MP4,1223.280,23.98,No focal subject,Bite,Foraging,None|None|None,POINT,183.008,183.008,NA,,
AQ_Sctaeniopterus_TP_2021-06-17_130527,2025-06-28 16:49:03,,/Users/ally/Documents/johnson lab/parrotfish bites/AQ_Sctaeniopterus_TP_2021-06-17_130527_001.MP4,1223.280,23.98,No focal subject,Bite,Foraging,None|None|None,POINT,183.508,183.508,NA,,
AQ_Sctaeniopterus_TP_2021-06-17_130527,2025-06-28 16:49:03,,/Users/ally/Documents/johnson lab/parrotfish bites/AQ_Sctaeniopterus_TP_2021-06-17_130527_001.MP4,1223.280,23.98,No focal subject,Bite,Foraging,None|None|None,POINT,184.508,184.508,NA,,
AQ_Sctaeniopterus_TP_2021-06-17_130527,2025-06-28 16:49:03,,/Users/ally/Documents/johnson lab/parrotfish bites/AQ_Sctaeniopterus_TP_2021-06-17_130527_001.MP4,1223.280,23.98,No focal subject,Bite,Foraging,None|None|None,POINT,185.007,185.007,NA,,
AQ_Sctaeniopterus_TP_2021-06-17_130527,2025-06-28 16:49:03,,/Users/ally/Documents/johnson lab/parrotfish bites/AQ_Sctaeniopterus_TP_2021-06-17_130527_001.MP4,1223.280,23.98,No focal subject,Bite,Foraging,None|None|None,POINT,186.510,186.510,NA,,
AQ_Sctaeniopterus_TP_2021-06-17_130527,2025-06-28 16:49:03,,/Users/ally/Documents/johnson lab/parrotfish bites/AQ_Sctaeniopterus_TP_2021-06-17_130527_001.MP4,1223.280,23.98,No focal subject,Bite,Foraging,None|None|None,POINT,187.258,187.258,NA,,
AQ_Sctaeniopterus_TP_2021-06-17_130527,2025-06-28 16:49:03,,/Users/ally/Documents/johnson lab/parrotfish bites/AQ_Sctaeniopterus_TP_2021-06-17_130527_001.MP4,1223.280,23.98,No focal subject,Bite,Foraging,None|None|None,POINT,188.009,188.009,NA,,
AQ_Sctaeniopterus_TP_2021-06-17_130527,2025-06-28 16:49:03,,/Users/ally/Documents/johnson lab/parrotfish bites/AQ_Sctaeniopterus_TP_2021-06-17_130527_001.MP4,1223.280,23.98,No focal subject,Bite,Foraging,None|None|None,POINT,189.257,189.257,NA,,
AQ_Sctaeniopterus_TP_2021-06-17_130527,2025-06-28 16:49:03,,/Users/ally/Documents/johnson lab/parrotfish bites/AQ_Sctaeniopterus_TP_2021-06-17_130527_001.MP4,1223.280,23.98,No focal subject,Bite,Foraging,None|None|None,POINT,189.508,189.508,NA,,
AQ_Sctaeniopterus_TP_2021-06-17_130527,2025-06-28 16:49:03,,/Users/ally/Documents/johnson lab/parrotfish bites/AQ_Sctaeniopterus_TP_2021-06-17_130527_001.MP4,1223.280,23.98,No focal subject,Bite,Foraging,None|None|None,POINT,190.756,190.756,NA,,
AQ_Sctaeniopterus_TP_2021-06-17_130527,2025-06-28 16:49:03,,/Users/ally/Documents/johnson lab/parrotfish bites/AQ_Sctaeniopterus_TP_2021-06-17_130527_001.MP4,1223.280,23.98,No focal subject,Bite,Foraging,None|None|None,POINT,191.758,191.758,NA,,
AQ_Sctaeniopterus_TP_2021-06-17_130527,2025-06-28 16:49:03,,/Users/ally/Documents/johnson lab/parrotfish bites/AQ_Sctaeniopterus_TP_2021-06-17_130527_001.MP4,1223.280,23.98,No focal subject,Bite,Foraging,None|None|None,POINT,192.256,192.256,NA,,
AQ_Sctaeniopterus_TP_2021-06-17_130527,2025-06-28 16:49:03,,/Users/ally/Documents/johnson lab/parrotfish bites/AQ_Sctaeniopterus_TP_2021-06-17_130527_001.MP4,1223.280,23.98,No focal subject,Bite,Foraging,None|None|None,POINT,193.259,193.259,NA,,
AQ_Sctaeniopterus_TP_2021-06-17_130527,2025-06-28 16:49:03,,/Users/ally/Documents/johnson lab/parrotfish bites/AQ_Sctaeniopterus_TP_2021-06-17_130527_001.MP4,1223.280,23.98,No focal subject,Bite,Foraging,None|None|None,POINT,194.009,194.009,NA,,
AQ_Sctaeniopterus_TP_2021-06-17_130527,2025-06-28 16:49:03,,/Users/ally/Documents/johnson lab/parrotfish bites/AQ_Sctaeniopterus_TP_2021-06-17_130527_001.MP4,1223.280,23.98,No focal subject,Bite,Foraging,None|None|None,POINT,194.758,194.758,NA,,
AQ_Sctaeniopterus_TP_2021-06-17_130527,2025-06-28 16:49:03,,/Users/ally/Documents/johnson lab/parrotfish bites/AQ_Sctaeniopterus_TP_2021-06-17_130527_001.MP4,1223.280,23.98,No focal subject,Bite,Foraging,None|None|None,POINT,195.256,195.256,NA,,
AQ_Sctaeniopterus_TP_2021-06-17_130527,2025-06-28 16:49:03,,/Users/ally/Documents/johnson lab/parrotfish bites/AQ_Sctaeniopterus_TP_2021-06-17_130527_001.MP4,1223.280,23.98,No focal subject,Bite,Foraging,None|None|None,POINT,196.006,196.006,NA,,
AQ_Sctaeniopterus_TP_2021-06-17_130527,2025-06-28 16:49:03,,/Users/ally/Documents/johnson lab/parrotfish bites/AQ_Sctaeniopterus_TP_2021-06-17_130527_001.MP4,1223.280,23.98,No focal subject,Bite,Foraging,None|None|None,POINT,197.758,197.758,NA,,
AQ_Sctaeniopterus_TP_2021-06-17_130527,2025-06-28 16:49:03,,/Users/ally/Documents/johnson lab/parrotfish bites/AQ_Sctaeniopterus_TP_2021-06-17_130527_001.MP4,1223.280,23.98,No focal subject,Bite,Foraging,None|None|None,POINT,198.006,198.006,NA,,
AQ_Sctaeniopterus_TP_2021-06-17_130527,2025-06-28 16:49:03,,/Users/ally/Documents/johnson lab/parrotfish bites/AQ_Sctaeniopterus_TP_2021-06-17_130527_001.MP4,1223.280,23.98,No focal subject,Bite,Foraging,None|None|None,POINT,199.756,199.756,NA,,
AQ_Sctaeniopterus_TP_2021-06-17_130527,2025-06-28 16:49:03,,/Users/ally/Documents/johnson lab/parrotfish bites/AQ_Sctaeniopterus_TP_2021-06-17_130527_001.MP4,1223.280,23.98,No focal subject,Bite,Foraging,None|None|None,POINT,200.758,200.758,NA,,
AQ_Sctaeniopterus_TP_2021-06-17_130527,2025-06-28 16:49:03,,/Users/ally/Documents/johnson lab/parrotfish bites/AQ_Sctaeniopterus_TP_2021-06-17_130527_001.MP4,1223.280,23.98,No focal subject,Bite,Foraging,None|None|None,POINT,202.007,202.007,NA,,
AQ_Sctaeniopterus_TP_2021-06-17_130527,2025-06-28 16:49:03,,/Users/ally/Documents/johnson lab/parrotfish bites/AQ_Sctaeniopterus_TP_2021-06-17_130527_001.MP4,1223.280,23.98,No focal subject,Bite,Foraging,None|None|None,POINT,203.010,203.010,NA,,
AQ_Sctaeniopterus_TP_2021-06-17_130527,2025-06-28 16:49:03,,/Users/ally/Documents/johnson lab/parrotfish bites/AQ_Sctaeniopterus_TP_2021-06-17_130527_001.MP4,1223.280,23.98,No focal subject,Bite,Foraging,None|None|None,POINT,205.260,205.260,NA,,
AQ_Sctaeniopterus_TP_2021-06-17_130527,2025-06-28 16:49:03,,/Users/ally/Documents/johnson lab/parrotfish bites/AQ_Sctaeniopterus_TP_2021-06-17_130527_001.MP4,1223.280,23.98,No focal subject,Bite,Foraging,None|None|None,POINT,206.008,206.008,NA,,
AQ_Sctaeniopterus_TP_2021-06-17_130527,2025-06-28 16:49:03,,/Users/ally/Documents/johnson lab/parrotfish bites/AQ_Sctaeniopterus_TP_2021-06-17_130527_001.MP4,1223.280,23.98,No focal subject,Bite,Foraging,None|None|None,POINT,206.758,206.758,NA,,
AQ_Sctaeniopterus_TP_2021-06-17_130527,2025-06-28 16:49:03,,/Users/ally/Documents/johnson lab/parrotfish bites/AQ_Sctaeniopterus_TP_2021-06-17_130527_001.MP4,1223.280,23.98,No focal subject,Bite,Foraging,None|None|None,POINT,207.508,207.508,NA,,
AQ_Sctaeniopterus_TP_2021-06-17_130527,2025-06-28 16:49:03,,/Users/ally/Documents/johnson lab/parrotfish bites/AQ_Sctaeniopterus_TP_2021-06-17_130527_001.MP4,1223.280,23.98,No focal subject,Bite,Foraging,None|None|None,POINT,210.006,210.006,NA,,
AQ_Sctaeniopterus_TP_2021-06-17_130527,2025-06-28 16:49:03,,/Users/ally/Documents/johnson lab/parrotfish bites/AQ_Sctaeniopterus_TP_2021-06-17_130527_001.MP4,1223.280,23.98,No focal subject,Bite,Foraging,None|None|None,POINT,210.509,210.509,NA,,
AQ_Sctaeniopterus_TP_2021-06-17_130527,2025-06-28 16:49:03,,/Users/ally/Documents/johnson lab/parrotfish bites/AQ_Sctaeniopterus_TP_2021-06-17_130527_001.MP4,1223.280,23.98,No focal subject,Bite,Foraging,None|None|None,POINT,211.503,211.503,NA,,
AQ_Sctaeniopterus_TP_2021-06-17_130527,2025-06-28 16:49:03,,/Users/ally/Documents/johnson lab/parrotfish bites/AQ_Sctaeniopterus_TP_2021-06-17_130527_001.MP4,1223.280,23.98,No focal subject,Bite,Foraging,None|None|None,POINT,212.008,212.008,NA,,
AQ_Sctaeniopterus_TP_2021-06-17_130527,2025-06-28 16:49:03,,/Users/ally/Documents/johnson lab/parrotfish bites/AQ_Sctaeniopterus_TP_2021-06-17_130527_001.MP4,1223.280,23.98,No focal subject,Bite,Foraging,None|None|None,POINT,213.006,213.006,NA,,
AQ_Sctaeniopterus_TP_2021-06-17_130527,2025-06-28 16:49:03,,/Users/ally/Documents/johnson lab/parrotfish bites/AQ_Sctaeniopterus_TP_2021-06-17_130527_001.MP4,1223.280,23.98,No focal subject,Bite,Foraging,None|None|None,POINT,213.508,213.508,NA,,
AQ_Sctaeniopterus_TP_2021-06-17_130527,2025-06-28 16:49:03,,/Users/ally/Documents/johnson lab/parrotfish bites/AQ_Sctaeniopterus_TP_2021-06-17_130527_001.MP4,1223.280,23.98,No focal subject,Bite,Foraging,None|None|None,POINT,214.759,214.759,NA,,
AQ_Sctaeniopterus_TP_2021-06-17_130527,2025-06-28 16:49:03,,/Users/ally/Documents/johnson lab/parrotfish bites/AQ_Sctaeniopterus_TP_2021-06-17_130527_001.MP4,1223.280,23.98,No focal subject,Bite,Foraging,None|None|None,POINT,215.258,215.258,NA,,
AQ_Sctaeniopterus_TP_2021-06-17_130527,2025-06-28 16:49:03,,/Users/ally/Documents/johnson lab/parrotfish bites/AQ_Sctaeniopterus_TP_2021-06-17_130527_001.MP4,1223.280,23.98,No focal subject,Bite,Foraging,None|None|None,POINT,216.507,216.507,NA,,
AQ_Sctaeniopterus_TP_2021-06-17_130527,2025-06-28 16:49:03,,/Users/ally/Documents/johnson lab/parrotfish bites/AQ_Sctaeniopterus_TP_2021-06-17_130527_001.MP4,1223.280,23.98,No focal subject,Bite,Foraging,None|None|None,POINT,217.758,217.758,NA,,
AQ_Sctaeniopterus_TP_2021-06-17_130527,2025-06-28 16:49:03,,/Users/ally/Documents/johnson lab/parrotfish bites/AQ_Sctaeniopterus_TP_2021-06-17_130527_001.MP4,1223.280,23.98,No focal subject,Bite,Foraging,None|None|None,POINT,219.007,219.007,NA,,
AQ_Sctaeniopterus_TP_2021-06-17_130527,2025-06-28 16:49:03,,/Users/ally/Documents/johnson lab/parrotfish bites/AQ_Sctaeniopterus_TP_2021-06-17_130527_001.MP4,1223.280,23.98,No focal subject,Bite,Foraging,None|None|None,POINT,220.009,220.009,NA,,
AQ_Sctaeniopterus_TP_2021-06-17_130527,2025-06-28 16:49:03,,/Users/ally/Documents/johnson lab/parrotfish bites/AQ_Sctaeniopterus_TP_2021-06-17_130527_001.MP4,1223.280,23.98,No focal subject,Bite,Foraging,None|None|None,POINT,221.509,221.509,NA,,
AQ_Sctaeniopterus_TP_2021-06-17_130527,2025-06-28 16:49:03,,/Users/ally/Documents/johnson lab/parrotfish bites/AQ_Sctaeniopterus_TP_2021-06-17_130527_001.MP4,1223.280,23.98,No focal subject,Bite,Foraging,None|None|None,POINT,223.009,223.009,NA,,
AQ_Sctaeniopterus_TP_2021-06-17_130527,2025-06-28 16:49:03,,/Users/ally/Documents/johnson lab/parrotfish bites/AQ_Sctaeniopterus_TP_2021-06-17_130527_001.MP4,1223.280,23.98,No focal subject,Bite,Foraging,None|None|None,POINT,224.257,224.257,NA,,
AQ_Sctaeniopterus_TP_2021-06-17_130527,2025-06-28 16:49:03,,/Users/ally/Documents/johnson lab/parrotfish bites/AQ_Sctaeniopterus_TP_2021-06-17_130527_001.MP4,1223.280,23.98,No focal subject,Bite,Foraging,None|None|None,POINT,225.006,225.006,NA,,
AQ_Sctaeniopterus_TP_2021-06-17_130527,2025-06-28 16:49:03,,/Users/ally/Documents/johnson lab/parrotfish bites/AQ_Sctaeniopterus_TP_2021-06-17_130527_001.MP4,1223.280,23.98,No focal subject,Bite,Foraging,None|None|None,POINT,226.507,226.507,NA,,
AQ_Sctaeniopterus_TP_2021-06-17_130527,2025-06-28 16:49:03,,/Users/ally/Documents/johnson lab/parrotfish bites/AQ_Sctaeniopterus_TP_2021-06-17_130527_001.MP4,1223.280,23.98,No focal subject,Bite,Foraging,None|None|None,POINT,227.256,227.256,NA,,
AQ_Sctaeniopterus_TP_2021-06-17_130527,2025-06-28 16:49:03,,/Users/ally/Documents/johnson lab/parrotfish bites/AQ_Sctaeniopterus_TP_2021-06-17_130527_001.MP4,1223.280,23.98,No focal subject,Bite,Foraging,None|None|None,POINT,227.509,227.509,NA,,
AQ_Sctaeniopterus_TP_2021-06-17_130527,2025-06-28 16:49:03,,/Users/ally/Documents/johnson lab/parrotfish bites/AQ_Sctaeniopterus_TP_2021-06-17_130527_001.MP4,1223.280,23.98,No focal subject,Bite,Foraging,None|None|None,POINT,228.258,228.258,NA,,
AQ_Sctaeniopterus_TP_2021-06-17_130527,2025-06-28 16:49:03,,/Users/ally/Documents/johnson lab/parrotfish bites/AQ_Sctaeniopterus_TP_2021-06-17_130527_001.MP4,1223.280,23.98,No focal subject,Bite,Foraging,None|None|None,POINT,229.009,229.009,NA,,
AQ_Sctaeniopterus_TP_2021-06-17_130527,2025-06-28 16:49:03,,/Users/ally/Documents/johnson lab/parrotfish bites/AQ_Sctaeniopterus_TP_2021-06-17_130527_001.MP4,1223.280,23.98,No focal subject,Bite,Foraging,None|None|None,POINT,229.759,229.759,NA,,
AQ_Sctaeniopterus_TP_2021-06-17_130527,2025-06-28 16:49:03,,/Users/ally/Documents/johnson lab/parrotfish bites/AQ_Sctaeniopterus_TP_2021-06-17_130527_001.MP4,1223.280,23.98,No focal subject,Bite,Foraging,None|None|None,POINT,230.508,230.508,NA,,
AQ_Sctaeniopterus_TP_2021-06-17_130527,2025-06-28 16:49:03,,/Users/ally/Documents/johnson lab/parrotfish bites/AQ_Sctaeniopterus_TP_2021-06-17_130527_001.MP4,1223.280,23.98,No focal subject,Bite,Foraging,None|None|None,POINT,231.756,231.756,NA,,
AQ_Sctaeniopterus_TP_2021-06-17_130527,2025-06-28 16:49:03,,/Users/ally/Documents/johnson lab/parrotfish bites/AQ_Sctaeniopterus_TP_2021-06-17_130527_001.MP4,1223.280,23.98,No focal subject,Bite,Foraging,None|None|None,POINT,232.133,232.133,NA,,
AQ_Sctaeniopterus_TP_2021-06-17_130527,2025-06-28 16:49:03,,/Users/ally/Documents/johnson lab/parrotfish bites/AQ_Sctaeniopterus_TP_2021-06-17_130527_001.MP4,1223.280,23.98,No focal subject,Bite,Foraging,None|None|None,POINT,233.632,233.632,NA,,
AQ_Sctaeniopterus_TP_2021-06-17_130527,2025-06-28 16:49:03,,/Users/ally/Documents/johnson lab/parrotfish bites/AQ_Sctaeniopterus_TP_2021-06-17_130527_001.MP4,1223.280,23.98,No focal subject,Bite,Foraging,None|None|None,POINT,234.633,234.633,NA,,
AQ_Sctaeniopterus_TP_2021-06-17_130527,2025-06-28 16:49:03,,/Users/ally/Documents/johnson lab/parrotfish bites/AQ_Sctaeniopterus_TP_2021-06-17_130527_001.MP4,1223.280,23.98,No focal subject,Bite,Foraging,None|None|None,POINT,235.132,235.132,NA,,
AQ_Sctaeniopterus_TP_2021-06-17_130527,2025-06-28 16:49:03,,/Users/ally/Documents/johnson lab/parrotfish bites/AQ_Sctaeniopterus_TP_2021-06-17_130527_001.MP4,1223.280,23.98,No focal subject,Bite,Foraging,None|None|None,POINT,236.134,236.134,NA,,
AQ_Sctaeniopterus_TP_2021-06-17_130527,2025-06-28 16:49:03,,/Users/ally/Documents/johnson lab/parrotfish bites/AQ_Sctaeniopterus_TP_2021-06-17_130527_001.MP4,1223.280,23.98,No focal subject,Bite,Foraging,None|None|None,POINT,236.634,236.634,NA,,
AQ_Sctaeniopterus_TP_2021-06-17_130527,2025-06-28 16:49:03,,/Users/ally/Documents/johnson lab/parrotfish bites/AQ_Sctaeniopterus_TP_2021-06-17_130527_001.MP4,1223.280,23.98,No focal subject,Bite,Foraging,None|None|None,POINT,237.383,237.383,NA,,
AQ_Sctaeniopterus_TP_2021-06-17_130527,2025-06-28 16:49:03,,/Users/ally/Documents/johnson lab/parrotfish bites/AQ_Sctaeniopterus_TP_2021-06-17_130527_001.MP4,1223.280,23.98,No focal subject,Bite,Foraging,None|None|None,POINT,239.633,239.633,NA,,
AQ_Sctaeniopterus_TP_2021-06-17_130527,2025-06-28 16:49:03,,/Users/ally/Documents/johnson lab/parrotfish bites/AQ_Sctaeniopterus_TP_2021-06-17_130527_001.MP4,1223.280,23.98,No focal subject,Bite,Foraging,None|None|None,POINT,240.133,240.133,NA,,
AQ_Sctaeniopterus_TP_2021-06-17_130527,2025-06-28 16:49:03,,/Users/ally/Documents/johnson lab/parrotfish bites/AQ_Sctaeniopterus_TP_2021-06-17_130527_001.MP4,1223.280,23.98,No focal subject,Bite,Foraging,None|None|None,POINT,241.133,241.133,NA,,
AQ_Sctaeniopterus_TP_2021-06-17_130527,2025-06-28 16:49:03,,/Users/ally/Documents/johnson lab/parrotfish bites/AQ_Sctaeniopterus_TP_2021-06-17_130527_001.MP4,1223.280,23.98,No focal subject,Bite,Foraging,None|None|None,POINT,241.633,241.633,NA,,
AQ_Sctaeniopterus_TP_2021-06-17_130527,2025-06-28 16:49:03,,/Users/ally/Documents/johnson lab/parrotfish bites/AQ_Sctaeniopterus_TP_2021-06-17_130527_001.MP4,1223.280,23.98,No focal subject,Bite,Foraging,None|None|None,POINT,242.632,242.632,NA,,
AQ_Sctaeniopterus_TP_2021-06-17_130527,2025-06-28 16:49:03,,/Users/ally/Documents/johnson lab/parrotfish bites/AQ_Sctaeniopterus_TP_2021-06-17_130527_001.MP4,1223.280,23.98,No focal subject,Bite,Foraging,None|None|None,POINT,243.634,243.634,NA,,
AQ_Sctaeniopterus_TP_2021-06-17_130527,2025-06-28 16:49:03,,/Users/ally/Documents/johnson lab/parrotfish bites/AQ_Sctaeniopterus_TP_2021-06-17_130527_001.MP4,1223.280,23.98,No focal subject,Bite,Foraging,None|None|None,POINT,244.382,244.382,NA,,
AQ_Sctaeniopterus_TP_2021-06-17_130527,2025-06-28 16:49:03,,/Users/ally/Documents/johnson lab/parrotfish bites/AQ_Sctaeniopterus_TP_2021-06-17_130527_001.MP4,1223.280,23.98,No focal subject,Bite,Foraging,None|None|None,POINT,244.882,244.882,NA,,
AQ_Sctaeniopterus_TP_2021-06-17_130527,2025-06-28 16:49:03,,/Users/ally/Documents/johnson lab/parrotfish bites/AQ_Sctaeniopterus_TP_2021-06-17_130527_001.MP4,1223.280,23.98,No focal subject,Bite,Foraging,None|None|None,POINT,245.883,245.883,NA,,
AQ_Sctaeniopterus_TP_2021-06-17_130527,2025-06-28 16:49:03,,/Users/ally/Documents/johnson lab/parrotfish bites/AQ_Sctaeniopterus_TP_2021-06-17_130527_001.MP4,1223.280,23.98,No focal subject,Bite,Foraging,None|None|None,POINT,247.134,247.134,NA,,
AQ_Sctaeniopterus_TP_2021-06-17_130527,2025-06-28 16:49:03,,/Users/ally/Documents/johnson lab/parrotfish bites/AQ_Sctaeniopterus_TP_2021-06-17_130527_001.MP4,1223.280,23.98,No focal subject,Bite,Foraging,None|None|None,POINT,248.381,248.381,NA,,
AQ_Sctaeniopterus_TP_2021-06-17_130527,2025-06-28 16:49:03,,/Users/ally/Documents/johnson lab/parrotfish bites/AQ_Sctaeniopterus_TP_2021-06-17_130527_001.MP4,1223.280,23.98,No focal subject,Bite,Foraging,None|None|None,POINT,249.133,249.133,NA,,
AQ_Sctaeniopterus_TP_2021-06-17_130527,2025-06-28 16:49:03,,/Users/ally/Documents/johnson lab/parrotfish bites/AQ_Sctaeniopterus_TP_2021-06-17_130527_001.MP4,1223.280,23.98,No focal subject,Bite,Foraging,None|None|None,POINT,250.129,250.129,NA,,
AQ_Sctaeniopterus_TP_2021-06-17_130527,2025-06-28 16:49:03,,/Users/ally/Documents/johnson lab/parrotfish bites/AQ_Sctaeniopterus_TP_2021-06-17_130527_001.MP4,1223.280,23.98,No focal subject,Bite,Foraging,None|None|None,POINT,253.133,253.133,NA,,
AQ_Sctaeniopterus_TP_2021-06-17_130527,2025-06-28 16:49:03,,/Users/ally/Documents/johnson lab/parrotfish bites/AQ_Sctaeniopterus_TP_2021-06-17_130527_001.MP4,1223.280,23.98,No focal subject,Bite,Foraging,None|None|None,POINT,253.882,253.882,NA,,
AQ_Sctaeniopterus_TP_2021-06-17_130527,2025-06-28 16:49:03,,/Users/ally/Documents/johnson lab/parrotfish bites/AQ_Sctaeniopterus_TP_2021-06-17_130527_001.MP4,1223.280,23.98,No focal subject,Bite,Foraging,None|None|None,POINT,254.132,254.132,NA,,
AQ_Sctaeniopterus_TP_2021-06-17_130527,2025-06-28 16:49:03,,/Users/ally/Documents/johnson lab/parrotfish bites/AQ_Sctaeniopterus_TP_2021-06-17_130527_001.MP4,1223.280,23.98,No focal subject,Bite,Foraging,None|None|None,POINT,254.633,254.633,NA,,
AQ_Sctaeniopterus_TP_2021-06-17_130527,2025-06-28 16:49:03,,/Users/ally/Documents/johnson lab/parrotfish bites/AQ_Sctaeniopterus_TP_2021-06-17_130527_001.MP4,1223.280,23.98,No focal subject,Bite,Foraging,None|None|None,POINT,255.380,255.380,NA,,
AQ_Sctaeniopterus_TP_2021-06-17_130527,2025-06-28 16:49:03,,/Users/ally/Documents/johnson lab/parrotfish bites/AQ_Sctaeniopterus_TP_2021-06-17_130527_001.MP4,1223.280,23.98,No focal subject,Bite,Foraging,None|None|None,POINT,256.632,256.632,NA,,
AQ_Sctaeniopterus_TP_2021-06-17_130527,2025-06-28 16:49:03,,/Users/ally/Documents/johnson lab/parrotfish bites/AQ_Sctaeniopterus_TP_2021-06-17_130527_001.MP4,1223.280,23.98,No focal subject,Bite,Foraging,None|None|None,POINT,258.132,258.132,NA,,
AQ_Sctaeniopterus_TP_2021-06-17_130527,2025-06-28 16:49:03,,/Users/ally/Documents/johnson lab/parrotfish bites/AQ_Sctaeniopterus_TP_2021-06-17_130527_001.MP4,1223.280,23.98,No focal subject,Bite,Foraging,None|None|None,POINT,259.633,259.633,NA,,
AQ_Sctaeniopterus_TP_2021-06-17_130527,2025-06-28 16:49:03,,/Users/ally/Documents/johnson lab/parrotfish bites/AQ_Sctaeniopterus_TP_2021-06-17_130527_001.MP4,1223.280,23.98,No focal subject,Bite,Foraging,None|None|None,POINT,260.134,260.134,NA,,
AQ_Sctaeniopterus_TP_2021-06-17_130527,2025-06-28 16:49:03,,/Users/ally/Documents/johnson lab/parrotfish bites/AQ_Sctaeniopterus_TP_2021-06-17_130527_001.MP4,1223.280,23.98,No focal subject,Bite,Foraging,None|None|None,POINT,260.884,260.884,NA,,
AQ_Sctaeniopterus_TP_2021-06-17_130527,2025-06-28 16:49:03,,/Users/ally/Documents/johnson lab/parrotfish bites/AQ_Sctaeniopterus_TP_2021-06-17_130527_001.MP4,1223.280,23.98,No focal subject,Bite,Foraging,None|None|None,POINT,261.384,261.384,NA,,
AQ_Sctaeniopterus_TP_2021-06-17_130527,2025-06-28 16:49:03,,/Users/ally/Documents/johnson lab/parrotfish bites/AQ_Sctaeniopterus_TP_2021-06-17_130527_001.MP4,1223.280,23.98,No focal subject,Bite,Foraging,None|None|None,POINT,262.133,262.133,NA,,
AQ_Sctaeniopterus_TP_2021-06-17_130527,2025-06-28 16:49:03,,/Users/ally/Documents/johnson lab/parrotfish bites/AQ_Sctaeniopterus_TP_2021-06-17_130527_001.MP4,1223.280,23.98,No focal subject,Bite,Foraging,None|None|None,POINT,262.883,262.883,NA,,
AQ_Sctaeniopterus_TP_2021-06-17_130527,2025-06-28 16:49:03,,/Users/ally/Documents/johnson lab/parrotfish bites/AQ_Sctaeniopterus_TP_2021-06-17_130527_001.MP4,1223.280,23.98,No focal subject,Bite,Foraging,None|None|None,POINT,264.633,264.633,NA,,
AQ_Sctaeniopterus_TP_2021-06-17_130527,2025-06-28 16:49:03,,/Users/ally/Documents/johnson lab/parrotfish bites/AQ_Sctaeniopterus_TP_2021-06-17_130527_001.MP4,1223.280,23.98,No focal subject,Bite,Foraging,None|None|None,POINT,272.133,272.133,NA,,
AQ_Sctaeniopterus_TP_2021-06-17_130527,2025-06-28 16:49:03,,/Users/ally/Documents/johnson lab/parrotfish bites/AQ_Sctaeniopterus_TP_2021-06-17_130527_001.MP4,1223.280,23.98,No focal subject,Bite,Foraging,None|None|None,POINT,272.633,272.633,NA,,
AQ_Sctaeniopterus_TP_2021-06-17_130527,2025-06-28 16:49:03,,/Users/ally/Documents/johnson lab/parrotfish bites/AQ_Sctaeniopterus_TP_2021-06-17_130527_001.MP4,1223.280,23.98,No focal subject,Bite,Foraging,None|None|None,POINT,273.632,273.632,NA,,
AQ_Sctaeniopterus_TP_2021-06-17_130527,2025-06-28 16:49:03,,/Users/ally/Documents/johnson lab/parrotfish bites/AQ_Sctaeniopterus_TP_2021-06-17_130527_001.MP4,1223.280,23.98,No focal subject,Bite,Foraging,None|None|None,POINT,274.631,274.631,NA,,
AQ_Sctaeniopterus_TP_2021-06-17_130527,2025-06-28 16:49:03,,/Users/ally/Documents/johnson lab/parrotfish bites/AQ_Sctaeniopterus_TP_2021-06-17_130527_001.MP4,1223.280,23.98,No focal subject,Bite,Foraging,None|None|None,POINT,275.132,275.132,NA,,
AQ_Sctaeniopterus_TP_2021-06-17_130527,2025-06-28 16:49:03,,/Users/ally/Documents/johnson lab/parrotfish bites/AQ_Sctaeniopterus_TP_2021-06-17_130527_001.MP4,1223.280,23.98,No focal subject,Bite,Foraging,None|None|None,POINT,276.134,276.134,NA,,
AQ_Sctaeniopterus_TP_2021-06-17_130527,2025-06-28 16:49:03,,/Users/ally/Documents/johnson lab/parrotfish bites/AQ_Sctaeniopterus_TP_2021-06-17_130527_001.MP4,1223.280,23.98,No focal subject,Bite,Foraging,None|None|None,POINT,277.133,277.133,NA,,
AQ_Sctaeniopterus_TP_2021-06-17_130527,2025-06-28 16:49:03,,/Users/ally/Documents/johnson lab/parrotfish bites/AQ_Sctaeniopterus_TP_2021-06-17_130527_001.MP4,1223.280,23.98,No focal subject,Bite,Foraging,None|None|None,POINT,277.633,277.633,NA,,
AQ_Sctaeniopterus_TP_2021-06-17_130527,2025-06-28 16:49:03,,/Users/ally/Documents/johnson lab/parrotfish bites/AQ_Sctaeniopterus_TP_2021-06-17_130527_001.MP4,1223.280,23.98,No focal subject,Bite,Foraging,None|None|None,POINT,278.132,278.132,NA,,
AQ_Sctaeniopterus_TP_2021-06-17_130527,2025-06-28 16:49:03,,/Users/ally/Documents/johnson lab/parrotfish bites/AQ_Sctaeniopterus_TP_2021-06-17_130527_001.MP4,1223.280,23.98,No focal subject,Bite,Foraging,None|None|None,POINT,278.632,278.632,NA,,
AQ_Sctaeniopterus_TP_2021-06-17_130527,2025-06-28 16:49:03,,/Users/ally/Documents/johnson lab/parrotfish bites/AQ_Sctaeniopterus_TP_2021-06-17_130527_001.MP4,1223.280,23.98,No focal subject,Bite,Foraging,None|None|None,POINT,279.632,279.632,NA,,
AQ_Sctaeniopterus_TP_2021-06-17_130527,2025-06-28 16:49:03,,/Users/ally/Documents/johnson lab/parrotfish bites/AQ_Sctaeniopterus_TP_2021-06-17_130527_001.MP4,1223.280,23.98,No focal subject,Bite,Foraging,None|None|None,POINT,280.133,280.133,NA,,
AQ_Sctaeniopterus_TP_2021-06-17_130527,2025-06-28 16:49:03,,/Users/ally/Documents/johnson lab/parrotfish bites/AQ_Sctaeniopterus_TP_2021-06-17_130527_001.MP4,1223.280,23.98,No focal subject,Bite,Foraging,None|None|None,POINT,281.132,281.132,NA,,
AQ_Sctaeniopterus_TP_2021-06-17_130527,2025-06-28 16:49:03,,/Users/ally/Documents/johnson lab/parrotfish bites/AQ_Sctaeniopterus_TP_2021-06-17_130527_001.MP4,1223.280,23.98,No focal subject,Bite,Foraging,None|None|None,POINT,282.384,282.384,NA,,
AQ_Sctaeniopterus_TP_2021-06-17_130527,2025-06-28 16:49:03,,/Users/ally/Documents/johnson lab/parrotfish bites/AQ_Sctaeniopterus_TP_2021-06-17_130527_001.MP4,1223.280,23.98,No focal subject,Bite,Foraging,None|None|None,POINT,283.384,283.384,NA,,
AQ_Sctaeniopterus_TP_2021-06-17_130527,2025-06-28 16:49:03,,/Users/ally/Documents/johnson lab/parrotfish bites/AQ_Sctaeniopterus_TP_2021-06-17_130527_001.MP4,1223.280,23.98,No focal subject,Bite,Foraging,None|None|None,POINT,283.632,283.632,NA,,
AQ_Sctaeniopterus_TP_2021-06-17_130527,2025-06-28 16:49:03,,/Users/ally/Documents/johnson lab/parrotfish bites/AQ_Sctaeniopterus_TP_2021-06-17_130527_001.MP4,1223.280,23.98,No focal subject,Bite,Foraging,None|None|None,POINT,284.884,284.884,NA,,
AQ_Sctaeniopterus_TP_2021-06-17_130527,2025-06-28 16:49:03,,/Users/ally/Documents/johnson lab/parrotfish bites/AQ_Sctaeniopterus_TP_2021-06-17_130527_001.MP4,1223.280,23.98,No focal subject,Bite,Foraging,None|None|None,POINT,285.630,285.630,NA,,
AQ_Sctaeniopterus_TP_2021-06-17_130527,2025-06-28 16:49:03,,/Users/ally/Documents/johnson lab/parrotfish bites/AQ_Sctaeniopterus_TP_2021-06-17_130527_001.MP4,1223.280,23.98,No focal subject,Bite,Foraging,None|None|None,POINT,286.133,286.133,NA,,
AQ_Sctaeniopterus_TP_2021-06-17_130527,2025-06-28 16:49:03,,/Users/ally/Documents/johnson lab/parrotfish bites/AQ_Sctaeniopterus_TP_2021-06-17_130527_001.MP4,1223.280,23.98,No focal subject,Bite,Foraging,None|None|None,POINT,297.633,297.633,NA,,
AQ_Sctaeniopterus_TP_2021-06-17_130527,2025-06-28 16:49:03,,/Users/ally/Documents/johnson lab/parrotfish bites/AQ_Sctaeniopterus_TP_2021-06-17_130527_001.MP4,1223.280,23.98,No focal subject,Bite,Foraging,None|None|None,POINT,301.133,301.133,NA,,
AQ_Sctaeniopterus_TP_2021-06-17_130527,2025-06-28 16:49:03,,/Users/ally/Documents/johnson lab/parrotfish bites/AQ_Sctaeniopterus_TP_2021-06-17_130527_001.MP4,1223.280,23.98,No focal subject,Bite,Foraging,None|None|None,POINT,305.710,305.710,NA,,
AQ_Sctaeniopterus_TP_2021-06-17_130527,2025-06-28 16:49:03,,/Users/ally/Documents/johnson lab/parrotfish bites/AQ_Sctaeniopterus_TP_2021-06-17_130527_001.MP4,1223.280,23.98,No focal subject,Bite,Foraging,None|None|None,POINT,306.208,306.208,NA,,
AQ_Sctaeniopterus_TP_2021-06-17_130527,2025-06-28 16:49:03,,/Users/ally/Documents/johnson lab/parrotfish bites/AQ_Sctaeniopterus_TP_2021-06-17_130527_001.MP4,1223.280,23.98,No focal subject,Bite,Foraging,None|None|None,POINT,308.211,308.211,NA,,
AQ_Sctaeniopterus_TP_2021-06-17_130527,2025-06-28 16:49:03,,/Users/ally/Documents/johnson lab/parrotfish bites/AQ_Sctaeniopterus_TP_2021-06-17_130527_001.MP4,1223.280,23.98,No focal subject,Bite,Foraging,None|None|None,POINT,309.209,309.209,NA,,
AQ_Sctaeniopterus_TP_2021-06-17_130527,2025-06-28 16:49:03,,/Users/ally/Documents/johnson lab/parrotfish bites/AQ_Sctaeniopterus_TP_2021-06-17_130527_001.MP4,1223.280,23.98,No focal subject,Bite,Foraging,None|None|None,POINT,310.210,310.210,NA,,
AQ_Sctaeniopterus_TP_2021-06-17_130527,2025-06-28 16:49:03,,/Users/ally/Documents/johnson lab/parrotfish bites/AQ_Sctaeniopterus_TP_2021-06-17_130527_001.MP4,1223.280,23.98,No focal subject,Bite,Foraging,None|None|None,POINT,311.709,311.709,NA,,
AQ_Sctaeniopterus_TP_2021-06-17_130527,2025-06-28 16:49:03,,/Users/ally/Documents/johnson lab/parrotfish bites/AQ_Sctaeniopterus_TP_2021-06-17_130527_001.MP4,1223.280,23.98,No focal subject,Bite,Foraging,None|None|None,POINT,312.209,312.209,NA,,
AQ_Sctaeniopterus_TP_2021-06-17_130527,2025-06-28 16:49:03,,/Users/ally/Documents/johnson lab/parrotfish bites/AQ_Sctaeniopterus_TP_2021-06-17_130527_001.MP4,1223.280,23.98,No focal subject,Bite,Foraging,None|None|None,POINT,313.210,313.210,NA,,
AQ_Sctaeniopterus_TP_2021-06-17_130527,2025-06-28 16:49:03,,/Users/ally/Documents/johnson lab/parrotfish bites/AQ_Sctaeniopterus_TP_2021-06-17_130527_001.MP4,1223.280,23.98,No focal subject,Bite,Foraging,None|None|None,POINT,317.709,317.709,NA,,
AQ_Sctaeniopterus_TP_2021-06-17_130527,2025-06-28 16:49:03,,/Users/ally/Documents/johnson lab/parrotfish bites/AQ_Sctaeniopterus_TP_2021-06-17_130527_001.MP4,1223.280,23.98,No focal subject,Bite,Foraging,None|None|None,POINT,318.458,318.458,NA,,
AQ_Sctaeniopterus_TP_2021-06-17_130527,2025-06-28 16:49:03,,/Users/ally/Documents/johnson lab/parrotfish bites/AQ_Sctaeniopterus_TP_2021-06-17_130527_001.MP4,1223.280,23.98,No focal subject,Bite,Foraging,None|None|None,POINT,318.959,318.959,NA,,
AQ_Sctaeniopterus_TP_2021-06-17_130527,2025-06-28 16:49:03,,/Users/ally/Documents/johnson lab/parrotfish bites/AQ_Sctaeniopterus_TP_2021-06-17_130527_001.MP4,1223.280,23.98,No focal subject,Bite,Foraging,None|None|None,POINT,320.710,320.710,NA,,
AQ_Sctaeniopterus_TP_2021-06-17_130527,2025-06-28 16:49:03,,/Users/ally/Documents/johnson lab/parrotfish bites/AQ_Sctaeniopterus_TP_2021-06-17_130527_001.MP4,1223.280,23.98,No focal subject,Bite,Foraging,None|None|None,POINT,321.710,321.710,NA,,
AQ_Sctaeniopterus_TP_2021-06-17_130527,2025-06-28 16:49:03,,/Users/ally/Documents/johnson lab/parrotfish bites/AQ_Sctaeniopterus_TP_2021-06-17_130527_001.MP4,1223.280,23.98,No focal subject,Bite,Foraging,None|None|None,POINT,322.211,322.211,NA,,
AQ_Sctaeniopterus_TP_2021-06-17_130527,2025-06-28 16:49:03,,/Users/ally/Documents/johnson lab/parrotfish bites/AQ_Sctaeniopterus_TP_2021-06-17_130527_001.MP4,1223.280,23.98,No focal subject,Bite,Foraging,None|None|None,POINT,323.211,323.211,NA,,
AQ_Sctaeniopterus_TP_2021-06-17_130527,2025-06-28 16:49:03,,/Users/ally/Documents/johnson lab/parrotfish bites/AQ_Sctaeniopterus_TP_2021-06-17_130527_001.MP4,1223.280,23.98,No focal subject,Bite,Foraging,None|None|None,POINT,323.957,323.957,NA,,
AQ_Sctaeniopterus_TP_2021-06-17_130527,2025-06-28 16:49:03,,/Users/ally/Documents/johnson lab/parrotfish bites/AQ_Sctaeniopterus_TP_2021-06-17_130527_001.MP4,1223.280,23.98,No focal subject,Bite,Foraging,None|None|None,POINT,324.709,324.709,NA,,
AQ_Sctaeniopterus_TP_2021-06-17_130527,2025-06-28 16:49:03,,/Users/ally/Documents/johnson lab/parrotfish bites/AQ_Sctaeniopterus_TP_2021-06-17_130527_001.MP4,1223.280,23.98,No focal subject,Bite,Foraging,None|None|None,POINT,325.708,325.708,NA,,
AQ_Sctaeniopterus_TP_2021-06-17_130527,2025-06-28 16:49:03,,/Users/ally/Documents/johnson lab/parrotfish bites/AQ_Sctaeniopterus_TP_2021-06-17_130527_001.MP4,1223.280,23.98,No focal subject,Bite,Foraging,None|None|None,POINT,326.208,326.208,NA,,
AQ_Sctaeniopterus_TP_2021-06-17_130527,2025-06-28 16:49:03,,/Users/ally/Documents/johnson lab/parrotfish bites/AQ_Sctaeniopterus_TP_2021-06-17_130527_001.MP4,1223.280,23.98,No focal subject,Bite,Foraging,None|None|None,POINT,328.210,328.210,NA,,
AQ_Sctaeniopterus_TP_2021-06-17_130527,2025-06-28 16:49:03,,/Users/ally/Documents/johnson lab/parrotfish bites/AQ_Sctaeniopterus_TP_2021-06-17_130527_001.MP4,1223.280,23.98,No focal subject,Bite,Foraging,None|None|None,POINT,328.708,328.708,NA,,
AQ_Sctaeniopterus_TP_2021-06-17_130527,2025-06-28 16:49:03,,/Users/ally/Documents/johnson lab/parrotfish bites/AQ_Sctaeniopterus_TP_2021-06-17_130527_001.MP4,1223.280,23.98,No focal subject,Bite,Foraging,None|None|None,POINT,329.209,329.209,NA,,
AQ_Sctaeniopterus_TP_2021-06-17_130527,2025-06-28 16:49:03,,/Users/ally/Documents/johnson lab/parrotfish bites/AQ_Sctaeniopterus_TP_2021-06-17_130527_001.MP4,1223.280,23.98,No focal subject,Bite,Foraging,None|None|None,POINT,330.709,330.709,NA,,
AQ_Sctaeniopterus_TP_2021-06-17_130527,2025-06-28 16:49:03,,/Users/ally/Documents/johnson lab/parrotfish bites/AQ_Sctaeniopterus_TP_2021-06-17_130527_001.MP4,1223.280,23.98,No focal subject,Bite,Foraging,None|None|None,POINT,331.210,331.210,NA,,
AQ_Sctaeniopterus_TP_2021-06-17_130527,2025-06-28 16:49:03,,/Users/ally/Documents/johnson lab/parrotfish bites/AQ_Sctaeniopterus_TP_2021-06-17_130527_001.MP4,1223.280,23.98,No focal subject,Bite,Foraging,None|None|None,POINT,331.958,331.958,NA,,
AQ_Sctaeniopterus_TP_2021-06-17_130527,2025-06-28 16:49:03,,/Users/ally/Documents/johnson lab/parrotfish bites/AQ_Sctaeniopterus_TP_2021-06-17_130527_001.MP4,1223.280,23.98,No focal subject,Bite,Foraging,None|None|None,POINT,334.211,334.211,NA,,
AQ_Sctaeniopterus_TP_2021-06-17_130527,2025-06-28 16:49:03,,/Users/ally/Documents/johnson lab/parrotfish bites/AQ_Sctaeniopterus_TP_2021-06-17_130527_001.MP4,1223.280,23.98,No focal subject,Bite,Foraging,None|None|None,POINT,335.710,335.710,NA,,
AQ_Sctaeniopterus_TP_2021-06-17_130527,2025-06-28 16:49:03,,/Users/ally/Documents/johnson lab/parrotfish bites/AQ_Sctaeniopterus_TP_2021-06-17_130527_001.MP4,1223.280,23.98,No focal subject,Bite,Foraging,None|None|None,POINT,336.208,336.208,NA,,
AQ_Sctaeniopterus_TP_2021-06-17_130527,2025-06-28 16:49:03,,/Users/ally/Documents/johnson lab/parrotfish bites/AQ_Sctaeniopterus_TP_2021-06-17_130527_001.MP4,1223.280,23.98,No focal subject,Bite,Foraging,None|None|None,POINT,337.458,337.458,NA,,
AQ_Sctaeniopterus_TP_2021-06-17_130527,2025-06-28 16:49:03,,/Users/ally/Documents/johnson lab/parrotfish bites/AQ_Sctaeniopterus_TP_2021-06-17_130527_001.MP4,1223.280,23.98,No focal subject,Bite,Foraging,None|None|None,POINT,337.709,337.709,NA,,
AQ_Sctaeniopterus_TP_2021-06-17_130527,2025-06-28 16:49:03,,/Users/ally/Documents/johnson lab/parrotfish bites/AQ_Sctaeniopterus_TP_2021-06-17_130527_001.MP4,1223.280,23.98,No focal subject,Bite,Foraging,None|None|None,POINT,338.209,338.209,NA,,
AQ_Sctaeniopterus_TP_2021-06-17_130527,2025-06-28 16:49:03,,/Users/ally/Documents/johnson lab/parrotfish bites/AQ_Sctaeniopterus_TP_2021-06-17_130527_001.MP4,1223.280,23.98,No focal subject,Bite,Foraging,None|None|None,POINT,339.211,339.211,NA,,
AQ_Sctaeniopterus_TP_2021-06-17_130527,2025-06-28 16:49:03,,/Users/ally/Documents/johnson lab/parrotfish bites/AQ_Sctaeniopterus_TP_2021-06-17_130527_001.MP4,1223.280,23.98,No focal subject,Bite,Foraging,None|None|None,POINT,339.959,339.959,NA,,
AQ_Sctaeniopterus_TP_2021-06-17_130527,2025-06-28 16:49:03,,/Users/ally/Documents/johnson lab/parrotfish bites/AQ_Sctaeniopterus_TP_2021-06-17_130527_001.MP4,1223.280,23.98,No focal subject,Bite,Foraging,None|None|None,POINT,341.210,341.210,NA,,
AQ_Sctaeniopterus_TP_2021-06-17_130527,2025-06-28 16:49:03,,/Users/ally/Documents/johnson lab/parrotfish bites/AQ_Sctaeniopterus_TP_2021-06-17_130527_001.MP4,1223.280,23.98,No focal subject,Bite,Foraging,None|None|None,POINT,342.208,342.208,NA,,
AQ_Sctaeniopterus_TP_2021-06-17_130527,2025-06-28 16:49:03,,/Users/ally/Documents/johnson lab/parrotfish bites/AQ_Sctaeniopterus_TP_2021-06-17_130527_001.MP4,1223.280,23.98,No focal subject,Bite,Foraging,None|None|None,POINT,342.709,342.709,NA,,
AQ_Sctaeniopterus_TP_2021-06-17_130527,2025-06-28 16:49:03,,/Users/ally/Documents/johnson lab/parrotfish bites/AQ_Sctaeniopterus_TP_2021-06-17_130527_001.MP4,1223.280,23.98,No focal subject,Bite,Foraging,None|None|None,POINT,343.709,343.709,NA,,
AQ_Sctaeniopterus_TP_2021-06-17_130527,2025-06-28 16:49:03,,/Users/ally/Documents/johnson lab/parrotfish bites/AQ_Sctaeniopterus_TP_2021-06-17_130527_001.MP4,1223.280,23.98,No focal subject,Bite,Foraging,None|None|None,POINT,344.209,344.209,NA,,
AQ_Sctaeniopterus_TP_2021-06-17_130527,2025-06-28 16:49:03,,/Users/ally/Documents/johnson lab/parrotfish bites/AQ_Sctaeniopterus_TP_2021-06-17_130527_001.MP4,1223.280,23.98,No focal subject,Bite,Foraging,None|None|None,POINT,345.209,345.209,NA,,
AQ_Sctaeniopterus_TP_2021-06-17_130527,2025-06-28 16:49:03,,/Users/ally/Documents/johnson lab/parrotfish bites/AQ_Sctaeniopterus_TP_2021-06-17_130527_001.MP4,1223.280,23.98,No focal subject,Bite,Foraging,None|None|None,POINT,346.710,346.710,NA,,
AQ_Sctaeniopterus_TP_2021-06-17_130527,2025-06-28 16:49:03,,/Users/ally/Documents/johnson lab/parrotfish bites/AQ_Sctaeniopterus_TP_2021-06-17_130527_001.MP4,1223.280,23.98,No focal subject,Bite,Foraging,None|None|None,POINT,347.210,347.210,NA,,
AQ_Sctaeniopterus_TP_2021-06-17_130527,2025-06-28 16:49:03,,/Users/ally/Documents/johnson lab/parrotfish bites/AQ_Sctaeniopterus_TP_2021-06-17_130527_001.MP4,1223.280,23.98,No focal subject,Bite,Foraging,None|None|None,POINT,349.712,349.712,NA,,
AQ_Sctaeniopterus_TP_2021-06-17_130527,2025-06-28 16:49:03,,/Users/ally/Documents/johnson lab/parrotfish bites/AQ_Sctaeniopterus_TP_2021-06-17_130527_001.MP4,1223.280,23.98,No focal subject,Bite,Foraging,None|None|None,POINT,350.208,350.208,NA,,
AQ_Sctaeniopterus_TP_2021-06-17_130527,2025-06-28 16:49:03,,/Users/ally/Documents/johnson lab/parrotfish bites/AQ_Sctaeniopterus_TP_2021-06-17_130527_001.MP4,1223.280,23.98,No focal subject,Bite,Foraging,None|None|None,POINT,351.210,351.210,NA,,
AQ_Sctaeniopterus_TP_2021-06-17_130527,2025-06-28 16:49:03,,/Users/ally/Documents/johnson lab/parrotfish bites/AQ_Sctaeniopterus_TP_2021-06-17_130527_001.MP4,1223.280,23.98,No focal subject,Bite,Foraging,None|None|None,POINT,351.709,351.709,NA,,
AQ_Sctaeniopterus_TP_2021-06-17_130527,2025-06-28 16:49:03,,/Users/ally/Documents/johnson lab/parrotfish bites/AQ_Sctaeniopterus_TP_2021-06-17_130527_001.MP4,1223.280,23.98,No focal subject,Bite,Foraging,None|None|None,POINT,352.209,352.209,NA,,
AQ_Sctaeniopterus_TP_2021-06-17_130527,2025-06-28 16:49:03,,/Users/ally/Documents/johnson lab/parrotfish bites/AQ_Sctaeniopterus_TP_2021-06-17_130527_001.MP4,1223.280,23.98,No focal subject,Bite,Foraging,None|None|None,POINT,353.710,353.710,NA,,
AQ_Sctaeniopterus_TP_2021-06-17_130527,2025-06-28 16:49:03,,/Users/ally/Documents/johnson lab/parrotfish bites/AQ_Sctaeniopterus_TP_2021-06-17_130527_001.MP4,1223.280,23.98,No focal subject,Bite,Foraging,None|None|None,POINT,353.958,353.958,NA,,
AQ_Sctaeniopterus_TP_2021-06-17_130527,2025-06-28 16:49:03,,/Users/ally/Documents/johnson lab/parrotfish bites/AQ_Sctaeniopterus_TP_2021-06-17_130527_001.MP4,1223.280,23.98,No focal subject,Bite,Foraging,None|None|None,POINT,354.711,354.711,NA,,
AQ_Sctaeniopterus_TP_2021-06-17_130527,2025-06-28 16:49:03,,/Users/ally/Documents/johnson lab/parrotfish bites/AQ_Sctaeniopterus_TP_2021-06-17_130527_001.MP4,1223.280,23.98,No focal subject,Bite,Foraging,None|None|None,POINT,355.211,355.211,NA,,
AQ_Sctaeniopterus_TP_2021-06-17_130527,2025-06-28 16:49:03,,/Users/ally/Documents/johnson lab/parrotfish bites/AQ_Sctaeniopterus_TP_2021-06-17_130527_001.MP4,1223.280,23.98,No focal subject,Bite,Foraging,None|None|None,POINT,356.211,356.211,NA,,
AQ_Sctaeniopterus_TP_2021-06-17_130527,2025-06-28 16:49:03,,/Users/ally/Documents/johnson lab/parrotfish bites/AQ_Sctaeniopterus_TP_2021-06-17_130527_001.MP4,1223.280,23.98,No focal subject,Bite,Foraging,None|None|None,POINT,357.211,357.211,NA,,
AQ_Sctaeniopterus_TP_2021-06-17_130527,2025-06-28 16:49:03,,/Users/ally/Documents/johnson lab/parrotfish bites/AQ_Sctaeniopterus_TP_2021-06-17_130527_001.MP4,1223.280,23.98,No focal subject,Bite,Foraging,None|None|None,POINT,357.710,357.710,NA,,
AQ_Sctaeniopterus_TP_2021-06-17_130527,2025-06-28 16:49:03,,/Users/ally/Documents/johnson lab/parrotfish bites/AQ_Sctaeniopterus_TP_2021-06-17_130527_001.MP4,1223.280,23.98,No focal subject,Bite,Foraging,None|None|None,POINT,358.710,358.710,NA,,
AQ_Sctaeniopterus_TP_2021-06-17_130527,2025-06-28 16:49:03,,/Users/ally/Documents/johnson lab/parrotfish bites/AQ_Sctaeniopterus_TP_2021-06-17_130527_001.MP4,1223.280,23.98,No focal subject,Bite,Foraging,None|None|None,POINT,359.210,359.210,NA,,
AQ_Sctaeniopterus_TP_2021-06-17_130527,2025-06-28 16:49:03,,/Users/ally/Documents/johnson lab/parrotfish bites/AQ_Sctaeniopterus_TP_2021-06-17_130527_001.MP4,1223.280,23.98,No focal subject,Bite,Foraging,None|None|None,POINT,360.210,360.210,NA,,
AQ_Sctaeniopterus_TP_2021-06-17_130527,2025-06-28 16:49:03,,/Users/ally/Documents/johnson lab/parrotfish bites/AQ_Sctaeniopterus_TP_2021-06-17_130527_001.MP4,1223.280,23.98,No focal subject,Bite,Foraging,None|None|None,POINT,360.709,360.709,NA,,
AQ_Sctaeniopterus_TP_2021-06-17_130527,2025-06-28 16:49:03,,/Users/ally/Documents/johnson lab/parrotfish bites/AQ_Sctaeniopterus_TP_2021-06-17_130527_001.MP4,1223.280,23.98,No focal subject,Bite,Foraging,None|None|None,POINT,361.709,361.709,NA,,
AQ_Sctaeniopterus_TP_2021-06-17_130527,2025-06-28 16:49:03,,/Users/ally/Documents/johnson lab/parrotfish bites/AQ_Sctaeniopterus_TP_2021-06-17_130527_001.MP4,1223.280,23.98,No focal subject,Bite,Foraging,None|None|None,POINT,362.209,362.209,NA,,
AQ_Sctaeniopterus_TP_2021-06-17_130527,2025-06-28 16:49:03,,/Users/ally/Documents/johnson lab/parrotfish bites/AQ_Sctaeniopterus_TP_2021-06-17_130527_001.MP4,1223.280,23.98,No focal subject,Bite,Foraging,None|None|None,POINT,362.710,362.710,NA,,
AQ_Sctaeniopterus_TP_2021-06-17_130527,2025-06-28 16:49:03,,/Users/ally/Documents/johnson lab/parrotfish bites/AQ_Sctaeniopterus_TP_2021-06-17_130527_001.MP4,1223.280,23.98,No focal subject,Bite,Foraging,None|None|None,POINT,363.209,363.209,NA,,
AQ_Sctaeniopterus_TP_2021-06-17_130527,2025-06-28 16:49:03,,/Users/ally/Documents/johnson lab/parrotfish bites/AQ_Sctaeniopterus_TP_2021-06-17_130527_001.MP4,1223.280,23.98,No focal subject,Bite,Foraging,None|None|None,POINT,368.210,368.210,NA,,
AQ_Sctaeniopterus_TP_2021-06-17_130527,2025-06-28 16:49:03,,/Users/ally/Documents/johnson lab/parrotfish bites/AQ_Sctaeniopterus_TP_2021-06-17_130527_001.MP4,1223.280,23.98,No focal subject,Bite,Foraging,None|None|None,POINT,369.211,369.211,NA,,
AQ_Sctaeniopterus_TP_2021-06-17_130527,2025-06-28 16:49:03,,/Users/ally/Documents/johnson lab/parrotfish bites/AQ_Sctaeniopterus_TP_2021-06-17_130527_001.MP4,1223.280,23.98,No focal subject,Bite,Foraging,None|None|None,POINT,370.210,370.210,NA,,
AQ_Sctaeniopterus_TP_2021-06-17_130527,2025-06-28 16:49:03,,/Users/ally/Documents/johnson lab/parrotfish bites/AQ_Sctaeniopterus_TP_2021-06-17_130527_001.MP4,1223.280,23.98,No focal subject,Bite,Foraging,None|None|None,POINT,372.210,372.210,NA,,
AQ_Sctaeniopterus_TP_2021-06-17_130527,2025-06-28 16:49:03,,/Users/ally/Documents/johnson lab/parrotfish bites/AQ_Sctaeniopterus_TP_2021-06-17_130527_001.MP4,1223.280,23.98,No focal subject,Bite,Foraging,None|None|None,POINT,373.213,373.213,NA,,
AQ_Sctaeniopterus_TP_2021-06-17_130527,2025-06-28 16:49:03,,/Users/ally/Documents/johnson lab/parrotfish bites/AQ_Sctaeniopterus_TP_2021-06-17_130527_001.MP4,1223.280,23.98,No focal subject,Bite,Foraging,None|None|None,POINT,374.209,374.209,NA,,
AQ_Sctaeniopterus_TP_2021-06-17_130527,2025-06-28 16:49:03,,/Users/ally/Documents/johnson lab/parrotfish bites/AQ_Sctaeniopterus_TP_2021-06-17_130527_001.MP4,1223.280,23.98,No focal subject,Bite,Foraging,None|None|None,POINT,378.709,378.709,NA,,
AQ_Sctaeniopterus_TP_2021-06-17_130527,2025-06-28 16:49:03,,/Users/ally/Documents/johnson lab/parrotfish bites/AQ_Sctaeniopterus_TP_2021-06-17_130527_001.MP4,1223.280,23.98,No focal subject,Bite,Foraging,None|None|None,POINT,380.211,380.211,NA,,
AQ_Sctaeniopterus_TP_2021-06-17_130527,2025-06-28 16:49:03,,/Users/ally/Documents/johnson lab/parrotfish bites/AQ_Sctaeniopterus_TP_2021-06-17_130527_001.MP4,1223.280,23.98,No focal subject,Bite,Foraging,None|None|None,POINT,380.958,380.958,NA,,
AQ_Sctaeniopterus_TP_2021-06-17_130527,2025-06-28 16:49:03,,/Users/ally/Documents/johnson lab/parrotfish bites/AQ_Sctaeniopterus_TP_2021-06-17_130527_001.MP4,1223.280,23.98,No focal subject,Bite,Foraging,None|None|None,POINT,381.709,381.709,NA,,
AQ_Sctaeniopterus_TP_2021-06-17_130527,2025-06-28 16:49:03,,/Users/ally/Documents/johnson lab/parrotfish bites/AQ_Sctaeniopterus_TP_2021-06-17_130527_001.MP4,1223.280,23.98,No focal subject,Bite,Foraging,None|None|None,POINT,382.209,382.209,NA,,
AQ_Sctaeniopterus_TP_2021-06-17_130527,2025-06-28 16:49:03,,/Users/ally/Documents/johnson lab/parrotfish bites/AQ_Sctaeniopterus_TP_2021-06-17_130527_001.MP4,1223.280,23.98,No focal subject,Bite,Foraging,None|None|None,POINT,384.711,384.711,NA,,
AQ_Sctaeniopterus_TP_2021-06-17_130527,2025-06-28 16:49:03,,/Users/ally/Documents/johnson lab/parrotfish bites/AQ_Sctaeniopterus_TP_2021-06-17_130527_001.MP4,1223.280,23.98,No focal subject,Bite,Foraging,None|None|None,POINT,386.208,386.208,NA,,
AQ_Sctaeniopterus_TP_2021-06-17_130527,2025-06-28 16:49:03,,/Users/ally/Documents/johnson lab/parrotfish bites/AQ_Sctaeniopterus_TP_2021-06-17_130527_001.MP4,1223.280,23.98,No focal subject,Bite,Foraging,None|None|None,POINT,387.709,387.709,NA,,
AQ_Sctaeniopterus_TP_2021-06-17_130527,2025-06-28 16:49:03,,/Users/ally/Documents/johnson lab/parrotfish bites/AQ_Sctaeniopterus_TP_2021-06-17_130527_001.MP4,1223.280,23.98,No focal subject,Bite,Foraging,None|None|None,POINT,388.209,388.209,NA,,
AQ_Sctaeniopterus_TP_2021-06-17_130527,2025-06-28 16:49:03,,/Users/ally/Documents/johnson lab/parrotfish bites/AQ_Sctaeniopterus_TP_2021-06-17_130527_001.MP4,1223.280,23.98,No focal subject,Bite,Foraging,None|None|None,POINT,389.711,389.711,NA,,
AQ_Sctaeniopterus_TP_2021-06-17_130527,2025-06-28 16:49:03,,/Users/ally/Documents/johnson lab/parrotfish bites/AQ_Sctaeniopterus_TP_2021-06-17_130527_001.MP4,1223.280,23.98,No focal subject,Bite,Foraging,None|None|None,POINT,390.708,390.708,NA,,
AQ_Sctaeniopterus_TP_2021-06-17_130527,2025-06-28 16:49:03,,/Users/ally/Documents/johnson lab/parrotfish bites/AQ_Sctaeniopterus_TP_2021-06-17_130527_001.MP4,1223.280,23.98,No focal subject,Bite,Foraging,None|None|None,POINT,391.709,391.709,NA,,
AQ_Sctaeniopterus_TP_2021-06-17_130527,2025-06-28 16:49:03,,/Users/ally/Documents/johnson lab/parrotfish bites/AQ_Sctaeniopterus_TP_2021-06-17_130527_001.MP4,1223.280,23.98,No focal subject,Bite,Foraging,None|None|None,POINT,392.460,392.460,NA,,
AQ_Sctaeniopterus_TP_2021-06-17_130527,2025-06-28 16:49:03,,/Users/ally/Documents/johnson lab/parrotfish bites/AQ_Sctaeniopterus_TP_2021-06-17_130527_001.MP4,1223.280,23.98,No focal subject,Bite,Foraging,None|None|None,POINT,393.209,393.209,NA,,
AQ_Sctaeniopterus_TP_2021-06-17_130527,2025-06-28 16:49:03,,/Users/ally/Documents/johnson lab/parrotfish bites/AQ_Sctaeniopterus_TP_2021-06-17_130527_001.MP4,1223.280,23.98,No focal subject,Bite,Foraging,None|None|None,POINT,394.209,394.209,NA,,
AQ_Sctaeniopterus_TP_2021-06-17_130527,2025-06-28 16:49:03,,/Users/ally/Documents/johnson lab/parrotfish bites/AQ_Sctaeniopterus_TP_2021-06-17_130527_001.MP4,1223.280,23.98,No focal subject,Bite,Foraging,None|None|None,POINT,395.210,395.210,NA,,
AQ_Sctaeniopterus_TP_2021-06-17_130527,2025-06-28 16:49:03,,/Users/ally/Documents/johnson lab/parrotfish bites/AQ_Sctaeniopterus_TP_2021-06-17_130527_001.MP4,1223.280,23.98,No focal subject,Bite,Foraging,None|None|None,POINT,396.211,396.211,NA,,
AQ_Sctaeniopterus_TP_2021-06-17_130527,2025-06-28 16:49:03,,/Users/ally/Documents/johnson lab/parrotfish bites/AQ_Sctaeniopterus_TP_2021-06-17_130527_001.MP4,1223.280,23.98,No focal subject,Bite,Foraging,None|None|None,POINT,398.209,398.209,NA,,
AQ_Sctaeniopterus_TP_2021-06-17_130527,2025-06-28 16:49:03,,/Users/ally/Documents/johnson lab/parrotfish bites/AQ_Sctaeniopterus_TP_2021-06-17_130527_001.MP4,1223.280,23.98,No focal subject,Bite,Foraging,None|None|None,POINT,399.210,399.210,NA,,
AQ_Sctaeniopterus_TP_2021-06-17_130527,2025-06-28 16:49:03,,/Users/ally/Documents/johnson lab/parrotfish bites/AQ_Sctaeniopterus_TP_2021-06-17_130527_001.MP4,1223.280,23.98,No focal subject,Bite,Foraging,None|None|None,POINT,401.711,401.711,NA,,
AQ_Sctaeniopterus_TP_2021-06-17_130527,2025-06-28 16:49:03,,/Users/ally/Documents/johnson lab/parrotfish bites/AQ_Sctaeniopterus_TP_2021-06-17_130527_001.MP4,1223.280,23.98,No focal subject,Bite,Foraging,None|None|None,POINT,402.208,402.208,NA,,
AQ_Sctaeniopterus_TP_2021-06-17_130527,2025-06-28 16:49:03,,/Users/ally/Documents/johnson lab/parrotfish bites/AQ_Sctaeniopterus_TP_2021-06-17_130527_001.MP4,1223.280,23.98,No focal subject,Bite,Foraging,None|None|None,POINT,403.709,403.709,NA,,
AQ_Sctaeniopterus_TP_2021-06-17_130527,2025-06-28 16:49:03,,/Users/ally/Documents/johnson lab/parrotfish bites/AQ_Sctaeniopterus_TP_2021-06-17_130527_001.MP4,1223.280,23.98,No focal subject,Bite,Foraging,None|None|None,POINT,404.211,404.211,NA,,
AQ_Sctaeniopterus_TP_2021-06-17_130527,2025-06-28 16:49:03,,/Users/ally/Documents/johnson lab/parrotfish bites/AQ_Sctaeniopterus_TP_2021-06-17_130527_001.MP4,1223.280,23.98,No focal subject,Bite,Foraging,None|None|None,POINT,406.206,406.206,NA,,
AQ_Sctaeniopterus_TP_2021-06-17_130527,2025-06-28 16:49:03,,/Users/ally/Documents/johnson lab/parrotfish bites/AQ_Sctaeniopterus_TP_2021-06-17_130527_001.MP4,1223.280,23.98,No focal subject,Bite,Foraging,None|None|None,POINT,407.210,407.210,NA,,
AQ_Sctaeniopterus_TP_2021-06-17_130527,2025-06-28 16:49:03,,/Users/ally/Documents/johnson lab/parrotfish bites/AQ_Sctaeniopterus_TP_2021-06-17_130527_001.MP4,1223.280,23.98,No focal subject,Bite,Foraging,None|None|None,POINT,408.207,408.207,NA,,
AQ_Sctaeniopterus_TP_2021-06-17_130527,2025-06-28 16:49:03,,/Users/ally/Documents/johnson lab/parrotfish bites/AQ_Sctaeniopterus_TP_2021-06-17_130527_001.MP4,1223.280,23.98,No focal subject,Bite,Foraging,None|None|None,POINT,409.458,409.458,NA,,
AQ_Sctaeniopterus_TP_2021-06-17_130527,2025-06-28 16:49:03,,/Users/ally/Documents/johnson lab/parrotfish bites/AQ_Sctaeniopterus_TP_2021-06-17_130527_001.MP4,1223.280,23.98,No focal subject,Bite,Foraging,None|None|None,POINT,410.209,410.209,NA,,
AQ_Sctaeniopterus_TP_2021-06-17_130527,2025-06-28 16:49:03,,/Users/ally/Documents/johnson lab/parrotfish bites/AQ_Sctaeniopterus_TP_2021-06-17_130527_001.MP4,1223.280,23.98,No focal subject,Bite,Foraging,None|None|None,POINT,411.209,411.209,NA,,
AQ_Sctaeniopterus_TP_2021-06-17_130527,2025-06-28 16:49:03,,/Users/ally/Documents/johnson lab/parrotfish bites/AQ_Sctaeniopterus_TP_2021-06-17_130527_001.MP4,1223.280,23.98,No focal subject,Bite,Foraging,None|None|None,POINT,411.709,411.709,NA,,
AQ_Sctaeniopterus_TP_2021-06-17_130527,2025-06-28 16:49:03,,/Users/ally/Documents/johnson lab/parrotfish bites/AQ_Sctaeniopterus_TP_2021-06-17_130527_001.MP4,1223.280,23.98,No focal subject,Bite,Foraging,None|None|None,POINT,412.709,412.709,NA,,
AQ_Sctaeniopterus_TP_2021-06-17_130527,2025-06-28 16:49:03,,/Users/ally/Documents/johnson lab/parrotfish bites/AQ_Sctaeniopterus_TP_2021-06-17_130527_001.MP4,1223.280,23.98,No focal subject,Bite,Foraging,None|None|None,POINT,414.209,414.209,NA,,
AQ_Sctaeniopterus_TP_2021-06-17_130527,2025-06-28 16:49:03,,/Users/ally/Documents/johnson lab/parrotfish bites/AQ_Sctaeniopterus_TP_2021-06-17_130527_001.MP4,1223.280,23.98,No focal subject,Bite,Foraging,None|None|None,POINT,415.711,415.711,NA,,
AQ_Sctaeniopterus_TP_2021-06-17_130527,2025-06-28 16:49:03,,/Users/ally/Documents/johnson lab/parrotfish bites/AQ_Sctaeniopterus_TP_2021-06-17_130527_001.MP4,1223.280,23.98,No focal subject,Bite,Foraging,None|None|None,POINT,416.209,416.209,NA,,
AQ_Sctaeniopterus_TP_2021-06-17_130527,2025-06-28 16:49:03,,/Users/ally/Documents/johnson lab/parrotfish bites/AQ_Sctaeniopterus_TP_2021-06-17_130527_001.MP4,1223.280,23.98,No focal subject,Bite,Foraging,None|None|None,POINT,417.210,417.210,NA,,
AQ_Sctaeniopterus_TP_2021-06-17_130527,2025-06-28 16:49:03,,/Users/ally/Documents/johnson lab/parrotfish bites/AQ_Sctaeniopterus_TP_2021-06-17_130527_001.MP4,1223.280,23.98,No focal subject,Bite,Foraging,None|None|None,POINT,418.711,418.711,NA,,
AQ_Sctaeniopterus_TP_2021-06-17_130527,2025-06-28 16:49:03,,/Users/ally/Documents/johnson lab/parrotfish bites/AQ_Sctaeniopterus_TP_2021-06-17_130527_001.MP4,1223.280,23.98,No focal subject,Bite,Foraging,None|None|None,POINT,420.712,420.712,NA,,
AQ_Sctaeniopterus_TP_2021-06-17_130527,2025-06-28 16:49:03,,/Users/ally/Documents/johnson lab/parrotfish bites/AQ_Sctaeniopterus_TP_2021-06-17_130527_001.MP4,1223.280,23.98,No focal subject,Bite,Foraging,None|None|None,POINT,421.211,421.211,NA,,
AQ_Sctaeniopterus_TP_2021-06-17_130527,2025-06-28 16:49:03,,/Users/ally/Documents/johnson lab/parrotfish bites/AQ_Sctaeniopterus_TP_2021-06-17_130527_001.MP4,1223.280,23.98,No focal subject,Bite,Foraging,None|None|None,POINT,421.709,421.709,NA,,
AQ_Sctaeniopterus_TP_2021-06-17_130527,2025-06-28 16:49:03,,/Users/ally/Documents/johnson lab/parrotfish bites/AQ_Sctaeniopterus_TP_2021-06-17_130527_001.MP4,1223.280,23.98,No focal subject,Bite,Foraging,None|None|None,POINT,422.709,422.709,NA,,
AQ_Sctaeniopterus_TP_2021-06-17_130527,2025-06-28 16:49:03,,/Users/ally/Documents/johnson lab/parrotfish bites/AQ_Sctaeniopterus_TP_2021-06-17_130527_001.MP4,1223.280,23.98,No focal subject,Bite,Foraging,None|None|None,POINT,424.209,424.209,NA,,
AQ_Sctaeniopterus_TP_2021-06-17_130527,2025-06-28 16:49:03,,/Users/ally/Documents/johnson lab/parrotfish bites/AQ_Sctaeniopterus_TP_2021-06-17_130527_001.MP4,1223.280,23.98,No focal subject,Bite,Foraging,None|None|None,POINT,425.209,425.209,NA,,
AQ_Sctaeniopterus_TP_2021-06-17_130527,2025-06-28 16:49:03,,/Users/ally/Documents/johnson lab/parrotfish bites/AQ_Sctaeniopterus_TP_2021-06-17_130527_001.MP4,1223.280,23.98,No focal subject,Bite,Foraging,None|None|None,POINT,425.710,425.710,NA,,
AQ_Sctaeniopterus_TP_2021-06-17_130527,2025-06-28 16:49:03,,/Users/ally/Documents/johnson lab/parrotfish bites/AQ_Sctaeniopterus_TP_2021-06-17_130527_001.MP4,1223.280,23.98,No focal subject,Bite,Foraging,None|None|None,POINT,426.459,426.459,NA,,
AQ_Sctaeniopterus_TP_2021-06-17_130527,2025-06-28 16:49:03,,/Users/ally/Documents/johnson lab/parrotfish bites/AQ_Sctaeniopterus_TP_2021-06-17_130527_001.MP4,1223.280,23.98,No focal subject,Bite,Foraging,None|None|None,POINT,427.211,427.211,NA,,
AQ_Sctaeniopterus_TP_2021-06-17_130527,2025-06-28 16:49:03,,/Users/ally/Documents/johnson lab/parrotfish bites/AQ_Sctaeniopterus_TP_2021-06-17_130527_001.MP4,1223.280,23.98,No focal subject,Bite,Foraging,None|None|None,POINT,428.209,428.209,NA,,
AQ_Sctaeniopterus_TP_2021-06-17_130527,2025-06-28 16:49:03,,/Users/ally/Documents/johnson lab/parrotfish bites/AQ_Sctaeniopterus_TP_2021-06-17_130527_001.MP4,1223.280,23.98,No focal subject,Bite,Foraging,None|None|None,POINT,430.210,430.210,NA,,
AQ_Sctaeniopterus_TP_2021-06-17_130527,2025-06-28 16:49:03,,/Users/ally/Documents/johnson lab/parrotfish bites/AQ_Sctaeniopterus_TP_2021-06-17_130527_001.MP4,1223.280,23.98,No focal subject,Bite,Foraging,None|None|None,POINT,431.710,431.710,NA,,
AQ_Sctaeniopterus_TP_2021-06-17_130527,2025-06-28 16:49:03,,/Users/ally/Documents/johnson lab/parrotfish bites/AQ_Sctaeniopterus_TP_2021-06-17_130527_001.MP4,1223.280,23.98,No focal subject,Bite,Foraging,None|None|None,POINT,433.208,433.208,NA,,
AQ_Sctaeniopterus_TP_2021-06-17_130527,2025-06-28 16:49:03,,/Users/ally/Documents/johnson lab/parrotfish bites/AQ_Sctaeniopterus_TP_2021-06-17_130527_001.MP4,1223.280,23.98,No focal subject,Bite,Foraging,None|None|None,POINT,434.710,434.710,NA,,
AQ_Sctaeniopterus_TP_2021-06-17_130527,2025-06-28 16:49:03,,/Users/ally/Documents/johnson lab/parrotfish bites/AQ_Sctaeniopterus_TP_2021-06-17_130527_001.MP4,1223.280,23.98,No focal subject,Bite,Foraging,None|None|None,POINT,435.710,435.710,NA,,
AQ_Sctaeniopterus_TP_2021-06-17_130527,2025-06-28 16:49:03,,/Users/ally/Documents/johnson lab/parrotfish bites/AQ_Sctaeniopterus_TP_2021-06-17_130527_001.MP4,1223.280,23.98,No focal subject,Bite,Foraging,None|None|None,POINT,436.710,436.710,NA,,
AQ_Sctaeniopterus_TP_2021-06-17_130527,2025-06-28 16:49:03,,/Users/ally/Documents/johnson lab/parrotfish bites/AQ_Sctaeniopterus_TP_2021-06-17_130527_001.MP4,1223.280,23.98,No focal subject,Bite,Foraging,None|None|None,POINT,437.209,437.209,NA,,
AQ_Sctaeniopterus_TP_2021-06-17_130527,2025-06-28 16:49:03,,/Users/ally/Documents/johnson lab/parrotfish bites/AQ_Sctaeniopterus_TP_2021-06-17_130527_001.MP4,1223.280,23.98,No focal subject,Bite,Foraging,None|None|None,POINT,439.209,439.209,NA,,
AQ_Sctaeniopterus_TP_2021-06-17_130527,2025-06-28 16:49:03,,/Users/ally/Documents/johnson lab/parrotfish bites/AQ_Sctaeniopterus_TP_2021-06-17_130527_001.MP4,1223.280,23.98,No focal subject,Bite,Foraging,None|None|None,POINT,439.708,439.708,NA,,
AQ_Sctaeniopterus_TP_2021-06-17_130527,2025-06-28 16:49:03,,/Users/ally/Documents/johnson lab/parrotfish bites/AQ_Sctaeniopterus_TP_2021-06-17_130527_001.MP4,1223.280,23.98,No focal subject,Bite,Foraging,None|None|None,POINT,441.209,441.209,NA,,
AQ_Sctaeniopterus_TP_2021-06-17_130527,2025-06-28 16:49:03,,/Users/ally/Documents/johnson lab/parrotfish bites/AQ_Sctaeniopterus_TP_2021-06-17_130527_001.MP4,1223.280,23.98,No focal subject,Bite,Foraging,None|None|None,POINT,442.709,442.709,NA,,
AQ_Sctaeniopterus_TP_2021-06-17_130527,2025-06-28 16:49:03,,/Users/ally/Documents/johnson lab/parrotfish bites/AQ_Sctaeniopterus_TP_2021-06-17_130527_001.MP4,1223.280,23.98,No focal subject,Bite,Foraging,None|None|None,POINT,443.211,443.211,NA,,
AQ_Sctaeniopterus_TP_2021-06-17_130527,2025-06-28 16:49:03,,/Users/ally/Documents/johnson lab/parrotfish bites/AQ_Sctaeniopterus_TP_2021-06-17_130527_001.MP4,1223.280,23.98,No focal subject,Bite,Foraging,None|None|None,POINT,443.710,443.710,NA,,
AQ_Sctaeniopterus_TP_2021-06-17_130527,2025-06-28 16:49:03,,/Users/ally/Documents/johnson lab/parrotfish bites/AQ_Sctaeniopterus_TP_2021-06-17_130527_001.MP4,1223.280,23.98,No focal subject,Bite,Foraging,None|None|None,POINT,445.210,445.210,NA,,
AQ_Sctaeniopterus_TP_2021-06-17_130527,2025-06-28 16:49:03,,/Users/ally/Documents/johnson lab/parrotfish bites/AQ_Sctaeniopterus_TP_2021-06-17_130527_001.MP4,1223.280,23.98,No focal subject,Bite,Foraging,None|None|None,POINT,446.209,446.209,NA,,
AQ_Sctaeniopterus_TP_2021-06-17_130527,2025-06-28 16:49:03,,/Users/ally/Documents/johnson lab/parrotfish bites/AQ_Sctaeniopterus_TP_2021-06-17_130527_001.MP4,1223.280,23.98,No focal subject,Bite,Foraging,None|None|None,POINT,449.206,449.206,NA,,
AQ_Sctaeniopterus_TP_2021-06-17_130527,2025-06-28 16:49:03,,/Users/ally/Documents/johnson lab/parrotfish bites/AQ_Sctaeniopterus_TP_2021-06-17_130527_001.MP4,1223.280,23.98,No focal subject,Bite,Foraging,None|None|None,POINT,449.957,449.957,NA,,
AQ_Sctaeniopterus_TP_2021-06-17_130527,2025-06-28 16:49:03,,/Users/ally/Documents/johnson lab/parrotfish bites/AQ_Sctaeniopterus_TP_2021-06-17_130527_001.MP4,1223.280,23.98,No focal subject,Lost Time,Time Keeping,,STATE,455.375,468.865,13.490,,
AQ_Sctaeniopterus_TP_2021-06-17_130527,2025-06-28 16:49:03,,/Users/ally/Documents/johnson lab/parrotfish bites/AQ_Sctaeniopterus_TP_2021-06-17_130527_001.MP4,1223.280,23.98,No focal subject,Bite,Foraging,None|None|None,POINT,478.365,478.365,NA,,
AQ_Sctaeniopterus_TP_2021-06-17_130527,2025-06-28 16:49:03,,/Users/ally/Documents/johnson lab/parrotfish bites/AQ_Sctaeniopterus_TP_2021-06-17_130527_001.MP4,1223.280,23.98,No focal subject,Bite,Foraging,None|None|None,POINT,478.863,478.863,NA,,
AQ_Sctaeniopterus_TP_2021-06-17_130527,2025-06-28 16:49:03,,/Users/ally/Documents/johnson lab/parrotfish bites/AQ_Sctaeniopterus_TP_2021-06-17_130527_001.MP4,1223.280,23.98,No focal subject,Bite,Foraging,None|None|None,POINT,479.864,479.864,NA,,
AQ_Sctaeniopterus_TP_2021-06-17_130527,2025-06-28 16:49:03,,/Users/ally/Documents/johnson lab/parrotfish bites/AQ_Sctaeniopterus_TP_2021-06-17_130527_001.MP4,1223.280,23.98,No focal subject,Bite,Foraging,None|None|None,POINT,480.364,480.364,NA,,
AQ_Sctaeniopterus_TP_2021-06-17_130527,2025-06-28 16:49:03,,/Users/ally/Documents/johnson lab/parrotfish bites/AQ_Sctaeniopterus_TP_2021-06-17_130527_001.MP4,1223.280,23.98,No focal subject,Bite,Foraging,None|None|None,POINT,481.112,481.112,NA,,
AQ_Sctaeniopterus_TP_2021-06-17_130527,2025-06-28 16:49:03,,/Users/ally/Documents/johnson lab/parrotfish bites/AQ_Sctaeniopterus_TP_2021-06-17_130527_001.MP4,1223.280,23.98,No focal subject,Bite,Foraging,None|None|None,POINT,481.863,481.863,NA,,
AQ_Sctaeniopterus_TP_2021-06-17_130527,2025-06-28 16:49:03,,/Users/ally/Documents/johnson lab/parrotfish bites/AQ_Sctaeniopterus_TP_2021-06-17_130527_001.MP4,1223.280,23.98,No focal subject,Bite,Foraging,None|None|None,POINT,482.865,482.865,NA,,
AQ_Sctaeniopterus_TP_2021-06-17_130527,2025-06-28 16:49:03,,/Users/ally/Documents/johnson lab/parrotfish bites/AQ_Sctaeniopterus_TP_2021-06-17_130527_001.MP4,1223.280,23.98,No focal subject,Bite,Foraging,None|None|None,POINT,483.365,483.365,NA,,
AQ_Sctaeniopterus_TP_2021-06-17_130527,2025-06-28 16:49:03,,/Users/ally/Documents/johnson lab/parrotfish bites/AQ_Sctaeniopterus_TP_2021-06-17_130527_001.MP4,1223.280,23.98,No focal subject,Bite,Foraging,None|None|None,POINT,483.864,483.864,NA,,
AQ_Sctaeniopterus_TP_2021-06-17_130527,2025-06-28 16:49:03,,/Users/ally/Documents/johnson lab/parrotfish bites/AQ_Sctaeniopterus_TP_2021-06-17_130527_001.MP4,1223.280,23.98,No focal subject,Bite,Foraging,None|None|None,POINT,484.613,484.613,NA,,
AQ_Sctaeniopterus_TP_2021-06-17_130527,2025-06-28 16:49:03,,/Users/ally/Documents/johnson lab/parrotfish bites/AQ_Sctaeniopterus_TP_2021-06-17_130527_001.MP4,1223.280,23.98,No focal subject,Bite,Foraging,None|None|None,POINT,485.365,485.365,NA,,
AQ_Sctaeniopterus_TP_2021-06-17_130527,2025-06-28 16:49:03,,/Users/ally/Documents/johnson lab/parrotfish bites/AQ_Sctaeniopterus_TP_2021-06-17_130527_001.MP4,1223.280,23.98,No focal subject,Bite,Foraging,None|None|None,POINT,486.364,486.364,NA,,
AQ_Sctaeniopterus_TP_2021-06-17_130527,2025-06-28 16:49:03,,/Users/ally/Documents/johnson lab/parrotfish bites/AQ_Sctaeniopterus_TP_2021-06-17_130527_001.MP4,1223.280,23.98,No focal subject,Bite,Foraging,None|None|None,POINT,487.364,487.364,NA,,
AQ_Sctaeniopterus_TP_2021-06-17_130527,2025-06-28 16:49:03,,/Users/ally/Documents/johnson lab/parrotfish bites/AQ_Sctaeniopterus_TP_2021-06-17_130527_001.MP4,1223.280,23.98,No focal subject,Bite,Foraging,None|None|None,POINT,493.865,493.865,NA,,
AQ_Sctaeniopterus_TP_2021-06-17_130527,2025-06-28 16:49:03,,/Users/ally/Documents/johnson lab/parrotfish bites/AQ_Sctaeniopterus_TP_2021-06-17_130527_001.MP4,1223.280,23.98,No focal subject,Bite,Foraging,None|None|None,POINT,500.365,500.365,NA,,
AQ_Sctaeniopterus_TP_2021-06-17_130527,2025-06-28 16:49:03,,/Users/ally/Documents/johnson lab/parrotfish bites/AQ_Sctaeniopterus_TP_2021-06-17_130527_001.MP4,1223.280,23.98,No focal subject,Bite,Foraging,None|None|None,POINT,501.865,501.865,NA,,
AQ_Sctaeniopterus_TP_2021-06-17_130527,2025-06-28 16:49:03,,/Users/ally/Documents/johnson lab/parrotfish bites/AQ_Sctaeniopterus_TP_2021-06-17_130527_001.MP4,1223.280,23.98,No focal subject,Bite,Foraging,None|None|None,POINT,502.864,502.864,NA,,
AQ_Sctaeniopterus_TP_2021-06-17_130527,2025-06-28 16:49:03,,/Users/ally/Documents/johnson lab/parrotfish bites/AQ_Sctaeniopterus_TP_2021-06-17_130527_001.MP4,1223.280,23.98,No focal subject,Bite,Foraging,None|None|None,POINT,503.864,503.864,NA,,
AQ_Sctaeniopterus_TP_2021-06-17_130527,2025-06-28 16:49:03,,/Users/ally/Documents/johnson lab/parrotfish bites/AQ_Sctaeniopterus_TP_2021-06-17_130527_001.MP4,1223.280,23.98,No focal subject,Bite,Foraging,None|None|None,POINT,506.113,506.113,NA,,
AQ_Sctaeniopterus_TP_2021-06-17_130527,2025-06-28 16:49:03,,/Users/ally/Documents/johnson lab/parrotfish bites/AQ_Sctaeniopterus_TP_2021-06-17_130527_001.MP4,1223.280,23.98,No focal subject,Bite,Foraging,None|None|None,POINT,508.367,508.367,NA,,
AQ_Sctaeniopterus_TP_2021-06-17_130527,2025-06-28 16:49:03,,/Users/ally/Documents/johnson lab/parrotfish bites/AQ_Sctaeniopterus_TP_2021-06-17_130527_001.MP4,1223.280,23.98,No focal subject,Bite,Foraging,None|None|None,POINT,509.614,509.614,NA,,
AQ_Sctaeniopterus_TP_2021-06-17_130527,2025-06-28 16:49:03,,/Users/ally/Documents/johnson lab/parrotfish bites/AQ_Sctaeniopterus_TP_2021-06-17_130527_001.MP4,1223.280,23.98,No focal subject,Bite,Foraging,None|None|None,POINT,535.366,535.366,NA,,
AQ_Sctaeniopterus_TP_2021-06-17_130527,2025-06-28 16:49:03,,/Users/ally/Documents/johnson lab/parrotfish bites/AQ_Sctaeniopterus_TP_2021-06-17_130527_001.MP4,1223.280,23.98,No focal subject,Bite,Foraging,None|None|None,POINT,538.865,538.865,NA,,
AQ_Sctaeniopterus_TP_2021-06-17_130527,2025-06-28 16:49:03,,/Users/ally/Documents/johnson lab/parrotfish bites/AQ_Sctaeniopterus_TP_2021-06-17_130527_001.MP4,1223.280,23.98,No focal subject,Bite,Foraging,None|None|None,POINT,539.366,539.366,NA,,
AQ_Sctaeniopterus_TP_2021-06-17_130527,2025-06-28 16:49:03,,/Users/ally/Documents/johnson lab/parrotfish bites/AQ_Sctaeniopterus_TP_2021-06-17_130527_001.MP4,1223.280,23.98,No focal subject,Bite,Foraging,None|None|None,POINT,539.865,539.865,NA,,
AQ_Sctaeniopterus_TP_2021-06-17_130527,2025-06-28 16:49:03,,/Users/ally/Documents/johnson lab/parrotfish bites/AQ_Sctaeniopterus_TP_2021-06-17_130527_001.MP4,1223.280,23.98,No focal subject,Bite,Foraging,None|None|None,POINT,558.867,558.867,NA,,
AQ_Sctaeniopterus_TP_2021-06-17_130527,2025-06-28 16:49:03,,/Users/ally/Documents/johnson lab/parrotfish bites/AQ_Sctaeniopterus_TP_2021-06-17_130527_001.MP4,1223.280,23.98,No focal subject,Bite,Foraging,None|None|None,POINT,559.366,559.366,NA,,
AQ_Sctaeniopterus_TP_2021-06-17_130527,2025-06-28 16:49:03,,/Users/ally/Documents/johnson lab/parrotfish bites/AQ_Sctaeniopterus_TP_2021-06-17_130527_001.MP4,1223.280,23.98,No focal subject,Bite,Foraging,None|None|None,POINT,560.366,560.366,NA,,
AQ_Sctaeniopterus_TP_2021-06-17_130527,2025-06-28 16:49:03,,/Users/ally/Documents/johnson lab/parrotfish bites/AQ_Sctaeniopterus_TP_2021-06-17_130527_001.MP4,1223.280,23.98,No focal subject,Bite,Foraging,None|None|None,POINT,560.868,560.868,NA,,
AQ_Sctaeniopterus_TP_2021-06-17_130527,2025-06-28 16:49:03,,/Users/ally/Documents/johnson lab/parrotfish bites/AQ_Sctaeniopterus_TP_2021-06-17_130527_001.MP4,1223.280,23.98,No focal subject,Bite,Foraging,None|None|None,POINT,561.866,561.866,NA,,
AQ_Sctaeniopterus_TP_2021-06-17_130527,2025-06-28 16:49:03,,/Users/ally/Documents/johnson lab/parrotfish bites/AQ_Sctaeniopterus_TP_2021-06-17_130527_001.MP4,1223.280,23.98,No focal subject,Bite,Foraging,None|None|None,POINT,563.866,563.866,NA,,
AQ_Sctaeniopterus_TP_2021-06-17_130527,2025-06-28 16:49:03,,/Users/ally/Documents/johnson lab/parrotfish bites/AQ_Sctaeniopterus_TP_2021-06-17_130527_001.MP4,1223.280,23.98,No focal subject,Bite,Foraging,None|None|None,POINT,579.867,579.867,NA,,
AQ_Sctaeniopterus_TP_2021-06-17_130527,2025-06-28 16:49:03,,/Users/ally/Documents/johnson lab/parrotfish bites/AQ_Sctaeniopterus_TP_2021-06-17_130527_001.MP4,1223.280,23.98,No focal subject,Bite,Foraging,None|None|None,POINT,581.367,581.367,NA,,
AQ_Sctaeniopterus_TP_2021-06-17_130527,2025-06-28 16:49:03,,/Users/ally/Documents/johnson lab/parrotfish bites/AQ_Sctaeniopterus_TP_2021-06-17_130527_001.MP4,1223.280,23.98,No focal subject,Bite,Foraging,None|None|None,POINT,582.365,582.365,NA,,
AQ_Sctaeniopterus_TP_2021-06-17_130527,2025-06-28 16:49:03,,/Users/ally/Documents/johnson lab/parrotfish bites/AQ_Sctaeniopterus_TP_2021-06-17_130527_001.MP4,1223.280,23.98,No focal subject,Bite,Foraging,None|None|None,POINT,583.864,583.864,NA,,
AQ_Sctaeniopterus_TP_2021-06-17_130527,2025-06-28 16:49:03,,/Users/ally/Documents/johnson lab/parrotfish bites/AQ_Sctaeniopterus_TP_2021-06-17_130527_001.MP4,1223.280,23.98,No focal subject,Bite,Foraging,None|None|None,POINT,584.867,584.867,NA,,
AQ_Sctaeniopterus_TP_2021-06-17_130527,2025-06-28 16:49:03,,/Users/ally/Documents/johnson lab/parrotfish bites/AQ_Sctaeniopterus_TP_2021-06-17_130527_001.MP4,1223.280,23.98,No focal subject,Bite,Foraging,None|None|None,POINT,586.865,586.865,NA,,
AQ_Sctaeniopterus_TP_2021-06-17_130527,2025-06-28 16:49:03,,/Users/ally/Documents/johnson lab/parrotfish bites/AQ_Sctaeniopterus_TP_2021-06-17_130527_001.MP4,1223.280,23.98,No focal subject,Bite,Foraging,None|None|None,POINT,587.865,587.865,NA,,
AQ_Sctaeniopterus_TP_2021-06-17_130527,2025-06-28 16:49:03,,/Users/ally/Documents/johnson lab/parrotfish bites/AQ_Sctaeniopterus_TP_2021-06-17_130527_001.MP4,1223.280,23.98,No focal subject,Bite,Foraging,None|None|None,POINT,592.865,592.865,NA,,
AQ_Sctaeniopterus_TP_2021-06-17_130527,2025-06-28 16:49:03,,/Users/ally/Documents/johnson lab/parrotfish bites/AQ_Sctaeniopterus_TP_2021-06-17_130527_001.MP4,1223.280,23.98,No focal subject,Bite,Foraging,None|None|None,POINT,593.365,593.365,NA,,
AQ_Sctaeniopterus_TP_2021-06-17_130527,2025-06-28 16:49:03,,/Users/ally/Documents/johnson lab/parrotfish bites/AQ_Sctaeniopterus_TP_2021-06-17_130527_001.MP4,1223.280,23.98,No focal subject,Bite,Foraging,None|None|None,POINT,593.867,593.867,NA,,
AQ_Sctaeniopterus_TP_2021-06-17_130527,2025-06-28 16:49:03,,/Users/ally/Documents/johnson lab/parrotfish bites/AQ_Sctaeniopterus_TP_2021-06-17_130527_001.MP4,1223.280,23.98,No focal subject,Bite,Foraging,None|None|None,POINT,594.615,594.615,NA,,
AQ_Sctaeniopterus_TP_2021-06-17_130527,2025-06-28 16:49:03,,/Users/ally/Documents/johnson lab/parrotfish bites/AQ_Sctaeniopterus_TP_2021-06-17_130527_001.MP4,1223.280,23.98,No focal subject,Bite,Foraging,None|None|None,POINT,603.867,603.867,NA,,
AQ_Sctaeniopterus_TP_2021-06-17_130527,2025-06-28 16:49:03,,/Users/ally/Documents/johnson lab/parrotfish bites/AQ_Sctaeniopterus_TP_2021-06-17_130527_001.MP4,1223.280,23.98,No focal subject,Bite,Foraging,None|None|None,POINT,605.361,605.361,NA,,
AQ_Sctaeniopterus_TP_2021-06-17_130527,2025-06-28 16:49:03,,/Users/ally/Documents/johnson lab/parrotfish bites/AQ_Sctaeniopterus_TP_2021-06-17_130527_001.MP4,1223.280,23.98,No focal subject,Bite,Foraging,None|None|None,POINT,605.865,605.865,NA,,
AQ_Sctaeniopterus_TP_2021-06-17_130527,2025-06-28 16:49:03,,/Users/ally/Documents/johnson lab/parrotfish bites/AQ_Sctaeniopterus_TP_2021-06-17_130527_001.MP4,1223.280,23.98,No focal subject,Bite,Foraging,None|None|None,POINT,606.368,606.368,NA,,
AQ_Sctaeniopterus_TP_2021-06-17_130527,2025-06-28 16:49:03,,/Users/ally/Documents/johnson lab/parrotfish bites/AQ_Sctaeniopterus_TP_2021-06-17_130527_001.MP4,1223.280,23.98,No focal subject,Bite,Foraging,None|None|None,POINT,607.365,607.365,NA,,
AQ_Sctaeniopterus_TP_2021-06-17_130527,2025-06-28 16:49:03,,/Users/ally/Documents/johnson lab/parrotfish bites/AQ_Sctaeniopterus_TP_2021-06-17_130527_001.MP4,1223.280,23.98,No focal subject,Bite,Foraging,None|None|None,POINT,608.866,608.866,NA,,
AQ_Sctaeniopterus_TP_2021-06-17_130527,2025-06-28 16:49:03,,/Users/ally/Documents/johnson lab/parrotfish bites/AQ_Sctaeniopterus_TP_2021-06-17_130527_001.MP4,1223.280,23.98,No focal subject,Bite,Foraging,Feces|None|None,POINT,622.524,622.524,NA,,
AQ_Sctaeniopterus_TP_2021-06-17_130527,2025-06-28 16:49:03,,/Users/ally/Documents/johnson lab/parrotfish bites/AQ_Sctaeniopterus_TP_2021-06-17_130527_001.MP4,1223.280,23.98,No focal subject,Bite,Foraging,Feces|None|None,POINT,628.027,628.027,NA,,
AQ_Sctaeniopterus_TP_2021-06-17_130527,2025-06-28 16:49:03,,/Users/ally/Documents/johnson lab/parrotfish bites/AQ_Sctaeniopterus_TP_2021-06-17_130527_001.MP4,1223.280,23.98,No focal subject,Bite,Foraging,Feces|None|None,POINT,631.026,631.026,NA,,
AQ_Sctaeniopterus_TP_2021-06-17_130527,2025-06-28 16:49:03,,/Users/ally/Documents/johnson lab/parrotfish bites/AQ_Sctaeniopterus_TP_2021-06-17_130527_001.MP4,1223.280,23.98,No focal subject,Bite,Foraging,None|None|None,POINT,644.274,644.274,NA,,
AQ_Sctaeniopterus_TP_2021-06-17_130527,2025-06-28 16:49:03,,/Users/ally/Documents/johnson lab/parrotfish bites/AQ_Sctaeniopterus_TP_2021-06-17_130527_001.MP4,1223.280,23.98,No focal subject,Bite,Foraging,None|None|None,POINT,644.525,644.525,NA,,
AQ_Sctaeniopterus_TP_2021-06-17_130527,2025-06-28 16:49:03,,/Users/ally/Documents/johnson lab/parrotfish bites/AQ_Sctaeniopterus_TP_2021-06-17_130527_001.MP4,1223.280,23.98,No focal subject,Bite,Foraging,None|None|None,POINT,645.527,645.527,NA,,
AQ_Sctaeniopterus_TP_2021-06-17_130527,2025-06-28 16:49:03,,/Users/ally/Documents/johnson lab/parrotfish bites/AQ_Sctaeniopterus_TP_2021-06-17_130527_001.MP4,1223.280,23.98,No focal subject,Bite,Foraging,None|None|None,POINT,647.027,647.027,NA,,
AQ_Sctaeniopterus_TP_2021-06-17_130527,2025-06-28 16:49:03,,/Users/ally/Documents/johnson lab/parrotfish bites/AQ_Sctaeniopterus_TP_2021-06-17_130527_001.MP4,1223.280,23.98,No focal subject,Bite,Foraging,None|None|None,POINT,647.527,647.527,NA,,
AQ_Sctaeniopterus_TP_2021-06-17_130527,2025-06-28 16:49:03,,/Users/ally/Documents/johnson lab/parrotfish bites/AQ_Sctaeniopterus_TP_2021-06-17_130527_001.MP4,1223.280,23.98,No focal subject,Bite,Foraging,None|None|None,POINT,648.776,648.776,NA,,
AQ_Sctaeniopterus_TP_2021-06-17_130527,2025-06-28 16:49:03,,/Users/ally/Documents/johnson lab/parrotfish bites/AQ_Sctaeniopterus_TP_2021-06-17_130527_001.MP4,1223.280,23.98,No focal subject,Bite,Foraging,None|None|None,POINT,651.057,651.057,NA,,
AQ_Sctaeniopterus_TP_2021-06-17_130527,2025-06-28 16:49:03,,/Users/ally/Documents/johnson lab/parrotfish bites/AQ_Sctaeniopterus_TP_2021-06-17_130527_001.MP4,1223.280,23.98,No focal subject,Bite,Foraging,None|None|None,POINT,651.555,651.555,NA,,
AQ_Sctaeniopterus_TP_2021-06-17_130527,2025-06-28 16:49:03,,/Users/ally/Documents/johnson lab/parrotfish bites/AQ_Sctaeniopterus_TP_2021-06-17_130527_001.MP4,1223.280,23.98,No focal subject,Bite,Foraging,None|None|None,POINT,652.055,652.055,NA,,
AQ_Sctaeniopterus_TP_2021-06-17_130527,2025-06-28 16:49:03,,/Users/ally/Documents/johnson lab/parrotfish bites/AQ_Sctaeniopterus_TP_2021-06-17_130527_001.MP4,1223.280,23.98,No focal subject,Bite,Foraging,None|None|None,POINT,652.555,652.555,NA,,
AQ_Sctaeniopterus_TP_2021-06-17_130527,2025-06-28 16:49:03,,/Users/ally/Documents/johnson lab/parrotfish bites/AQ_Sctaeniopterus_TP_2021-06-17_130527_001.MP4,1223.280,23.98,No focal subject,Bite,Foraging,None|None|None,POINT,653.055,653.055,NA,,
AQ_Sctaeniopterus_TP_2021-06-17_130527,2025-06-28 16:49:03,,/Users/ally/Documents/johnson lab/parrotfish bites/AQ_Sctaeniopterus_TP_2021-06-17_130527_001.MP4,1223.280,23.98,No focal subject,Bite,Foraging,None|None|None,POINT,654.056,654.056,NA,,
AQ_Sctaeniopterus_TP_2021-06-17_130527,2025-06-28 16:49:03,,/Users/ally/Documents/johnson lab/parrotfish bites/AQ_Sctaeniopterus_TP_2021-06-17_130527_001.MP4,1223.280,23.98,No focal subject,Bite,Foraging,None|None|None,POINT,654.805,654.805,NA,,
AQ_Sctaeniopterus_TP_2021-06-17_130527,2025-06-28 16:49:03,,/Users/ally/Documents/johnson lab/parrotfish bites/AQ_Sctaeniopterus_TP_2021-06-17_130527_001.MP4,1223.280,23.98,No focal subject,Bite,Foraging,None|None|None,POINT,655.560,655.560,NA,,
AQ_Sctaeniopterus_TP_2021-06-17_130527,2025-06-28 16:49:03,,/Users/ally/Documents/johnson lab/parrotfish bites/AQ_Sctaeniopterus_TP_2021-06-17_130527_001.MP4,1223.280,23.98,No focal subject,Bite,Foraging,None|None|None,POINT,656.060,656.060,NA,,
AQ_Sctaeniopterus_TP_2021-06-17_130527,2025-06-28 16:49:03,,/Users/ally/Documents/johnson lab/parrotfish bites/AQ_Sctaeniopterus_TP_2021-06-17_130527_001.MP4,1223.280,23.98,No focal subject,Bite,Foraging,None|None|None,POINT,657.061,657.061,NA,,
AQ_Sctaeniopterus_TP_2021-06-17_130527,2025-06-28 16:49:03,,/Users/ally/Documents/johnson lab/parrotfish bites/AQ_Sctaeniopterus_TP_2021-06-17_130527_001.MP4,1223.280,23.98,No focal subject,Bite,Foraging,None|None|None,POINT,658.060,658.060,NA,,
AQ_Sctaeniopterus_TP_2021-06-17_130527,2025-06-28 16:49:03,,/Users/ally/Documents/johnson lab/parrotfish bites/AQ_Sctaeniopterus_TP_2021-06-17_130527_001.MP4,1223.280,23.98,No focal subject,Bite,Foraging,None|None|None,POINT,658.560,658.560,NA,,
AQ_Sctaeniopterus_TP_2021-06-17_130527,2025-06-28 16:49:03,,/Users/ally/Documents/johnson lab/parrotfish bites/AQ_Sctaeniopterus_TP_2021-06-17_130527_001.MP4,1223.280,23.98,No focal subject,Bite,Foraging,None|None|None,POINT,659.560,659.560,NA,,
AQ_Sctaeniopterus_TP_2021-06-17_130527,2025-06-28 16:49:03,,/Users/ally/Documents/johnson lab/parrotfish bites/AQ_Sctaeniopterus_TP_2021-06-17_130527_001.MP4,1223.280,23.98,No focal subject,Bite,Foraging,None|None|None,POINT,660.562,660.562,NA,,
AQ_Sctaeniopterus_TP_2021-06-17_130527,2025-06-28 16:49:03,,/Users/ally/Documents/johnson lab/parrotfish bites/AQ_Sctaeniopterus_TP_2021-06-17_130527_001.MP4,1223.280,23.98,No focal subject,Bite,Foraging,None|None|None,POINT,661.060,661.060,NA,,
AQ_Sctaeniopterus_TP_2021-06-17_130527,2025-06-28 16:49:03,,/Users/ally/Documents/johnson lab/parrotfish bites/AQ_Sctaeniopterus_TP_2021-06-17_130527_001.MP4,1223.280,23.98,No focal subject,Bite,Foraging,None|None|None,POINT,661.810,661.810,NA,,
AQ_Sctaeniopterus_TP_2021-06-17_130527,2025-06-28 16:49:03,,/Users/ally/Documents/johnson lab/parrotfish bites/AQ_Sctaeniopterus_TP_2021-06-17_130527_001.MP4,1223.280,23.98,No focal subject,Bite,Foraging,None|None|None,POINT,662.561,662.561,NA,,
AQ_Sctaeniopterus_TP_2021-06-17_130527,2025-06-28 16:49:03,,/Users/ally/Documents/johnson lab/parrotfish bites/AQ_Sctaeniopterus_TP_2021-06-17_130527_001.MP4,1223.280,23.98,No focal subject,Bite,Foraging,None|None|None,POINT,663.060,663.060,NA,,
AQ_Sctaeniopterus_TP_2021-06-17_130527,2025-06-28 16:49:03,,/Users/ally/Documents/johnson lab/parrotfish bites/AQ_Sctaeniopterus_TP_2021-06-17_130527_001.MP4,1223.280,23.98,No focal subject,Bite,Foraging,None|None|None,POINT,670.561,670.561,NA,,
AQ_Sctaeniopterus_TP_2021-06-17_130527,2025-06-28 16:49:03,,/Users/ally/Documents/johnson lab/parrotfish bites/AQ_Sctaeniopterus_TP_2021-06-17_130527_001.MP4,1223.280,23.98,No focal subject,Bite,Foraging,None|None|None,POINT,671.560,671.560,NA,,
AQ_Sctaeniopterus_TP_2021-06-17_130527,2025-06-28 16:49:03,,/Users/ally/Documents/johnson lab/parrotfish bites/AQ_Sctaeniopterus_TP_2021-06-17_130527_001.MP4,1223.280,23.98,No focal subject,Bite,Foraging,None|None|None,POINT,672.061,672.061,NA,,
AQ_Sctaeniopterus_TP_2021-06-17_130527,2025-06-28 16:49:03,,/Users/ally/Documents/johnson lab/parrotfish bites/AQ_Sctaeniopterus_TP_2021-06-17_130527_001.MP4,1223.280,23.98,No focal subject,Bite,Foraging,None|None|None,POINT,673.058,673.058,NA,,
AQ_Sctaeniopterus_TP_2021-06-17_130527,2025-06-28 16:49:03,,/Users/ally/Documents/johnson lab/parrotfish bites/AQ_Sctaeniopterus_TP_2021-06-17_130527_001.MP4,1223.280,23.98,No focal subject,Bite,Foraging,None|None|None,POINT,673.559,673.559,NA,,
AQ_Sctaeniopterus_TP_2021-06-17_130527,2025-06-28 16:49:03,,/Users/ally/Documents/johnson lab/parrotfish bites/AQ_Sctaeniopterus_TP_2021-06-17_130527_001.MP4,1223.280,23.98,No focal subject,Bite,Foraging,None|None|None,POINT,675.060,675.060,NA,,
AQ_Sctaeniopterus_TP_2021-06-17_130527,2025-06-28 16:49:03,,/Users/ally/Documents/johnson lab/parrotfish bites/AQ_Sctaeniopterus_TP_2021-06-17_130527_001.MP4,1223.280,23.98,No focal subject,Bite,Foraging,None|None|None,POINT,675.309,675.309,NA,,
AQ_Sctaeniopterus_TP_2021-06-17_130527,2025-06-28 16:49:03,,/Users/ally/Documents/johnson lab/parrotfish bites/AQ_Sctaeniopterus_TP_2021-06-17_130527_001.MP4,1223.280,23.98,No focal subject,Bite,Foraging,None|None|None,POINT,676.061,676.061,NA,,
AQ_Sctaeniopterus_TP_2021-06-17_130527,2025-06-28 16:49:03,,/Users/ally/Documents/johnson lab/parrotfish bites/AQ_Sctaeniopterus_TP_2021-06-17_130527_001.MP4,1223.280,23.98,No focal subject,Bite,Foraging,None|None|None,POINT,676.557,676.557,NA,,
AQ_Sctaeniopterus_TP_2021-06-17_130527,2025-06-28 16:49:03,,/Users/ally/Documents/johnson lab/parrotfish bites/AQ_Sctaeniopterus_TP_2021-06-17_130527_001.MP4,1223.280,23.98,No focal subject,Bite,Foraging,None|None|None,POINT,677.310,677.310,NA,,
AQ_Sctaeniopterus_TP_2021-06-17_130527,2025-06-28 16:49:03,,/Users/ally/Documents/johnson lab/parrotfish bites/AQ_Sctaeniopterus_TP_2021-06-17_130527_001.MP4,1223.280,23.98,No focal subject,Bite,Foraging,None|None|None,POINT,678.059,678.059,NA,,
AQ_Sctaeniopterus_TP_2021-06-17_130527,2025-06-28 16:49:03,,/Users/ally/Documents/johnson lab/parrotfish bites/AQ_Sctaeniopterus_TP_2021-06-17_130527_001.MP4,1223.280,23.98,No focal subject,Bite,Foraging,None|None|None,POINT,678.561,678.561,NA,,
AQ_Sctaeniopterus_TP_2021-06-17_130527,2025-06-28 16:49:03,,/Users/ally/Documents/johnson lab/parrotfish bites/AQ_Sctaeniopterus_TP_2021-06-17_130527_001.MP4,1223.280,23.98,No focal subject,Bite,Foraging,None|None|None,POINT,679.061,679.061,NA,,
AQ_Sctaeniopterus_TP_2021-06-17_130527,2025-06-28 16:49:03,,/Users/ally/Documents/johnson lab/parrotfish bites/AQ_Sctaeniopterus_TP_2021-06-17_130527_001.MP4,1223.280,23.98,No focal subject,Bite,Foraging,None|None|None,POINT,680.060,680.060,NA,,
AQ_Sctaeniopterus_TP_2021-06-17_130527,2025-06-28 16:49:03,,/Users/ally/Documents/johnson lab/parrotfish bites/AQ_Sctaeniopterus_TP_2021-06-17_130527_001.MP4,1223.280,23.98,No focal subject,Bite,Foraging,None|None|None,POINT,681.062,681.062,NA,,
AQ_Sctaeniopterus_TP_2021-06-17_130527,2025-06-28 16:49:03,,/Users/ally/Documents/johnson lab/parrotfish bites/AQ_Sctaeniopterus_TP_2021-06-17_130527_001.MP4,1223.280,23.98,No focal subject,Bite,Foraging,None|None|None,POINT,683.055,683.055,NA,,
AQ_Sctaeniopterus_TP_2021-06-17_130527,2025-06-28 16:49:03,,/Users/ally/Documents/johnson lab/parrotfish bites/AQ_Sctaeniopterus_TP_2021-06-17_130527_001.MP4,1223.280,23.98,No focal subject,Bite,Foraging,None|None|None,POINT,684.561,684.561,NA,,
AQ_Sctaeniopterus_TP_2021-06-17_130527,2025-06-28 16:49:03,,/Users/ally/Documents/johnson lab/parrotfish bites/AQ_Sctaeniopterus_TP_2021-06-17_130527_001.MP4,1223.280,23.98,No focal subject,Bite,Foraging,None|None|None,POINT,685.561,685.561,NA,,
AQ_Sctaeniopterus_TP_2021-06-17_130527,2025-06-28 16:49:03,,/Users/ally/Documents/johnson lab/parrotfish bites/AQ_Sctaeniopterus_TP_2021-06-17_130527_001.MP4,1223.280,23.98,No focal subject,Bite,Foraging,None|None|None,POINT,686.562,686.562,NA,,
AQ_Sctaeniopterus_TP_2021-06-17_130527,2025-06-28 16:49:03,,/Users/ally/Documents/johnson lab/parrotfish bites/AQ_Sctaeniopterus_TP_2021-06-17_130527_001.MP4,1223.280,23.98,No focal subject,Bite,Foraging,None|None|None,POINT,687.060,687.060,NA,,
AQ_Sctaeniopterus_TP_2021-06-17_130527,2025-06-28 16:49:03,,/Users/ally/Documents/johnson lab/parrotfish bites/AQ_Sctaeniopterus_TP_2021-06-17_130527_001.MP4,1223.280,23.98,No focal subject,Bite,Foraging,None|None|None,POINT,687.560,687.560,NA,,
AQ_Sctaeniopterus_TP_2021-06-17_130527,2025-06-28 16:49:03,,/Users/ally/Documents/johnson lab/parrotfish bites/AQ_Sctaeniopterus_TP_2021-06-17_130527_001.MP4,1223.280,23.98,No focal subject,Bite,Foraging,None|None|None,POINT,688.561,688.561,NA,,
AQ_Sctaeniopterus_TP_2021-06-17_130527,2025-06-28 16:49:03,,/Users/ally/Documents/johnson lab/parrotfish bites/AQ_Sctaeniopterus_TP_2021-06-17_130527_001.MP4,1223.280,23.98,No focal subject,Bite,Foraging,None|None|None,POINT,707.563,707.563,NA,,
AQ_Sctaeniopterus_TP_2021-06-17_130527,2025-06-28 16:49:03,,/Users/ally/Documents/johnson lab/parrotfish bites/AQ_Sctaeniopterus_TP_2021-06-17_130527_002.MP4,1223.280,23.98,No focal subject,Bite,Foraging,None|None|None,POINT,719.633,719.633,NA,,
AQ_Sctaeniopterus_TP_2021-06-17_130527,2025-06-28 16:49:03,,/Users/ally/Documents/johnson lab/parrotfish bites/AQ_Sctaeniopterus_TP_2021-06-17_130527_002.MP4,1223.280,23.98,No focal subject,Bite,Foraging,None|None|None,POINT,720.635,720.635,NA,,
AQ_Sctaeniopterus_TP_2021-06-17_130527,2025-06-28 16:49:03,,/Users/ally/Documents/johnson lab/parrotfish bites/AQ_Sctaeniopterus_TP_2021-06-17_130527_002.MP4,1223.280,23.98,No focal subject,Bite,Foraging,None|None|None,POINT,721.638,721.638,NA,,
AQ_Sctaeniopterus_TP_2021-06-17_130527,2025-06-28 16:49:03,,/Users/ally/Documents/johnson lab/parrotfish bites/AQ_Sctaeniopterus_TP_2021-06-17_130527_002.MP4,1223.280,23.98,No focal subject,Bite,Foraging,None|None|None,POINT,722.138,722.138,NA,,
AQ_Sctaeniopterus_TP_2021-06-17_130527,2025-06-28 16:49:03,,/Users/ally/Documents/johnson lab/parrotfish bites/AQ_Sctaeniopterus_TP_2021-06-17_130527_002.MP4,1223.280,23.98,No focal subject,Bite,Foraging,None|None|None,POINT,723.138,723.138,NA,,
AQ_Sctaeniopterus_TP_2021-06-17_130527,2025-06-28 16:49:03,,/Users/ally/Documents/johnson lab/parrotfish bites/AQ_Sctaeniopterus_TP_2021-06-17_130527_002.MP4,1223.280,23.98,No focal subject,Bite,Foraging,None|None|None,POINT,724.641,724.641,NA,,
AQ_Sctaeniopterus_TP_2021-06-17_130527,2025-06-28 16:49:03,,/Users/ally/Documents/johnson lab/parrotfish bites/AQ_Sctaeniopterus_TP_2021-06-17_130527_002.MP4,1223.280,23.98,No focal subject,Bite,Foraging,None|None|None,POINT,725.137,725.137,NA,,
AQ_Sctaeniopterus_TP_2021-06-17_130527,2025-06-28 16:49:03,,/Users/ally/Documents/johnson lab/parrotfish bites/AQ_Sctaeniopterus_TP_2021-06-17_130527_002.MP4,1223.280,23.98,No focal subject,Bite,Foraging,None|None|None,POINT,727.637,727.637,NA,,
AQ_Sctaeniopterus_TP_2021-06-17_130527,2025-06-28 16:49:03,,/Users/ally/Documents/johnson lab/parrotfish bites/AQ_Sctaeniopterus_TP_2021-06-17_130527_002.MP4,1223.280,23.98,No focal subject,Bite,Foraging,None|None|None,POINT,728.137,728.137,NA,,
AQ_Sctaeniopterus_TP_2021-06-17_130527,2025-06-28 16:49:03,,/Users/ally/Documents/johnson lab/parrotfish bites/AQ_Sctaeniopterus_TP_2021-06-17_130527_002.MP4,1223.280,23.98,No focal subject,Bite,Foraging,None|None|None,POINT,735.639,735.639,NA,,
AQ_Sctaeniopterus_TP_2021-06-17_130527,2025-06-28 16:49:03,,/Users/ally/Documents/johnson lab/parrotfish bites/AQ_Sctaeniopterus_TP_2021-06-17_130527_002.MP4,1223.280,23.98,No focal subject,Bite,Foraging,None|None|None,POINT,739.140,739.140,NA,,
AQ_Sctaeniopterus_TP_2021-06-17_130527,2025-06-28 16:49:03,,/Users/ally/Documents/johnson lab/parrotfish bites/AQ_Sctaeniopterus_TP_2021-06-17_130527_002.MP4,1223.280,23.98,No focal subject,Bite,Foraging,None|None|None,POINT,742.639,742.639,NA,,
AQ_Sctaeniopterus_TP_2021-06-17_130527,2025-06-28 16:49:03,,/Users/ally/Documents/johnson lab/parrotfish bites/AQ_Sctaeniopterus_TP_2021-06-17_130527_002.MP4,1223.280,23.98,No focal subject,Bite,Foraging,None|None|None,POINT,744.137,744.137,NA,,
AQ_Sctaeniopterus_TP_2021-06-17_130527,2025-06-28 16:49:03,,/Users/ally/Documents/johnson lab/parrotfish bites/AQ_Sctaeniopterus_TP_2021-06-17_130527_002.MP4,1223.280,23.98,No focal subject,Bite,Foraging,None|None|None,POINT,744.636,744.636,NA,,
AQ_Sctaeniopterus_TP_2021-06-17_130527,2025-06-28 16:49:03,,/Users/ally/Documents/johnson lab/parrotfish bites/AQ_Sctaeniopterus_TP_2021-06-17_130527_002.MP4,1223.280,23.98,No focal subject,Bite,Foraging,None|None|None,POINT,746.138,746.138,NA,,
AQ_Sctaeniopterus_TP_2021-06-17_130527,2025-06-28 16:49:03,,/Users/ally/Documents/johnson lab/parrotfish bites/AQ_Sctaeniopterus_TP_2021-06-17_130527_002.MP4,1223.280,23.98,No focal subject,Bite,Foraging,None|None|None,POINT,751.655,751.655,NA,,
AQ_Sctaeniopterus_TP_2021-06-17_130527,2025-06-28 16:49:03,,/Users/ally/Documents/johnson lab/parrotfish bites/AQ_Sctaeniopterus_TP_2021-06-17_130527_002.MP4,1223.280,23.98,No focal subject,Bite,Foraging,None|None|None,POINT,754.655,754.655,NA,,
AQ_Sctaeniopterus_TP_2021-06-17_130527,2025-06-28 16:49:03,,/Users/ally/Documents/johnson lab/parrotfish bites/AQ_Sctaeniopterus_TP_2021-06-17_130527_002.MP4,1223.280,23.98,No focal subject,Bite,Foraging,None|None|None,POINT,758.155,758.155,NA,,
AQ_Sctaeniopterus_TP_2021-06-17_130527,2025-06-28 16:49:03,,/Users/ally/Documents/johnson lab/parrotfish bites/AQ_Sctaeniopterus_TP_2021-06-17_130527_002.MP4,1223.280,23.98,No focal subject,Bite,Foraging,None|None|None,POINT,759.655,759.655,NA,,
AQ_Sctaeniopterus_TP_2021-06-17_130527,2025-06-28 16:49:03,,/Users/ally/Documents/johnson lab/parrotfish bites/AQ_Sctaeniopterus_TP_2021-06-17_130527_002.MP4,1223.280,23.98,No focal subject,Bite,Foraging,None|None|None,POINT,762.155,762.155,NA,,
AQ_Sctaeniopterus_TP_2021-06-17_130527,2025-06-28 16:49:03,,/Users/ally/Documents/johnson lab/parrotfish bites/AQ_Sctaeniopterus_TP_2021-06-17_130527_002.MP4,1223.280,23.98,No focal subject,Bite,Foraging,None|None|None,POINT,765.655,765.655,NA,,
AQ_Sctaeniopterus_TP_2021-06-17_130527,2025-06-28 16:49:03,,/Users/ally/Documents/johnson lab/parrotfish bites/AQ_Sctaeniopterus_TP_2021-06-17_130527_002.MP4,1223.280,23.98,No focal subject,Bite,Foraging,None|None|None,POINT,768.658,768.658,NA,,
AQ_Sctaeniopterus_TP_2021-06-17_130527,2025-06-28 16:49:03,,/Users/ally/Documents/johnson lab/parrotfish bites/AQ_Sctaeniopterus_TP_2021-06-17_130527_002.MP4,1223.280,23.98,No focal subject,Bite,Foraging,None|None|None,POINT,769.655,769.655,NA,,
AQ_Sctaeniopterus_TP_2021-06-17_130527,2025-06-28 16:49:03,,/Users/ally/Documents/johnson lab/parrotfish bites/AQ_Sctaeniopterus_TP_2021-06-17_130527_002.MP4,1223.280,23.98,No focal subject,Bite,Foraging,None|None|None,POINT,771.155,771.155,NA,,
AQ_Sctaeniopterus_TP_2021-06-17_130527,2025-06-28 16:49:03,,/Users/ally/Documents/johnson lab/parrotfish bites/AQ_Sctaeniopterus_TP_2021-06-17_130527_002.MP4,1223.280,23.98,No focal subject,Bite,Foraging,None|None|None,POINT,772.154,772.154,NA,,
AQ_Sctaeniopterus_TP_2021-06-17_130527,2025-06-28 16:49:03,,/Users/ally/Documents/johnson lab/parrotfish bites/AQ_Sctaeniopterus_TP_2021-06-17_130527_002.MP4,1223.280,23.98,No focal subject,Bite,Foraging,None|None|None,POINT,772.654,772.654,NA,,
AQ_Sctaeniopterus_TP_2021-06-17_130527,2025-06-28 16:49:03,,/Users/ally/Documents/johnson lab/parrotfish bites/AQ_Sctaeniopterus_TP_2021-06-17_130527_002.MP4,1223.280,23.98,No focal subject,Bite,Foraging,None|None|None,POINT,773.656,773.656,NA,,
AQ_Sctaeniopterus_TP_2021-06-17_130527,2025-06-28 16:49:03,,/Users/ally/Documents/johnson lab/parrotfish bites/AQ_Sctaeniopterus_TP_2021-06-17_130527_002.MP4,1223.280,23.98,No focal subject,Bite,Foraging,None|None|None,POINT,774.156,774.156,NA,,
AQ_Sctaeniopterus_TP_2021-06-17_130527,2025-06-28 16:49:03,,/Users/ally/Documents/johnson lab/parrotfish bites/AQ_Sctaeniopterus_TP_2021-06-17_130527_002.MP4,1223.280,23.98,No focal subject,Bite,Foraging,None|None|None,POINT,775.158,775.158,NA,,
AQ_Sctaeniopterus_TP_2021-06-17_130527,2025-06-28 16:49:03,,/Users/ally/Documents/johnson lab/parrotfish bites/AQ_Sctaeniopterus_TP_2021-06-17_130527_002.MP4,1223.280,23.98,No focal subject,Bite,Foraging,None|None|None,POINT,776.156,776.156,NA,,
AQ_Sctaeniopterus_TP_2021-06-17_130527,2025-06-28 16:49:03,,/Users/ally/Documents/johnson lab/parrotfish bites/AQ_Sctaeniopterus_TP_2021-06-17_130527_002.MP4,1223.280,23.98,No focal subject,Bite,Foraging,None|None|None,POINT,776.657,776.657,NA,,
AQ_Sctaeniopterus_TP_2021-06-17_130527,2025-06-28 16:49:03,,/Users/ally/Documents/johnson lab/parrotfish bites/AQ_Sctaeniopterus_TP_2021-06-17_130527_002.MP4,1223.280,23.98,No focal subject,Bite,Foraging,None|None|None,POINT,778.658,778.658,NA,,
AQ_Sctaeniopterus_TP_2021-06-17_130527,2025-06-28 16:49:03,,/Users/ally/Documents/johnson lab/parrotfish bites/AQ_Sctaeniopterus_TP_2021-06-17_130527_002.MP4,1223.280,23.98,No focal subject,Bite,Foraging,None|None|None,POINT,779.156,779.156,NA,,
AQ_Sctaeniopterus_TP_2021-06-17_130527,2025-06-28 16:49:03,,/Users/ally/Documents/johnson lab/parrotfish bites/AQ_Sctaeniopterus_TP_2021-06-17_130527_002.MP4,1223.280,23.98,No focal subject,Bite,Foraging,None|None|None,POINT,781.658,781.658,NA,,
AQ_Sctaeniopterus_TP_2021-06-17_130527,2025-06-28 16:49:03,,/Users/ally/Documents/johnson lab/parrotfish bites/AQ_Sctaeniopterus_TP_2021-06-17_130527_002.MP4,1223.280,23.98,No focal subject,Bite,Foraging,None|None|None,POINT,782.654,782.654,NA,,
AQ_Sctaeniopterus_TP_2021-06-17_130527,2025-06-28 16:49:03,,/Users/ally/Documents/johnson lab/parrotfish bites/AQ_Sctaeniopterus_TP_2021-06-17_130527_002.MP4,1223.280,23.98,No focal subject,Bite,Foraging,None|None|None,POINT,793.655,793.655,NA,,
AQ_Sctaeniopterus_TP_2021-06-17_130527,2025-06-28 16:49:03,,/Users/ally/Documents/johnson lab/parrotfish bites/AQ_Sctaeniopterus_TP_2021-06-17_130527_002.MP4,1223.280,23.98,No focal subject,Bite,Foraging,None|None|None,POINT,794.154,794.154,NA,,
AQ_Sctaeniopterus_TP_2021-06-17_130527,2025-06-28 16:49:03,,/Users/ally/Documents/johnson lab/parrotfish bites/AQ_Sctaeniopterus_TP_2021-06-17_130527_002.MP4,1223.280,23.98,No focal subject,Bite,Foraging,None|None|None,POINT,795.155,795.155,NA,,
AQ_Sctaeniopterus_TP_2021-06-17_130527,2025-06-28 16:49:03,,/Users/ally/Documents/johnson lab/parrotfish bites/AQ_Sctaeniopterus_TP_2021-06-17_130527_002.MP4,1223.280,23.98,No focal subject,Bite,Foraging,None|None|None,POINT,797.154,797.154,NA,,
AQ_Sctaeniopterus_TP_2021-06-17_130527,2025-06-28 16:49:03,,/Users/ally/Documents/johnson lab/parrotfish bites/AQ_Sctaeniopterus_TP_2021-06-17_130527_002.MP4,1223.280,23.98,No focal subject,Bite,Foraging,None|None|None,POINT,799.155,799.155,NA,,
AQ_Sctaeniopterus_TP_2021-06-17_130527,2025-06-28 16:49:03,,/Users/ally/Documents/johnson lab/parrotfish bites/AQ_Sctaeniopterus_TP_2021-06-17_130527_002.MP4,1223.280,23.98,No focal subject,Bite,Foraging,None|None|None,POINT,799.654,799.654,NA,,
AQ_Sctaeniopterus_TP_2021-06-17_130527,2025-06-28 16:49:03,,/Users/ally/Documents/johnson lab/parrotfish bites/AQ_Sctaeniopterus_TP_2021-06-17_130527_002.MP4,1223.280,23.98,No focal subject,Bite,Foraging,None|None|None,POINT,801.652,801.652,NA,,
AQ_Sctaeniopterus_TP_2021-06-17_130527,2025-06-28 16:49:03,,/Users/ally/Documents/johnson lab/parrotfish bites/AQ_Sctaeniopterus_TP_2021-06-17_130527_002.MP4,1223.280,23.98,No focal subject,Defecation,Defecation,,POINT,813.226,813.226,NA,,
AQ_Sctaeniopterus_TP_2021-06-17_130527,2025-06-28 16:49:03,,/Users/ally/Documents/johnson lab/parrotfish bites/AQ_Sctaeniopterus_TP_2021-06-17_130527_002.MP4,1223.280,23.98,No focal subject,Bite,Foraging,None|None|None,POINT,819.728,819.728,NA,,
AQ_Sctaeniopterus_TP_2021-06-17_130527,2025-06-28 16:49:03,,/Users/ally/Documents/johnson lab/parrotfish bites/AQ_Sctaeniopterus_TP_2021-06-17_130527_002.MP4,1223.280,23.98,No focal subject,Bite,Foraging,None|None|None,POINT,822.230,822.230,NA,,
AQ_Sctaeniopterus_TP_2021-06-17_130527,2025-06-28 16:49:03,,/Users/ally/Documents/johnson lab/parrotfish bites/AQ_Sctaeniopterus_TP_2021-06-17_130527_002.MP4,1223.280,23.98,No focal subject,Bite,Foraging,None|None|None,POINT,823.730,823.730,NA,,
AQ_Sctaeniopterus_TP_2021-06-17_130527,2025-06-28 16:49:03,,/Users/ally/Documents/johnson lab/parrotfish bites/AQ_Sctaeniopterus_TP_2021-06-17_130527_002.MP4,1223.280,23.98,No focal subject,Bite,Foraging,None|None|None,POINT,826.730,826.730,NA,,
AQ_Sctaeniopterus_TP_2021-06-17_130527,2025-06-28 16:49:03,,/Users/ally/Documents/johnson lab/parrotfish bites/AQ_Sctaeniopterus_TP_2021-06-17_130527_002.MP4,1223.280,23.98,No focal subject,Bite,Foraging,None|None|None,POINT,827.228,827.228,NA,,
AQ_Sctaeniopterus_TP_2021-06-17_130527,2025-06-28 16:49:03,,/Users/ally/Documents/johnson lab/parrotfish bites/AQ_Sctaeniopterus_TP_2021-06-17_130527_002.MP4,1223.280,23.98,No focal subject,Bite,Foraging,None|None|None,POINT,828.729,828.729,NA,,
AQ_Sctaeniopterus_TP_2021-06-17_130527,2025-06-28 16:49:03,,/Users/ally/Documents/johnson lab/parrotfish bites/AQ_Sctaeniopterus_TP_2021-06-17_130527_002.MP4,1223.280,23.98,No focal subject,Bite,Foraging,None|None|None,POINT,829.729,829.729,NA,,
AQ_Sctaeniopterus_TP_2021-06-17_130527,2025-06-28 16:49:03,,/Users/ally/Documents/johnson lab/parrotfish bites/AQ_Sctaeniopterus_TP_2021-06-17_130527_002.MP4,1223.280,23.98,No focal subject,Bite,Foraging,None|None|None,POINT,830.229,830.229,NA,,
AQ_Sctaeniopterus_TP_2021-06-17_130527,2025-06-28 16:49:03,,/Users/ally/Documents/johnson lab/parrotfish bites/AQ_Sctaeniopterus_TP_2021-06-17_130527_002.MP4,1223.280,23.98,No focal subject,Bite,Foraging,None|None|None,POINT,831.231,831.231,NA,,
AQ_Sctaeniopterus_TP_2021-06-17_130527,2025-06-28 16:49:03,,/Users/ally/Documents/johnson lab/parrotfish bites/AQ_Sctaeniopterus_TP_2021-06-17_130527_002.MP4,1223.280,23.98,No focal subject,Bite,Foraging,None|None|None,POINT,832.224,832.224,NA,,
AQ_Sctaeniopterus_TP_2021-06-17_130527,2025-06-28 16:49:03,,/Users/ally/Documents/johnson lab/parrotfish bites/AQ_Sctaeniopterus_TP_2021-06-17_130527_002.MP4,1223.280,23.98,No focal subject,Bite,Foraging,None|None|None,POINT,835.229,835.229,NA,,
AQ_Sctaeniopterus_TP_2021-06-17_130527,2025-06-28 16:49:03,,/Users/ally/Documents/johnson lab/parrotfish bites/AQ_Sctaeniopterus_TP_2021-06-17_130527_002.MP4,1223.280,23.98,No focal subject,Bite,Foraging,None|None|None,POINT,835.729,835.729,NA,,
AQ_Sctaeniopterus_TP_2021-06-17_130527,2025-06-28 16:49:03,,/Users/ally/Documents/johnson lab/parrotfish bites/AQ_Sctaeniopterus_TP_2021-06-17_130527_002.MP4,1223.280,23.98,No focal subject,Bite,Foraging,None|None|None,POINT,836.229,836.229,NA,,
AQ_Sctaeniopterus_TP_2021-06-17_130527,2025-06-28 16:49:03,,/Users/ally/Documents/johnson lab/parrotfish bites/AQ_Sctaeniopterus_TP_2021-06-17_130527_002.MP4,1223.280,23.98,No focal subject,Bite,Foraging,None|None|None,POINT,837.231,837.231,NA,,
AQ_Sctaeniopterus_TP_2021-06-17_130527,2025-06-28 16:49:03,,/Users/ally/Documents/johnson lab/parrotfish bites/AQ_Sctaeniopterus_TP_2021-06-17_130527_002.MP4,1223.280,23.98,No focal subject,Bite,Foraging,None|None|None,POINT,837.977,837.977,NA,,
AQ_Sctaeniopterus_TP_2021-06-17_130527,2025-06-28 16:49:03,,/Users/ally/Documents/johnson lab/parrotfish bites/AQ_Sctaeniopterus_TP_2021-06-17_130527_002.MP4,1223.280,23.98,No focal subject,Bite,Foraging,None|None|None,POINT,838.732,838.732,NA,,
AQ_Sctaeniopterus_TP_2021-06-17_130527,2025-06-28 16:49:03,,/Users/ally/Documents/johnson lab/parrotfish bites/AQ_Sctaeniopterus_TP_2021-06-17_130527_002.MP4,1223.280,23.98,No focal subject,Bite,Foraging,None|None|None,POINT,839.230,839.230,NA,,
AQ_Sctaeniopterus_TP_2021-06-17_130527,2025-06-28 16:49:03,,/Users/ally/Documents/johnson lab/parrotfish bites/AQ_Sctaeniopterus_TP_2021-06-17_130527_002.MP4,1223.280,23.98,No focal subject,Bite,Foraging,None|None|None,POINT,855.231,855.231,NA,,
AQ_Sctaeniopterus_TP_2021-06-17_130527,2025-06-28 16:49:03,,/Users/ally/Documents/johnson lab/parrotfish bites/AQ_Sctaeniopterus_TP_2021-06-17_130527_002.MP4,1223.280,23.98,No focal subject,Bite,Foraging,None|None|None,POINT,856.232,856.232,NA,,
AQ_Sctaeniopterus_TP_2021-06-17_130527,2025-06-28 16:49:03,,/Users/ally/Documents/johnson lab/parrotfish bites/AQ_Sctaeniopterus_TP_2021-06-17_130527_002.MP4,1223.280,23.98,No focal subject,Bite,Foraging,None|None|None,POINT,858.730,858.730,NA,,
AQ_Sctaeniopterus_TP_2021-06-17_130527,2025-06-28 16:49:03,,/Users/ally/Documents/johnson lab/parrotfish bites/AQ_Sctaeniopterus_TP_2021-06-17_130527_002.MP4,1223.280,23.98,No focal subject,Bite,Foraging,None|None|None,POINT,862.229,862.229,NA,,
AQ_Sctaeniopterus_TP_2021-06-17_130527,2025-06-28 16:49:03,,/Users/ally/Documents/johnson lab/parrotfish bites/AQ_Sctaeniopterus_TP_2021-06-17_130527_002.MP4,1223.280,23.98,No focal subject,Bite,Foraging,None|None|None,POINT,863.231,863.231,NA,,
AQ_Sctaeniopterus_TP_2021-06-17_130527,2025-06-28 16:49:03,,/Users/ally/Documents/johnson lab/parrotfish bites/AQ_Sctaeniopterus_TP_2021-06-17_130527_002.MP4,1223.280,23.98,No focal subject,Bite,Foraging,None|None|None,POINT,864.231,864.231,NA,,
AQ_Sctaeniopterus_TP_2021-06-17_130527,2025-06-28 16:49:03,,/Users/ally/Documents/johnson lab/parrotfish bites/AQ_Sctaeniopterus_TP_2021-06-17_130527_002.MP4,1223.280,23.98,No focal subject,Bite,Foraging,None|None|None,POINT,864.731,864.731,NA,,
AQ_Sctaeniopterus_TP_2021-06-17_130527,2025-06-28 16:49:03,,/Users/ally/Documents/johnson lab/parrotfish bites/AQ_Sctaeniopterus_TP_2021-06-17_130527_002.MP4,1223.280,23.98,No focal subject,Bite,Foraging,None|None|None,POINT,865.730,865.730,NA,,
AQ_Sctaeniopterus_TP_2021-06-17_130527,2025-06-28 16:49:03,,/Users/ally/Documents/johnson lab/parrotfish bites/AQ_Sctaeniopterus_TP_2021-06-17_130527_002.MP4,1223.280,23.98,No focal subject,Bite,Foraging,None|None|None,POINT,867.730,867.730,NA,,
AQ_Sctaeniopterus_TP_2021-06-17_130527,2025-06-28 16:49:03,,/Users/ally/Documents/johnson lab/parrotfish bites/AQ_Sctaeniopterus_TP_2021-06-17_130527_002.MP4,1223.280,23.98,No focal subject,Bite,Foraging,None|None|None,POINT,868.731,868.731,NA,,
AQ_Sctaeniopterus_TP_2021-06-17_130527,2025-06-28 16:49:03,,/Users/ally/Documents/johnson lab/parrotfish bites/AQ_Sctaeniopterus_TP_2021-06-17_130527_002.MP4,1223.280,23.98,No focal subject,Bite,Foraging,None|None|None,POINT,869.733,869.733,NA,,
AQ_Sctaeniopterus_TP_2021-06-17_130527,2025-06-28 16:49:03,,/Users/ally/Documents/johnson lab/parrotfish bites/AQ_Sctaeniopterus_TP_2021-06-17_130527_002.MP4,1223.280,23.98,No focal subject,Bite,Foraging,None|None|None,POINT,870.230,870.230,NA,,
AQ_Sctaeniopterus_TP_2021-06-17_130527,2025-06-28 16:49:03,,/Users/ally/Documents/johnson lab/parrotfish bites/AQ_Sctaeniopterus_TP_2021-06-17_130527_002.MP4,1223.280,23.98,No focal subject,Bite,Foraging,None|None|None,POINT,871.230,871.230,NA,,
AQ_Sctaeniopterus_TP_2021-06-17_130527,2025-06-28 16:49:03,,/Users/ally/Documents/johnson lab/parrotfish bites/AQ_Sctaeniopterus_TP_2021-06-17_130527_002.MP4,1223.280,23.98,No focal subject,Bite,Foraging,None|None|None,POINT,872.230,872.230,NA,,
AQ_Sctaeniopterus_TP_2021-06-17_130527,2025-06-28 16:49:03,,/Users/ally/Documents/johnson lab/parrotfish bites/AQ_Sctaeniopterus_TP_2021-06-17_130527_002.MP4,1223.280,23.98,No focal subject,Bite,Foraging,None|None|None,POINT,872.730,872.730,NA,,
AQ_Sctaeniopterus_TP_2021-06-17_130527,2025-06-28 16:49:03,,/Users/ally/Documents/johnson lab/parrotfish bites/AQ_Sctaeniopterus_TP_2021-06-17_130527_002.MP4,1223.280,23.98,No focal subject,Bite,Foraging,None|None|None,POINT,873.730,873.730,NA,,
AQ_Sctaeniopterus_TP_2021-06-17_130527,2025-06-28 16:49:03,,/Users/ally/Documents/johnson lab/parrotfish bites/AQ_Sctaeniopterus_TP_2021-06-17_130527_002.MP4,1223.280,23.98,No focal subject,Bite,Foraging,None|None|None,POINT,874.731,874.731,NA,,
AQ_Sctaeniopterus_TP_2021-06-17_130527,2025-06-28 16:49:03,,/Users/ally/Documents/johnson lab/parrotfish bites/AQ_Sctaeniopterus_TP_2021-06-17_130527_002.MP4,1223.280,23.98,No focal subject,Bite,Foraging,None|None|None,POINT,875.730,875.730,NA,,
AQ_Sctaeniopterus_TP_2021-06-17_130527,2025-06-28 16:49:03,,/Users/ally/Documents/johnson lab/parrotfish bites/AQ_Sctaeniopterus_TP_2021-06-17_130527_002.MP4,1223.280,23.98,No focal subject,Bite,Foraging,None|None|None,POINT,876.730,876.730,NA,,
AQ_Sctaeniopterus_TP_2021-06-17_130527,2025-06-28 16:49:03,,/Users/ally/Documents/johnson lab/parrotfish bites/AQ_Sctaeniopterus_TP_2021-06-17_130527_002.MP4,1223.280,23.98,No focal subject,Bite,Foraging,None|None|None,POINT,877.729,877.729,NA,,
AQ_Sctaeniopterus_TP_2021-06-17_130527,2025-06-28 16:49:03,,/Users/ally/Documents/johnson lab/parrotfish bites/AQ_Sctaeniopterus_TP_2021-06-17_130527_002.MP4,1223.280,23.98,No focal subject,Bite,Foraging,None|None|None,POINT,878.229,878.229,NA,,
AQ_Sctaeniopterus_TP_2021-06-17_130527,2025-06-28 16:49:03,,/Users/ally/Documents/johnson lab/parrotfish bites/AQ_Sctaeniopterus_TP_2021-06-17_130527_002.MP4,1223.280,23.98,No focal subject,Bite,Foraging,None|None|None,POINT,880.731,880.731,NA,,
AQ_Sctaeniopterus_TP_2021-06-17_130527,2025-06-28 16:49:03,,/Users/ally/Documents/johnson lab/parrotfish bites/AQ_Sctaeniopterus_TP_2021-06-17_130527_002.MP4,1223.280,23.98,No focal subject,Bite,Foraging,None|None|None,POINT,881.231,881.231,NA,,
AQ_Sctaeniopterus_TP_2021-06-17_130527,2025-06-28 16:49:03,,/Users/ally/Documents/johnson lab/parrotfish bites/AQ_Sctaeniopterus_TP_2021-06-17_130527_002.MP4,1223.280,23.98,No focal subject,Bite,Foraging,None|None|None,POINT,882.231,882.231,NA,,
AQ_Sctaeniopterus_TP_2021-06-17_130527,2025-06-28 16:49:03,,/Users/ally/Documents/johnson lab/parrotfish bites/AQ_Sctaeniopterus_TP_2021-06-17_130527_002.MP4,1223.280,23.98,No focal subject,Bite,Foraging,None|None|None,POINT,884.231,884.231,NA,,
AQ_Sctaeniopterus_TP_2021-06-17_130527,2025-06-28 16:49:03,,/Users/ally/Documents/johnson lab/parrotfish bites/AQ_Sctaeniopterus_TP_2021-06-17_130527_002.MP4,1223.280,23.98,No focal subject,Bite,Foraging,None|None|None,POINT,887.730,887.730,NA,,
AQ_Sctaeniopterus_TP_2021-06-17_130527,2025-06-28 16:49:03,,/Users/ally/Documents/johnson lab/parrotfish bites/AQ_Sctaeniopterus_TP_2021-06-17_130527_002.MP4,1223.280,23.98,No focal subject,Bite,Foraging,None|None|None,POINT,890.734,890.734,NA,,
AQ_Sctaeniopterus_TP_2021-06-17_130527,2025-06-28 16:49:03,,/Users/ally/Documents/johnson lab/parrotfish bites/AQ_Sctaeniopterus_TP_2021-06-17_130527_002.MP4,1223.280,23.98,No focal subject,Bite,Foraging,None|None|None,POINT,891.731,891.731,NA,,
AQ_Sctaeniopterus_TP_2021-06-17_130527,2025-06-28 16:49:03,,/Users/ally/Documents/johnson lab/parrotfish bites/AQ_Sctaeniopterus_TP_2021-06-17_130527_002.MP4,1223.280,23.98,No focal subject,Bite,Foraging,None|None|None,POINT,893.731,893.731,NA,,
AQ_Sctaeniopterus_TP_2021-06-17_130527,2025-06-28 16:49:03,,/Users/ally/Documents/johnson lab/parrotfish bites/AQ_Sctaeniopterus_TP_2021-06-17_130527_002.MP4,1223.280,23.98,No focal subject,Bite,Foraging,None|None|None,POINT,894.231,894.231,NA,,
AQ_Sctaeniopterus_TP_2021-06-17_130527,2025-06-28 16:49:03,,/Users/ally/Documents/johnson lab/parrotfish bites/AQ_Sctaeniopterus_TP_2021-06-17_130527_002.MP4,1223.280,23.98,No focal subject,Bite,Foraging,None|None|None,POINT,898.732,898.732,NA,,
AQ_Sctaeniopterus_TP_2021-06-17_130527,2025-06-28 16:49:03,,/Users/ally/Documents/johnson lab/parrotfish bites/AQ_Sctaeniopterus_TP_2021-06-17_130527_002.MP4,1223.280,23.98,No focal subject,Bite,Foraging,None|None|None,POINT,900.229,900.229,NA,,
AQ_Sctaeniopterus_TP_2021-06-17_130527,2025-06-28 16:49:03,,/Users/ally/Documents/johnson lab/parrotfish bites/AQ_Sctaeniopterus_TP_2021-06-17_130527_002.MP4,1223.280,23.98,No focal subject,Bite,Foraging,None|None|None,POINT,918.978,918.978,NA,,
AQ_Sctaeniopterus_TP_2021-06-17_130527,2025-06-28 16:49:03,,/Users/ally/Documents/johnson lab/parrotfish bites/AQ_Sctaeniopterus_TP_2021-06-17_130527_002.MP4,1223.280,23.98,No focal subject,Bite,Foraging,None|None|None,POINT,919.228,919.228,NA,,
AQ_Sctaeniopterus_TP_2021-06-17_130527,2025-06-28 16:49:03,,/Users/ally/Documents/johnson lab/parrotfish bites/AQ_Sctaeniopterus_TP_2021-06-17_130527_002.MP4,1223.280,23.98,No focal subject,Bite,Foraging,None|None|None,POINT,920.229,920.229,NA,,
AQ_Sctaeniopterus_TP_2021-06-17_130527,2025-06-28 16:49:03,,/Users/ally/Documents/johnson lab/parrotfish bites/AQ_Sctaeniopterus_TP_2021-06-17_130527_002.MP4,1223.280,23.98,No focal subject,Bite,Foraging,None|None|None,POINT,921.477,921.477,NA,,
AQ_Sctaeniopterus_TP_2021-06-17_130527,2025-06-28 16:49:03,,/Users/ally/Documents/johnson lab/parrotfish bites/AQ_Sctaeniopterus_TP_2021-06-17_130527_002.MP4,1223.280,23.98,No focal subject,Bite,Foraging,None|None|None,POINT,921.728,921.728,NA,,
AQ_Sctaeniopterus_TP_2021-06-17_130527,2025-06-28 16:49:03,,/Users/ally/Documents/johnson lab/parrotfish bites/AQ_Sctaeniopterus_TP_2021-06-17_130527_002.MP4,1223.280,23.98,No focal subject,Bite,Foraging,None|None|None,POINT,922.227,922.227,NA,,
AQ_Sctaeniopterus_TP_2021-06-17_130527,2025-06-28 16:49:03,,/Users/ally/Documents/johnson lab/parrotfish bites/AQ_Sctaeniopterus_TP_2021-06-17_130527_002.MP4,1223.280,23.98,No focal subject,Bite,Foraging,None|None|None,POINT,922.729,922.729,NA,,
AQ_Sctaeniopterus_TP_2021-06-17_130527,2025-06-28 16:49:03,,/Users/ally/Documents/johnson lab/parrotfish bites/AQ_Sctaeniopterus_TP_2021-06-17_130527_002.MP4,1223.280,23.98,No focal subject,Bite,Foraging,None|None|None,POINT,923.228,923.228,NA,,
AQ_Sctaeniopterus_TP_2021-06-17_130527,2025-06-28 16:49:03,,/Users/ally/Documents/johnson lab/parrotfish bites/AQ_Sctaeniopterus_TP_2021-06-17_130527_002.MP4,1223.280,23.98,No focal subject,Bite,Foraging,None|None|None,POINT,923.730,923.730,NA,,
AQ_Sctaeniopterus_TP_2021-06-17_130527,2025-06-28 16:49:03,,/Users/ally/Documents/johnson lab/parrotfish bites/AQ_Sctaeniopterus_TP_2021-06-17_130527_002.MP4,1223.280,23.98,No focal subject,Bite,Foraging,None|None|None,POINT,924.729,924.729,NA,,
AQ_Sctaeniopterus_TP_2021-06-17_130527,2025-06-28 16:49:03,,/Users/ally/Documents/johnson lab/parrotfish bites/AQ_Sctaeniopterus_TP_2021-06-17_130527_002.MP4,1223.280,23.98,No focal subject,Bite,Foraging,None|None|None,POINT,925.729,925.729,NA,,
AQ_Sctaeniopterus_TP_2021-06-17_130527,2025-06-28 16:49:03,,/Users/ally/Documents/johnson lab/parrotfish bites/AQ_Sctaeniopterus_TP_2021-06-17_130527_002.MP4,1223.280,23.98,No focal subject,Bite,Foraging,None|None|None,POINT,927.732,927.732,NA,,
AQ_Sctaeniopterus_TP_2021-06-17_130527,2025-06-28 16:49:03,,/Users/ally/Documents/johnson lab/parrotfish bites/AQ_Sctaeniopterus_TP_2021-06-17_130527_002.MP4,1223.280,23.98,No focal subject,Bite,Foraging,None|None|None,POINT,928.229,928.229,NA,,
AQ_Sctaeniopterus_TP_2021-06-17_130527,2025-06-28 16:49:03,,/Users/ally/Documents/johnson lab/parrotfish bites/AQ_Sctaeniopterus_TP_2021-06-17_130527_002.MP4,1223.280,23.98,No focal subject,Bite,Foraging,None|None|None,POINT,953.230,953.230,NA,,
AQ_Sctaeniopterus_TP_2021-06-17_130527,2025-06-28 16:49:03,,/Users/ally/Documents/johnson lab/parrotfish bites/AQ_Sctaeniopterus_TP_2021-06-17_130527_002.MP4,1223.280,23.98,No focal subject,Bite,Foraging,None|None|None,POINT,954.729,954.729,NA,,
AQ_Sctaeniopterus_TP_2021-06-17_130527,2025-06-28 16:49:03,,/Users/ally/Documents/johnson lab/parrotfish bites/AQ_Sctaeniopterus_TP_2021-06-17_130527_002.MP4,1223.280,23.98,No focal subject,Bite,Foraging,None|None|None,POINT,958.230,958.230,NA,,
AQ_Sctaeniopterus_TP_2021-06-17_130527,2025-06-28 16:49:03,,/Users/ally/Documents/johnson lab/parrotfish bites/AQ_Sctaeniopterus_TP_2021-06-17_130527_002.MP4,1223.280,23.98,No focal subject,Bite,Foraging,None|None|None,POINT,959.478,959.478,NA,,
AQ_Sctaeniopterus_TP_2021-06-17_130527,2025-06-28 16:49:03,,/Users/ally/Documents/johnson lab/parrotfish bites/AQ_Sctaeniopterus_TP_2021-06-17_130527_002.MP4,1223.280,23.98,No focal subject,Bite,Foraging,None|None|None,POINT,960.230,960.230,NA,,
AQ_Sctaeniopterus_TP_2021-06-17_130527,2025-06-28 16:49:03,,/Users/ally/Documents/johnson lab/parrotfish bites/AQ_Sctaeniopterus_TP_2021-06-17_130527_002.MP4,1223.280,23.98,No focal subject,Bite,Foraging,None|None|None,POINT,961.730,961.730,NA,,
AQ_Sctaeniopterus_TP_2021-06-17_130527,2025-06-28 16:49:03,,/Users/ally/Documents/johnson lab/parrotfish bites/AQ_Sctaeniopterus_TP_2021-06-17_130527_002.MP4,1223.280,23.98,No focal subject,Bite,Foraging,None|None|None,POINT,962.230,962.230,NA,,
AQ_Sctaeniopterus_TP_2021-06-17_130527,2025-06-28 16:49:03,,/Users/ally/Documents/johnson lab/parrotfish bites/AQ_Sctaeniopterus_TP_2021-06-17_130527_002.MP4,1223.280,23.98,No focal subject,Bite,Foraging,None|None|None,POINT,963.232,963.232,NA,,
AQ_Sctaeniopterus_TP_2021-06-17_130527,2025-06-28 16:49:03,,/Users/ally/Documents/johnson lab/parrotfish bites/AQ_Sctaeniopterus_TP_2021-06-17_130527_002.MP4,1223.280,23.98,No focal subject,Bite,Foraging,None|None|None,POINT,964.232,964.232,NA,,
AQ_Sctaeniopterus_TP_2021-06-17_130527,2025-06-28 16:49:03,,/Users/ally/Documents/johnson lab/parrotfish bites/AQ_Sctaeniopterus_TP_2021-06-17_130527_002.MP4,1223.280,23.98,No focal subject,Bite,Foraging,None|None|None,POINT,967.231,967.231,NA,,
AQ_Sctaeniopterus_TP_2021-06-17_130527,2025-06-28 16:49:03,,/Users/ally/Documents/johnson lab/parrotfish bites/AQ_Sctaeniopterus_TP_2021-06-17_130527_002.MP4,1223.280,23.98,No focal subject,Bite,Foraging,None|None|None,POINT,967.730,967.730,NA,,
AQ_Sctaeniopterus_TP_2021-06-17_130527,2025-06-28 16:49:03,,/Users/ally/Documents/johnson lab/parrotfish bites/AQ_Sctaeniopterus_TP_2021-06-17_130527_002.MP4,1223.280,23.98,No focal subject,Bite,Foraging,None|None|None,POINT,969.230,969.230,NA,,
AQ_Sctaeniopterus_TP_2021-06-17_130527,2025-06-28 16:49:03,,/Users/ally/Documents/johnson lab/parrotfish bites/AQ_Sctaeniopterus_TP_2021-06-17_130527_002.MP4,1223.280,23.98,No focal subject,Bite,Foraging,None|None|None,POINT,969.729,969.729,NA,,
AQ_Sctaeniopterus_TP_2021-06-17_130527,2025-06-28 16:49:03,,/Users/ally/Documents/johnson lab/parrotfish bites/AQ_Sctaeniopterus_TP_2021-06-17_130527_002.MP4,1223.280,23.98,No focal subject,Bite,Foraging,None|None|None,POINT,970.730,970.730,NA,,
AQ_Sctaeniopterus_TP_2021-06-17_130527,2025-06-28 16:49:03,,/Users/ally/Documents/johnson lab/parrotfish bites/AQ_Sctaeniopterus_TP_2021-06-17_130527_002.MP4,1223.280,23.98,No focal subject,Bite,Foraging,None|None|None,POINT,971.726,971.726,NA,,
AQ_Sctaeniopterus_TP_2021-06-17_130527,2025-06-28 16:49:03,,/Users/ally/Documents/johnson lab/parrotfish bites/AQ_Sctaeniopterus_TP_2021-06-17_130527_002.MP4,1223.280,23.98,No focal subject,Bite,Foraging,None|None|None,POINT,972.731,972.731,NA,,
AQ_Sctaeniopterus_TP_2021-06-17_130527,2025-06-28 16:49:03,,/Users/ally/Documents/johnson lab/parrotfish bites/AQ_Sctaeniopterus_TP_2021-06-17_130527_002.MP4,1223.280,23.98,No focal subject,Bite,Foraging,None|None|None,POINT,974.229,974.229,NA,,
AQ_Sctaeniopterus_TP_2021-06-17_130527,2025-06-28 16:49:03,,/Users/ally/Documents/johnson lab/parrotfish bites/AQ_Sctaeniopterus_TP_2021-06-17_130527_002.MP4,1223.280,23.98,No focal subject,Bite,Foraging,None|None|None,POINT,974.979,974.979,NA,,
AQ_Sctaeniopterus_TP_2021-06-17_130527,2025-06-28 16:49:03,,/Users/ally/Documents/johnson lab/parrotfish bites/AQ_Sctaeniopterus_TP_2021-06-17_130527_002.MP4,1223.280,23.98,No focal subject,Bite,Foraging,None|None|None,POINT,976.232,976.232,NA,,
AQ_Sctaeniopterus_TP_2021-06-17_130527,2025-06-28 16:49:03,,/Users/ally/Documents/johnson lab/parrotfish bites/AQ_Sctaeniopterus_TP_2021-06-17_130527_002.MP4,1223.280,23.98,No focal subject,Bite,Foraging,None|None|None,POINT,976.731,976.731,NA,,
AQ_Sctaeniopterus_TP_2021-06-17_130527,2025-06-28 16:49:03,,/Users/ally/Documents/johnson lab/parrotfish bites/AQ_Sctaeniopterus_TP_2021-06-17_130527_002.MP4,1223.280,23.98,No focal subject,Bite,Foraging,None|None|None,POINT,977.732,977.732,NA,,
AQ_Sctaeniopterus_TP_2021-06-17_130527,2025-06-28 16:49:03,,/Users/ally/Documents/johnson lab/parrotfish bites/AQ_Sctaeniopterus_TP_2021-06-17_130527_002.MP4,1223.280,23.98,No focal subject,Bite,Foraging,None|None|None,POINT,978.231,978.231,NA,,
AQ_Sctaeniopterus_TP_2021-06-17_130527,2025-06-28 16:49:03,,/Users/ally/Documents/johnson lab/parrotfish bites/AQ_Sctaeniopterus_TP_2021-06-17_130527_002.MP4,1223.280,23.98,No focal subject,Bite,Foraging,None|None|None,POINT,978.732,978.732,NA,,
AQ_Sctaeniopterus_TP_2021-06-17_130527,2025-06-28 16:49:03,,/Users/ally/Documents/johnson lab/parrotfish bites/AQ_Sctaeniopterus_TP_2021-06-17_130527_002.MP4,1223.280,23.98,No focal subject,Bite,Foraging,None|None|None,POINT,980.233,980.233,NA,,
AQ_Sctaeniopterus_TP_2021-06-17_130527,2025-06-28 16:49:03,,/Users/ally/Documents/johnson lab/parrotfish bites/AQ_Sctaeniopterus_TP_2021-06-17_130527_002.MP4,1223.280,23.98,No focal subject,Bite,Foraging,None|None|None,POINT,980.731,980.731,NA,,
AQ_Sctaeniopterus_TP_2021-06-17_130527,2025-06-28 16:49:03,,/Users/ally/Documents/johnson lab/parrotfish bites/AQ_Sctaeniopterus_TP_2021-06-17_130527_002.MP4,1223.280,23.98,No focal subject,Bite,Foraging,None|None|None,POINT,981.732,981.732,NA,,
AQ_Sctaeniopterus_TP_2021-06-17_130527,2025-06-28 16:49:03,,/Users/ally/Documents/johnson lab/parrotfish bites/AQ_Sctaeniopterus_TP_2021-06-17_130527_002.MP4,1223.280,23.98,No focal subject,Bite,Foraging,None|None|None,POINT,982.233,982.233,NA,,
AQ_Sctaeniopterus_TP_2021-06-17_130527,2025-06-28 16:49:03,,/Users/ally/Documents/johnson lab/parrotfish bites/AQ_Sctaeniopterus_TP_2021-06-17_130527_002.MP4,1223.280,23.98,No focal subject,Bite,Foraging,None|None|None,POINT,982.730,982.730,NA,,
AQ_Sctaeniopterus_TP_2021-06-17_130527,2025-06-28 16:49:03,,/Users/ally/Documents/johnson lab/parrotfish bites/AQ_Sctaeniopterus_TP_2021-06-17_130527_002.MP4,1223.280,23.98,No focal subject,Bite,Foraging,None|None|None,POINT,983.731,983.731,NA,,
AQ_Sctaeniopterus_TP_2021-06-17_130527,2025-06-28 16:49:03,,/Users/ally/Documents/johnson lab/parrotfish bites/AQ_Sctaeniopterus_TP_2021-06-17_130527_002.MP4,1223.280,23.98,No focal subject,Bite,Foraging,None|None|None,POINT,984.229,984.229,NA,,
AQ_Sctaeniopterus_TP_2021-06-17_130527,2025-06-28 16:49:03,,/Users/ally/Documents/johnson lab/parrotfish bites/AQ_Sctaeniopterus_TP_2021-06-17_130527_002.MP4,1223.280,23.98,No focal subject,Bite,Foraging,None|None|None,POINT,985.230,985.230,NA,,
AQ_Sctaeniopterus_TP_2021-06-17_130527,2025-06-28 16:49:03,,/Users/ally/Documents/johnson lab/parrotfish bites/AQ_Sctaeniopterus_TP_2021-06-17_130527_002.MP4,1223.280,23.98,No focal subject,Bite,Foraging,None|None|None,POINT,986.228,986.228,NA,,
AQ_Sctaeniopterus_TP_2021-06-17_130527,2025-06-28 16:49:03,,/Users/ally/Documents/johnson lab/parrotfish bites/AQ_Sctaeniopterus_TP_2021-06-17_130527_002.MP4,1223.280,23.98,No focal subject,Bite,Foraging,None|None|None,POINT,987.230,987.230,NA,,
AQ_Sctaeniopterus_TP_2021-06-17_130527,2025-06-28 16:49:03,,/Users/ally/Documents/johnson lab/parrotfish bites/AQ_Sctaeniopterus_TP_2021-06-17_130527_002.MP4,1223.280,23.98,No focal subject,Bite,Foraging,None|None|None,POINT,991.231,991.231,NA,,
AQ_Sctaeniopterus_TP_2021-06-17_130527,2025-06-28 16:49:03,,/Users/ally/Documents/johnson lab/parrotfish bites/AQ_Sctaeniopterus_TP_2021-06-17_130527_002.MP4,1223.280,23.98,No focal subject,Bite,Foraging,None|None|None,POINT,992.230,992.230,NA,,
AQ_Sctaeniopterus_TP_2021-06-17_130527,2025-06-28 16:49:03,,/Users/ally/Documents/johnson lab/parrotfish bites/AQ_Sctaeniopterus_TP_2021-06-17_130527_002.MP4,1223.280,23.98,No focal subject,Bite,Foraging,None|None|None,POINT,994.229,994.229,NA,,
AQ_Sctaeniopterus_TP_2021-06-17_130527,2025-06-28 16:49:03,,/Users/ally/Documents/johnson lab/parrotfish bites/AQ_Sctaeniopterus_TP_2021-06-17_130527_002.MP4,1223.280,23.98,No focal subject,Bite,Foraging,None|None|None,POINT,1005.230,1005.230,NA,,
AQ_Sctaeniopterus_TP_2021-06-17_130527,2025-06-28 16:49:03,,/Users/ally/Documents/johnson lab/parrotfish bites/AQ_Sctaeniopterus_TP_2021-06-17_130527_002.MP4,1223.280,23.98,No focal subject,Bite,Foraging,None|None|None,POINT,1006.478,1006.478,NA,,
AQ_Sctaeniopterus_TP_2021-06-17_130527,2025-06-28 16:49:03,,/Users/ally/Documents/johnson lab/parrotfish bites/AQ_Sctaeniopterus_TP_2021-06-17_130527_002.MP4,1223.280,23.98,No focal subject,Bite,Foraging,None|None|None,POINT,1007.232,1007.232,NA,,
AQ_Sctaeniopterus_TP_2021-06-17_130527,2025-06-28 16:49:03,,/Users/ally/Documents/johnson lab/parrotfish bites/AQ_Sctaeniopterus_TP_2021-06-17_130527_002.MP4,1223.280,23.98,No focal subject,Bite,Foraging,None|None|None,POINT,1007.731,1007.731,NA,,
AQ_Sctaeniopterus_TP_2021-06-17_130527,2025-06-28 16:49:03,,/Users/ally/Documents/johnson lab/parrotfish bites/AQ_Sctaeniopterus_TP_2021-06-17_130527_002.MP4,1223.280,23.98,No focal subject,Bite,Foraging,None|None|None,POINT,1008.731,1008.731,NA,,
AQ_Sctaeniopterus_TP_2021-06-17_130527,2025-06-28 16:49:03,,/Users/ally/Documents/johnson lab/parrotfish bites/AQ_Sctaeniopterus_TP_2021-06-17_130527_002.MP4,1223.280,23.98,No focal subject,Bite,Foraging,None|None|None,POINT,1009.732,1009.732,NA,,
AQ_Sctaeniopterus_TP_2021-06-17_130527,2025-06-28 16:49:03,,/Users/ally/Documents/johnson lab/parrotfish bites/AQ_Sctaeniopterus_TP_2021-06-17_130527_002.MP4,1223.280,23.98,No focal subject,Bite,Foraging,None|None|None,POINT,1010.731,1010.731,NA,,
AQ_Sctaeniopterus_TP_2021-06-17_130527,2025-06-28 16:49:03,,/Users/ally/Documents/johnson lab/parrotfish bites/AQ_Sctaeniopterus_TP_2021-06-17_130527_002.MP4,1223.280,23.98,No focal subject,Bite,Foraging,None|None|None,POINT,1011.230,1011.230,NA,,
AQ_Sctaeniopterus_TP_2021-06-17_130527,2025-06-28 16:49:03,,/Users/ally/Documents/johnson lab/parrotfish bites/AQ_Sctaeniopterus_TP_2021-06-17_130527_002.MP4,1223.280,23.98,No focal subject,Bite,Foraging,None|None|None,POINT,1011.730,1011.730,NA,,
AQ_Sctaeniopterus_TP_2021-06-17_130527,2025-06-28 16:49:03,,/Users/ally/Documents/johnson lab/parrotfish bites/AQ_Sctaeniopterus_TP_2021-06-17_130527_002.MP4,1223.280,23.98,No focal subject,Bite,Foraging,None|None|None,POINT,1012.229,1012.229,NA,,
AQ_Sctaeniopterus_TP_2021-06-17_130527,2025-06-28 16:49:03,,/Users/ally/Documents/johnson lab/parrotfish bites/AQ_Sctaeniopterus_TP_2021-06-17_130527_002.MP4,1223.280,23.98,No focal subject,Bite,Foraging,None|None|None,POINT,1013.231,1013.231,NA,,
AQ_Sctaeniopterus_TP_2021-06-17_130527,2025-06-28 16:49:03,,/Users/ally/Documents/johnson lab/parrotfish bites/AQ_Sctaeniopterus_TP_2021-06-17_130527_002.MP4,1223.280,23.98,No focal subject,Bite,Foraging,None|None|None,POINT,1013.730,1013.730,NA,,
AQ_Sctaeniopterus_TP_2021-06-17_130527,2025-06-28 16:49:03,,/Users/ally/Documents/johnson lab/parrotfish bites/AQ_Sctaeniopterus_TP_2021-06-17_130527_002.MP4,1223.280,23.98,No focal subject,Bite,Foraging,None|None|None,POINT,1013.975,1013.975,NA,,
AQ_Sctaeniopterus_TP_2021-06-17_130527,2025-06-28 16:49:03,,/Users/ally/Documents/johnson lab/parrotfish bites/AQ_Sctaeniopterus_TP_2021-06-17_130527_002.MP4,1223.280,23.98,No focal subject,Bite,Foraging,None|None|None,POINT,1016.231,1016.231,NA,,
AQ_Sctaeniopterus_TP_2021-06-17_130527,2025-06-28 16:49:03,,/Users/ally/Documents/johnson lab/parrotfish bites/AQ_Sctaeniopterus_TP_2021-06-17_130527_002.MP4,1223.280,23.98,No focal subject,Bite,Foraging,None|None|None,POINT,1016.733,1016.733,NA,,
AQ_Sctaeniopterus_TP_2021-06-17_130527,2025-06-28 16:49:03,,/Users/ally/Documents/johnson lab/parrotfish bites/AQ_Sctaeniopterus_TP_2021-06-17_130527_002.MP4,1223.280,23.98,No focal subject,Bite,Foraging,None|None|None,POINT,1017.231,1017.231,NA,,
AQ_Sctaeniopterus_TP_2021-06-17_130527,2025-06-28 16:49:03,,/Users/ally/Documents/johnson lab/parrotfish bites/AQ_Sctaeniopterus_TP_2021-06-17_130527_002.MP4,1223.280,23.98,No focal subject,Bite,Foraging,None|None|None,POINT,1018.230,1018.230,NA,,
AQ_Sctaeniopterus_TP_2021-06-17_130527,2025-06-28 16:49:03,,/Users/ally/Documents/johnson lab/parrotfish bites/AQ_Sctaeniopterus_TP_2021-06-17_130527_002.MP4,1223.280,23.98,No focal subject,Bite,Foraging,None|None|None,POINT,1018.731,1018.731,NA,,
AQ_Sctaeniopterus_TP_2021-06-17_130527,2025-06-28 16:49:03,,/Users/ally/Documents/johnson lab/parrotfish bites/AQ_Sctaeniopterus_TP_2021-06-17_130527_002.MP4,1223.280,23.98,No focal subject,Bite,Foraging,None|None|None,POINT,1020.733,1020.733,NA,,
AQ_Sctaeniopterus_TP_2021-06-17_130527,2025-06-28 16:49:03,,/Users/ally/Documents/johnson lab/parrotfish bites/AQ_Sctaeniopterus_TP_2021-06-17_130527_002.MP4,1223.280,23.98,No focal subject,Bite,Foraging,None|None|None,POINT,1021.232,1021.232,NA,,
AQ_Sctaeniopterus_TP_2021-06-17_130527,2025-06-28 16:49:03,,/Users/ally/Documents/johnson lab/parrotfish bites/AQ_Sctaeniopterus_TP_2021-06-17_130527_002.MP4,1223.280,23.98,No focal subject,Bite,Foraging,None|None|None,POINT,1024.978,1024.978,NA,,
AQ_Sctaeniopterus_TP_2021-06-17_130527,2025-06-28 16:49:03,,/Users/ally/Documents/johnson lab/parrotfish bites/AQ_Sctaeniopterus_TP_2021-06-17_130527_002.MP4,1223.280,23.98,No focal subject,Bite,Foraging,None|None|None,POINT,1025.228,1025.228,NA,,
AQ_Sctaeniopterus_TP_2021-06-17_130527,2025-06-28 16:49:03,,/Users/ally/Documents/johnson lab/parrotfish bites/AQ_Sctaeniopterus_TP_2021-06-17_130527_002.MP4,1223.280,23.98,No focal subject,Bite,Foraging,None|None|None,POINT,1025.728,1025.728,NA,,
AQ_Sctaeniopterus_TP_2021-06-17_130527,2025-06-28 16:49:03,,/Users/ally/Documents/johnson lab/parrotfish bites/AQ_Sctaeniopterus_TP_2021-06-17_130527_002.MP4,1223.280,23.98,No focal subject,Bite,Foraging,None|None|None,POINT,1027.730,1027.730,NA,,
AQ_Sctaeniopterus_TP_2021-06-17_130527,2025-06-28 16:49:03,,/Users/ally/Documents/johnson lab/parrotfish bites/AQ_Sctaeniopterus_TP_2021-06-17_130527_002.MP4,1223.280,23.98,No focal subject,Bite,Foraging,None|None|None,POINT,1028.230,1028.230,NA,,
AQ_Sctaeniopterus_TP_2021-06-17_130527,2025-06-28 16:49:03,,/Users/ally/Documents/johnson lab/parrotfish bites/AQ_Sctaeniopterus_TP_2021-06-17_130527_002.MP4,1223.280,23.98,No focal subject,Bite,Foraging,None|None|None,POINT,1028.728,1028.728,NA,,
AQ_Sctaeniopterus_TP_2021-06-17_130527,2025-06-28 16:49:03,,/Users/ally/Documents/johnson lab/parrotfish bites/AQ_Sctaeniopterus_TP_2021-06-17_130527_002.MP4,1223.280,23.98,No focal subject,Bite,Foraging,None|None|None,POINT,1030.230,1030.230,NA,,
AQ_Sctaeniopterus_TP_2021-06-17_130527,2025-06-28 16:49:03,,/Users/ally/Documents/johnson lab/parrotfish bites/AQ_Sctaeniopterus_TP_2021-06-17_130527_002.MP4,1223.280,23.98,No focal subject,Bite,Foraging,None|None|None,POINT,1039.730,1039.730,NA,,
AQ_Sctaeniopterus_TP_2021-06-17_130527,2025-06-28 16:49:03,,/Users/ally/Documents/johnson lab/parrotfish bites/AQ_Sctaeniopterus_TP_2021-06-17_130527_002.MP4,1223.280,23.98,No focal subject,Bite,Foraging,None|None|None,POINT,1040.979,1040.979,NA,,
AQ_Sctaeniopterus_TP_2021-06-17_130527,2025-06-28 16:49:03,,/Users/ally/Documents/johnson lab/parrotfish bites/AQ_Sctaeniopterus_TP_2021-06-17_130527_002.MP4,1223.280,23.98,No focal subject,Bite,Foraging,None|None|None,POINT,1041.728,1041.728,NA,,
AQ_Sctaeniopterus_TP_2021-06-17_130527,2025-06-28 16:49:03,,/Users/ally/Documents/johnson lab/parrotfish bites/AQ_Sctaeniopterus_TP_2021-06-17_130527_002.MP4,1223.280,23.98,No focal subject,Bite,Foraging,None|None|None,POINT,1042.725,1042.725,NA,,
AQ_Sctaeniopterus_TP_2021-06-17_130527,2025-06-28 16:49:03,,/Users/ally/Documents/johnson lab/parrotfish bites/AQ_Sctaeniopterus_TP_2021-06-17_130527_002.MP4,1223.280,23.98,No focal subject,Bite,Foraging,None|None|None,POINT,1044.229,1044.229,NA,,
AQ_Sctaeniopterus_TP_2021-06-17_130527,2025-06-28 16:49:03,,/Users/ally/Documents/johnson lab/parrotfish bites/AQ_Sctaeniopterus_TP_2021-06-17_130527_002.MP4,1223.280,23.98,No focal subject,Bite,Foraging,None|None|None,POINT,1044.729,1044.729,NA,,
AQ_Sctaeniopterus_TP_2021-06-17_130527,2025-06-28 16:49:03,,/Users/ally/Documents/johnson lab/parrotfish bites/AQ_Sctaeniopterus_TP_2021-06-17_130527_002.MP4,1223.280,23.98,No focal subject,Bite,Foraging,None|None|None,POINT,1045.730,1045.730,NA,,
AQ_Sctaeniopterus_TP_2021-06-17_130527,2025-06-28 16:49:03,,/Users/ally/Documents/johnson lab/parrotfish bites/AQ_Sctaeniopterus_TP_2021-06-17_130527_002.MP4,1223.280,23.98,No focal subject,Bite,Foraging,None|None|None,POINT,1046.479,1046.479,NA,,
AQ_Sctaeniopterus_TP_2021-06-17_130527,2025-06-28 16:49:03,,/Users/ally/Documents/johnson lab/parrotfish bites/AQ_Sctaeniopterus_TP_2021-06-17_130527_002.MP4,1223.280,23.98,No focal subject,Bite,Foraging,None|None|None,POINT,1046.727,1046.727,NA,,
AQ_Sctaeniopterus_TP_2021-06-17_130527,2025-06-28 16:49:03,,/Users/ally/Documents/johnson lab/parrotfish bites/AQ_Sctaeniopterus_TP_2021-06-17_130527_002.MP4,1223.280,23.98,No focal subject,Bite,Foraging,None|None|None,POINT,1050.232,1050.232,NA,,
AQ_Sctaeniopterus_TP_2021-06-17_130527,2025-06-28 16:49:03,,/Users/ally/Documents/johnson lab/parrotfish bites/AQ_Sctaeniopterus_TP_2021-06-17_130527_002.MP4,1223.280,23.98,No focal subject,Bite,Foraging,None|None|None,POINT,1050.728,1050.728,NA,,
AQ_Sctaeniopterus_TP_2021-06-17_130527,2025-06-28 16:49:03,,/Users/ally/Documents/johnson lab/parrotfish bites/AQ_Sctaeniopterus_TP_2021-06-17_130527_002.MP4,1223.280,23.98,No focal subject,Bite,Foraging,None|None|None,POINT,1052.229,1052.229,NA,,
AQ_Sctaeniopterus_TP_2021-06-17_130527,2025-06-28 16:49:03,,/Users/ally/Documents/johnson lab/parrotfish bites/AQ_Sctaeniopterus_TP_2021-06-17_130527_002.MP4,1223.280,23.98,No focal subject,Bite,Foraging,None|None|None,POINT,1053.729,1053.729,NA,,
AQ_Sctaeniopterus_TP_2021-06-17_130527,2025-06-28 16:49:03,,/Users/ally/Documents/johnson lab/parrotfish bites/AQ_Sctaeniopterus_TP_2021-06-17_130527_002.MP4,1223.280,23.98,No focal subject,Bite,Foraging,None|None|None,POINT,1054.229,1054.229,NA,,
AQ_Sctaeniopterus_TP_2021-06-17_130527,2025-06-28 16:49:03,,/Users/ally/Documents/johnson lab/parrotfish bites/AQ_Sctaeniopterus_TP_2021-06-17_130527_002.MP4,1223.280,23.98,No focal subject,Bite,Foraging,None|None|None,POINT,1055.230,1055.230,NA,,
AQ_Sctaeniopterus_TP_2021-06-17_130527,2025-06-28 16:49:03,,/Users/ally/Documents/johnson lab/parrotfish bites/AQ_Sctaeniopterus_TP_2021-06-17_130527_002.MP4,1223.280,23.98,No focal subject,Bite,Foraging,None|None|None,POINT,1055.731,1055.731,NA,,
AQ_Sctaeniopterus_TP_2021-06-17_130527,2025-06-28 16:49:03,,/Users/ally/Documents/johnson lab/parrotfish bites/AQ_Sctaeniopterus_TP_2021-06-17_130527_002.MP4,1223.280,23.98,No focal subject,Bite,Foraging,None|None|None,POINT,1056.731,1056.731,NA,,
AQ_Sctaeniopterus_TP_2021-06-17_130527,2025-06-28 16:49:03,,/Users/ally/Documents/johnson lab/parrotfish bites/AQ_Sctaeniopterus_TP_2021-06-17_130527_002.MP4,1223.280,23.98,No focal subject,Bite,Foraging,None|None|None,POINT,1057.478,1057.478,NA,,
AQ_Sctaeniopterus_TP_2021-06-17_130527,2025-06-28 16:49:03,,/Users/ally/Documents/johnson lab/parrotfish bites/AQ_Sctaeniopterus_TP_2021-06-17_130527_002.MP4,1223.280,23.98,No focal subject,Bite,Foraging,None|None|None,POINT,1059.982,1059.982,NA,,
AQ_Sctaeniopterus_TP_2021-06-17_130527,2025-06-28 16:49:03,,/Users/ally/Documents/johnson lab/parrotfish bites/AQ_Sctaeniopterus_TP_2021-06-17_130527_002.MP4,1223.280,23.98,No focal subject,Bite,Foraging,None|None|None,POINT,1061.480,1061.480,NA,,
AQ_Sctaeniopterus_TP_2021-06-17_130527,2025-06-28 16:49:03,,/Users/ally/Documents/johnson lab/parrotfish bites/AQ_Sctaeniopterus_TP_2021-06-17_130527_002.MP4,1223.280,23.98,No focal subject,Cleaning,Social Interactions,,STATE,1088.481,1094.979,6.498,,
AQ_Sctaeniopterus_TP_2021-06-17_130527,2025-06-28 16:49:03,,/Users/ally/Documents/johnson lab/parrotfish bites/AQ_Sctaeniopterus_TP_2021-06-17_130527_002.MP4,1223.280,23.98,No focal subject,Bite,Foraging,None|None|None,POINT,1107.483,1107.483,NA,,
AQ_Sctaeniopterus_TP_2021-06-17_130527,2025-06-28 16:49:03,,/Users/ally/Documents/johnson lab/parrotfish bites/AQ_Sctaeniopterus_TP_2021-06-17_130527_002.MP4,1223.280,23.98,No focal subject,Bite,Foraging,None|None|None,POINT,1115.980,1115.980,NA,,
AQ_Sctaeniopterus_TP_2021-06-17_130527,2025-06-28 16:49:03,,/Users/ally/Documents/johnson lab/parrotfish bites/AQ_Sctaeniopterus_TP_2021-06-17_130527_002.MP4,1223.280,23.98,No focal subject,Bite,Foraging,None|None|None,POINT,1117.479,1117.479,NA,,
AQ_Sctaeniopterus_TP_2021-06-17_130527,2025-06-28 16:49:03,,/Users/ally/Documents/johnson lab/parrotfish bites/AQ_Sctaeniopterus_TP_2021-06-17_130527_002.MP4,1223.280,23.98,No focal subject,Bite,Foraging,None|None|None,POINT,1118.981,1118.981,NA,,
AQ_Sctaeniopterus_TP_2021-06-17_130527,2025-06-28 16:49:03,,/Users/ally/Documents/johnson lab/parrotfish bites/AQ_Sctaeniopterus_TP_2021-06-17_130527_002.MP4,1223.280,23.98,No focal subject,Bite,Foraging,None|None|None,POINT,1133.976,1133.976,NA,,
AQ_Sctaeniopterus_TP_2021-06-17_130527,2025-06-28 16:49:03,,/Users/ally/Documents/johnson lab/parrotfish bites/AQ_Sctaeniopterus_TP_2021-06-17_130527_002.MP4,1223.280,23.98,No focal subject,Bite,Foraging,None|None|None,POINT,1136.480,1136.480,NA,,
AQ_Sctaeniopterus_TP_2021-06-17_130527,2025-06-28 16:49:03,,/Users/ally/Documents/johnson lab/parrotfish bites/AQ_Sctaeniopterus_TP_2021-06-17_130527_002.MP4,1223.280,23.98,No focal subject,Bite,Foraging,None|None|None,POINT,1141.483,1141.483,NA,,
AQ_Sctaeniopterus_TP_2021-06-17_130527,2025-06-28 16:49:03,,/Users/ally/Documents/johnson lab/parrotfish bites/AQ_Sctaeniopterus_TP_2021-06-17_130527_002.MP4,1223.280,23.98,No focal subject,Bite,Foraging,None|None|None,POINT,1142.982,1142.982,NA,,
AQ_Sctaeniopterus_TP_2021-06-17_130527,2025-06-28 16:49:03,,/Users/ally/Documents/johnson lab/parrotfish bites/AQ_Sctaeniopterus_TP_2021-06-17_130527_002.MP4,1223.280,23.98,No focal subject,Bite,Foraging,None|None|None,POINT,1144.984,1144.984,NA,,
AQ_Sctaeniopterus_TP_2021-06-17_130527,2025-06-28 16:49:03,,/Users/ally/Documents/johnson lab/parrotfish bites/AQ_Sctaeniopterus_TP_2021-06-17_130527_002.MP4,1223.280,23.98,No focal subject,Bite,Foraging,None|None|None,POINT,1146.480,1146.480,NA,,
AQ_Sctaeniopterus_TP_2021-06-17_130527,2025-06-28 16:49:03,,/Users/ally/Documents/johnson lab/parrotfish bites/AQ_Sctaeniopterus_TP_2021-06-17_130527_002.MP4,1223.280,23.98,No focal subject,Bite,Foraging,None|None|None,POINT,1149.481,1149.481,NA,,
AQ_Sctaeniopterus_TP_2021-06-17_130527,2025-06-28 16:49:03,,/Users/ally/Documents/johnson lab/parrotfish bites/AQ_Sctaeniopterus_TP_2021-06-17_130527_002.MP4,1223.280,23.98,No focal subject,Bite,Foraging,None|None|None,POINT,1155.479,1155.479,NA,,
AQ_Sctaeniopterus_TP_2021-06-17_130527,2025-06-28 16:49:03,,/Users/ally/Documents/johnson lab/parrotfish bites/AQ_Sctaeniopterus_TP_2021-06-17_130527_002.MP4,1223.280,23.98,No focal subject,Bite,Foraging,None|None|None,POINT,1156.479,1156.479,NA,,
AQ_Sctaeniopterus_TP_2021-06-17_130527,2025-06-28 16:49:03,,/Users/ally/Documents/johnson lab/parrotfish bites/AQ_Sctaeniopterus_TP_2021-06-17_130527_002.MP4,1223.280,23.98,No focal subject,Bite,Foraging,None|None|None,POINT,1156.979,1156.979,NA,,
AQ_Sctaeniopterus_TP_2021-06-17_130527,2025-06-28 16:49:03,,/Users/ally/Documents/johnson lab/parrotfish bites/AQ_Sctaeniopterus_TP_2021-06-17_130527_002.MP4,1223.280,23.98,No focal subject,Bite,Foraging,None|None|None,POINT,1157.478,1157.478,NA,,
AQ_Sctaeniopterus_TP_2021-06-17_130527,2025-06-28 16:49:03,,/Users/ally/Documents/johnson lab/parrotfish bites/AQ_Sctaeniopterus_TP_2021-06-17_130527_002.MP4,1223.280,23.98,No focal subject,Bite,Foraging,None|None|None,POINT,1158.479,1158.479,NA,,
AQ_Sctaeniopterus_TP_2021-06-17_130527,2025-06-28 16:49:03,,/Users/ally/Documents/johnson lab/parrotfish bites/AQ_Sctaeniopterus_TP_2021-06-17_130527_002.MP4,1223.280,23.98,No focal subject,Bite,Foraging,None|None|None,POINT,1159.980,1159.980,NA,,
AQ_Sctaeniopterus_TP_2021-06-17_130527,2025-06-28 16:49:03,,/Users/ally/Documents/johnson lab/parrotfish bites/AQ_Sctaeniopterus_TP_2021-06-17_130527_002.MP4,1223.280,23.98,No focal subject,Bite,Foraging,None|None|None,POINT,1161.479,1161.479,NA,,
AQ_Sctaeniopterus_TP_2021-06-17_130527,2025-06-28 16:49:03,,/Users/ally/Documents/johnson lab/parrotfish bites/AQ_Sctaeniopterus_TP_2021-06-17_130527_002.MP4,1223.280,23.98,No focal subject,Bite,Foraging,None|None|None,POINT,1162.480,1162.480,NA,,
AQ_Sctaeniopterus_TP_2021-06-17_130527,2025-06-28 16:49:03,,/Users/ally/Documents/johnson lab/parrotfish bites/AQ_Sctaeniopterus_TP_2021-06-17_130527_002.MP4,1223.280,23.98,No focal subject,Bite,Foraging,None|None|None,POINT,1165.480,1165.480,NA,,
AQ_Sctaeniopterus_TP_2021-06-17_130527,2025-06-28 16:49:03,,/Users/ally/Documents/johnson lab/parrotfish bites/AQ_Sctaeniopterus_TP_2021-06-17_130527_002.MP4,1223.280,23.98,No focal subject,Bite,Foraging,None|None|None,POINT,1165.978,1165.978,NA,,
AQ_Sctaeniopterus_TP_2021-06-17_130527,2025-06-28 16:49:03,,/Users/ally/Documents/johnson lab/parrotfish bites/AQ_Sctaeniopterus_TP_2021-06-17_130527_002.MP4,1223.280,23.98,No focal subject,Bite,Foraging,None|None|None,POINT,1166.479,1166.479,NA,,
AQ_Sctaeniopterus_TP_2021-06-17_130527,2025-06-28 16:49:03,,/Users/ally/Documents/johnson lab/parrotfish bites/AQ_Sctaeniopterus_TP_2021-06-17_130527_002.MP4,1223.280,23.98,No focal subject,Bite,Foraging,None|None|None,POINT,1167.978,1167.978,NA,,
AQ_Sctaeniopterus_TP_2021-06-17_130527,2025-06-28 16:49:03,,/Users/ally/Documents/johnson lab/parrotfish bites/AQ_Sctaeniopterus_TP_2021-06-17_130527_002.MP4,1223.280,23.98,No focal subject,Bite,Foraging,None|None|None,POINT,1168.480,1168.480,NA,,
AQ_Sctaeniopterus_TP_2021-06-17_130527,2025-06-28 16:49:03,,/Users/ally/Documents/johnson lab/parrotfish bites/AQ_Sctaeniopterus_TP_2021-06-17_130527_002.MP4,1223.280,23.98,No focal subject,Bite,Foraging,None|None|None,POINT,1169.980,1169.980,NA,,
AQ_Sctaeniopterus_TP_2021-06-17_130527,2025-06-28 16:49:03,,/Users/ally/Documents/johnson lab/parrotfish bites/AQ_Sctaeniopterus_TP_2021-06-17_130527_002.MP4,1223.280,23.98,No focal subject,Bite,Foraging,None|None|None,POINT,1170.982,1170.982,NA,,
AQ_Sctaeniopterus_TP_2021-06-17_130527,2025-06-28 16:49:03,,/Users/ally/Documents/johnson lab/parrotfish bites/AQ_Sctaeniopterus_TP_2021-06-17_130527_002.MP4,1223.280,23.98,No focal subject,Bite,Foraging,None|None|None,POINT,1171.480,1171.480,NA,,
AQ_Sctaeniopterus_TP_2021-06-17_130527,2025-06-28 16:49:03,,/Users/ally/Documents/johnson lab/parrotfish bites/AQ_Sctaeniopterus_TP_2021-06-17_130527_002.MP4,1223.280,23.98,No focal subject,Bite,Foraging,None|None|None,POINT,1171.980,1171.980,NA,,
AQ_Sctaeniopterus_TP_2021-06-17_130527,2025-06-28 16:49:03,,/Users/ally/Documents/johnson lab/parrotfish bites/AQ_Sctaeniopterus_TP_2021-06-17_130527_002.MP4,1223.280,23.98,No focal subject,Bite,Foraging,None|None|None,POINT,1174.482,1174.482,NA,,
AQ_Sctaeniopterus_TP_2021-06-17_130527,2025-06-28 16:49:03,,/Users/ally/Documents/johnson lab/parrotfish bites/AQ_Sctaeniopterus_TP_2021-06-17_130527_002.MP4,1223.280,23.98,No focal subject,Bite,Foraging,None|None|None,POINT,1175.480,1175.480,NA,,
AQ_Sctaeniopterus_TP_2021-06-17_130527,2025-06-28 16:49:03,,/Users/ally/Documents/johnson lab/parrotfish bites/AQ_Sctaeniopterus_TP_2021-06-17_130527_002.MP4,1223.280,23.98,No focal subject,Bite,Foraging,None|None|None,POINT,1176.479,1176.479,NA,,
AQ_Sctaeniopterus_TP_2021-06-17_130527,2025-06-28 16:49:03,,/Users/ally/Documents/johnson lab/parrotfish bites/AQ_Sctaeniopterus_TP_2021-06-17_130527_002.MP4,1223.280,23.98,No focal subject,Bite,Foraging,None|None|None,POINT,1177.980,1177.980,NA,,
AQ_Sctaeniopterus_TP_2021-06-17_130527,2025-06-28 16:49:03,,/Users/ally/Documents/johnson lab/parrotfish bites/AQ_Sctaeniopterus_TP_2021-06-17_130527_002.MP4,1223.280,23.98,No focal subject,Bite,Foraging,None|None|None,POINT,1178.979,1178.979,NA,,
AQ_Sctaeniopterus_TP_2021-06-17_130527,2025-06-28 16:49:03,,/Users/ally/Documents/johnson lab/parrotfish bites/AQ_Sctaeniopterus_TP_2021-06-17_130527_002.MP4,1223.280,23.98,No focal subject,Bite,Foraging,None|None|None,POINT,1179.979,1179.979,NA,,
AQ_Sctaeniopterus_TP_2021-06-17_130527,2025-06-28 16:49:03,,/Users/ally/Documents/johnson lab/parrotfish bites/AQ_Sctaeniopterus_TP_2021-06-17_130527_002.MP4,1223.280,23.98,No focal subject,Bite,Foraging,None|None|None,POINT,1180.479,1180.479,NA,,
AQ_Sctaeniopterus_TP_2021-06-17_130527,2025-06-28 16:49:03,,/Users/ally/Documents/johnson lab/parrotfish bites/AQ_Sctaeniopterus_TP_2021-06-17_130527_002.MP4,1223.280,23.98,No focal subject,Bite,Foraging,None|None|None,POINT,1181.981,1181.981,NA,,
AQ_Sctaeniopterus_TP_2021-06-17_130527,2025-06-28 16:49:03,,/Users/ally/Documents/johnson lab/parrotfish bites/AQ_Sctaeniopterus_TP_2021-06-17_130527_002.MP4,1223.280,23.98,No focal subject,Bite,Foraging,None|None|None,POINT,1183.984,1183.984,NA,,
AQ_Sctaeniopterus_TP_2021-06-17_130527,2025-06-28 16:49:03,,/Users/ally/Documents/johnson lab/parrotfish bites/AQ_Sctaeniopterus_TP_2021-06-17_130527_002.MP4,1223.280,23.98,No focal subject,Bite,Foraging,None|None|None,POINT,1184.481,1184.481,NA,,
AQ_Sctaeniopterus_TP_2021-06-17_130527,2025-06-28 16:49:03,,/Users/ally/Documents/johnson lab/parrotfish bites/AQ_Sctaeniopterus_TP_2021-06-17_130527_002.MP4,1223.280,23.98,No focal subject,Bite,Foraging,None|None|None,POINT,1185.229,1185.229,NA,,
AQ_Sctaeniopterus_TP_2021-06-17_130527,2025-06-28 16:49:03,,/Users/ally/Documents/johnson lab/parrotfish bites/AQ_Sctaeniopterus_TP_2021-06-17_130527_002.MP4,1223.280,23.98,No focal subject,Bite,Foraging,None|None|None,POINT,1185.983,1185.983,NA,,
AQ_Sctaeniopterus_TP_2021-06-17_130527,2025-06-28 16:49:03,,/Users/ally/Documents/johnson lab/parrotfish bites/AQ_Sctaeniopterus_TP_2021-06-17_130527_002.MP4,1223.280,23.98,No focal subject,Bite,Foraging,None|None|None,POINT,1186.480,1186.480,NA,,
AQ_Sctaeniopterus_TP_2021-06-17_130527,2025-06-28 16:49:03,,/Users/ally/Documents/johnson lab/parrotfish bites/AQ_Sctaeniopterus_TP_2021-06-17_130527_002.MP4,1223.280,23.98,No focal subject,Bite,Foraging,None|None|None,POINT,1187.481,1187.481,NA,,
AQ_Sctaeniopterus_TP_2021-06-17_130527,2025-06-28 16:49:03,,/Users/ally/Documents/johnson lab/parrotfish bites/AQ_Sctaeniopterus_TP_2021-06-17_130527_002.MP4,1223.280,23.98,No focal subject,Bite,Foraging,None|None|None,POINT,1188.481,1188.481,NA,,
AQ_Sctaeniopterus_TP_2021-06-17_130527,2025-06-28 16:49:03,,/Users/ally/Documents/johnson lab/parrotfish bites/AQ_Sctaeniopterus_TP_2021-06-17_130527_002.MP4,1223.280,23.98,No focal subject,Bite,Foraging,None|None|None,POINT,1191.979,1191.979,NA,,
AQ_Sctaeniopterus_TP_2021-06-17_130527,2025-06-28 16:49:03,,/Users/ally/Documents/johnson lab/parrotfish bites/AQ_Sctaeniopterus_TP_2021-06-17_130527_002.MP4,1223.280,23.98,No focal subject,Bite,Foraging,None|None|None,POINT,1192.980,1192.980,NA,,
AQ_Sctaeniopterus_TP_2021-06-17_130527,2025-06-28 16:49:03,,/Users/ally/Documents/johnson lab/parrotfish bites/AQ_Sctaeniopterus_TP_2021-06-17_130527_002.MP4,1223.280,23.98,No focal subject,Bite,Foraging,None|None|None,POINT,1193.981,1193.981,NA,,
AQ_Sctaeniopterus_TP_2021-06-17_130527,2025-06-28 16:49:03,,/Users/ally/Documents/johnson lab/parrotfish bites/AQ_Sctaeniopterus_TP_2021-06-17_130527_002.MP4,1223.280,23.98,No focal subject,Bite,Foraging,None|None|None,POINT,1194.982,1194.982,NA,,
AQ_Sctaeniopterus_TP_2021-06-17_130527,2025-06-28 16:49:03,,/Users/ally/Documents/johnson lab/parrotfish bites/AQ_Sctaeniopterus_TP_2021-06-17_130527_002.MP4,1223.280,23.98,No focal subject,Bite,Foraging,None|None|None,POINT,1196.982,1196.982,NA,,
AQ_Sctaeniopterus_TP_2021-06-17_130527,2025-06-28 16:49:03,,/Users/ally/Documents/johnson lab/parrotfish bites/AQ_Sctaeniopterus_TP_2021-06-17_130527_002.MP4,1223.280,23.98,No focal subject,Bite,Foraging,None|None|None,POINT,1197.479,1197.479,NA,,
AQ_Sctaeniopterus_TP_2021-06-17_130527,2025-06-28 16:49:03,,/Users/ally/Documents/johnson lab/parrotfish bites/AQ_Sctaeniopterus_TP_2021-06-17_130527_002.MP4,1223.280,23.98,No focal subject,Bite,Foraging,None|None|None,POINT,1198.476,1198.476,NA,,
AQ_Sctaeniopterus_TP_2021-06-17_130527,2025-06-28 16:49:03,,/Users/ally/Documents/johnson lab/parrotfish bites/AQ_Sctaeniopterus_TP_2021-06-17_130527_002.MP4,1223.280,23.98,No focal subject,Bite,Foraging,None|None|None,POINT,1198.981,1198.981,NA,,
AQ_Sctaeniopterus_TP_2021-06-17_130527,2025-06-28 16:49:03,,/Users/ally/Documents/johnson lab/parrotfish bites/AQ_Sctaeniopterus_TP_2021-06-17_130527_002.MP4,1223.280,23.98,No focal subject,Bite,Foraging,None|None|None,POINT,1200.479,1200.479,NA,,
AQ_Sctaeniopterus_TP_2021-06-17_130527,2025-06-28 16:49:03,,/Users/ally/Documents/johnson lab/parrotfish bites/AQ_Sctaeniopterus_TP_2021-06-17_130527_002.MP4,1223.280,23.98,No focal subject,Bite,Foraging,None|None|None,POINT,1202.980,1202.980,NA,,
AQ_Sctaeniopterus_TP_2021-06-17_130527,2025-06-28 16:49:03,,/Users/ally/Documents/johnson lab/parrotfish bites/AQ_Sctaeniopterus_TP_2021-06-17_130527_002.MP4,1223.280,23.98,No focal subject,Bite,Foraging,None|None|None,POINT,1204.480,1204.480,NA,,
AQ_Sctaeniopterus_TP_2021-06-17_130527,2025-06-28 16:49:03,,/Users/ally/Documents/johnson lab/parrotfish bites/AQ_Sctaeniopterus_TP_2021-06-17_130527_002.MP4,1223.280,23.98,No focal subject,Bite,Foraging,None|None|None,POINT,1205.978,1205.978,NA,,
AQ_Sctaeniopterus_TP_2021-06-17_130527,2025-06-28 16:49:03,,/Users/ally/Documents/johnson lab/parrotfish bites/AQ_Sctaeniopterus_TP_2021-06-17_130527_002.MP4,1223.280,23.98,No focal subject,Bite,Foraging,None|None|None,POINT,1207.980,1207.980,NA,,
AQ_Sctaeniopterus_TP_2021-06-17_130527,2025-06-28 16:49:03,,/Users/ally/Documents/johnson lab/parrotfish bites/AQ_Sctaeniopterus_TP_2021-06-17_130527_002.MP4,1223.280,23.98,No focal subject,Bite,Foraging,None|None|None,POINT,1208.728,1208.728,NA,,
AQ_Sctaeniopterus_TP_2021-06-17_130527,2025-06-28 16:49:03,,/Users/ally/Documents/johnson lab/parrotfish bites/AQ_Sctaeniopterus_TP_2021-06-17_130527_002.MP4,1223.280,23.98,No focal subject,Bite,Foraging,None|None|None,POINT,1209.979,1209.979,NA,,
AQ_Sctaeniopterus_TP_2021-06-17_130527,2025-06-28 16:49:03,,/Users/ally/Documents/johnson lab/parrotfish bites/AQ_Sctaeniopterus_TP_2021-06-17_130527_002.MP4,1223.280,23.98,No focal subject,Bite,Foraging,None|None|None,POINT,1211.980,1211.980,NA,,
AQ_Sctaeniopterus_TP_2021-06-17_130527,2025-06-28 16:49:03,,/Users/ally/Documents/johnson lab/parrotfish bites/AQ_Sctaeniopterus_TP_2021-06-17_130527_002.MP4,1223.280,23.98,No focal subject,Bite,Foraging,None|None|None,POINT,1212.481,1212.481,NA,,
AQ_Sctaeniopterus_TP_2021-06-17_130527,2025-06-28 16:49:03,,/Users/ally/Documents/johnson lab/parrotfish bites/AQ_Sctaeniopterus_TP_2021-06-17_130527_002.MP4,1223.280,23.98,No focal subject,Bite,Foraging,None|None|None,POINT,1212.980,1212.980,NA,,
AQ_Sctaeniopterus_TP_2021-06-17_130527,2025-06-28 16:49:03,,/Users/ally/Documents/johnson lab/parrotfish bites/AQ_Sctaeniopterus_TP_2021-06-17_130527_002.MP4,1223.280,23.98,No focal subject,Bite,Foraging,None|None|None,POINT,1213.481,1213.481,NA,,
AQ_Sctaeniopterus_TP_2021-06-17_130527,2025-06-28 16:49:03,,/Users/ally/Documents/johnson lab/parrotfish bites/AQ_Sctaeniopterus_TP_2021-06-17_130527_002.MP4,1223.280,23.98,No focal subject,Bite,Foraging,None|None|None,POINT,1213.980,1213.980,NA,,
AQ_Sctaeniopterus_TP_2021-06-17_130527,2025-06-28 16:49:03,,/Users/ally/Documents/johnson lab/parrotfish bites/AQ_Sctaeniopterus_TP_2021-06-17_130527_002.MP4,1223.280,23.98,No focal subject,Bite,Foraging,None|None|None,POINT,1214.479,1214.479,NA,,
AQ_Sctaeniopterus_TP_2021-06-17_130527,2025-06-28 16:49:03,,/Users/ally/Documents/johnson lab/parrotfish bites/AQ_Sctaeniopterus_TP_2021-06-17_130527_002.MP4,1223.280,23.98,No focal subject,Bite,Foraging,None|None|None,POINT,1215.480,1215.480,NA,,
AQ_Sctaeniopterus_TP_2021-06-17_130527,2025-06-28 16:49:03,,/Users/ally/Documents/johnson lab/parrotfish bites/AQ_Sctaeniopterus_TP_2021-06-17_130527_002.MP4,1223.280,23.98,No focal subject,Bite,Foraging,None|None|None,POINT,1215.979,1215.979,NA,,
AQ_Sctaeniopterus_TP_2021-06-17_130527,2025-06-28 16:49:03,,/Users/ally/Documents/johnson lab/parrotfish bites/AQ_Sctaeniopterus_TP_2021-06-17_130527_002.MP4,1223.280,23.98,No focal subject,Watch Time,Time Keeping,130519,POINT,1221.477,1221.477,NA,,
