Observation id,Observation date,Description,Media file,Total length,FPS,Subject,Behavior,Behavioral category,Modifiers,Behavior type,Start (s),Stop (s),Duration (s),Comment start,Comment stop
AQ_Sctaeniopterus_TP_2021-06-17_110014,2025-06-23 18:05:35,,/Users/ally/Documents/johnson lab/parrotfish bites/AQ_Sctaeniopterus_TP_2021-06-17_110014_001.MP4,1162.090,23.98,No focal subject,Watch Time,Time Keeping,104047,POINT,2.663,2.663,NA,,
AQ_Sctaeniopterus_TP_2021-06-17_110014,2025-06-23 18:05:35,,/Users/ally/Documents/johnson lab/parrotfish bites/AQ_Sctaeniopterus_TP_2021-06-17_110014_001.MP4,1162.090,23.98,No focal subject,START/STOP,Time Keeping,,STATE,6.913,1158.219,1151.306,,
AQ_Sctaeniopterus_TP_2021-06-17_110014,2025-06-23 18:05:35,,/Users/ally/Documents/johnson lab/parrotfish bites/AQ_Sctaeniopterus_TP_2021-06-17_110014_001.MP4,1162.090,23.98,No focal subject,Bite,Foraging,None|None|None,POINT,7.657,7.657,NA,,
AQ_Sctaeniopterus_TP_2021-06-17_110014,2025-06-23 18:05:35,,/Users/ally/Documents/johnson lab/parrotfish bites/AQ_Sctaeniopterus_TP_2021-06-17_110014_001.MP4,1162.090,23.98,No focal subject,Bite,Foraging,None|None|None,POINT,8.657,8.657,NA,,
AQ_Sctaeniopterus_TP_2021-06-17_110014,2025-06-23 18:05:35,,/Users/ally/Documents/johnson lab/parrotfish bites/AQ_Sctaeniopterus_TP_2021-06-17_110014_001.MP4,1162.090,23.98,No focal subject,Bite,Foraging,None|None|None,POINT,9.906,9.906,NA,,
AQ_Sctaeniopterus_TP_2021-06-17_110014,2025-06-23 18:05:35,,/Users/ally/Documents/johnson lab/parrotfish bites/AQ_Sctaeniopterus_TP_2021-06-17_110014_001.MP4,1162.090,23.98,No focal subject,Bite,Foraging,None|None|None,POINT,10.657,10.657,NA,,
AQ_Sctaeniopterus_TP_2021-06-17_110014,2025-06-23 18:05:35,,/Users/ally/Documents/johnson lab/parrotfish bites/AQ_Sctaeniopterus_TP_2021-06-17_110014_001.MP4,1162.090,23.98,No focal subject,Bite,Foraging,None|None|None,POINT,13.913,13.913,NA,,
AQ_Sctaeniopterus_TP_2021-06-17_110014,2025-06-23 18:05:35,,/Users/ally/Documents/johnson lab/parrotfish bites/AQ_Sctaeniopterus_TP_2021-06-17_110014_001.MP4,1162.090,23.98,No focal subject,Bite,Foraging,None|None|None,POINT,14.912,14.912,NA,,
AQ_Sctaeniopterus_TP_2021-06-17_110014,2025-06-23 18:05:35,,/Users/ally/Documents/johnson lab/parrotfish bites/AQ_Sctaeniopterus_TP_2021-06-17_110014_001.MP4,1162.090,23.98,No focal subject,Bite,Foraging,None|None|None,POINT,15.411,15.411,NA,,
AQ_Sctaeniopterus_TP_2021-06-17_110014,2025-06-23 18:05:35,,/Users/ally/Documents/johnson lab/parrotfish bites/AQ_Sctaeniopterus_TP_2021-06-17_110014_001.MP4,1162.090,23.98,No focal subject,Bite,Foraging,None|None|None,POINT,16.911,16.911,NA,,
AQ_Sctaeniopterus_TP_2021-06-17_110014,2025-06-23 18:05:35,,/Users/ally/Documents/johnson lab/parrotfish bites/AQ_Sctaeniopterus_TP_2021-06-17_110014_001.MP4,1162.090,23.98,No focal subject,Bite,Foraging,None|None|None,POINT,17.912,17.912,NA,,
AQ_Sctaeniopterus_TP_2021-06-17_110014,2025-06-23 18:05:35,,/Users/ally/Documents/johnson lab/parrotfish bites/AQ_Sctaeniopterus_TP_2021-06-17_110014_001.MP4,1162.090,23.98,No focal subject,Bite,Foraging,None|None|None,POINT,18.912,18.912,NA,,
AQ_Sctaeniopterus_TP_2021-06-17_110014,2025-06-23 18:05:35,,/Users/ally/Documents/johnson lab/parrotfish bites/AQ_Sctaeniopterus_TP_2021-06-17_110014_001.MP4,1162.090,23.98,No focal subject,Bite,Foraging,None|None|None,POINT,20.411,20.411,NA,,
AQ_Sctaeniopterus_TP_2021-06-17_110014,2025-06-23 18:05:35,,/Users/ally/Documents/johnson lab/parrotfish bites/AQ_Sctaeniopterus_TP_2021-06-17_110014_001.MP4,1162.090,23.98,No focal subject,Bite,Foraging,None|None|None,POINT,21.911,21.911,NA,,
AQ_Sctaeniopterus_TP_2021-06-17_110014,2025-06-23 18:05:35,,/Users/ally/Documents/johnson lab/parrotfish bites/AQ_Sctaeniopterus_TP_2021-06-17_110014_001.MP4,1162.090,23.98,No focal subject,Bite,Foraging,None|None|None,POINT,22.911,22.911,NA,,
AQ_Sctaeniopterus_TP_2021-06-17_110014,2025-06-23 18:05:35,,/Users/ally/Documents/johnson lab/parrotfish bites/AQ_Sctaeniopterus_TP_2021-06-17_110014_001.MP4,1162.090,23.98,No focal subject,Bite,Foraging,None|None|None,POINT,24.912,24.912,NA,,
AQ_Sctaeniopterus_TP_2021-06-17_110014,2025-06-23 18:05:35,,/Users/ally/Documents/johnson lab/parrotfish bites/AQ_Sctaeniopterus_TP_2021-06-17_110014_001.MP4,1162.090,23.98,No focal subject,Bite,Foraging,None|None|None,POINT,26.160,26.160,NA,,
AQ_Sctaeniopterus_TP_2021-06-17_110014,2025-06-23 18:05:35,,/Users/ally/Documents/johnson lab/parrotfish bites/AQ_Sctaeniopterus_TP_2021-06-17_110014_001.MP4,1162.090,23.98,No focal subject,Bite,Foraging,None|None|None,POINT,27.412,27.412,NA,,
AQ_Sctaeniopterus_TP_2021-06-17_110014,2025-06-23 18:05:35,,/Users/ally/Documents/johnson lab/parrotfish bites/AQ_Sctaeniopterus_TP_2021-06-17_110014_001.MP4,1162.090,23.98,No focal subject,Bite,Foraging,None|None|None,POINT,27.911,27.911,NA,,
AQ_Sctaeniopterus_TP_2021-06-17_110014,2025-06-23 18:05:35,,/Users/ally/Documents/johnson lab/parrotfish bites/AQ_Sctaeniopterus_TP_2021-06-17_110014_001.MP4,1162.090,23.98,No focal subject,Bite,Foraging,None|None|None,POINT,28.411,28.411,NA,,
AQ_Sctaeniopterus_TP_2021-06-17_110014,2025-06-23 18:05:35,,/Users/ally/Documents/johnson lab/parrotfish bites/AQ_Sctaeniopterus_TP_2021-06-17_110014_001.MP4,1162.090,23.98,No focal subject,Bite,Foraging,None|None|None,POINT,29.161,29.161,NA,,
AQ_Sctaeniopterus_TP_2021-06-17_110014,2025-06-23 18:05:35,,/Users/ally/Documents/johnson lab/parrotfish bites/AQ_Sctaeniopterus_TP_2021-06-17_110014_001.MP4,1162.090,23.98,No focal subject,Bite,Foraging,None|None|None,POINT,30.911,30.911,NA,,
AQ_Sctaeniopterus_TP_2021-06-17_110014,2025-06-23 18:05:35,,/Users/ally/Documents/johnson lab/parrotfish bites/AQ_Sctaeniopterus_TP_2021-06-17_110014_001.MP4,1162.090,23.98,No focal subject,Bite,Foraging,None|None|None,POINT,32.412,32.412,NA,,
AQ_Sctaeniopterus_TP_2021-06-17_110014,2025-06-23 18:05:35,,/Users/ally/Documents/johnson lab/parrotfish bites/AQ_Sctaeniopterus_TP_2021-06-17_110014_001.MP4,1162.090,23.98,No focal subject,Bite,Foraging,None|None|None,POINT,33.411,33.411,NA,,
AQ_Sctaeniopterus_TP_2021-06-17_110014,2025-06-23 18:05:35,,/Users/ally/Documents/johnson lab/parrotfish bites/AQ_Sctaeniopterus_TP_2021-06-17_110014_001.MP4,1162.090,23.98,No focal subject,Bite,Foraging,None|None|None,POINT,33.910,33.910,NA,,
AQ_Sctaeniopterus_TP_2021-06-17_110014,2025-06-23 18:05:35,,/Users/ally/Documents/johnson lab/parrotfish bites/AQ_Sctaeniopterus_TP_2021-06-17_110014_001.MP4,1162.090,23.98,No focal subject,Bite,Foraging,None|None|None,POINT,34.911,34.911,NA,,
AQ_Sctaeniopterus_TP_2021-06-17_110014,2025-06-23 18:05:35,,/Users/ally/Documents/johnson lab/parrotfish bites/AQ_Sctaeniopterus_TP_2021-06-17_110014_001.MP4,1162.090,23.98,No focal subject,Bite,Foraging,None|None|None,POINT,35.910,35.910,NA,,
AQ_Sctaeniopterus_TP_2021-06-17_110014,2025-06-23 18:05:35,,/Users/ally/Documents/johnson lab/parrotfish bites/AQ_Sctaeniopterus_TP_2021-06-17_110014_001.MP4,1162.090,23.98,No focal subject,Bite,Foraging,None|None|None,POINT,36.911,36.911,NA,,
AQ_Sctaeniopterus_TP_2021-06-17_110014,2025-06-23 18:05:35,,/Users/ally/Documents/johnson lab/parrotfish bites/AQ_Sctaeniopterus_TP_2021-06-17_110014_001.MP4,1162.090,23.98,No focal subject,Bite,Foraging,None|None|None,POINT,55.911,55.911,NA,,
AQ_Sctaeniopterus_TP_2021-06-17_110014,2025-06-23 18:05:35,,/Users/ally/Documents/johnson lab/parrotfish bites/AQ_Sctaeniopterus_TP_2021-06-17_110014_001.MP4,1162.090,23.98,No focal subject,Bite,Foraging,None|None|None,POINT,57.412,57.412,NA,,
AQ_Sctaeniopterus_TP_2021-06-17_110014,2025-06-23 18:05:35,,/Users/ally/Documents/johnson lab/parrotfish bites/AQ_Sctaeniopterus_TP_2021-06-17_110014_001.MP4,1162.090,23.98,No focal subject,Bite,Foraging,None|None|None,POINT,58.412,58.412,NA,,
AQ_Sctaeniopterus_TP_2021-06-17_110014,2025-06-23 18:05:35,,/Users/ally/Documents/johnson lab/parrotfish bites/AQ_Sctaeniopterus_TP_2021-06-17_110014_001.MP4,1162.090,23.98,No focal subject,Bite,Foraging,None|None|None,POINT,60.411,60.411,NA,,
AQ_Sctaeniopterus_TP_2021-06-17_110014,2025-06-23 18:05:35,,/Users/ally/Documents/johnson lab/parrotfish bites/AQ_Sctaeniopterus_TP_2021-06-17_110014_001.MP4,1162.090,23.98,No focal subject,Bite,Foraging,None|None|None,POINT,60.911,60.911,NA,,
AQ_Sctaeniopterus_TP_2021-06-17_110014,2025-06-23 18:05:35,,/Users/ally/Documents/johnson lab/parrotfish bites/AQ_Sctaeniopterus_TP_2021-06-17_110014_001.MP4,1162.090,23.98,No focal subject,Bite,Foraging,None|None|None,POINT,61.913,61.913,NA,,
AQ_Sctaeniopterus_TP_2021-06-17_110014,2025-06-23 18:05:35,,/Users/ally/Documents/johnson lab/parrotfish bites/AQ_Sctaeniopterus_TP_2021-06-17_110014_001.MP4,1162.090,23.98,No focal subject,Bite,Foraging,None|None|None,POINT,62.912,62.912,NA,,
AQ_Sctaeniopterus_TP_2021-06-17_110014,2025-06-23 18:05:35,,/Users/ally/Documents/johnson lab/parrotfish bites/AQ_Sctaeniopterus_TP_2021-06-17_110014_001.MP4,1162.090,23.98,No focal subject,Bite,Foraging,None|None|None,POINT,63.412,63.412,NA,,
AQ_Sctaeniopterus_TP_2021-06-17_110014,2025-06-23 18:05:35,,/Users/ally/Documents/johnson lab/parrotfish bites/AQ_Sctaeniopterus_TP_2021-06-17_110014_001.MP4,1162.090,23.98,No focal subject,Bite,Foraging,None|None|None,POINT,63.911,63.911,NA,,
AQ_Sctaeniopterus_TP_2021-06-17_110014,2025-06-23 18:05:35,,/Users/ally/Documents/johnson lab/parrotfish bites/AQ_Sctaeniopterus_TP_2021-06-17_110014_001.MP4,1162.090,23.98,No focal subject,Bite,Foraging,None|None|None,POINT,64.411,64.411,NA,,
AQ_Sctaeniopterus_TP_2021-06-17_110014,2025-06-23 18:05:35,,/Users/ally/Documents/johnson lab/parrotfish bites/AQ_Sctaeniopterus_TP_2021-06-17_110014_001.MP4,1162.090,23.98,No focal subject,Bite,Foraging,None|None|None,POINT,65.411,65.411,NA,,
AQ_Sctaeniopterus_TP_2021-06-17_110014,2025-06-23 18:05:35,,/Users/ally/Documents/johnson lab/parrotfish bites/AQ_Sctaeniopterus_TP_2021-06-17_110014_001.MP4,1162.090,23.98,No focal subject,Bite,Foraging,None|None|None,POINT,65.911,65.911,NA,,
AQ_Sctaeniopterus_TP_2021-06-17_110014,2025-06-23 18:05:35,,/Users/ally/Documents/johnson lab/parrotfish bites/AQ_Sctaeniopterus_TP_2021-06-17_110014_001.MP4,1162.090,23.98,No focal subject,Bite,Foraging,None|None|None,POINT,66.159,66.159,NA,,
AQ_Sctaeniopterus_TP_2021-06-17_110014,2025-06-23 18:05:35,,/Users/ally/Documents/johnson lab/parrotfish bites/AQ_Sctaeniopterus_TP_2021-06-17_110014_001.MP4,1162.090,23.98,No focal subject,Bite,Foraging,None|None|None,POINT,66.912,66.912,NA,,
AQ_Sctaeniopterus_TP_2021-06-17_110014,2025-06-23 18:05:35,,/Users/ally/Documents/johnson lab/parrotfish bites/AQ_Sctaeniopterus_TP_2021-06-17_110014_001.MP4,1162.090,23.98,No focal subject,Bite,Foraging,None|None|None,POINT,67.658,67.658,NA,,
AQ_Sctaeniopterus_TP_2021-06-17_110014,2025-06-23 18:05:35,,/Users/ally/Documents/johnson lab/parrotfish bites/AQ_Sctaeniopterus_TP_2021-06-17_110014_001.MP4,1162.090,23.98,No focal subject,Bite,Foraging,None|None|None,POINT,68.412,68.412,NA,,
AQ_Sctaeniopterus_TP_2021-06-17_110014,2025-06-23 18:05:35,,/Users/ally/Documents/johnson lab/parrotfish bites/AQ_Sctaeniopterus_TP_2021-06-17_110014_001.MP4,1162.090,23.98,No focal subject,Bite,Foraging,None|None|None,POINT,71.412,71.412,NA,,
AQ_Sctaeniopterus_TP_2021-06-17_110014,2025-06-23 18:05:35,,/Users/ally/Documents/johnson lab/parrotfish bites/AQ_Sctaeniopterus_TP_2021-06-17_110014_001.MP4,1162.090,23.98,No focal subject,Bite,Foraging,None|None|None,POINT,74.413,74.413,NA,,
AQ_Sctaeniopterus_TP_2021-06-17_110014,2025-06-23 18:05:35,,/Users/ally/Documents/johnson lab/parrotfish bites/AQ_Sctaeniopterus_TP_2021-06-17_110014_001.MP4,1162.090,23.98,No focal subject,Bite,Foraging,None|None|None,POINT,74.912,74.912,NA,,
AQ_Sctaeniopterus_TP_2021-06-17_110014,2025-06-23 18:05:35,,/Users/ally/Documents/johnson lab/parrotfish bites/AQ_Sctaeniopterus_TP_2021-06-17_110014_001.MP4,1162.090,23.98,No focal subject,Bite,Foraging,None|None|None,POINT,81.913,81.913,NA,,
AQ_Sctaeniopterus_TP_2021-06-17_110014,2025-06-23 18:05:35,,/Users/ally/Documents/johnson lab/parrotfish bites/AQ_Sctaeniopterus_TP_2021-06-17_110014_001.MP4,1162.090,23.98,No focal subject,Bite,Foraging,None|None|None,POINT,83.159,83.159,NA,,
AQ_Sctaeniopterus_TP_2021-06-17_110014,2025-06-23 18:05:35,,/Users/ally/Documents/johnson lab/parrotfish bites/AQ_Sctaeniopterus_TP_2021-06-17_110014_001.MP4,1162.090,23.98,No focal subject,Bite,Foraging,None|None|None,POINT,83.909,83.909,NA,,
AQ_Sctaeniopterus_TP_2021-06-17_110014,2025-06-23 18:05:35,,/Users/ally/Documents/johnson lab/parrotfish bites/AQ_Sctaeniopterus_TP_2021-06-17_110014_001.MP4,1162.090,23.98,No focal subject,Bite,Foraging,None|None|None,POINT,84.412,84.412,NA,,
AQ_Sctaeniopterus_TP_2021-06-17_110014,2025-06-23 18:05:35,,/Users/ally/Documents/johnson lab/parrotfish bites/AQ_Sctaeniopterus_TP_2021-06-17_110014_001.MP4,1162.090,23.98,No focal subject,Bite,Foraging,None|None|None,POINT,111.411,111.411,NA,,
AQ_Sctaeniopterus_TP_2021-06-17_110014,2025-06-23 18:05:35,,/Users/ally/Documents/johnson lab/parrotfish bites/AQ_Sctaeniopterus_TP_2021-06-17_110014_001.MP4,1162.090,23.98,No focal subject,Bite,Foraging,None|None|None,POINT,112.417,112.417,NA,,
AQ_Sctaeniopterus_TP_2021-06-17_110014,2025-06-23 18:05:35,,/Users/ally/Documents/johnson lab/parrotfish bites/AQ_Sctaeniopterus_TP_2021-06-17_110014_001.MP4,1162.090,23.98,No focal subject,Bite,Foraging,None|None|None,POINT,113.412,113.412,NA,,
AQ_Sctaeniopterus_TP_2021-06-17_110014,2025-06-23 18:05:35,,/Users/ally/Documents/johnson lab/parrotfish bites/AQ_Sctaeniopterus_TP_2021-06-17_110014_001.MP4,1162.090,23.98,No focal subject,Bite,Foraging,None|None|None,POINT,121.412,121.412,NA,,
AQ_Sctaeniopterus_TP_2021-06-17_110014,2025-06-23 18:05:35,,/Users/ally/Documents/johnson lab/parrotfish bites/AQ_Sctaeniopterus_TP_2021-06-17_110014_001.MP4,1162.090,23.98,No focal subject,Bite,Foraging,None|None|None,POINT,121.911,121.911,NA,,
AQ_Sctaeniopterus_TP_2021-06-17_110014,2025-06-23 18:05:35,,/Users/ally/Documents/johnson lab/parrotfish bites/AQ_Sctaeniopterus_TP_2021-06-17_110014_001.MP4,1162.090,23.98,No focal subject,Bite,Foraging,None|None|None,POINT,122.411,122.411,NA,,
AQ_Sctaeniopterus_TP_2021-06-17_110014,2025-06-23 18:05:35,,/Users/ally/Documents/johnson lab/parrotfish bites/AQ_Sctaeniopterus_TP_2021-06-17_110014_001.MP4,1162.090,23.98,No focal subject,Bite,Foraging,None|None|None,POINT,124.413,124.413,NA,,
AQ_Sctaeniopterus_TP_2021-06-17_110014,2025-06-23 18:05:35,,/Users/ally/Documents/johnson lab/parrotfish bites/AQ_Sctaeniopterus_TP_2021-06-17_110014_001.MP4,1162.090,23.98,No focal subject,Bite,Foraging,None|None|None,POINT,125.660,125.660,NA,,
AQ_Sctaeniopterus_TP_2021-06-17_110014,2025-06-23 18:05:35,,/Users/ally/Documents/johnson lab/parrotfish bites/AQ_Sctaeniopterus_TP_2021-06-17_110014_001.MP4,1162.090,23.98,No focal subject,Bite,Foraging,None|None|None,POINT,130.914,130.914,NA,,
AQ_Sctaeniopterus_TP_2021-06-17_110014,2025-06-23 18:05:35,,/Users/ally/Documents/johnson lab/parrotfish bites/AQ_Sctaeniopterus_TP_2021-06-17_110014_001.MP4,1162.090,23.98,No focal subject,Bite,Foraging,None|None|None,POINT,131.411,131.411,NA,,
AQ_Sctaeniopterus_TP_2021-06-17_110014,2025-06-23 18:05:35,,/Users/ally/Documents/johnson lab/parrotfish bites/AQ_Sctaeniopterus_TP_2021-06-17_110014_001.MP4,1162.090,23.98,No focal subject,Bite,Foraging,None|None|None,POINT,136.911,136.911,NA,,
AQ_Sctaeniopterus_TP_2021-06-17_110014,2025-06-23 18:05:35,,/Users/ally/Documents/johnson lab/parrotfish bites/AQ_Sctaeniopterus_TP_2021-06-17_110014_001.MP4,1162.090,23.98,No focal subject,Bite,Foraging,None|None|None,POINT,137.661,137.661,NA,,
AQ_Sctaeniopterus_TP_2021-06-17_110014,2025-06-23 18:05:35,,/Users/ally/Documents/johnson lab/parrotfish bites/AQ_Sctaeniopterus_TP_2021-06-17_110014_001.MP4,1162.090,23.98,No focal subject,Bite,Foraging,None|None|None,POINT,138.412,138.412,NA,,
AQ_Sctaeniopterus_TP_2021-06-17_110014,2025-06-23 18:05:35,,/Users/ally/Documents/johnson lab/parrotfish bites/AQ_Sctaeniopterus_TP_2021-06-17_110014_001.MP4,1162.090,23.98,No focal subject,Bite,Foraging,None|None|None,POINT,139.411,139.411,NA,,
AQ_Sctaeniopterus_TP_2021-06-17_110014,2025-06-23 18:05:35,,/Users/ally/Documents/johnson lab/parrotfish bites/AQ_Sctaeniopterus_TP_2021-06-17_110014_001.MP4,1162.090,23.98,No focal subject,Bite,Foraging,None|None|None,POINT,141.910,141.910,NA,,
AQ_Sctaeniopterus_TP_2021-06-17_110014,2025-06-23 18:05:35,,/Users/ally/Documents/johnson lab/parrotfish bites/AQ_Sctaeniopterus_TP_2021-06-17_110014_001.MP4,1162.090,23.98,No focal subject,Bite,Foraging,None|None|None,POINT,142.913,142.913,NA,,
AQ_Sctaeniopterus_TP_2021-06-17_110014,2025-06-23 18:05:35,,/Users/ally/Documents/johnson lab/parrotfish bites/AQ_Sctaeniopterus_TP_2021-06-17_110014_001.MP4,1162.090,23.98,No focal subject,Bite,Foraging,None|None|None,POINT,143.411,143.411,NA,,
AQ_Sctaeniopterus_TP_2021-06-17_110014,2025-06-23 18:05:35,,/Users/ally/Documents/johnson lab/parrotfish bites/AQ_Sctaeniopterus_TP_2021-06-17_110014_001.MP4,1162.090,23.98,No focal subject,Bite,Foraging,None|None|None,POINT,143.912,143.912,NA,,
AQ_Sctaeniopterus_TP_2021-06-17_110014,2025-06-23 18:05:35,,/Users/ally/Documents/johnson lab/parrotfish bites/AQ_Sctaeniopterus_TP_2021-06-17_110014_001.MP4,1162.090,23.98,No focal subject,Bite,Foraging,None|None|None,POINT,144.910,144.910,NA,,
AQ_Sctaeniopterus_TP_2021-06-17_110014,2025-06-23 18:05:35,,/Users/ally/Documents/johnson lab/parrotfish bites/AQ_Sctaeniopterus_TP_2021-06-17_110014_001.MP4,1162.090,23.98,No focal subject,Bite,Foraging,None|None|None,POINT,145.412,145.412,NA,,
AQ_Sctaeniopterus_TP_2021-06-17_110014,2025-06-23 18:05:35,,/Users/ally/Documents/johnson lab/parrotfish bites/AQ_Sctaeniopterus_TP_2021-06-17_110014_001.MP4,1162.090,23.98,No focal subject,Bite,Foraging,None|None|None,POINT,147.412,147.412,NA,,
AQ_Sctaeniopterus_TP_2021-06-17_110014,2025-06-23 18:05:35,,/Users/ally/Documents/johnson lab/parrotfish bites/AQ_Sctaeniopterus_TP_2021-06-17_110014_001.MP4,1162.090,23.98,No focal subject,Bite,Foraging,None|None|None,POINT,148.411,148.411,NA,,
AQ_Sctaeniopterus_TP_2021-06-17_110014,2025-06-23 18:05:35,,/Users/ally/Documents/johnson lab/parrotfish bites/AQ_Sctaeniopterus_TP_2021-06-17_110014_001.MP4,1162.090,23.98,No focal subject,Bite,Foraging,None|None|None,POINT,149.413,149.413,NA,,
AQ_Sctaeniopterus_TP_2021-06-17_110014,2025-06-23 18:05:35,,/Users/ally/Documents/johnson lab/parrotfish bites/AQ_Sctaeniopterus_TP_2021-06-17_110014_001.MP4,1162.090,23.98,No focal subject,Bite,Foraging,None|None|None,POINT,150.409,150.409,NA,,
AQ_Sctaeniopterus_TP_2021-06-17_110014,2025-06-23 18:05:35,,/Users/ally/Documents/johnson lab/parrotfish bites/AQ_Sctaeniopterus_TP_2021-06-17_110014_001.MP4,1162.090,23.98,No focal subject,Bite,Foraging,None|None|None,POINT,151.413,151.413,NA,,
AQ_Sctaeniopterus_TP_2021-06-17_110014,2025-06-23 18:05:35,,/Users/ally/Documents/johnson lab/parrotfish bites/AQ_Sctaeniopterus_TP_2021-06-17_110014_001.MP4,1162.090,23.98,No focal subject,Bite,Foraging,None|None|None,POINT,152.911,152.911,NA,,
AQ_Sctaeniopterus_TP_2021-06-17_110014,2025-06-23 18:05:35,,/Users/ally/Documents/johnson lab/parrotfish bites/AQ_Sctaeniopterus_TP_2021-06-17_110014_001.MP4,1162.090,23.98,No focal subject,Bite,Foraging,None|None|None,POINT,153.910,153.910,NA,,
AQ_Sctaeniopterus_TP_2021-06-17_110014,2025-06-23 18:05:35,,/Users/ally/Documents/johnson lab/parrotfish bites/AQ_Sctaeniopterus_TP_2021-06-17_110014_001.MP4,1162.090,23.98,No focal subject,Bite,Foraging,None|None|None,POINT,154.913,154.913,NA,,
AQ_Sctaeniopterus_TP_2021-06-17_110014,2025-06-23 18:05:35,,/Users/ally/Documents/johnson lab/parrotfish bites/AQ_Sctaeniopterus_TP_2021-06-17_110014_001.MP4,1162.090,23.98,No focal subject,Bite,Foraging,None|None|None,POINT,156.160,156.160,NA,,
AQ_Sctaeniopterus_TP_2021-06-17_110014,2025-06-23 18:05:35,,/Users/ally/Documents/johnson lab/parrotfish bites/AQ_Sctaeniopterus_TP_2021-06-17_110014_001.MP4,1162.090,23.98,No focal subject,Bite,Foraging,None|None|None,POINT,157.412,157.412,NA,,
AQ_Sctaeniopterus_TP_2021-06-17_110014,2025-06-23 18:05:35,,/Users/ally/Documents/johnson lab/parrotfish bites/AQ_Sctaeniopterus_TP_2021-06-17_110014_001.MP4,1162.090,23.98,No focal subject,Bite,Foraging,None|None|None,POINT,159.414,159.414,NA,,
AQ_Sctaeniopterus_TP_2021-06-17_110014,2025-06-23 18:05:35,,/Users/ally/Documents/johnson lab/parrotfish bites/AQ_Sctaeniopterus_TP_2021-06-17_110014_001.MP4,1162.090,23.98,No focal subject,Bite,Foraging,None|None|None,POINT,159.912,159.912,NA,,
AQ_Sctaeniopterus_TP_2021-06-17_110014,2025-06-23 18:05:35,,/Users/ally/Documents/johnson lab/parrotfish bites/AQ_Sctaeniopterus_TP_2021-06-17_110014_001.MP4,1162.090,23.98,No focal subject,Bite,Foraging,None|None|None,POINT,163.411,163.411,NA,,
AQ_Sctaeniopterus_TP_2021-06-17_110014,2025-06-23 18:05:35,,/Users/ally/Documents/johnson lab/parrotfish bites/AQ_Sctaeniopterus_TP_2021-06-17_110014_001.MP4,1162.090,23.98,No focal subject,Bite,Foraging,None|None|None,POINT,164.160,164.160,NA,,
AQ_Sctaeniopterus_TP_2021-06-17_110014,2025-06-23 18:05:35,,/Users/ally/Documents/johnson lab/parrotfish bites/AQ_Sctaeniopterus_TP_2021-06-17_110014_001.MP4,1162.090,23.98,No focal subject,Bite,Foraging,None|None|None,POINT,168.412,168.412,NA,,
AQ_Sctaeniopterus_TP_2021-06-17_110014,2025-06-23 18:05:35,,/Users/ally/Documents/johnson lab/parrotfish bites/AQ_Sctaeniopterus_TP_2021-06-17_110014_001.MP4,1162.090,23.98,No focal subject,Bite,Foraging,None|None|None,POINT,168.914,168.914,NA,,
AQ_Sctaeniopterus_TP_2021-06-17_110014,2025-06-23 18:05:35,,/Users/ally/Documents/johnson lab/parrotfish bites/AQ_Sctaeniopterus_TP_2021-06-17_110014_001.MP4,1162.090,23.98,No focal subject,Bite,Foraging,None|None|None,POINT,169.414,169.414,NA,,
AQ_Sctaeniopterus_TP_2021-06-17_110014,2025-06-23 18:05:35,,/Users/ally/Documents/johnson lab/parrotfish bites/AQ_Sctaeniopterus_TP_2021-06-17_110014_001.MP4,1162.090,23.98,No focal subject,Bite,Foraging,None|None|None,POINT,170.913,170.913,NA,,
AQ_Sctaeniopterus_TP_2021-06-17_110014,2025-06-23 18:05:35,,/Users/ally/Documents/johnson lab/parrotfish bites/AQ_Sctaeniopterus_TP_2021-06-17_110014_001.MP4,1162.090,23.98,No focal subject,Bite,Foraging,None|None|None,POINT,171.412,171.412,NA,,
AQ_Sctaeniopterus_TP_2021-06-17_110014,2025-06-23 18:05:35,,/Users/ally/Documents/johnson lab/parrotfish bites/AQ_Sctaeniopterus_TP_2021-06-17_110014_001.MP4,1162.090,23.98,No focal subject,Bite,Foraging,None|None|None,POINT,173.413,173.413,NA,,
AQ_Sctaeniopterus_TP_2021-06-17_110014,2025-06-23 18:05:35,,/Users/ally/Documents/johnson lab/parrotfish bites/AQ_Sctaeniopterus_TP_2021-06-17_110014_001.MP4,1162.090,23.98,No focal subject,Bite,Foraging,None|None|None,POINT,174.414,174.414,NA,,
AQ_Sctaeniopterus_TP_2021-06-17_110014,2025-06-23 18:05:35,,/Users/ally/Documents/johnson lab/parrotfish bites/AQ_Sctaeniopterus_TP_2021-06-17_110014_001.MP4,1162.090,23.98,No focal subject,Bite,Foraging,None|None|None,POINT,175.159,175.159,NA,,
AQ_Sctaeniopterus_TP_2021-06-17_110014,2025-06-23 18:05:35,,/Users/ally/Documents/johnson lab/parrotfish bites/AQ_Sctaeniopterus_TP_2021-06-17_110014_001.MP4,1162.090,23.98,No focal subject,Bite,Foraging,None|None|None,POINT,175.911,175.911,NA,,
AQ_Sctaeniopterus_TP_2021-06-17_110014,2025-06-23 18:05:35,,/Users/ally/Documents/johnson lab/parrotfish bites/AQ_Sctaeniopterus_TP_2021-06-17_110014_001.MP4,1162.090,23.98,No focal subject,Bite,Foraging,None|None|None,POINT,179.413,179.413,NA,,
AQ_Sctaeniopterus_TP_2021-06-17_110014,2025-06-23 18:05:35,,/Users/ally/Documents/johnson lab/parrotfish bites/AQ_Sctaeniopterus_TP_2021-06-17_110014_001.MP4,1162.090,23.98,No focal subject,Bite,Foraging,None|None|None,POINT,179.911,179.911,NA,,
AQ_Sctaeniopterus_TP_2021-06-17_110014,2025-06-23 18:05:35,,/Users/ally/Documents/johnson lab/parrotfish bites/AQ_Sctaeniopterus_TP_2021-06-17_110014_001.MP4,1162.090,23.98,No focal subject,Bite,Foraging,None|None|None,POINT,180.911,180.911,NA,,
AQ_Sctaeniopterus_TP_2021-06-17_110014,2025-06-23 18:05:35,,/Users/ally/Documents/johnson lab/parrotfish bites/AQ_Sctaeniopterus_TP_2021-06-17_110014_001.MP4,1162.090,23.98,No focal subject,Bite,Foraging,None|None|None,POINT,187.911,187.911,NA,,
AQ_Sctaeniopterus_TP_2021-06-17_110014,2025-06-23 18:05:35,,/Users/ally/Documents/johnson lab/parrotfish bites/AQ_Sctaeniopterus_TP_2021-06-17_110014_001.MP4,1162.090,23.98,No focal subject,Bite,Foraging,None|None|None,POINT,189.414,189.414,NA,,
AQ_Sctaeniopterus_TP_2021-06-17_110014,2025-06-23 18:05:35,,/Users/ally/Documents/johnson lab/parrotfish bites/AQ_Sctaeniopterus_TP_2021-06-17_110014_001.MP4,1162.090,23.98,No focal subject,Bite,Foraging,None|None|None,POINT,190.412,190.412,NA,,
AQ_Sctaeniopterus_TP_2021-06-17_110014,2025-06-23 18:05:35,,/Users/ally/Documents/johnson lab/parrotfish bites/AQ_Sctaeniopterus_TP_2021-06-17_110014_001.MP4,1162.090,23.98,No focal subject,Bite,Foraging,None|None|None,POINT,191.914,191.914,NA,,
AQ_Sctaeniopterus_TP_2021-06-17_110014,2025-06-23 18:05:35,,/Users/ally/Documents/johnson lab/parrotfish bites/AQ_Sctaeniopterus_TP_2021-06-17_110014_001.MP4,1162.090,23.98,No focal subject,Bite,Foraging,None|None|None,POINT,192.914,192.914,NA,,
AQ_Sctaeniopterus_TP_2021-06-17_110014,2025-06-23 18:05:35,,/Users/ally/Documents/johnson lab/parrotfish bites/AQ_Sctaeniopterus_TP_2021-06-17_110014_001.MP4,1162.090,23.98,No focal subject,Bite,Foraging,None|None|None,POINT,193.912,193.912,NA,,
AQ_Sctaeniopterus_TP_2021-06-17_110014,2025-06-23 18:05:35,,/Users/ally/Documents/johnson lab/parrotfish bites/AQ_Sctaeniopterus_TP_2021-06-17_110014_001.MP4,1162.090,23.98,No focal subject,Bite,Foraging,None|None|None,POINT,194.912,194.912,NA,,
AQ_Sctaeniopterus_TP_2021-06-17_110014,2025-06-23 18:05:35,,/Users/ally/Documents/johnson lab/parrotfish bites/AQ_Sctaeniopterus_TP_2021-06-17_110014_001.MP4,1162.090,23.98,No focal subject,Bite,Foraging,None|None|None,POINT,195.909,195.909,NA,,
AQ_Sctaeniopterus_TP_2021-06-17_110014,2025-06-23 18:05:35,,/Users/ally/Documents/johnson lab/parrotfish bites/AQ_Sctaeniopterus_TP_2021-06-17_110014_001.MP4,1162.090,23.98,No focal subject,Bite,Foraging,None|None|None,POINT,196.412,196.412,NA,,
AQ_Sctaeniopterus_TP_2021-06-17_110014,2025-06-23 18:05:35,,/Users/ally/Documents/johnson lab/parrotfish bites/AQ_Sctaeniopterus_TP_2021-06-17_110014_001.MP4,1162.090,23.98,No focal subject,Bite,Foraging,None|None|None,POINT,197.411,197.411,NA,,
AQ_Sctaeniopterus_TP_2021-06-17_110014,2025-06-23 18:05:35,,/Users/ally/Documents/johnson lab/parrotfish bites/AQ_Sctaeniopterus_TP_2021-06-17_110014_001.MP4,1162.090,23.98,No focal subject,Bite,Foraging,None|None|None,POINT,198.412,198.412,NA,,
AQ_Sctaeniopterus_TP_2021-06-17_110014,2025-06-23 18:05:35,,/Users/ally/Documents/johnson lab/parrotfish bites/AQ_Sctaeniopterus_TP_2021-06-17_110014_001.MP4,1162.090,23.98,No focal subject,Bite,Foraging,None|None|None,POINT,199.412,199.412,NA,,
AQ_Sctaeniopterus_TP_2021-06-17_110014,2025-06-23 18:05:35,,/Users/ally/Documents/johnson lab/parrotfish bites/AQ_Sctaeniopterus_TP_2021-06-17_110014_001.MP4,1162.090,23.98,No focal subject,Bite,Foraging,None|None|None,POINT,201.411,201.411,NA,,
AQ_Sctaeniopterus_TP_2021-06-17_110014,2025-06-23 18:05:35,,/Users/ally/Documents/johnson lab/parrotfish bites/AQ_Sctaeniopterus_TP_2021-06-17_110014_001.MP4,1162.090,23.98,No focal subject,Bite,Foraging,None|None|None,POINT,202.912,202.912,NA,,
AQ_Sctaeniopterus_TP_2021-06-17_110014,2025-06-23 18:05:35,,/Users/ally/Documents/johnson lab/parrotfish bites/AQ_Sctaeniopterus_TP_2021-06-17_110014_001.MP4,1162.090,23.98,No focal subject,Bite,Foraging,None|None|None,POINT,203.414,203.414,NA,,
AQ_Sctaeniopterus_TP_2021-06-17_110014,2025-06-23 18:05:35,,/Users/ally/Documents/johnson lab/parrotfish bites/AQ_Sctaeniopterus_TP_2021-06-17_110014_001.MP4,1162.090,23.98,No focal subject,Bite,Foraging,None|None|None,POINT,206.411,206.411,NA,,
AQ_Sctaeniopterus_TP_2021-06-17_110014,2025-06-23 18:05:35,,/Users/ally/Documents/johnson lab/parrotfish bites/AQ_Sctaeniopterus_TP_2021-06-17_110014_001.MP4,1162.090,23.98,No focal subject,Bite,Foraging,None|None|None,POINT,207.913,207.913,NA,,
AQ_Sctaeniopterus_TP_2021-06-17_110014,2025-06-23 18:05:35,,/Users/ally/Documents/johnson lab/parrotfish bites/AQ_Sctaeniopterus_TP_2021-06-17_110014_001.MP4,1162.090,23.98,No focal subject,Bite,Foraging,None|None|None,POINT,208.912,208.912,NA,,
AQ_Sctaeniopterus_TP_2021-06-17_110014,2025-06-23 18:05:35,,/Users/ally/Documents/johnson lab/parrotfish bites/AQ_Sctaeniopterus_TP_2021-06-17_110014_001.MP4,1162.090,23.98,No focal subject,Bite,Foraging,None|None|None,POINT,209.912,209.912,NA,,
AQ_Sctaeniopterus_TP_2021-06-17_110014,2025-06-23 18:05:35,,/Users/ally/Documents/johnson lab/parrotfish bites/AQ_Sctaeniopterus_TP_2021-06-17_110014_001.MP4,1162.090,23.98,No focal subject,Bite,Foraging,None|None|None,POINT,210.912,210.912,NA,,
AQ_Sctaeniopterus_TP_2021-06-17_110014,2025-06-23 18:05:35,,/Users/ally/Documents/johnson lab/parrotfish bites/AQ_Sctaeniopterus_TP_2021-06-17_110014_001.MP4,1162.090,23.98,No focal subject,Bite,Foraging,None|None|None,POINT,211.912,211.912,NA,,
AQ_Sctaeniopterus_TP_2021-06-17_110014,2025-06-23 18:05:35,,/Users/ally/Documents/johnson lab/parrotfish bites/AQ_Sctaeniopterus_TP_2021-06-17_110014_001.MP4,1162.090,23.98,No focal subject,Bite,Foraging,None|None|None,POINT,212.910,212.910,NA,,
AQ_Sctaeniopterus_TP_2021-06-17_110014,2025-06-23 18:05:35,,/Users/ally/Documents/johnson lab/parrotfish bites/AQ_Sctaeniopterus_TP_2021-06-17_110014_001.MP4,1162.090,23.98,No focal subject,Bite,Foraging,None|None|None,POINT,214.412,214.412,NA,,
AQ_Sctaeniopterus_TP_2021-06-17_110014,2025-06-23 18:05:35,,/Users/ally/Documents/johnson lab/parrotfish bites/AQ_Sctaeniopterus_TP_2021-06-17_110014_001.MP4,1162.090,23.98,No focal subject,Bite,Foraging,None|None|None,POINT,214.911,214.911,NA,,
AQ_Sctaeniopterus_TP_2021-06-17_110014,2025-06-23 18:05:35,,/Users/ally/Documents/johnson lab/parrotfish bites/AQ_Sctaeniopterus_TP_2021-06-17_110014_001.MP4,1162.090,23.98,No focal subject,Bite,Foraging,None|None|None,POINT,215.913,215.913,NA,,
AQ_Sctaeniopterus_TP_2021-06-17_110014,2025-06-23 18:05:35,,/Users/ally/Documents/johnson lab/parrotfish bites/AQ_Sctaeniopterus_TP_2021-06-17_110014_001.MP4,1162.090,23.98,No focal subject,Bite,Foraging,None|None|None,POINT,216.412,216.412,NA,,
AQ_Sctaeniopterus_TP_2021-06-17_110014,2025-06-23 18:05:35,,/Users/ally/Documents/johnson lab/parrotfish bites/AQ_Sctaeniopterus_TP_2021-06-17_110014_001.MP4,1162.090,23.98,No focal subject,Bite,Foraging,None|None|None,POINT,217.913,217.913,NA,,
AQ_Sctaeniopterus_TP_2021-06-17_110014,2025-06-23 18:05:35,,/Users/ally/Documents/johnson lab/parrotfish bites/AQ_Sctaeniopterus_TP_2021-06-17_110014_001.MP4,1162.090,23.98,No focal subject,Bite,Foraging,None|None|None,POINT,218.912,218.912,NA,,
AQ_Sctaeniopterus_TP_2021-06-17_110014,2025-06-23 18:05:35,,/Users/ally/Documents/johnson lab/parrotfish bites/AQ_Sctaeniopterus_TP_2021-06-17_110014_001.MP4,1162.090,23.98,No focal subject,Bite,Foraging,None|None|None,POINT,220.160,220.160,NA,,
AQ_Sctaeniopterus_TP_2021-06-17_110014,2025-06-23 18:05:35,,/Users/ally/Documents/johnson lab/parrotfish bites/AQ_Sctaeniopterus_TP_2021-06-17_110014_001.MP4,1162.090,23.98,No focal subject,Bite,Foraging,None|None|None,POINT,222.413,222.413,NA,,
AQ_Sctaeniopterus_TP_2021-06-17_110014,2025-06-23 18:05:35,,/Users/ally/Documents/johnson lab/parrotfish bites/AQ_Sctaeniopterus_TP_2021-06-17_110014_001.MP4,1162.090,23.98,No focal subject,Bite,Foraging,None|None|None,POINT,222.913,222.913,NA,,
AQ_Sctaeniopterus_TP_2021-06-17_110014,2025-06-23 18:05:35,,/Users/ally/Documents/johnson lab/parrotfish bites/AQ_Sctaeniopterus_TP_2021-06-17_110014_001.MP4,1162.090,23.98,No focal subject,Bite,Foraging,None|None|None,POINT,223.411,223.411,NA,,
AQ_Sctaeniopterus_TP_2021-06-17_110014,2025-06-23 18:05:35,,/Users/ally/Documents/johnson lab/parrotfish bites/AQ_Sctaeniopterus_TP_2021-06-17_110014_001.MP4,1162.090,23.98,No focal subject,Bite,Foraging,None|None|None,POINT,241.411,241.411,NA,,
AQ_Sctaeniopterus_TP_2021-06-17_110014,2025-06-23 18:05:35,,/Users/ally/Documents/johnson lab/parrotfish bites/AQ_Sctaeniopterus_TP_2021-06-17_110014_001.MP4,1162.090,23.98,No focal subject,Bite,Foraging,None|None|None,POINT,242.914,242.914,NA,,
AQ_Sctaeniopterus_TP_2021-06-17_110014,2025-06-23 18:05:35,,/Users/ally/Documents/johnson lab/parrotfish bites/AQ_Sctaeniopterus_TP_2021-06-17_110014_001.MP4,1162.090,23.98,No focal subject,Bite,Foraging,None|None|None,POINT,246.911,246.911,NA,,
AQ_Sctaeniopterus_TP_2021-06-17_110014,2025-06-23 18:05:35,,/Users/ally/Documents/johnson lab/parrotfish bites/AQ_Sctaeniopterus_TP_2021-06-17_110014_001.MP4,1162.090,23.98,No focal subject,Bite,Foraging,None|None|None,POINT,247.412,247.412,NA,,
AQ_Sctaeniopterus_TP_2021-06-17_110014,2025-06-23 18:05:35,,/Users/ally/Documents/johnson lab/parrotfish bites/AQ_Sctaeniopterus_TP_2021-06-17_110014_001.MP4,1162.090,23.98,No focal subject,Bite,Foraging,None|None|None,POINT,247.912,247.912,NA,,
AQ_Sctaeniopterus_TP_2021-06-17_110014,2025-06-23 18:05:35,,/Users/ally/Documents/johnson lab/parrotfish bites/AQ_Sctaeniopterus_TP_2021-06-17_110014_001.MP4,1162.090,23.98,No focal subject,Bite,Foraging,None|None|None,POINT,248.912,248.912,NA,,
AQ_Sctaeniopterus_TP_2021-06-17_110014,2025-06-23 18:05:35,,/Users/ally/Documents/johnson lab/parrotfish bites/AQ_Sctaeniopterus_TP_2021-06-17_110014_001.MP4,1162.090,23.98,No focal subject,Bite,Foraging,None|None|None,POINT,249.664,249.664,NA,,
AQ_Sctaeniopterus_TP_2021-06-17_110014,2025-06-23 18:05:35,,/Users/ally/Documents/johnson lab/parrotfish bites/AQ_Sctaeniopterus_TP_2021-06-17_110014_001.MP4,1162.090,23.98,No focal subject,Bite,Foraging,None|None|None,POINT,250.661,250.661,NA,,
AQ_Sctaeniopterus_TP_2021-06-17_110014,2025-06-23 18:05:35,,/Users/ally/Documents/johnson lab/parrotfish bites/AQ_Sctaeniopterus_TP_2021-06-17_110014_001.MP4,1162.090,23.98,No focal subject,Bite,Foraging,None|None|None,POINT,251.164,251.164,NA,,
AQ_Sctaeniopterus_TP_2021-06-17_110014,2025-06-23 18:05:35,,/Users/ally/Documents/johnson lab/parrotfish bites/AQ_Sctaeniopterus_TP_2021-06-17_110014_001.MP4,1162.090,23.98,No focal subject,Bite,Foraging,None|None|None,POINT,257.409,257.409,NA,,
AQ_Sctaeniopterus_TP_2021-06-17_110014,2025-06-23 18:05:35,,/Users/ally/Documents/johnson lab/parrotfish bites/AQ_Sctaeniopterus_TP_2021-06-17_110014_001.MP4,1162.090,23.98,No focal subject,Bite,Foraging,None|None|None,POINT,257.661,257.661,NA,,
AQ_Sctaeniopterus_TP_2021-06-17_110014,2025-06-23 18:05:35,,/Users/ally/Documents/johnson lab/parrotfish bites/AQ_Sctaeniopterus_TP_2021-06-17_110014_001.MP4,1162.090,23.98,No focal subject,Bite,Foraging,None|None|None,POINT,261.162,261.162,NA,,
AQ_Sctaeniopterus_TP_2021-06-17_110014,2025-06-23 18:05:35,,/Users/ally/Documents/johnson lab/parrotfish bites/AQ_Sctaeniopterus_TP_2021-06-17_110014_001.MP4,1162.090,23.98,No focal subject,Bite,Foraging,None|None|None,POINT,262.665,262.665,NA,,
AQ_Sctaeniopterus_TP_2021-06-17_110014,2025-06-23 18:05:35,,/Users/ally/Documents/johnson lab/parrotfish bites/AQ_Sctaeniopterus_TP_2021-06-17_110014_001.MP4,1162.090,23.98,No focal subject,Bite,Foraging,Feces|None|None,POINT,278.165,278.165,NA,,
AQ_Sctaeniopterus_TP_2021-06-17_110014,2025-06-23 18:05:35,,/Users/ally/Documents/johnson lab/parrotfish bites/AQ_Sctaeniopterus_TP_2021-06-17_110014_001.MP4,1162.090,23.98,No focal subject,Bite,Foraging,Feces|None|None,POINT,281.662,281.662,NA,,
AQ_Sctaeniopterus_TP_2021-06-17_110014,2025-06-23 18:05:35,,/Users/ally/Documents/johnson lab/parrotfish bites/AQ_Sctaeniopterus_TP_2021-06-17_110014_001.MP4,1162.090,23.98,No focal subject,Bite,Foraging,None|None|None,POINT,298.661,298.661,NA,,
AQ_Sctaeniopterus_TP_2021-06-17_110014,2025-06-23 18:05:35,,/Users/ally/Documents/johnson lab/parrotfish bites/AQ_Sctaeniopterus_TP_2021-06-17_110014_001.MP4,1162.090,23.98,No focal subject,Bite,Foraging,None|None|None,POINT,299.161,299.161,NA,,
AQ_Sctaeniopterus_TP_2021-06-17_110014,2025-06-23 18:05:35,,/Users/ally/Documents/johnson lab/parrotfish bites/AQ_Sctaeniopterus_TP_2021-06-17_110014_001.MP4,1162.090,23.98,No focal subject,Bite,Foraging,None|None|None,POINT,301.161,301.161,NA,,
AQ_Sctaeniopterus_TP_2021-06-17_110014,2025-06-23 18:05:35,,/Users/ally/Documents/johnson lab/parrotfish bites/AQ_Sctaeniopterus_TP_2021-06-17_110014_001.MP4,1162.090,23.98,No focal subject,Bite,Foraging,None|None|None,POINT,302.162,302.162,NA,,
AQ_Sctaeniopterus_TP_2021-06-17_110014,2025-06-23 18:05:35,,/Users/ally/Documents/johnson lab/parrotfish bites/AQ_Sctaeniopterus_TP_2021-06-17_110014_001.MP4,1162.090,23.98,No focal subject,Bite,Foraging,None|None|None,POINT,303.662,303.662,NA,,
AQ_Sctaeniopterus_TP_2021-06-17_110014,2025-06-23 18:05:35,,/Users/ally/Documents/johnson lab/parrotfish bites/AQ_Sctaeniopterus_TP_2021-06-17_110014_001.MP4,1162.090,23.98,No focal subject,Bite,Foraging,None|None|None,POINT,305.162,305.162,NA,,
AQ_Sctaeniopterus_TP_2021-06-17_110014,2025-06-23 18:05:35,,/Users/ally/Documents/johnson lab/parrotfish bites/AQ_Sctaeniopterus_TP_2021-06-17_110014_001.MP4,1162.090,23.98,No focal subject,Bite,Foraging,None|None|None,POINT,306.161,306.161,NA,,
AQ_Sctaeniopterus_TP_2021-06-17_110014,2025-06-23 18:05:35,,/Users/ally/Documents/johnson lab/parrotfish bites/AQ_Sctaeniopterus_TP_2021-06-17_110014_001.MP4,1162.090,23.98,No focal subject,Bite,Foraging,None|None|None,POINT,308.159,308.159,NA,,
AQ_Sctaeniopterus_TP_2021-06-17_110014,2025-06-23 18:05:35,,/Users/ally/Documents/johnson lab/parrotfish bites/AQ_Sctaeniopterus_TP_2021-06-17_110014_001.MP4,1162.090,23.98,No focal subject,Bite,Foraging,None|None|None,POINT,308.661,308.661,NA,,
AQ_Sctaeniopterus_TP_2021-06-17_110014,2025-06-23 18:05:35,,/Users/ally/Documents/johnson lab/parrotfish bites/AQ_Sctaeniopterus_TP_2021-06-17_110014_001.MP4,1162.090,23.98,No focal subject,Bite,Foraging,None|None|None,POINT,309.410,309.410,NA,,
AQ_Sctaeniopterus_TP_2021-06-17_110014,2025-06-23 18:05:35,,/Users/ally/Documents/johnson lab/parrotfish bites/AQ_Sctaeniopterus_TP_2021-06-17_110014_001.MP4,1162.090,23.98,No focal subject,Bite,Foraging,None|None|None,POINT,321.163,321.163,NA,,
AQ_Sctaeniopterus_TP_2021-06-17_110014,2025-06-23 18:05:35,,/Users/ally/Documents/johnson lab/parrotfish bites/AQ_Sctaeniopterus_TP_2021-06-17_110014_001.MP4,1162.090,23.98,No focal subject,Bite,Foraging,None|None|None,POINT,323.163,323.163,NA,,
AQ_Sctaeniopterus_TP_2021-06-17_110014,2025-06-23 18:05:35,,/Users/ally/Documents/johnson lab/parrotfish bites/AQ_Sctaeniopterus_TP_2021-06-17_110014_001.MP4,1162.090,23.98,No focal subject,Bite,Foraging,None|None|None,POINT,323.661,323.661,NA,,
AQ_Sctaeniopterus_TP_2021-06-17_110014,2025-06-23 18:05:35,,/Users/ally/Documents/johnson lab/parrotfish bites/AQ_Sctaeniopterus_TP_2021-06-17_110014_001.MP4,1162.090,23.98,No focal subject,Bite,Foraging,None|None|None,POINT,326.163,326.163,NA,,
AQ_Sctaeniopterus_TP_2021-06-17_110014,2025-06-23 18:05:35,,/Users/ally/Documents/johnson lab/parrotfish bites/AQ_Sctaeniopterus_TP_2021-06-17_110014_001.MP4,1162.090,23.98,No focal subject,Bite,Foraging,None|None|None,POINT,327.162,327.162,NA,,
AQ_Sctaeniopterus_TP_2021-06-17_110014,2025-06-23 18:05:35,,/Users/ally/Documents/johnson lab/parrotfish bites/AQ_Sctaeniopterus_TP_2021-06-17_110014_001.MP4,1162.090,23.98,No focal subject,Bite,Foraging,None|None|None,POINT,328.161,328.161,NA,,
AQ_Sctaeniopterus_TP_2021-06-17_110014,2025-06-23 18:05:35,,/Users/ally/Documents/johnson lab/parrotfish bites/AQ_Sctaeniopterus_TP_2021-06-17_110014_001.MP4,1162.090,23.98,No focal subject,Bite,Foraging,None|None|None,POINT,330.162,330.162,NA,,
AQ_Sctaeniopterus_TP_2021-06-17_110014,2025-06-23 18:05:35,,/Users/ally/Documents/johnson lab/parrotfish bites/AQ_Sctaeniopterus_TP_2021-06-17_110014_001.MP4,1162.090,23.98,No focal subject,Bite,Foraging,None|None|None,POINT,331.158,331.158,NA,,
AQ_Sctaeniopterus_TP_2021-06-17_110014,2025-06-23 18:05:35,,/Users/ally/Documents/johnson lab/parrotfish bites/AQ_Sctaeniopterus_TP_2021-06-17_110014_001.MP4,1162.090,23.98,No focal subject,Bite,Foraging,None|None|None,POINT,335.161,335.161,NA,,
AQ_Sctaeniopterus_TP_2021-06-17_110014,2025-06-23 18:05:35,,/Users/ally/Documents/johnson lab/parrotfish bites/AQ_Sctaeniopterus_TP_2021-06-17_110014_001.MP4,1162.090,23.98,No focal subject,Bite,Foraging,None|None|None,POINT,337.410,337.410,NA,,
AQ_Sctaeniopterus_TP_2021-06-17_110014,2025-06-23 18:05:35,,/Users/ally/Documents/johnson lab/parrotfish bites/AQ_Sctaeniopterus_TP_2021-06-17_110014_001.MP4,1162.090,23.98,No focal subject,Bite,Foraging,None|None|None,POINT,337.661,337.661,NA,,
AQ_Sctaeniopterus_TP_2021-06-17_110014,2025-06-23 18:05:35,,/Users/ally/Documents/johnson lab/parrotfish bites/AQ_Sctaeniopterus_TP_2021-06-17_110014_001.MP4,1162.090,23.98,No focal subject,Bite,Foraging,None|None|None,POINT,338.409,338.409,NA,,
AQ_Sctaeniopterus_TP_2021-06-17_110014,2025-06-23 18:05:35,,/Users/ally/Documents/johnson lab/parrotfish bites/AQ_Sctaeniopterus_TP_2021-06-17_110014_001.MP4,1162.090,23.98,No focal subject,Bite,Foraging,None|None|None,POINT,339.661,339.661,NA,,
AQ_Sctaeniopterus_TP_2021-06-17_110014,2025-06-23 18:05:35,,/Users/ally/Documents/johnson lab/parrotfish bites/AQ_Sctaeniopterus_TP_2021-06-17_110014_001.MP4,1162.090,23.98,No focal subject,Bite,Foraging,None|None|None,POINT,340.162,340.162,NA,,
AQ_Sctaeniopterus_TP_2021-06-17_110014,2025-06-23 18:05:35,,/Users/ally/Documents/johnson lab/parrotfish bites/AQ_Sctaeniopterus_TP_2021-06-17_110014_001.MP4,1162.090,23.98,No focal subject,Bite,Foraging,None|None|None,POINT,340.661,340.661,NA,,
AQ_Sctaeniopterus_TP_2021-06-17_110014,2025-06-23 18:05:35,,/Users/ally/Documents/johnson lab/parrotfish bites/AQ_Sctaeniopterus_TP_2021-06-17_110014_001.MP4,1162.090,23.98,No focal subject,Bite,Foraging,None|None|None,POINT,341.161,341.161,NA,,
AQ_Sctaeniopterus_TP_2021-06-17_110014,2025-06-23 18:05:35,,/Users/ally/Documents/johnson lab/parrotfish bites/AQ_Sctaeniopterus_TP_2021-06-17_110014_001.MP4,1162.090,23.98,No focal subject,Bite,Foraging,None|None|None,POINT,342.162,342.162,NA,,
AQ_Sctaeniopterus_TP_2021-06-17_110014,2025-06-23 18:05:35,,/Users/ally/Documents/johnson lab/parrotfish bites/AQ_Sctaeniopterus_TP_2021-06-17_110014_001.MP4,1162.090,23.98,No focal subject,Bite,Foraging,None|None|None,POINT,346.662,346.662,NA,,
AQ_Sctaeniopterus_TP_2021-06-17_110014,2025-06-23 18:05:35,,/Users/ally/Documents/johnson lab/parrotfish bites/AQ_Sctaeniopterus_TP_2021-06-17_110014_001.MP4,1162.090,23.98,No focal subject,Bite,Foraging,None|None|None,POINT,348.657,348.657,NA,,
AQ_Sctaeniopterus_TP_2021-06-17_110014,2025-06-23 18:05:35,,/Users/ally/Documents/johnson lab/parrotfish bites/AQ_Sctaeniopterus_TP_2021-06-17_110014_001.MP4,1162.090,23.98,No focal subject,Bite,Foraging,None|None|None,POINT,352.162,352.162,NA,,
AQ_Sctaeniopterus_TP_2021-06-17_110014,2025-06-23 18:05:35,,/Users/ally/Documents/johnson lab/parrotfish bites/AQ_Sctaeniopterus_TP_2021-06-17_110014_001.MP4,1162.090,23.98,No focal subject,Bite,Foraging,None|None|None,POINT,353.162,353.162,NA,,
AQ_Sctaeniopterus_TP_2021-06-17_110014,2025-06-23 18:05:35,,/Users/ally/Documents/johnson lab/parrotfish bites/AQ_Sctaeniopterus_TP_2021-06-17_110014_001.MP4,1162.090,23.98,No focal subject,Bite,Foraging,None|None|None,POINT,355.160,355.160,NA,,
AQ_Sctaeniopterus_TP_2021-06-17_110014,2025-06-23 18:05:35,,/Users/ally/Documents/johnson lab/parrotfish bites/AQ_Sctaeniopterus_TP_2021-06-17_110014_001.MP4,1162.090,23.98,No focal subject,Bite,Foraging,None|None|None,POINT,358.411,358.411,NA,,
AQ_Sctaeniopterus_TP_2021-06-17_110014,2025-06-23 18:05:35,,/Users/ally/Documents/johnson lab/parrotfish bites/AQ_Sctaeniopterus_TP_2021-06-17_110014_001.MP4,1162.090,23.98,No focal subject,Bite,Foraging,None|None|None,POINT,359.662,359.662,NA,,
AQ_Sctaeniopterus_TP_2021-06-17_110014,2025-06-23 18:05:35,,/Users/ally/Documents/johnson lab/parrotfish bites/AQ_Sctaeniopterus_TP_2021-06-17_110014_001.MP4,1162.090,23.98,No focal subject,Bite,Foraging,None|None|None,POINT,360.662,360.662,NA,,
AQ_Sctaeniopterus_TP_2021-06-17_110014,2025-06-23 18:05:35,,/Users/ally/Documents/johnson lab/parrotfish bites/AQ_Sctaeniopterus_TP_2021-06-17_110014_001.MP4,1162.090,23.98,No focal subject,Bite,Foraging,None|None|None,POINT,361.661,361.661,NA,,
AQ_Sctaeniopterus_TP_2021-06-17_110014,2025-06-23 18:05:35,,/Users/ally/Documents/johnson lab/parrotfish bites/AQ_Sctaeniopterus_TP_2021-06-17_110014_001.MP4,1162.090,23.98,No focal subject,Bite,Foraging,None|None|None,POINT,364.161,364.161,NA,,
AQ_Sctaeniopterus_TP_2021-06-17_110014,2025-06-23 18:05:35,,/Users/ally/Documents/johnson lab/parrotfish bites/AQ_Sctaeniopterus_TP_2021-06-17_110014_001.MP4,1162.090,23.98,No focal subject,Bite,Foraging,None|None|None,POINT,364.662,364.662,NA,,
AQ_Sctaeniopterus_TP_2021-06-17_110014,2025-06-23 18:05:35,,/Users/ally/Documents/johnson lab/parrotfish bites/AQ_Sctaeniopterus_TP_2021-06-17_110014_001.MP4,1162.090,23.98,No focal subject,Bite,Foraging,None|None|None,POINT,366.657,366.657,NA,,
AQ_Sctaeniopterus_TP_2021-06-17_110014,2025-06-23 18:05:35,,/Users/ally/Documents/johnson lab/parrotfish bites/AQ_Sctaeniopterus_TP_2021-06-17_110014_001.MP4,1162.090,23.98,No focal subject,Bite,Foraging,None|None|None,POINT,367.662,367.662,NA,,
AQ_Sctaeniopterus_TP_2021-06-17_110014,2025-06-23 18:05:35,,/Users/ally/Documents/johnson lab/parrotfish bites/AQ_Sctaeniopterus_TP_2021-06-17_110014_001.MP4,1162.090,23.98,No focal subject,Bite,Foraging,None|None|None,POINT,371.162,371.162,NA,,
AQ_Sctaeniopterus_TP_2021-06-17_110014,2025-06-23 18:05:35,,/Users/ally/Documents/johnson lab/parrotfish bites/AQ_Sctaeniopterus_TP_2021-06-17_110014_001.MP4,1162.090,23.98,No focal subject,Bite,Foraging,None|None|None,POINT,371.661,371.661,NA,,
AQ_Sctaeniopterus_TP_2021-06-17_110014,2025-06-23 18:05:35,,/Users/ally/Documents/johnson lab/parrotfish bites/AQ_Sctaeniopterus_TP_2021-06-17_110014_001.MP4,1162.090,23.98,No focal subject,Bite,Foraging,None|None|None,POINT,372.661,372.661,NA,,
AQ_Sctaeniopterus_TP_2021-06-17_110014,2025-06-23 18:05:35,,/Users/ally/Documents/johnson lab/parrotfish bites/AQ_Sctaeniopterus_TP_2021-06-17_110014_001.MP4,1162.090,23.98,No focal subject,Bite,Foraging,None|None|None,POINT,373.162,373.162,NA,,
AQ_Sctaeniopterus_TP_2021-06-17_110014,2025-06-23 18:05:35,,/Users/ally/Documents/johnson lab/parrotfish bites/AQ_Sctaeniopterus_TP_2021-06-17_110014_001.MP4,1162.090,23.98,No focal subject,Bite,Foraging,None|None|None,POINT,374.664,374.664,NA,,
AQ_Sctaeniopterus_TP_2021-06-17_110014,2025-06-23 18:05:35,,/Users/ally/Documents/johnson lab/parrotfish bites/AQ_Sctaeniopterus_TP_2021-06-17_110014_001.MP4,1162.090,23.98,No focal subject,Bite,Foraging,None|None|None,POINT,375.163,375.163,NA,,
AQ_Sctaeniopterus_TP_2021-06-17_110014,2025-06-23 18:05:35,,/Users/ally/Documents/johnson lab/parrotfish bites/AQ_Sctaeniopterus_TP_2021-06-17_110014_001.MP4,1162.090,23.98,No focal subject,Bite,Foraging,None|None|None,POINT,376.162,376.162,NA,,
AQ_Sctaeniopterus_TP_2021-06-17_110014,2025-06-23 18:05:35,,/Users/ally/Documents/johnson lab/parrotfish bites/AQ_Sctaeniopterus_TP_2021-06-17_110014_001.MP4,1162.090,23.98,No focal subject,Bite,Foraging,None|None|None,POINT,377.159,377.159,NA,,
AQ_Sctaeniopterus_TP_2021-06-17_110014,2025-06-23 18:05:35,,/Users/ally/Documents/johnson lab/parrotfish bites/AQ_Sctaeniopterus_TP_2021-06-17_110014_001.MP4,1162.090,23.98,No focal subject,Bite,Foraging,None|None|None,POINT,397.163,397.163,NA,,
AQ_Sctaeniopterus_TP_2021-06-17_110014,2025-06-23 18:05:35,,/Users/ally/Documents/johnson lab/parrotfish bites/AQ_Sctaeniopterus_TP_2021-06-17_110014_001.MP4,1162.090,23.98,No focal subject,Bite,Foraging,None|None|None,POINT,397.662,397.662,NA,,
AQ_Sctaeniopterus_TP_2021-06-17_110014,2025-06-23 18:05:35,,/Users/ally/Documents/johnson lab/parrotfish bites/AQ_Sctaeniopterus_TP_2021-06-17_110014_001.MP4,1162.090,23.98,No focal subject,Bite,Foraging,None|None|None,POINT,407.664,407.664,NA,,
AQ_Sctaeniopterus_TP_2021-06-17_110014,2025-06-23 18:05:35,,/Users/ally/Documents/johnson lab/parrotfish bites/AQ_Sctaeniopterus_TP_2021-06-17_110014_001.MP4,1162.090,23.98,No focal subject,Bite,Foraging,None|None|None,POINT,408.661,408.661,NA,,
AQ_Sctaeniopterus_TP_2021-06-17_110014,2025-06-23 18:05:35,,/Users/ally/Documents/johnson lab/parrotfish bites/AQ_Sctaeniopterus_TP_2021-06-17_110014_001.MP4,1162.090,23.98,No focal subject,Bite,Foraging,None|None|None,POINT,409.662,409.662,NA,,
AQ_Sctaeniopterus_TP_2021-06-17_110014,2025-06-23 18:05:35,,/Users/ally/Documents/johnson lab/parrotfish bites/AQ_Sctaeniopterus_TP_2021-06-17_110014_001.MP4,1162.090,23.98,No focal subject,Bite,Foraging,None|None|None,POINT,411.664,411.664,NA,,
AQ_Sctaeniopterus_TP_2021-06-17_110014,2025-06-23 18:05:35,,/Users/ally/Documents/johnson lab/parrotfish bites/AQ_Sctaeniopterus_TP_2021-06-17_110014_001.MP4,1162.090,23.98,No focal subject,Bite,Foraging,None|None|None,POINT,412.161,412.161,NA,,
AQ_Sctaeniopterus_TP_2021-06-17_110014,2025-06-23 18:05:35,,/Users/ally/Documents/johnson lab/parrotfish bites/AQ_Sctaeniopterus_TP_2021-06-17_110014_001.MP4,1162.090,23.98,No focal subject,Bite,Foraging,None|None|None,POINT,415.163,415.163,NA,,
AQ_Sctaeniopterus_TP_2021-06-17_110014,2025-06-23 18:05:35,,/Users/ally/Documents/johnson lab/parrotfish bites/AQ_Sctaeniopterus_TP_2021-06-17_110014_001.MP4,1162.090,23.98,No focal subject,Bite,Foraging,None|None|None,POINT,417.163,417.163,NA,,
AQ_Sctaeniopterus_TP_2021-06-17_110014,2025-06-23 18:05:35,,/Users/ally/Documents/johnson lab/parrotfish bites/AQ_Sctaeniopterus_TP_2021-06-17_110014_001.MP4,1162.090,23.98,No focal subject,Bite,Foraging,None|None|None,POINT,418.660,418.660,NA,,
AQ_Sctaeniopterus_TP_2021-06-17_110014,2025-06-23 18:05:35,,/Users/ally/Documents/johnson lab/parrotfish bites/AQ_Sctaeniopterus_TP_2021-06-17_110014_001.MP4,1162.090,23.98,No focal subject,Bite,Foraging,None|None|None,POINT,419.161,419.161,NA,,
AQ_Sctaeniopterus_TP_2021-06-17_110014,2025-06-23 18:05:35,,/Users/ally/Documents/johnson lab/parrotfish bites/AQ_Sctaeniopterus_TP_2021-06-17_110014_001.MP4,1162.090,23.98,No focal subject,Bite,Foraging,None|None|None,POINT,421.662,421.662,NA,,
AQ_Sctaeniopterus_TP_2021-06-17_110014,2025-06-23 18:05:35,,/Users/ally/Documents/johnson lab/parrotfish bites/AQ_Sctaeniopterus_TP_2021-06-17_110014_001.MP4,1162.090,23.98,No focal subject,Bite,Foraging,None|None|None,POINT,424.409,424.409,NA,,
AQ_Sctaeniopterus_TP_2021-06-17_110014,2025-06-23 18:05:35,,/Users/ally/Documents/johnson lab/parrotfish bites/AQ_Sctaeniopterus_TP_2021-06-17_110014_001.MP4,1162.090,23.98,No focal subject,Bite,Foraging,None|None|None,POINT,425.162,425.162,NA,,
AQ_Sctaeniopterus_TP_2021-06-17_110014,2025-06-23 18:05:35,,/Users/ally/Documents/johnson lab/parrotfish bites/AQ_Sctaeniopterus_TP_2021-06-17_110014_001.MP4,1162.090,23.98,No focal subject,Bite,Foraging,None|None|None,POINT,427.160,427.160,NA,,
AQ_Sctaeniopterus_TP_2021-06-17_110014,2025-06-23 18:05:35,,/Users/ally/Documents/johnson lab/parrotfish bites/AQ_Sctaeniopterus_TP_2021-06-17_110014_001.MP4,1162.090,23.98,No focal subject,Bite,Foraging,None|None|None,POINT,428.410,428.410,NA,,
AQ_Sctaeniopterus_TP_2021-06-17_110014,2025-06-23 18:05:35,,/Users/ally/Documents/johnson lab/parrotfish bites/AQ_Sctaeniopterus_TP_2021-06-17_110014_001.MP4,1162.090,23.98,No focal subject,Bite,Foraging,None|None|None,POINT,439.663,439.663,NA,,
AQ_Sctaeniopterus_TP_2021-06-17_110014,2025-06-23 18:05:35,,/Users/ally/Documents/johnson lab/parrotfish bites/AQ_Sctaeniopterus_TP_2021-06-17_110014_001.MP4,1162.090,23.98,No focal subject,Bite,Foraging,None|None|None,POINT,440.163,440.163,NA,,
AQ_Sctaeniopterus_TP_2021-06-17_110014,2025-06-23 18:05:35,,/Users/ally/Documents/johnson lab/parrotfish bites/AQ_Sctaeniopterus_TP_2021-06-17_110014_001.MP4,1162.090,23.98,No focal subject,Bite,Foraging,None|None|None,POINT,440.662,440.662,NA,,
AQ_Sctaeniopterus_TP_2021-06-17_110014,2025-06-23 18:05:35,,/Users/ally/Documents/johnson lab/parrotfish bites/AQ_Sctaeniopterus_TP_2021-06-17_110014_001.MP4,1162.090,23.98,No focal subject,Bite,Foraging,None|None|None,POINT,441.661,441.661,NA,,
AQ_Sctaeniopterus_TP_2021-06-17_110014,2025-06-23 18:05:35,,/Users/ally/Documents/johnson lab/parrotfish bites/AQ_Sctaeniopterus_TP_2021-06-17_110014_001.MP4,1162.090,23.98,No focal subject,Bite,Foraging,None|None|None,POINT,442.661,442.661,NA,,
AQ_Sctaeniopterus_TP_2021-06-17_110014,2025-06-23 18:05:35,,/Users/ally/Documents/johnson lab/parrotfish bites/AQ_Sctaeniopterus_TP_2021-06-17_110014_001.MP4,1162.090,23.98,No focal subject,Bite,Foraging,None|None|None,POINT,443.660,443.660,NA,,
AQ_Sctaeniopterus_TP_2021-06-17_110014,2025-06-23 18:05:35,,/Users/ally/Documents/johnson lab/parrotfish bites/AQ_Sctaeniopterus_TP_2021-06-17_110014_001.MP4,1162.090,23.98,No focal subject,Bite,Foraging,None|None|None,POINT,445.662,445.662,NA,,
AQ_Sctaeniopterus_TP_2021-06-17_110014,2025-06-23 18:05:35,,/Users/ally/Documents/johnson lab/parrotfish bites/AQ_Sctaeniopterus_TP_2021-06-17_110014_001.MP4,1162.090,23.98,No focal subject,Bite,Foraging,None|None|None,POINT,446.661,446.661,NA,,
AQ_Sctaeniopterus_TP_2021-06-17_110014,2025-06-23 18:05:35,,/Users/ally/Documents/johnson lab/parrotfish bites/AQ_Sctaeniopterus_TP_2021-06-17_110014_001.MP4,1162.090,23.98,No focal subject,Bite,Foraging,None|None|None,POINT,447.662,447.662,NA,,
AQ_Sctaeniopterus_TP_2021-06-17_110014,2025-06-23 18:05:35,,/Users/ally/Documents/johnson lab/parrotfish bites/AQ_Sctaeniopterus_TP_2021-06-17_110014_001.MP4,1162.090,23.98,No focal subject,Bite,Foraging,None|None|None,POINT,449.163,449.163,NA,,
AQ_Sctaeniopterus_TP_2021-06-17_110014,2025-06-23 18:05:35,,/Users/ally/Documents/johnson lab/parrotfish bites/AQ_Sctaeniopterus_TP_2021-06-17_110014_001.MP4,1162.090,23.98,No focal subject,Bite,Foraging,None|None|None,POINT,463.162,463.162,NA,,
AQ_Sctaeniopterus_TP_2021-06-17_110014,2025-06-23 18:05:35,,/Users/ally/Documents/johnson lab/parrotfish bites/AQ_Sctaeniopterus_TP_2021-06-17_110014_001.MP4,1162.090,23.98,No focal subject,Bite,Foraging,None|None|None,POINT,463.661,463.661,NA,,
AQ_Sctaeniopterus_TP_2021-06-17_110014,2025-06-23 18:05:35,,/Users/ally/Documents/johnson lab/parrotfish bites/AQ_Sctaeniopterus_TP_2021-06-17_110014_001.MP4,1162.090,23.98,No focal subject,Bite,Foraging,None|None|None,POINT,465.161,465.161,NA,,
AQ_Sctaeniopterus_TP_2021-06-17_110014,2025-06-23 18:05:35,,/Users/ally/Documents/johnson lab/parrotfish bites/AQ_Sctaeniopterus_TP_2021-06-17_110014_001.MP4,1162.090,23.98,No focal subject,Bite,Foraging,None|None|None,POINT,466.662,466.662,NA,,
AQ_Sctaeniopterus_TP_2021-06-17_110014,2025-06-23 18:05:35,,/Users/ally/Documents/johnson lab/parrotfish bites/AQ_Sctaeniopterus_TP_2021-06-17_110014_001.MP4,1162.090,23.98,No focal subject,Bite,Foraging,None|None|None,POINT,467.161,467.161,NA,,
AQ_Sctaeniopterus_TP_2021-06-17_110014,2025-06-23 18:05:35,,/Users/ally/Documents/johnson lab/parrotfish bites/AQ_Sctaeniopterus_TP_2021-06-17_110014_001.MP4,1162.090,23.98,No focal subject,Bite,Foraging,None|None|None,POINT,469.164,469.164,NA,,
AQ_Sctaeniopterus_TP_2021-06-17_110014,2025-06-23 18:05:35,,/Users/ally/Documents/johnson lab/parrotfish bites/AQ_Sctaeniopterus_TP_2021-06-17_110014_001.MP4,1162.090,23.98,No focal subject,Bite,Foraging,None|None|None,POINT,476.663,476.663,NA,,
AQ_Sctaeniopterus_TP_2021-06-17_110014,2025-06-23 18:05:35,,/Users/ally/Documents/johnson lab/parrotfish bites/AQ_Sctaeniopterus_TP_2021-06-17_110014_001.MP4,1162.090,23.98,No focal subject,Bite,Foraging,None|None|None,POINT,478.161,478.161,NA,,
AQ_Sctaeniopterus_TP_2021-06-17_110014,2025-06-23 18:05:35,,/Users/ally/Documents/johnson lab/parrotfish bites/AQ_Sctaeniopterus_TP_2021-06-17_110014_001.MP4,1162.090,23.98,No focal subject,Bite,Foraging,None|None|None,POINT,479.163,479.163,NA,,
AQ_Sctaeniopterus_TP_2021-06-17_110014,2025-06-23 18:05:35,,/Users/ally/Documents/johnson lab/parrotfish bites/AQ_Sctaeniopterus_TP_2021-06-17_110014_001.MP4,1162.090,23.98,No focal subject,Bite,Foraging,None|None|None,POINT,483.662,483.662,NA,,
AQ_Sctaeniopterus_TP_2021-06-17_110014,2025-06-23 18:05:35,,/Users/ally/Documents/johnson lab/parrotfish bites/AQ_Sctaeniopterus_TP_2021-06-17_110014_001.MP4,1162.090,23.98,No focal subject,Bite,Foraging,None|None|None,POINT,484.410,484.410,NA,,
AQ_Sctaeniopterus_TP_2021-06-17_110014,2025-06-23 18:05:35,,/Users/ally/Documents/johnson lab/parrotfish bites/AQ_Sctaeniopterus_TP_2021-06-17_110014_001.MP4,1162.090,23.98,No focal subject,Bite,Foraging,None|None|None,POINT,485.410,485.410,NA,,
AQ_Sctaeniopterus_TP_2021-06-17_110014,2025-06-23 18:05:35,,/Users/ally/Documents/johnson lab/parrotfish bites/AQ_Sctaeniopterus_TP_2021-06-17_110014_001.MP4,1162.090,23.98,No focal subject,Bite,Foraging,None|None|None,POINT,485.910,485.910,NA,,
AQ_Sctaeniopterus_TP_2021-06-17_110014,2025-06-23 18:05:35,,/Users/ally/Documents/johnson lab/parrotfish bites/AQ_Sctaeniopterus_TP_2021-06-17_110014_001.MP4,1162.090,23.98,No focal subject,Bite,Foraging,None|None|None,POINT,486.662,486.662,NA,,
AQ_Sctaeniopterus_TP_2021-06-17_110014,2025-06-23 18:05:35,,/Users/ally/Documents/johnson lab/parrotfish bites/AQ_Sctaeniopterus_TP_2021-06-17_110014_001.MP4,1162.090,23.98,No focal subject,Bite,Foraging,None|None|None,POINT,487.657,487.657,NA,,
AQ_Sctaeniopterus_TP_2021-06-17_110014,2025-06-23 18:05:35,,/Users/ally/Documents/johnson lab/parrotfish bites/AQ_Sctaeniopterus_TP_2021-06-17_110014_001.MP4,1162.090,23.98,No focal subject,Bite,Foraging,None|None|None,POINT,488.662,488.662,NA,,
AQ_Sctaeniopterus_TP_2021-06-17_110014,2025-06-23 18:05:35,,/Users/ally/Documents/johnson lab/parrotfish bites/AQ_Sctaeniopterus_TP_2021-06-17_110014_001.MP4,1162.090,23.98,No focal subject,Bite,Foraging,None|None|None,POINT,489.161,489.161,NA,,
AQ_Sctaeniopterus_TP_2021-06-17_110014,2025-06-23 18:05:35,,/Users/ally/Documents/johnson lab/parrotfish bites/AQ_Sctaeniopterus_TP_2021-06-17_110014_001.MP4,1162.090,23.98,No focal subject,Bite,Foraging,None|None|None,POINT,490.410,490.410,NA,,
AQ_Sctaeniopterus_TP_2021-06-17_110014,2025-06-23 18:05:35,,/Users/ally/Documents/johnson lab/parrotfish bites/AQ_Sctaeniopterus_TP_2021-06-17_110014_001.MP4,1162.090,23.98,No focal subject,Bite,Foraging,None|None|None,POINT,491.663,491.663,NA,,
AQ_Sctaeniopterus_TP_2021-06-17_110014,2025-06-23 18:05:35,,/Users/ally/Documents/johnson lab/parrotfish bites/AQ_Sctaeniopterus_TP_2021-06-17_110014_001.MP4,1162.090,23.98,No focal subject,Bite,Foraging,None|None|None,POINT,510.912,510.912,NA,,
AQ_Sctaeniopterus_TP_2021-06-17_110014,2025-06-23 18:05:35,,/Users/ally/Documents/johnson lab/parrotfish bites/AQ_Sctaeniopterus_TP_2021-06-17_110014_001.MP4,1162.090,23.98,No focal subject,Bite,Foraging,None|None|None,POINT,517.412,517.412,NA,,
AQ_Sctaeniopterus_TP_2021-06-17_110014,2025-06-23 18:05:35,,/Users/ally/Documents/johnson lab/parrotfish bites/AQ_Sctaeniopterus_TP_2021-06-17_110014_001.MP4,1162.090,23.98,No focal subject,Bite,Foraging,None|None|None,POINT,519.912,519.912,NA,,
AQ_Sctaeniopterus_TP_2021-06-17_110014,2025-06-23 18:05:35,,/Users/ally/Documents/johnson lab/parrotfish bites/AQ_Sctaeniopterus_TP_2021-06-17_110014_001.MP4,1162.090,23.98,No focal subject,Bite,Foraging,None|None|None,POINT,522.161,522.161,NA,,
AQ_Sctaeniopterus_TP_2021-06-17_110014,2025-06-23 18:05:35,,/Users/ally/Documents/johnson lab/parrotfish bites/AQ_Sctaeniopterus_TP_2021-06-17_110014_001.MP4,1162.090,23.98,No focal subject,Bite,Foraging,None|None|None,POINT,523.412,523.412,NA,,
AQ_Sctaeniopterus_TP_2021-06-17_110014,2025-06-23 18:05:35,,/Users/ally/Documents/johnson lab/parrotfish bites/AQ_Sctaeniopterus_TP_2021-06-17_110014_001.MP4,1162.090,23.98,No focal subject,Bite,Foraging,None|None|None,POINT,537.911,537.911,NA,,
AQ_Sctaeniopterus_TP_2021-06-17_110014,2025-06-23 18:05:35,,/Users/ally/Documents/johnson lab/parrotfish bites/AQ_Sctaeniopterus_TP_2021-06-17_110014_001.MP4,1162.090,23.98,No focal subject,Bite,Foraging,None|None|None,POINT,538.911,538.911,NA,,
AQ_Sctaeniopterus_TP_2021-06-17_110014,2025-06-23 18:05:35,,/Users/ally/Documents/johnson lab/parrotfish bites/AQ_Sctaeniopterus_TP_2021-06-17_110014_001.MP4,1162.090,23.98,No focal subject,Bite,Foraging,None|None|None,POINT,539.411,539.411,NA,,
AQ_Sctaeniopterus_TP_2021-06-17_110014,2025-06-23 18:05:35,,/Users/ally/Documents/johnson lab/parrotfish bites/AQ_Sctaeniopterus_TP_2021-06-17_110014_001.MP4,1162.090,23.98,No focal subject,Bite,Foraging,None|None|None,POINT,540.911,540.911,NA,,
AQ_Sctaeniopterus_TP_2021-06-17_110014,2025-06-23 18:05:35,,/Users/ally/Documents/johnson lab/parrotfish bites/AQ_Sctaeniopterus_TP_2021-06-17_110014_001.MP4,1162.090,23.98,No focal subject,Bite,Foraging,None|None|None,POINT,541.912,541.912,NA,,
AQ_Sctaeniopterus_TP_2021-06-17_110014,2025-06-23 18:05:35,,/Users/ally/Documents/johnson lab/parrotfish bites/AQ_Sctaeniopterus_TP_2021-06-17_110014_001.MP4,1162.090,23.98,No focal subject,Bite,Foraging,None|None|None,POINT,542.912,542.912,NA,,
AQ_Sctaeniopterus_TP_2021-06-17_110014,2025-06-23 18:05:35,,/Users/ally/Documents/johnson lab/parrotfish bites/AQ_Sctaeniopterus_TP_2021-06-17_110014_001.MP4,1162.090,23.98,No focal subject,Bite,Foraging,None|None|None,POINT,543.411,543.411,NA,,
AQ_Sctaeniopterus_TP_2021-06-17_110014,2025-06-23 18:05:35,,/Users/ally/Documents/johnson lab/parrotfish bites/AQ_Sctaeniopterus_TP_2021-06-17_110014_001.MP4,1162.090,23.98,No focal subject,Bite,Foraging,None|None|None,POINT,544.412,544.412,NA,,
AQ_Sctaeniopterus_TP_2021-06-17_110014,2025-06-23 18:05:35,,/Users/ally/Documents/johnson lab/parrotfish bites/AQ_Sctaeniopterus_TP_2021-06-17_110014_001.MP4,1162.090,23.98,No focal subject,Bite,Foraging,None|None|None,POINT,545.412,545.412,NA,,
AQ_Sctaeniopterus_TP_2021-06-17_110014,2025-06-23 18:05:35,,/Users/ally/Documents/johnson lab/parrotfish bites/AQ_Sctaeniopterus_TP_2021-06-17_110014_001.MP4,1162.090,23.98,No focal subject,Bite,Foraging,None|None|None,POINT,547.413,547.413,NA,,
AQ_Sctaeniopterus_TP_2021-06-17_110014,2025-06-23 18:05:35,,/Users/ally/Documents/johnson lab/parrotfish bites/AQ_Sctaeniopterus_TP_2021-06-17_110014_001.MP4,1162.090,23.98,No focal subject,Bite,Foraging,None|None|None,POINT,548.412,548.412,NA,,
AQ_Sctaeniopterus_TP_2021-06-17_110014,2025-06-23 18:05:35,,/Users/ally/Documents/johnson lab/parrotfish bites/AQ_Sctaeniopterus_TP_2021-06-17_110014_001.MP4,1162.090,23.98,No focal subject,Bite,Foraging,None|None|None,POINT,556.912,556.912,NA,,
AQ_Sctaeniopterus_TP_2021-06-17_110014,2025-06-23 18:05:35,,/Users/ally/Documents/johnson lab/parrotfish bites/AQ_Sctaeniopterus_TP_2021-06-17_110014_001.MP4,1162.090,23.98,No focal subject,Bite,Foraging,None|None|None,POINT,564.912,564.912,NA,,
AQ_Sctaeniopterus_TP_2021-06-17_110014,2025-06-23 18:05:35,,/Users/ally/Documents/johnson lab/parrotfish bites/AQ_Sctaeniopterus_TP_2021-06-17_110014_001.MP4,1162.090,23.98,No focal subject,Bite,Foraging,None|None|None,POINT,568.409,568.409,NA,,
AQ_Sctaeniopterus_TP_2021-06-17_110014,2025-06-23 18:05:35,,/Users/ally/Documents/johnson lab/parrotfish bites/AQ_Sctaeniopterus_TP_2021-06-17_110014_001.MP4,1162.090,23.98,No focal subject,Bite,Foraging,None|None|None,POINT,574.162,574.162,NA,,
AQ_Sctaeniopterus_TP_2021-06-17_110014,2025-06-23 18:05:35,,/Users/ally/Documents/johnson lab/parrotfish bites/AQ_Sctaeniopterus_TP_2021-06-17_110014_001.MP4,1162.090,23.98,No focal subject,Bite,Foraging,None|None|None,POINT,574.911,574.911,NA,,
AQ_Sctaeniopterus_TP_2021-06-17_110014,2025-06-23 18:05:35,,/Users/ally/Documents/johnson lab/parrotfish bites/AQ_Sctaeniopterus_TP_2021-06-17_110014_001.MP4,1162.090,23.98,No focal subject,Bite,Foraging,None|None|None,POINT,575.911,575.911,NA,,
AQ_Sctaeniopterus_TP_2021-06-17_110014,2025-06-23 18:05:35,,/Users/ally/Documents/johnson lab/parrotfish bites/AQ_Sctaeniopterus_TP_2021-06-17_110014_001.MP4,1162.090,23.98,No focal subject,Bite,Foraging,None|None|None,POINT,577.161,577.161,NA,,
AQ_Sctaeniopterus_TP_2021-06-17_110014,2025-06-23 18:05:35,,/Users/ally/Documents/johnson lab/parrotfish bites/AQ_Sctaeniopterus_TP_2021-06-17_110014_001.MP4,1162.090,23.98,No focal subject,Bite,Foraging,None|None|None,POINT,579.410,579.410,NA,,
AQ_Sctaeniopterus_TP_2021-06-17_110014,2025-06-23 18:05:35,,/Users/ally/Documents/johnson lab/parrotfish bites/AQ_Sctaeniopterus_TP_2021-06-17_110014_001.MP4,1162.090,23.98,No focal subject,Bite,Foraging,None|None|None,POINT,580.911,580.911,NA,,
AQ_Sctaeniopterus_TP_2021-06-17_110014,2025-06-23 18:05:35,,/Users/ally/Documents/johnson lab/parrotfish bites/AQ_Sctaeniopterus_TP_2021-06-17_110014_001.MP4,1162.090,23.98,No focal subject,Bite,Foraging,None|None|None,POINT,583.412,583.412,NA,,
AQ_Sctaeniopterus_TP_2021-06-17_110014,2025-06-23 18:05:35,,/Users/ally/Documents/johnson lab/parrotfish bites/AQ_Sctaeniopterus_TP_2021-06-17_110014_001.MP4,1162.090,23.98,No focal subject,Bite,Foraging,None|None|None,POINT,584.412,584.412,NA,,
AQ_Sctaeniopterus_TP_2021-06-17_110014,2025-06-23 18:05:35,,/Users/ally/Documents/johnson lab/parrotfish bites/AQ_Sctaeniopterus_TP_2021-06-17_110014_001.MP4,1162.090,23.98,No focal subject,Bite,Foraging,None|None|None,POINT,603.910,603.910,NA,,
AQ_Sctaeniopterus_TP_2021-06-17_110014,2025-06-23 18:05:35,,/Users/ally/Documents/johnson lab/parrotfish bites/AQ_Sctaeniopterus_TP_2021-06-17_110014_001.MP4,1162.090,23.98,No focal subject,Bite,Foraging,None|None|None,POINT,604.413,604.413,NA,,
AQ_Sctaeniopterus_TP_2021-06-17_110014,2025-06-23 18:05:35,,/Users/ally/Documents/johnson lab/parrotfish bites/AQ_Sctaeniopterus_TP_2021-06-17_110014_001.MP4,1162.090,23.98,No focal subject,Bite,Foraging,None|None|None,POINT,605.407,605.407,NA,,
AQ_Sctaeniopterus_TP_2021-06-17_110014,2025-06-23 18:05:35,,/Users/ally/Documents/johnson lab/parrotfish bites/AQ_Sctaeniopterus_TP_2021-06-17_110014_001.MP4,1162.090,23.98,No focal subject,Bite,Foraging,None|None|None,POINT,624.914,624.914,NA,,
AQ_Sctaeniopterus_TP_2021-06-17_110014,2025-06-23 18:05:35,,/Users/ally/Documents/johnson lab/parrotfish bites/AQ_Sctaeniopterus_TP_2021-06-17_110014_001.MP4,1162.090,23.98,No focal subject,Bite,Foraging,None|None|None,POINT,633.912,633.912,NA,,
AQ_Sctaeniopterus_TP_2021-06-17_110014,2025-06-23 18:05:35,,/Users/ally/Documents/johnson lab/parrotfish bites/AQ_Sctaeniopterus_TP_2021-06-17_110014_001.MP4,1162.090,23.98,No focal subject,Bite,Foraging,None|None|None,POINT,634.911,634.911,NA,,
AQ_Sctaeniopterus_TP_2021-06-17_110014,2025-06-23 18:05:35,,/Users/ally/Documents/johnson lab/parrotfish bites/AQ_Sctaeniopterus_TP_2021-06-17_110014_001.MP4,1162.090,23.98,No focal subject,Bite,Foraging,None|None|None,POINT,635.411,635.411,NA,,
AQ_Sctaeniopterus_TP_2021-06-17_110014,2025-06-23 18:05:35,,/Users/ally/Documents/johnson lab/parrotfish bites/AQ_Sctaeniopterus_TP_2021-06-17_110014_001.MP4,1162.090,23.98,No focal subject,Bite,Foraging,None|None|None,POINT,641.914,641.914,NA,,
AQ_Sctaeniopterus_TP_2021-06-17_110014,2025-06-23 18:05:35,,/Users/ally/Documents/johnson lab/parrotfish bites/AQ_Sctaeniopterus_TP_2021-06-17_110014_001.MP4,1162.090,23.98,No focal subject,Bite,Foraging,None|None|None,POINT,642.911,642.911,NA,,
AQ_Sctaeniopterus_TP_2021-06-17_110014,2025-06-23 18:05:35,,/Users/ally/Documents/johnson lab/parrotfish bites/AQ_Sctaeniopterus_TP_2021-06-17_110014_001.MP4,1162.090,23.98,No focal subject,Bite,Foraging,None|None|None,POINT,643.910,643.910,NA,,
AQ_Sctaeniopterus_TP_2021-06-17_110014,2025-06-23 18:05:35,,/Users/ally/Documents/johnson lab/parrotfish bites/AQ_Sctaeniopterus_TP_2021-06-17_110014_001.MP4,1162.090,23.98,No focal subject,Bite,Foraging,None|None|None,POINT,651.411,651.411,NA,,
AQ_Sctaeniopterus_TP_2021-06-17_110014,2025-06-23 18:05:35,,/Users/ally/Documents/johnson lab/parrotfish bites/AQ_Sctaeniopterus_TP_2021-06-17_110014_001.MP4,1162.090,23.98,No focal subject,Bite,Foraging,None|None|None,POINT,652.913,652.913,NA,,
AQ_Sctaeniopterus_TP_2021-06-17_110014,2025-06-23 18:05:35,,/Users/ally/Documents/johnson lab/parrotfish bites/AQ_Sctaeniopterus_TP_2021-06-17_110014_001.MP4,1162.090,23.98,No focal subject,Bite,Foraging,None|None|None,POINT,658.912,658.912,NA,,
AQ_Sctaeniopterus_TP_2021-06-17_110014,2025-06-23 18:05:35,,/Users/ally/Documents/johnson lab/parrotfish bites/AQ_Sctaeniopterus_TP_2021-06-17_110014_001.MP4,1162.090,23.98,No focal subject,Bite,Foraging,None|None|None,POINT,659.915,659.915,NA,,
AQ_Sctaeniopterus_TP_2021-06-17_110014,2025-06-23 18:05:35,,/Users/ally/Documents/johnson lab/parrotfish bites/AQ_Sctaeniopterus_TP_2021-06-17_110014_001.MP4,1162.090,23.98,No focal subject,Bite,Foraging,None|None|None,POINT,671.912,671.912,NA,,
AQ_Sctaeniopterus_TP_2021-06-17_110014,2025-06-23 18:05:35,,/Users/ally/Documents/johnson lab/parrotfish bites/AQ_Sctaeniopterus_TP_2021-06-17_110014_001.MP4,1162.090,23.98,No focal subject,Bite,Foraging,None|None|None,POINT,672.411,672.411,NA,,
AQ_Sctaeniopterus_TP_2021-06-17_110014,2025-06-23 18:05:35,,/Users/ally/Documents/johnson lab/parrotfish bites/AQ_Sctaeniopterus_TP_2021-06-17_110014_001.MP4,1162.090,23.98,No focal subject,Bite,Foraging,None|None|None,POINT,673.412,673.412,NA,,
AQ_Sctaeniopterus_TP_2021-06-17_110014,2025-06-23 18:05:35,,/Users/ally/Documents/johnson lab/parrotfish bites/AQ_Sctaeniopterus_TP_2021-06-17_110014_001.MP4,1162.090,23.98,No focal subject,Bite,Foraging,None|None|None,POINT,673.913,673.913,NA,,
AQ_Sctaeniopterus_TP_2021-06-17_110014,2025-06-23 18:05:35,,/Users/ally/Documents/johnson lab/parrotfish bites/AQ_Sctaeniopterus_TP_2021-06-17_110014_001.MP4,1162.090,23.98,No focal subject,Bite,Foraging,None|None|None,POINT,675.409,675.409,NA,,
AQ_Sctaeniopterus_TP_2021-06-17_110014,2025-06-23 18:05:35,,/Users/ally/Documents/johnson lab/parrotfish bites/AQ_Sctaeniopterus_TP_2021-06-17_110014_001.MP4,1162.090,23.98,No focal subject,Bite,Foraging,None|None|None,POINT,676.912,676.912,NA,,
AQ_Sctaeniopterus_TP_2021-06-17_110014,2025-06-23 18:05:35,,/Users/ally/Documents/johnson lab/parrotfish bites/AQ_Sctaeniopterus_TP_2021-06-17_110014_001.MP4,1162.090,23.98,No focal subject,Bite,Foraging,None|None|None,POINT,678.413,678.413,NA,,
AQ_Sctaeniopterus_TP_2021-06-17_110014,2025-06-23 18:05:35,,/Users/ally/Documents/johnson lab/parrotfish bites/AQ_Sctaeniopterus_TP_2021-06-17_110014_001.MP4,1162.090,23.98,No focal subject,Bite,Foraging,None|None|None,POINT,686.913,686.913,NA,,
AQ_Sctaeniopterus_TP_2021-06-17_110014,2025-06-23 18:05:35,,/Users/ally/Documents/johnson lab/parrotfish bites/AQ_Sctaeniopterus_TP_2021-06-17_110014_001.MP4,1162.090,23.98,No focal subject,Bite,Foraging,None|None|None,POINT,688.411,688.411,NA,,
AQ_Sctaeniopterus_TP_2021-06-17_110014,2025-06-23 18:05:35,,/Users/ally/Documents/johnson lab/parrotfish bites/AQ_Sctaeniopterus_TP_2021-06-17_110014_001.MP4,1162.090,23.98,No focal subject,Bite,Foraging,None|None|None,POINT,689.911,689.911,NA,,
AQ_Sctaeniopterus_TP_2021-06-17_110014,2025-06-23 18:05:35,,/Users/ally/Documents/johnson lab/parrotfish bites/AQ_Sctaeniopterus_TP_2021-06-17_110014_001.MP4,1162.090,23.98,No focal subject,Bite,Foraging,None|None|None,POINT,694.410,694.410,NA,,
AQ_Sctaeniopterus_TP_2021-06-17_110014,2025-06-23 18:05:35,,/Users/ally/Documents/johnson lab/parrotfish bites/AQ_Sctaeniopterus_TP_2021-06-17_110014_001.MP4,1162.090,23.98,No focal subject,Bite,Foraging,None|None|None,POINT,694.910,694.910,NA,,
AQ_Sctaeniopterus_TP_2021-06-17_110014,2025-06-23 18:05:35,,/Users/ally/Documents/johnson lab/parrotfish bites/AQ_Sctaeniopterus_TP_2021-06-17_110014_001.MP4,1162.090,23.98,No focal subject,Bite,Foraging,None|None|None,POINT,696.412,696.412,NA,,
AQ_Sctaeniopterus_TP_2021-06-17_110014,2025-06-23 18:05:35,,/Users/ally/Documents/johnson lab/parrotfish bites/AQ_Sctaeniopterus_TP_2021-06-17_110014_001.MP4,1162.090,23.98,No focal subject,Bite,Foraging,None|None|None,POINT,698.412,698.412,NA,,
AQ_Sctaeniopterus_TP_2021-06-17_110014,2025-06-23 18:05:35,,/Users/ally/Documents/johnson lab/parrotfish bites/AQ_Sctaeniopterus_TP_2021-06-17_110014_001.MP4,1162.090,23.98,No focal subject,Bite,Foraging,None|None|None,POINT,699.408,699.408,NA,,
AQ_Sctaeniopterus_TP_2021-06-17_110014,2025-06-23 18:05:35,,/Users/ally/Documents/johnson lab/parrotfish bites/AQ_Sctaeniopterus_TP_2021-06-17_110014_001.MP4,1162.090,23.98,No focal subject,Bite,Foraging,None|None|None,POINT,700.414,700.414,NA,,
AQ_Sctaeniopterus_TP_2021-06-17_110014,2025-06-23 18:05:35,,/Users/ally/Documents/johnson lab/parrotfish bites/AQ_Sctaeniopterus_TP_2021-06-17_110014_001.MP4,1162.090,23.98,No focal subject,Bite,Foraging,None|None|None,POINT,702.907,702.907,NA,,
AQ_Sctaeniopterus_TP_2021-06-17_110014,2025-06-23 18:05:35,,/Users/ally/Documents/johnson lab/parrotfish bites/AQ_Sctaeniopterus_TP_2021-06-17_110014_001.MP4,1162.090,23.98,No focal subject,Bite,Foraging,None|None|None,POINT,703.412,703.412,NA,,
AQ_Sctaeniopterus_TP_2021-06-17_110014,2025-06-23 18:05:35,,/Users/ally/Documents/johnson lab/parrotfish bites/AQ_Sctaeniopterus_TP_2021-06-17_110014_001.MP4,1162.090,23.98,No focal subject,Bite,Foraging,None|None|None,POINT,704.413,704.413,NA,,
AQ_Sctaeniopterus_TP_2021-06-17_110014,2025-06-23 18:05:35,,/Users/ally/Documents/johnson lab/parrotfish bites/AQ_Sctaeniopterus_TP_2021-06-17_110014_001.MP4,1162.090,23.98,No focal subject,Bite,Foraging,None|None|None,POINT,704.912,704.912,NA,,
AQ_Sctaeniopterus_TP_2021-06-17_110014,2025-06-23 18:05:35,,/Users/ally/Documents/johnson lab/parrotfish bites/AQ_Sctaeniopterus_TP_2021-06-17_110014_001.MP4,1162.090,23.98,No focal subject,Bite,Foraging,None|None|None,POINT,705.911,705.911,NA,,
AQ_Sctaeniopterus_TP_2021-06-17_110014,2025-06-23 18:05:35,,/Users/ally/Documents/johnson lab/parrotfish bites/AQ_Sctaeniopterus_TP_2021-06-17_110014_001.MP4,1162.090,23.98,No focal subject,Bite,Foraging,None|None|None,POINT,706.911,706.911,NA,,
AQ_Sctaeniopterus_TP_2021-06-17_110014,2025-06-23 18:05:35,,/Users/ally/Documents/johnson lab/parrotfish bites/AQ_Sctaeniopterus_TP_2021-06-17_110014_001.MP4,1162.090,23.98,No focal subject,Bite,Foraging,None|None|None,POINT,707.911,707.911,NA,,
AQ_Sctaeniopterus_TP_2021-06-17_110014,2025-06-23 18:05:35,,/Users/ally/Documents/johnson lab/parrotfish bites/AQ_Sctaeniopterus_TP_2021-06-17_110014_001.MP4,1162.090,23.98,No focal subject,Bite,Foraging,None|None|None,POINT,709.390,709.390,NA,,
AQ_Sctaeniopterus_TP_2021-06-17_110014,2025-06-23 18:05:35,,/Users/ally/Documents/johnson lab/parrotfish bites/AQ_Sctaeniopterus_TP_2021-06-17_110014_002.MP4,1162.090,23.98,No focal subject,Bite,Foraging,None|None|None,POINT,714.632,714.632,NA,,
AQ_Sctaeniopterus_TP_2021-06-17_110014,2025-06-23 18:05:35,,/Users/ally/Documents/johnson lab/parrotfish bites/AQ_Sctaeniopterus_TP_2021-06-17_110014_002.MP4,1162.090,23.98,No focal subject,Lost Time,Time Keeping,,STATE,716.631,735.633,19.002,,
AQ_Sctaeniopterus_TP_2021-06-17_110014,2025-06-23 18:05:35,,/Users/ally/Documents/johnson lab/parrotfish bites/AQ_Sctaeniopterus_TP_2021-06-17_110014_002.MP4,1162.090,23.98,No focal subject,Bite,Foraging,Feces|None|None,POINT,752.135,752.135,NA,,
AQ_Sctaeniopterus_TP_2021-06-17_110014,2025-06-23 18:05:35,,/Users/ally/Documents/johnson lab/parrotfish bites/AQ_Sctaeniopterus_TP_2021-06-17_110014_002.MP4,1162.090,23.98,No focal subject,Bite,Foraging,None|None|None,POINT,773.133,773.133,NA,,
AQ_Sctaeniopterus_TP_2021-06-17_110014,2025-06-23 18:05:35,,/Users/ally/Documents/johnson lab/parrotfish bites/AQ_Sctaeniopterus_TP_2021-06-17_110014_002.MP4,1162.090,23.98,No focal subject,Bite,Foraging,None|None|None,POINT,773.632,773.632,NA,,
AQ_Sctaeniopterus_TP_2021-06-17_110014,2025-06-23 18:05:35,,/Users/ally/Documents/johnson lab/parrotfish bites/AQ_Sctaeniopterus_TP_2021-06-17_110014_002.MP4,1162.090,23.98,No focal subject,Bite,Foraging,None|None|None,POINT,777.628,777.628,NA,,
AQ_Sctaeniopterus_TP_2021-06-17_110014,2025-06-23 18:05:35,,/Users/ally/Documents/johnson lab/parrotfish bites/AQ_Sctaeniopterus_TP_2021-06-17_110014_002.MP4,1162.090,23.98,No focal subject,Bite,Foraging,None|None|None,POINT,781.136,781.136,NA,,
AQ_Sctaeniopterus_TP_2021-06-17_110014,2025-06-23 18:05:35,,/Users/ally/Documents/johnson lab/parrotfish bites/AQ_Sctaeniopterus_TP_2021-06-17_110014_002.MP4,1162.090,23.98,No focal subject,Bite,Foraging,None|None|None,POINT,781.380,781.380,NA,,
AQ_Sctaeniopterus_TP_2021-06-17_110014,2025-06-23 18:05:35,,/Users/ally/Documents/johnson lab/parrotfish bites/AQ_Sctaeniopterus_TP_2021-06-17_110014_002.MP4,1162.090,23.98,No focal subject,Bite,Foraging,None|None|None,POINT,782.133,782.133,NA,,
AQ_Sctaeniopterus_TP_2021-06-17_110014,2025-06-23 18:05:35,,/Users/ally/Documents/johnson lab/parrotfish bites/AQ_Sctaeniopterus_TP_2021-06-17_110014_002.MP4,1162.090,23.98,No focal subject,Bite,Foraging,None|None|None,POINT,782.633,782.633,NA,,
AQ_Sctaeniopterus_TP_2021-06-17_110014,2025-06-23 18:05:35,,/Users/ally/Documents/johnson lab/parrotfish bites/AQ_Sctaeniopterus_TP_2021-06-17_110014_002.MP4,1162.090,23.98,No focal subject,Bite,Foraging,None|None|None,POINT,784.133,784.133,NA,,
AQ_Sctaeniopterus_TP_2021-06-17_110014,2025-06-23 18:05:35,,/Users/ally/Documents/johnson lab/parrotfish bites/AQ_Sctaeniopterus_TP_2021-06-17_110014_002.MP4,1162.090,23.98,No focal subject,Bite,Foraging,None|None|None,POINT,785.381,785.381,NA,,
AQ_Sctaeniopterus_TP_2021-06-17_110014,2025-06-23 18:05:35,,/Users/ally/Documents/johnson lab/parrotfish bites/AQ_Sctaeniopterus_TP_2021-06-17_110014_002.MP4,1162.090,23.98,No focal subject,Bite,Foraging,None|None|None,POINT,786.633,786.633,NA,,
AQ_Sctaeniopterus_TP_2021-06-17_110014,2025-06-23 18:05:35,,/Users/ally/Documents/johnson lab/parrotfish bites/AQ_Sctaeniopterus_TP_2021-06-17_110014_002.MP4,1162.090,23.98,No focal subject,Bite,Foraging,None|None|None,POINT,787.634,787.634,NA,,
AQ_Sctaeniopterus_TP_2021-06-17_110014,2025-06-23 18:05:35,,/Users/ally/Documents/johnson lab/parrotfish bites/AQ_Sctaeniopterus_TP_2021-06-17_110014_002.MP4,1162.090,23.98,No focal subject,Bite,Foraging,None|None|None,POINT,788.132,788.132,NA,,
AQ_Sctaeniopterus_TP_2021-06-17_110014,2025-06-23 18:05:35,,/Users/ally/Documents/johnson lab/parrotfish bites/AQ_Sctaeniopterus_TP_2021-06-17_110014_002.MP4,1162.090,23.98,No focal subject,Bite,Foraging,None|None|None,POINT,789.132,789.132,NA,,
AQ_Sctaeniopterus_TP_2021-06-17_110014,2025-06-23 18:05:35,,/Users/ally/Documents/johnson lab/parrotfish bites/AQ_Sctaeniopterus_TP_2021-06-17_110014_002.MP4,1162.090,23.98,No focal subject,Bite,Foraging,None|None|None,POINT,793.634,793.634,NA,,
AQ_Sctaeniopterus_TP_2021-06-17_110014,2025-06-23 18:05:35,,/Users/ally/Documents/johnson lab/parrotfish bites/AQ_Sctaeniopterus_TP_2021-06-17_110014_002.MP4,1162.090,23.98,No focal subject,Bite,Foraging,None|None|None,POINT,797.634,797.634,NA,,
AQ_Sctaeniopterus_TP_2021-06-17_110014,2025-06-23 18:05:35,,/Users/ally/Documents/johnson lab/parrotfish bites/AQ_Sctaeniopterus_TP_2021-06-17_110014_002.MP4,1162.090,23.98,No focal subject,Bite,Foraging,None|None|None,POINT,798.883,798.883,NA,,
AQ_Sctaeniopterus_TP_2021-06-17_110014,2025-06-23 18:05:35,,/Users/ally/Documents/johnson lab/parrotfish bites/AQ_Sctaeniopterus_TP_2021-06-17_110014_002.MP4,1162.090,23.98,No focal subject,Bite,Foraging,None|None|None,POINT,799.633,799.633,NA,,
AQ_Sctaeniopterus_TP_2021-06-17_110014,2025-06-23 18:05:35,,/Users/ally/Documents/johnson lab/parrotfish bites/AQ_Sctaeniopterus_TP_2021-06-17_110014_002.MP4,1162.090,23.98,No focal subject,Bite,Foraging,None|None|None,POINT,800.133,800.133,NA,,
AQ_Sctaeniopterus_TP_2021-06-17_110014,2025-06-23 18:05:35,,/Users/ally/Documents/johnson lab/parrotfish bites/AQ_Sctaeniopterus_TP_2021-06-17_110014_002.MP4,1162.090,23.98,No focal subject,Bite,Foraging,None|None|None,POINT,802.138,802.138,NA,,
AQ_Sctaeniopterus_TP_2021-06-17_110014,2025-06-23 18:05:35,,/Users/ally/Documents/johnson lab/parrotfish bites/AQ_Sctaeniopterus_TP_2021-06-17_110014_002.MP4,1162.090,23.98,No focal subject,Bite,Foraging,None|None|None,POINT,828.633,828.633,NA,,
AQ_Sctaeniopterus_TP_2021-06-17_110014,2025-06-23 18:05:35,,/Users/ally/Documents/johnson lab/parrotfish bites/AQ_Sctaeniopterus_TP_2021-06-17_110014_002.MP4,1162.090,23.98,No focal subject,Bite,Foraging,None|None|None,POINT,829.381,829.381,NA,,
AQ_Sctaeniopterus_TP_2021-06-17_110014,2025-06-23 18:05:35,,/Users/ally/Documents/johnson lab/parrotfish bites/AQ_Sctaeniopterus_TP_2021-06-17_110014_002.MP4,1162.090,23.98,No focal subject,Bite,Foraging,None|None|None,POINT,830.130,830.130,NA,,
AQ_Sctaeniopterus_TP_2021-06-17_110014,2025-06-23 18:05:35,,/Users/ally/Documents/johnson lab/parrotfish bites/AQ_Sctaeniopterus_TP_2021-06-17_110014_002.MP4,1162.090,23.98,No focal subject,Bite,Foraging,None|None|None,POINT,830.632,830.632,NA,,
AQ_Sctaeniopterus_TP_2021-06-17_110014,2025-06-23 18:05:35,,/Users/ally/Documents/johnson lab/parrotfish bites/AQ_Sctaeniopterus_TP_2021-06-17_110014_002.MP4,1162.090,23.98,No focal subject,Bite,Foraging,None|None|None,POINT,831.632,831.632,NA,,
AQ_Sctaeniopterus_TP_2021-06-17_110014,2025-06-23 18:05:35,,/Users/ally/Documents/johnson lab/parrotfish bites/AQ_Sctaeniopterus_TP_2021-06-17_110014_002.MP4,1162.090,23.98,No focal subject,Bite,Foraging,None|None|None,POINT,832.131,832.131,NA,,
AQ_Sctaeniopterus_TP_2021-06-17_110014,2025-06-23 18:05:35,,/Users/ally/Documents/johnson lab/parrotfish bites/AQ_Sctaeniopterus_TP_2021-06-17_110014_002.MP4,1162.090,23.98,No focal subject,Bite,Foraging,None|None|None,POINT,833.632,833.632,NA,,
AQ_Sctaeniopterus_TP_2021-06-17_110014,2025-06-23 18:05:35,,/Users/ally/Documents/johnson lab/parrotfish bites/AQ_Sctaeniopterus_TP_2021-06-17_110014_002.MP4,1162.090,23.98,No focal subject,Bite,Foraging,None|None|None,POINT,835.636,835.636,NA,,
AQ_Sctaeniopterus_TP_2021-06-17_110014,2025-06-23 18:05:35,,/Users/ally/Documents/johnson lab/parrotfish bites/AQ_Sctaeniopterus_TP_2021-06-17_110014_002.MP4,1162.090,23.98,No focal subject,Bite,Foraging,None|None|None,POINT,836.636,836.636,NA,,
AQ_Sctaeniopterus_TP_2021-06-17_110014,2025-06-23 18:05:35,,/Users/ally/Documents/johnson lab/parrotfish bites/AQ_Sctaeniopterus_TP_2021-06-17_110014_002.MP4,1162.090,23.98,No focal subject,Bite,Foraging,None|None|None,POINT,838.137,838.137,NA,,
AQ_Sctaeniopterus_TP_2021-06-17_110014,2025-06-23 18:05:35,,/Users/ally/Documents/johnson lab/parrotfish bites/AQ_Sctaeniopterus_TP_2021-06-17_110014_002.MP4,1162.090,23.98,No focal subject,Bite,Foraging,None|None|None,POINT,841.634,841.634,NA,,
AQ_Sctaeniopterus_TP_2021-06-17_110014,2025-06-23 18:05:35,,/Users/ally/Documents/johnson lab/parrotfish bites/AQ_Sctaeniopterus_TP_2021-06-17_110014_002.MP4,1162.090,23.98,No focal subject,Bite,Foraging,None|None|None,POINT,842.133,842.133,NA,,
AQ_Sctaeniopterus_TP_2021-06-17_110014,2025-06-23 18:05:35,,/Users/ally/Documents/johnson lab/parrotfish bites/AQ_Sctaeniopterus_TP_2021-06-17_110014_002.MP4,1162.090,23.98,No focal subject,Bite,Foraging,None|None|None,POINT,843.136,843.136,NA,,
AQ_Sctaeniopterus_TP_2021-06-17_110014,2025-06-23 18:05:35,,/Users/ally/Documents/johnson lab/parrotfish bites/AQ_Sctaeniopterus_TP_2021-06-17_110014_002.MP4,1162.090,23.98,No focal subject,Bite,Foraging,None|None|None,POINT,844.635,844.635,NA,,
AQ_Sctaeniopterus_TP_2021-06-17_110014,2025-06-23 18:05:35,,/Users/ally/Documents/johnson lab/parrotfish bites/AQ_Sctaeniopterus_TP_2021-06-17_110014_002.MP4,1162.090,23.98,No focal subject,Bite,Foraging,None|None|None,POINT,852.136,852.136,NA,,
AQ_Sctaeniopterus_TP_2021-06-17_110014,2025-06-23 18:05:35,,/Users/ally/Documents/johnson lab/parrotfish bites/AQ_Sctaeniopterus_TP_2021-06-17_110014_002.MP4,1162.090,23.98,No focal subject,Bite,Foraging,None|None|None,POINT,853.133,853.133,NA,,
AQ_Sctaeniopterus_TP_2021-06-17_110014,2025-06-23 18:05:35,,/Users/ally/Documents/johnson lab/parrotfish bites/AQ_Sctaeniopterus_TP_2021-06-17_110014_002.MP4,1162.090,23.98,No focal subject,Bite,Foraging,None|None|None,POINT,858.133,858.133,NA,,
AQ_Sctaeniopterus_TP_2021-06-17_110014,2025-06-23 18:05:35,,/Users/ally/Documents/johnson lab/parrotfish bites/AQ_Sctaeniopterus_TP_2021-06-17_110014_002.MP4,1162.090,23.98,No focal subject,Bite,Foraging,None|None|None,POINT,861.134,861.134,NA,,
AQ_Sctaeniopterus_TP_2021-06-17_110014,2025-06-23 18:05:35,,/Users/ally/Documents/johnson lab/parrotfish bites/AQ_Sctaeniopterus_TP_2021-06-17_110014_002.MP4,1162.090,23.98,No focal subject,Bite,Foraging,None|None|None,POINT,862.131,862.131,NA,,
AQ_Sctaeniopterus_TP_2021-06-17_110014,2025-06-23 18:05:35,,/Users/ally/Documents/johnson lab/parrotfish bites/AQ_Sctaeniopterus_TP_2021-06-17_110014_002.MP4,1162.090,23.98,No focal subject,Bite,Foraging,None|None|None,POINT,863.130,863.130,NA,,
AQ_Sctaeniopterus_TP_2021-06-17_110014,2025-06-23 18:05:35,,/Users/ally/Documents/johnson lab/parrotfish bites/AQ_Sctaeniopterus_TP_2021-06-17_110014_002.MP4,1162.090,23.98,No focal subject,Bite,Foraging,None|None|None,POINT,864.131,864.131,NA,,
AQ_Sctaeniopterus_TP_2021-06-17_110014,2025-06-23 18:05:35,,/Users/ally/Documents/johnson lab/parrotfish bites/AQ_Sctaeniopterus_TP_2021-06-17_110014_002.MP4,1162.090,23.98,No focal subject,Bite,Foraging,None|None|None,POINT,865.132,865.132,NA,,
AQ_Sctaeniopterus_TP_2021-06-17_110014,2025-06-23 18:05:35,,/Users/ally/Documents/johnson lab/parrotfish bites/AQ_Sctaeniopterus_TP_2021-06-17_110014_002.MP4,1162.090,23.98,No focal subject,Bite,Foraging,None|None|None,POINT,866.632,866.632,NA,,
AQ_Sctaeniopterus_TP_2021-06-17_110014,2025-06-23 18:05:35,,/Users/ally/Documents/johnson lab/parrotfish bites/AQ_Sctaeniopterus_TP_2021-06-17_110014_002.MP4,1162.090,23.98,No focal subject,Bite,Foraging,None|None|None,POINT,876.133,876.133,NA,,
AQ_Sctaeniopterus_TP_2021-06-17_110014,2025-06-23 18:05:35,,/Users/ally/Documents/johnson lab/parrotfish bites/AQ_Sctaeniopterus_TP_2021-06-17_110014_002.MP4,1162.090,23.98,No focal subject,Bite,Foraging,None|None|None,POINT,876.634,876.634,NA,,
AQ_Sctaeniopterus_TP_2021-06-17_110014,2025-06-23 18:05:35,,/Users/ally/Documents/johnson lab/parrotfish bites/AQ_Sctaeniopterus_TP_2021-06-17_110014_002.MP4,1162.090,23.98,No focal subject,Bite,Foraging,None|None|None,POINT,877.634,877.634,NA,,
AQ_Sctaeniopterus_TP_2021-06-17_110014,2025-06-23 18:05:35,,/Users/ally/Documents/johnson lab/parrotfish bites/AQ_Sctaeniopterus_TP_2021-06-17_110014_002.MP4,1162.090,23.98,No focal subject,Bite,Foraging,None|None|None,POINT,878.135,878.135,NA,,
AQ_Sctaeniopterus_TP_2021-06-17_110014,2025-06-23 18:05:35,,/Users/ally/Documents/johnson lab/parrotfish bites/AQ_Sctaeniopterus_TP_2021-06-17_110014_002.MP4,1162.090,23.98,No focal subject,Bite,Foraging,None|None|None,POINT,881.637,881.637,NA,,
AQ_Sctaeniopterus_TP_2021-06-17_110014,2025-06-23 18:05:35,,/Users/ally/Documents/johnson lab/parrotfish bites/AQ_Sctaeniopterus_TP_2021-06-17_110014_002.MP4,1162.090,23.98,No focal subject,Bite,Foraging,None|None|None,POINT,882.132,882.132,NA,,
AQ_Sctaeniopterus_TP_2021-06-17_110014,2025-06-23 18:05:35,,/Users/ally/Documents/johnson lab/parrotfish bites/AQ_Sctaeniopterus_TP_2021-06-17_110014_002.MP4,1162.090,23.98,No focal subject,Bite,Foraging,None|None|None,POINT,890.133,890.133,NA,,
AQ_Sctaeniopterus_TP_2021-06-17_110014,2025-06-23 18:05:35,,/Users/ally/Documents/johnson lab/parrotfish bites/AQ_Sctaeniopterus_TP_2021-06-17_110014_002.MP4,1162.090,23.98,No focal subject,Bite,Foraging,None|None|None,POINT,893.633,893.633,NA,,
AQ_Sctaeniopterus_TP_2021-06-17_110014,2025-06-23 18:05:35,,/Users/ally/Documents/johnson lab/parrotfish bites/AQ_Sctaeniopterus_TP_2021-06-17_110014_002.MP4,1162.090,23.98,No focal subject,Bite,Foraging,None|None|None,POINT,894.633,894.633,NA,,
AQ_Sctaeniopterus_TP_2021-06-17_110014,2025-06-23 18:05:35,,/Users/ally/Documents/johnson lab/parrotfish bites/AQ_Sctaeniopterus_TP_2021-06-17_110014_002.MP4,1162.090,23.98,No focal subject,Bite,Foraging,None|None|None,POINT,895.630,895.630,NA,,
AQ_Sctaeniopterus_TP_2021-06-17_110014,2025-06-23 18:05:35,,/Users/ally/Documents/johnson lab/parrotfish bites/AQ_Sctaeniopterus_TP_2021-06-17_110014_002.MP4,1162.090,23.98,No focal subject,Bite,Foraging,None|None|None,POINT,895.880,895.880,NA,,
AQ_Sctaeniopterus_TP_2021-06-17_110014,2025-06-23 18:05:35,,/Users/ally/Documents/johnson lab/parrotfish bites/AQ_Sctaeniopterus_TP_2021-06-17_110014_002.MP4,1162.090,23.98,No focal subject,Bite,Foraging,None|None|None,POINT,896.131,896.131,NA,,
AQ_Sctaeniopterus_TP_2021-06-17_110014,2025-06-23 18:05:35,,/Users/ally/Documents/johnson lab/parrotfish bites/AQ_Sctaeniopterus_TP_2021-06-17_110014_002.MP4,1162.090,23.98,No focal subject,Bite,Foraging,None|None|None,POINT,897.132,897.132,NA,,
AQ_Sctaeniopterus_TP_2021-06-17_110014,2025-06-23 18:05:35,,/Users/ally/Documents/johnson lab/parrotfish bites/AQ_Sctaeniopterus_TP_2021-06-17_110014_002.MP4,1162.090,23.98,No focal subject,Bite,Foraging,None|None|None,POINT,897.632,897.632,NA,,
AQ_Sctaeniopterus_TP_2021-06-17_110014,2025-06-23 18:05:35,,/Users/ally/Documents/johnson lab/parrotfish bites/AQ_Sctaeniopterus_TP_2021-06-17_110014_002.MP4,1162.090,23.98,No focal subject,Bite,Foraging,None|None|None,POINT,898.132,898.132,NA,,
AQ_Sctaeniopterus_TP_2021-06-17_110014,2025-06-23 18:05:35,,/Users/ally/Documents/johnson lab/parrotfish bites/AQ_Sctaeniopterus_TP_2021-06-17_110014_002.MP4,1162.090,23.98,No focal subject,Bite,Foraging,None|None|None,POINT,900.380,900.380,NA,,
AQ_Sctaeniopterus_TP_2021-06-17_110014,2025-06-23 18:05:35,,/Users/ally/Documents/johnson lab/parrotfish bites/AQ_Sctaeniopterus_TP_2021-06-17_110014_002.MP4,1162.090,23.98,No focal subject,Bite,Foraging,None|None|None,POINT,902.632,902.632,NA,,
AQ_Sctaeniopterus_TP_2021-06-17_110014,2025-06-23 18:05:35,,/Users/ally/Documents/johnson lab/parrotfish bites/AQ_Sctaeniopterus_TP_2021-06-17_110014_002.MP4,1162.090,23.98,No focal subject,Bite,Foraging,None|None|None,POINT,904.631,904.631,NA,,
AQ_Sctaeniopterus_TP_2021-06-17_110014,2025-06-23 18:05:35,,/Users/ally/Documents/johnson lab/parrotfish bites/AQ_Sctaeniopterus_TP_2021-06-17_110014_002.MP4,1162.090,23.98,No focal subject,Bite,Foraging,None|None|None,POINT,905.632,905.632,NA,,
AQ_Sctaeniopterus_TP_2021-06-17_110014,2025-06-23 18:05:35,,/Users/ally/Documents/johnson lab/parrotfish bites/AQ_Sctaeniopterus_TP_2021-06-17_110014_002.MP4,1162.090,23.98,No focal subject,Bite,Foraging,None|None|None,POINT,906.881,906.881,NA,,
AQ_Sctaeniopterus_TP_2021-06-17_110014,2025-06-23 18:05:35,,/Users/ally/Documents/johnson lab/parrotfish bites/AQ_Sctaeniopterus_TP_2021-06-17_110014_002.MP4,1162.090,23.98,No focal subject,Bite,Foraging,None|None|None,POINT,908.131,908.131,NA,,
AQ_Sctaeniopterus_TP_2021-06-17_110014,2025-06-23 18:05:35,,/Users/ally/Documents/johnson lab/parrotfish bites/AQ_Sctaeniopterus_TP_2021-06-17_110014_002.MP4,1162.090,23.98,No focal subject,Bite,Foraging,None|None|None,POINT,909.131,909.131,NA,,
AQ_Sctaeniopterus_TP_2021-06-17_110014,2025-06-23 18:05:35,,/Users/ally/Documents/johnson lab/parrotfish bites/AQ_Sctaeniopterus_TP_2021-06-17_110014_002.MP4,1162.090,23.98,No focal subject,Bite,Foraging,None|None|None,POINT,909.631,909.631,NA,,
AQ_Sctaeniopterus_TP_2021-06-17_110014,2025-06-23 18:05:35,,/Users/ally/Documents/johnson lab/parrotfish bites/AQ_Sctaeniopterus_TP_2021-06-17_110014_002.MP4,1162.090,23.98,No focal subject,Bite,Foraging,None|None|None,POINT,910.632,910.632,NA,,
AQ_Sctaeniopterus_TP_2021-06-17_110014,2025-06-23 18:05:35,,/Users/ally/Documents/johnson lab/parrotfish bites/AQ_Sctaeniopterus_TP_2021-06-17_110014_002.MP4,1162.090,23.98,No focal subject,Bite,Foraging,None|None|None,POINT,911.130,911.130,NA,,
AQ_Sctaeniopterus_TP_2021-06-17_110014,2025-06-23 18:05:35,,/Users/ally/Documents/johnson lab/parrotfish bites/AQ_Sctaeniopterus_TP_2021-06-17_110014_002.MP4,1162.090,23.98,No focal subject,Bite,Foraging,None|None|None,POINT,914.379,914.379,NA,,
AQ_Sctaeniopterus_TP_2021-06-17_110014,2025-06-23 18:05:35,,/Users/ally/Documents/johnson lab/parrotfish bites/AQ_Sctaeniopterus_TP_2021-06-17_110014_002.MP4,1162.090,23.98,No focal subject,Bite,Foraging,None|None|None,POINT,915.130,915.130,NA,,
AQ_Sctaeniopterus_TP_2021-06-17_110014,2025-06-23 18:05:35,,/Users/ally/Documents/johnson lab/parrotfish bites/AQ_Sctaeniopterus_TP_2021-06-17_110014_002.MP4,1162.090,23.98,No focal subject,Bite,Foraging,None|None|None,POINT,916.132,916.132,NA,,
AQ_Sctaeniopterus_TP_2021-06-17_110014,2025-06-23 18:05:35,,/Users/ally/Documents/johnson lab/parrotfish bites/AQ_Sctaeniopterus_TP_2021-06-17_110014_002.MP4,1162.090,23.98,No focal subject,Bite,Foraging,None|None|None,POINT,922.635,922.635,NA,,
AQ_Sctaeniopterus_TP_2021-06-17_110014,2025-06-23 18:05:35,,/Users/ally/Documents/johnson lab/parrotfish bites/AQ_Sctaeniopterus_TP_2021-06-17_110014_002.MP4,1162.090,23.98,No focal subject,Bite,Foraging,None|None|None,POINT,923.634,923.634,NA,,
AQ_Sctaeniopterus_TP_2021-06-17_110014,2025-06-23 18:05:35,,/Users/ally/Documents/johnson lab/parrotfish bites/AQ_Sctaeniopterus_TP_2021-06-17_110014_002.MP4,1162.090,23.98,No focal subject,Bite,Foraging,None|None|None,POINT,931.134,931.134,NA,,
AQ_Sctaeniopterus_TP_2021-06-17_110014,2025-06-23 18:05:35,,/Users/ally/Documents/johnson lab/parrotfish bites/AQ_Sctaeniopterus_TP_2021-06-17_110014_002.MP4,1162.090,23.98,No focal subject,Bite,Foraging,None|None|None,POINT,933.133,933.133,NA,,
AQ_Sctaeniopterus_TP_2021-06-17_110014,2025-06-23 18:05:35,,/Users/ally/Documents/johnson lab/parrotfish bites/AQ_Sctaeniopterus_TP_2021-06-17_110014_002.MP4,1162.090,23.98,No focal subject,Bite,Foraging,None|None|None,POINT,934.133,934.133,NA,,
AQ_Sctaeniopterus_TP_2021-06-17_110014,2025-06-23 18:05:35,,/Users/ally/Documents/johnson lab/parrotfish bites/AQ_Sctaeniopterus_TP_2021-06-17_110014_002.MP4,1162.090,23.98,No focal subject,Bite,Foraging,None|None|None,POINT,934.632,934.632,NA,,
AQ_Sctaeniopterus_TP_2021-06-17_110014,2025-06-23 18:05:35,,/Users/ally/Documents/johnson lab/parrotfish bites/AQ_Sctaeniopterus_TP_2021-06-17_110014_002.MP4,1162.090,23.98,No focal subject,Bite,Foraging,None|None|None,POINT,935.632,935.632,NA,,
AQ_Sctaeniopterus_TP_2021-06-17_110014,2025-06-23 18:05:35,,/Users/ally/Documents/johnson lab/parrotfish bites/AQ_Sctaeniopterus_TP_2021-06-17_110014_002.MP4,1162.090,23.98,No focal subject,Bite,Foraging,None|None|None,POINT,937.632,937.632,NA,,
AQ_Sctaeniopterus_TP_2021-06-17_110014,2025-06-23 18:05:35,,/Users/ally/Documents/johnson lab/parrotfish bites/AQ_Sctaeniopterus_TP_2021-06-17_110014_002.MP4,1162.090,23.98,No focal subject,Bite,Foraging,None|None|None,POINT,939.633,939.633,NA,,
AQ_Sctaeniopterus_TP_2021-06-17_110014,2025-06-23 18:05:35,,/Users/ally/Documents/johnson lab/parrotfish bites/AQ_Sctaeniopterus_TP_2021-06-17_110014_002.MP4,1162.090,23.98,No focal subject,Bite,Foraging,None|None|None,POINT,941.133,941.133,NA,,
AQ_Sctaeniopterus_TP_2021-06-17_110014,2025-06-23 18:05:35,,/Users/ally/Documents/johnson lab/parrotfish bites/AQ_Sctaeniopterus_TP_2021-06-17_110014_002.MP4,1162.090,23.98,No focal subject,Bite,Foraging,None|None|None,POINT,942.134,942.134,NA,,
AQ_Sctaeniopterus_TP_2021-06-17_110014,2025-06-23 18:05:35,,/Users/ally/Documents/johnson lab/parrotfish bites/AQ_Sctaeniopterus_TP_2021-06-17_110014_002.MP4,1162.090,23.98,No focal subject,Bite,Foraging,None|None|None,POINT,943.133,943.133,NA,,
AQ_Sctaeniopterus_TP_2021-06-17_110014,2025-06-23 18:05:35,,/Users/ally/Documents/johnson lab/parrotfish bites/AQ_Sctaeniopterus_TP_2021-06-17_110014_002.MP4,1162.090,23.98,No focal subject,Bite,Foraging,None|None|None,POINT,943.632,943.632,NA,,
AQ_Sctaeniopterus_TP_2021-06-17_110014,2025-06-23 18:05:35,,/Users/ally/Documents/johnson lab/parrotfish bites/AQ_Sctaeniopterus_TP_2021-06-17_110014_002.MP4,1162.090,23.98,No focal subject,Bite,Foraging,None|None|None,POINT,945.133,945.133,NA,,
AQ_Sctaeniopterus_TP_2021-06-17_110014,2025-06-23 18:05:35,,/Users/ally/Documents/johnson lab/parrotfish bites/AQ_Sctaeniopterus_TP_2021-06-17_110014_002.MP4,1162.090,23.98,No focal subject,Bite,Foraging,None|None|None,POINT,947.131,947.131,NA,,
AQ_Sctaeniopterus_TP_2021-06-17_110014,2025-06-23 18:05:35,,/Users/ally/Documents/johnson lab/parrotfish bites/AQ_Sctaeniopterus_TP_2021-06-17_110014_002.MP4,1162.090,23.98,No focal subject,Bite,Foraging,None|None|None,POINT,960.632,960.632,NA,,
AQ_Sctaeniopterus_TP_2021-06-17_110014,2025-06-23 18:05:35,,/Users/ally/Documents/johnson lab/parrotfish bites/AQ_Sctaeniopterus_TP_2021-06-17_110014_002.MP4,1162.090,23.98,No focal subject,Bite,Foraging,None|None|None,POINT,961.385,961.385,NA,,
AQ_Sctaeniopterus_TP_2021-06-17_110014,2025-06-23 18:05:35,,/Users/ally/Documents/johnson lab/parrotfish bites/AQ_Sctaeniopterus_TP_2021-06-17_110014_002.MP4,1162.090,23.98,No focal subject,Bite,Foraging,None|None|None,POINT,962.385,962.385,NA,,
AQ_Sctaeniopterus_TP_2021-06-17_110014,2025-06-23 18:05:35,,/Users/ally/Documents/johnson lab/parrotfish bites/AQ_Sctaeniopterus_TP_2021-06-17_110014_002.MP4,1162.090,23.98,No focal subject,Bite,Foraging,None|None|None,POINT,963.384,963.384,NA,,
AQ_Sctaeniopterus_TP_2021-06-17_110014,2025-06-23 18:05:35,,/Users/ally/Documents/johnson lab/parrotfish bites/AQ_Sctaeniopterus_TP_2021-06-17_110014_002.MP4,1162.090,23.98,No focal subject,Bite,Foraging,None|None|None,POINT,963.633,963.633,NA,,
AQ_Sctaeniopterus_TP_2021-06-17_110014,2025-06-23 18:05:35,,/Users/ally/Documents/johnson lab/parrotfish bites/AQ_Sctaeniopterus_TP_2021-06-17_110014_002.MP4,1162.090,23.98,No focal subject,Bite,Foraging,None|None|None,POINT,964.884,964.884,NA,,
AQ_Sctaeniopterus_TP_2021-06-17_110014,2025-06-23 18:05:35,,/Users/ally/Documents/johnson lab/parrotfish bites/AQ_Sctaeniopterus_TP_2021-06-17_110014_002.MP4,1162.090,23.98,No focal subject,Bite,Foraging,None|None|None,POINT,966.387,966.387,NA,,
AQ_Sctaeniopterus_TP_2021-06-17_110014,2025-06-23 18:05:35,,/Users/ally/Documents/johnson lab/parrotfish bites/AQ_Sctaeniopterus_TP_2021-06-17_110014_002.MP4,1162.090,23.98,No focal subject,Bite,Foraging,None|None|None,POINT,966.885,966.885,NA,,
AQ_Sctaeniopterus_TP_2021-06-17_110014,2025-06-23 18:05:35,,/Users/ally/Documents/johnson lab/parrotfish bites/AQ_Sctaeniopterus_TP_2021-06-17_110014_002.MP4,1162.090,23.98,No focal subject,Bite,Foraging,None|None|None,POINT,967.885,967.885,NA,,
AQ_Sctaeniopterus_TP_2021-06-17_110014,2025-06-23 18:05:35,,/Users/ally/Documents/johnson lab/parrotfish bites/AQ_Sctaeniopterus_TP_2021-06-17_110014_002.MP4,1162.090,23.98,No focal subject,Bite,Foraging,None|None|None,POINT,973.882,973.882,NA,,
AQ_Sctaeniopterus_TP_2021-06-17_110014,2025-06-23 18:05:35,,/Users/ally/Documents/johnson lab/parrotfish bites/AQ_Sctaeniopterus_TP_2021-06-17_110014_002.MP4,1162.090,23.98,No focal subject,Bite,Foraging,None|None|None,POINT,974.382,974.382,NA,,
AQ_Sctaeniopterus_TP_2021-06-17_110014,2025-06-23 18:05:35,,/Users/ally/Documents/johnson lab/parrotfish bites/AQ_Sctaeniopterus_TP_2021-06-17_110014_002.MP4,1162.090,23.98,No focal subject,Bite,Foraging,None|None|None,POINT,975.381,975.381,NA,,
AQ_Sctaeniopterus_TP_2021-06-17_110014,2025-06-23 18:05:35,,/Users/ally/Documents/johnson lab/parrotfish bites/AQ_Sctaeniopterus_TP_2021-06-17_110014_002.MP4,1162.090,23.98,No focal subject,Bite,Foraging,None|None|None,POINT,976.382,976.382,NA,,
AQ_Sctaeniopterus_TP_2021-06-17_110014,2025-06-23 18:05:35,,/Users/ally/Documents/johnson lab/parrotfish bites/AQ_Sctaeniopterus_TP_2021-06-17_110014_002.MP4,1162.090,23.98,No focal subject,Bite,Foraging,None|None|None,POINT,976.881,976.881,NA,,
AQ_Sctaeniopterus_TP_2021-06-17_110014,2025-06-23 18:05:35,,/Users/ally/Documents/johnson lab/parrotfish bites/AQ_Sctaeniopterus_TP_2021-06-17_110014_002.MP4,1162.090,23.98,No focal subject,Bite,Foraging,None|None|None,POINT,977.882,977.882,NA,,
AQ_Sctaeniopterus_TP_2021-06-17_110014,2025-06-23 18:05:35,,/Users/ally/Documents/johnson lab/parrotfish bites/AQ_Sctaeniopterus_TP_2021-06-17_110014_002.MP4,1162.090,23.98,No focal subject,Bite,Foraging,None|None|None,POINT,978.382,978.382,NA,,
AQ_Sctaeniopterus_TP_2021-06-17_110014,2025-06-23 18:05:35,,/Users/ally/Documents/johnson lab/parrotfish bites/AQ_Sctaeniopterus_TP_2021-06-17_110014_002.MP4,1162.090,23.98,No focal subject,Bite,Foraging,None|None|None,POINT,979.130,979.130,NA,,
AQ_Sctaeniopterus_TP_2021-06-17_110014,2025-06-23 18:05:35,,/Users/ally/Documents/johnson lab/parrotfish bites/AQ_Sctaeniopterus_TP_2021-06-17_110014_002.MP4,1162.090,23.98,No focal subject,Bite,Foraging,None|None|None,POINT,980.384,980.384,NA,,
AQ_Sctaeniopterus_TP_2021-06-17_110014,2025-06-23 18:05:35,,/Users/ally/Documents/johnson lab/parrotfish bites/AQ_Sctaeniopterus_TP_2021-06-17_110014_002.MP4,1162.090,23.98,No focal subject,Bite,Foraging,Feces|None|None,POINT,993.911,993.911,NA,,
AQ_Sctaeniopterus_TP_2021-06-17_110014,2025-06-23 18:05:35,,/Users/ally/Documents/johnson lab/parrotfish bites/AQ_Sctaeniopterus_TP_2021-06-17_110014_002.MP4,1162.090,23.98,No focal subject,Bite,Foraging,Feces|None|None,POINT,999.908,999.908,NA,,
AQ_Sctaeniopterus_TP_2021-06-17_110014,2025-06-23 18:05:35,,/Users/ally/Documents/johnson lab/parrotfish bites/AQ_Sctaeniopterus_TP_2021-06-17_110014_002.MP4,1162.090,23.98,No focal subject,Bite,Foraging,None|None|None,POINT,1009.412,1009.412,NA,,
AQ_Sctaeniopterus_TP_2021-06-17_110014,2025-06-23 18:05:35,,/Users/ally/Documents/johnson lab/parrotfish bites/AQ_Sctaeniopterus_TP_2021-06-17_110014_002.MP4,1162.090,23.98,No focal subject,Bite,Foraging,None|None|None,POINT,1013.911,1013.911,NA,,
AQ_Sctaeniopterus_TP_2021-06-17_110014,2025-06-23 18:05:35,,/Users/ally/Documents/johnson lab/parrotfish bites/AQ_Sctaeniopterus_TP_2021-06-17_110014_002.MP4,1162.090,23.98,No focal subject,Bite,Foraging,None|None|None,POINT,1014.412,1014.412,NA,,
AQ_Sctaeniopterus_TP_2021-06-17_110014,2025-06-23 18:05:35,,/Users/ally/Documents/johnson lab/parrotfish bites/AQ_Sctaeniopterus_TP_2021-06-17_110014_002.MP4,1162.090,23.98,No focal subject,Bite,Foraging,None|None|None,POINT,1016.409,1016.409,NA,,
AQ_Sctaeniopterus_TP_2021-06-17_110014,2025-06-23 18:05:35,,/Users/ally/Documents/johnson lab/parrotfish bites/AQ_Sctaeniopterus_TP_2021-06-17_110014_002.MP4,1162.090,23.98,No focal subject,Bite,Foraging,None|None|None,POINT,1017.414,1017.414,NA,,
AQ_Sctaeniopterus_TP_2021-06-17_110014,2025-06-23 18:05:35,,/Users/ally/Documents/johnson lab/parrotfish bites/AQ_Sctaeniopterus_TP_2021-06-17_110014_002.MP4,1162.090,23.98,No focal subject,Bite,Foraging,None|None|None,POINT,1017.912,1017.912,NA,,
AQ_Sctaeniopterus_TP_2021-06-17_110014,2025-06-23 18:05:35,,/Users/ally/Documents/johnson lab/parrotfish bites/AQ_Sctaeniopterus_TP_2021-06-17_110014_002.MP4,1162.090,23.98,No focal subject,Bite,Foraging,None|None|None,POINT,1019.408,1019.408,NA,,
AQ_Sctaeniopterus_TP_2021-06-17_110014,2025-06-23 18:05:35,,/Users/ally/Documents/johnson lab/parrotfish bites/AQ_Sctaeniopterus_TP_2021-06-17_110014_002.MP4,1162.090,23.98,No focal subject,Bite,Foraging,None|None|None,POINT,1020.413,1020.413,NA,,
AQ_Sctaeniopterus_TP_2021-06-17_110014,2025-06-23 18:05:35,,/Users/ally/Documents/johnson lab/parrotfish bites/AQ_Sctaeniopterus_TP_2021-06-17_110014_002.MP4,1162.090,23.98,No focal subject,Bite,Foraging,None|None|None,POINT,1021.410,1021.410,NA,,
AQ_Sctaeniopterus_TP_2021-06-17_110014,2025-06-23 18:05:35,,/Users/ally/Documents/johnson lab/parrotfish bites/AQ_Sctaeniopterus_TP_2021-06-17_110014_002.MP4,1162.090,23.98,No focal subject,Bite,Foraging,None|None|None,POINT,1023.916,1023.916,NA,,
AQ_Sctaeniopterus_TP_2021-06-17_110014,2025-06-23 18:05:35,,/Users/ally/Documents/johnson lab/parrotfish bites/AQ_Sctaeniopterus_TP_2021-06-17_110014_002.MP4,1162.090,23.98,No focal subject,Bite,Foraging,None|None|None,POINT,1024.913,1024.913,NA,,
AQ_Sctaeniopterus_TP_2021-06-17_110014,2025-06-23 18:05:35,,/Users/ally/Documents/johnson lab/parrotfish bites/AQ_Sctaeniopterus_TP_2021-06-17_110014_002.MP4,1162.090,23.98,No focal subject,Bite,Foraging,None|None|None,POINT,1025.412,1025.412,NA,,
AQ_Sctaeniopterus_TP_2021-06-17_110014,2025-06-23 18:05:35,,/Users/ally/Documents/johnson lab/parrotfish bites/AQ_Sctaeniopterus_TP_2021-06-17_110014_002.MP4,1162.090,23.98,No focal subject,Bite,Foraging,None|None|None,POINT,1025.910,1025.910,NA,,
AQ_Sctaeniopterus_TP_2021-06-17_110014,2025-06-23 18:05:35,,/Users/ally/Documents/johnson lab/parrotfish bites/AQ_Sctaeniopterus_TP_2021-06-17_110014_002.MP4,1162.090,23.98,No focal subject,Bite,Foraging,None|None|None,POINT,1029.412,1029.412,NA,,
AQ_Sctaeniopterus_TP_2021-06-17_110014,2025-06-23 18:05:35,,/Users/ally/Documents/johnson lab/parrotfish bites/AQ_Sctaeniopterus_TP_2021-06-17_110014_002.MP4,1162.090,23.98,No focal subject,Bite,Foraging,None|None|None,POINT,1039.412,1039.412,NA,,
AQ_Sctaeniopterus_TP_2021-06-17_110014,2025-06-23 18:05:35,,/Users/ally/Documents/johnson lab/parrotfish bites/AQ_Sctaeniopterus_TP_2021-06-17_110014_002.MP4,1162.090,23.98,No focal subject,Bite,Foraging,None|None|None,POINT,1039.912,1039.912,NA,,
AQ_Sctaeniopterus_TP_2021-06-17_110014,2025-06-23 18:05:35,,/Users/ally/Documents/johnson lab/parrotfish bites/AQ_Sctaeniopterus_TP_2021-06-17_110014_002.MP4,1162.090,23.98,No focal subject,Bite,Foraging,None|None|None,POINT,1040.912,1040.912,NA,,
AQ_Sctaeniopterus_TP_2021-06-17_110014,2025-06-23 18:05:35,,/Users/ally/Documents/johnson lab/parrotfish bites/AQ_Sctaeniopterus_TP_2021-06-17_110014_002.MP4,1162.090,23.98,No focal subject,Bite,Foraging,None|None|None,POINT,1043.914,1043.914,NA,,
AQ_Sctaeniopterus_TP_2021-06-17_110014,2025-06-23 18:05:35,,/Users/ally/Documents/johnson lab/parrotfish bites/AQ_Sctaeniopterus_TP_2021-06-17_110014_002.MP4,1162.090,23.98,No focal subject,Bite,Foraging,None|None|None,POINT,1045.414,1045.414,NA,,
AQ_Sctaeniopterus_TP_2021-06-17_110014,2025-06-23 18:05:35,,/Users/ally/Documents/johnson lab/parrotfish bites/AQ_Sctaeniopterus_TP_2021-06-17_110014_002.MP4,1162.090,23.98,No focal subject,Bite,Foraging,None|None|None,POINT,1048.907,1048.907,NA,,
AQ_Sctaeniopterus_TP_2021-06-17_110014,2025-06-23 18:05:35,,/Users/ally/Documents/johnson lab/parrotfish bites/AQ_Sctaeniopterus_TP_2021-06-17_110014_002.MP4,1162.090,23.98,No focal subject,Bite,Foraging,None|None|None,POINT,1050.413,1050.413,NA,,
AQ_Sctaeniopterus_TP_2021-06-17_110014,2025-06-23 18:05:35,,/Users/ally/Documents/johnson lab/parrotfish bites/AQ_Sctaeniopterus_TP_2021-06-17_110014_002.MP4,1162.090,23.98,No focal subject,Bite,Foraging,None|None|None,POINT,1051.914,1051.914,NA,,
AQ_Sctaeniopterus_TP_2021-06-17_110014,2025-06-23 18:05:35,,/Users/ally/Documents/johnson lab/parrotfish bites/AQ_Sctaeniopterus_TP_2021-06-17_110014_002.MP4,1162.090,23.98,No focal subject,Bite,Foraging,None|None|None,POINT,1053.160,1053.160,NA,,
AQ_Sctaeniopterus_TP_2021-06-17_110014,2025-06-23 18:05:35,,/Users/ally/Documents/johnson lab/parrotfish bites/AQ_Sctaeniopterus_TP_2021-06-17_110014_002.MP4,1162.090,23.98,No focal subject,Lost Time,Time Keeping,,STATE,1057.475,1095.480,38.005,,
AQ_Sctaeniopterus_TP_2021-06-17_110014,2025-06-23 18:05:35,,/Users/ally/Documents/johnson lab/parrotfish bites/AQ_Sctaeniopterus_TP_2021-06-17_110014_002.MP4,1162.090,23.98,No focal subject,Bite,Foraging,None|None|None,POINT,1125.478,1125.478,NA,,
AQ_Sctaeniopterus_TP_2021-06-17_110014,2025-06-23 18:05:35,,/Users/ally/Documents/johnson lab/parrotfish bites/AQ_Sctaeniopterus_TP_2021-06-17_110014_002.MP4,1162.090,23.98,No focal subject,Bite,Foraging,None|None|None,POINT,1126.476,1126.476,NA,,
AQ_Sctaeniopterus_TP_2021-06-17_110014,2025-06-23 18:05:35,,/Users/ally/Documents/johnson lab/parrotfish bites/AQ_Sctaeniopterus_TP_2021-06-17_110014_002.MP4,1162.090,23.98,No focal subject,Bite,Foraging,None|None|None,POINT,1144.976,1144.976,NA,,
AQ_Sctaeniopterus_TP_2021-06-17_110014,2025-06-23 18:05:35,,/Users/ally/Documents/johnson lab/parrotfish bites/AQ_Sctaeniopterus_TP_2021-06-17_110014_002.MP4,1162.090,23.98,No focal subject,Bite,Foraging,None|None|None,POINT,1145.976,1145.976,NA,,
AQ_Sctaeniopterus_TP_2021-06-17_110014,2025-06-23 18:05:35,,/Users/ally/Documents/johnson lab/parrotfish bites/AQ_Sctaeniopterus_TP_2021-06-17_110014_002.MP4,1162.090,23.98,No focal subject,Bite,Foraging,None|None|None,POINT,1147.476,1147.476,NA,,
AQ_Sctaeniopterus_TP_2021-06-17_110014,2025-06-23 18:05:35,,/Users/ally/Documents/johnson lab/parrotfish bites/AQ_Sctaeniopterus_TP_2021-06-17_110014_002.MP4,1162.090,23.98,No focal subject,Bite,Foraging,None|None|None,POINT,1147.976,1147.976,NA,,
AQ_Sctaeniopterus_TP_2021-06-17_110014,2025-06-23 18:05:35,,/Users/ally/Documents/johnson lab/parrotfish bites/AQ_Sctaeniopterus_TP_2021-06-17_110014_002.MP4,1162.090,23.98,No focal subject,Bite,Foraging,None|None|None,POINT,1148.475,1148.475,NA,,
AQ_Sctaeniopterus_TP_2021-06-17_110014,2025-06-23 18:05:35,,/Users/ally/Documents/johnson lab/parrotfish bites/AQ_Sctaeniopterus_TP_2021-06-17_110014_002.MP4,1162.090,23.98,No focal subject,Bite,Foraging,None|None|None,POINT,1149.475,1149.475,NA,,
AQ_Sctaeniopterus_TP_2021-06-17_110014,2025-06-23 18:05:35,,/Users/ally/Documents/johnson lab/parrotfish bites/AQ_Sctaeniopterus_TP_2021-06-17_110014_002.MP4,1162.090,23.98,No focal subject,Bite,Foraging,None|None|None,POINT,1150.976,1150.976,NA,,
AQ_Sctaeniopterus_TP_2021-06-17_110014,2025-06-23 18:05:35,,/Users/ally/Documents/johnson lab/parrotfish bites/AQ_Sctaeniopterus_TP_2021-06-17_110014_002.MP4,1162.090,23.98,No focal subject,Bite,Foraging,None|None|None,POINT,1151.975,1151.975,NA,,
AQ_Sctaeniopterus_TP_2021-06-17_110014,2025-06-23 18:05:35,,/Users/ally/Documents/johnson lab/parrotfish bites/AQ_Sctaeniopterus_TP_2021-06-17_110014_002.MP4,1162.090,23.98,No focal subject,Bite,Foraging,None|None|None,POINT,1152.475,1152.475,NA,,
AQ_Sctaeniopterus_TP_2021-06-17_110014,2025-06-23 18:05:35,,/Users/ally/Documents/johnson lab/parrotfish bites/AQ_Sctaeniopterus_TP_2021-06-17_110014_002.MP4,1162.090,23.98,No focal subject,Bite,Foraging,None|None|None,POINT,1153.475,1153.475,NA,,
AQ_Sctaeniopterus_TP_2021-06-17_110014,2025-06-23 18:05:35,,/Users/ally/Documents/johnson lab/parrotfish bites/AQ_Sctaeniopterus_TP_2021-06-17_110014_002.MP4,1162.090,23.98,No focal subject,Bite,Foraging,None|None|None,POINT,1154.477,1154.477,NA,,
AQ_Sctaeniopterus_TP_2021-06-17_110014,2025-06-23 18:05:35,,/Users/ally/Documents/johnson lab/parrotfish bites/AQ_Sctaeniopterus_TP_2021-06-17_110014_002.MP4,1162.090,23.98,No focal subject,Bite,Foraging,None|None|None,POINT,1154.976,1154.976,NA,,
AQ_Sctaeniopterus_TP_2021-06-17_110014,2025-06-23 18:05:35,,/Users/ally/Documents/johnson lab/parrotfish bites/AQ_Sctaeniopterus_TP_2021-06-17_110014_002.MP4,1162.090,23.98,No focal subject,Bite,Foraging,None|None|None,POINT,1155.977,1155.977,NA,,
AQ_Sctaeniopterus_TP_2021-06-17_110014,2025-06-23 18:05:35,,/Users/ally/Documents/johnson lab/parrotfish bites/AQ_Sctaeniopterus_TP_2021-06-17_110014_002.MP4,1162.090,23.98,No focal subject,Watch Time,Time Keeping,110003,POINT,1158.976,1158.976,NA,,
