Observation id,Observation date,Description,Media file,Total length,FPS,Subject,Behavior,Behavioral category,Modifiers,Behavior type,Start (s),Stop (s),Duration (s),Comment start,Comment stop
AQ_Sctaeniopterus_TP_2021-06-17_132934,2025-06-28 17:51:31,,/Users/ally/Documents/johnson lab/parrotfish bites/AQ_Sctaeniopterus_TP_2021-06-17_132934_001.MP4,1218.690,23.98,No focal subject,Watch Time,Time Keeping,130910,POINT,2.414,2.414,NA,,
AQ_Sctaeniopterus_TP_2021-06-17_132934,2025-06-28 17:51:31,,/Users/ally/Documents/johnson lab/parrotfish bites/AQ_Sctaeniopterus_TP_2021-06-17_132934_001.MP4,1218.690,23.98,No focal subject,START/STOP,Time Keeping,,STATE,8.910,1216.085,1207.175,,
AQ_Sctaeniopterus_TP_2021-06-17_132934,2025-06-28 17:51:31,,/Users/ally/Documents/johnson lab/parrotfish bites/AQ_Sctaeniopterus_TP_2021-06-17_132934_001.MP4,1218.690,23.98,No focal subject,Bite,Foraging,None|None|None,POINT,54.449,54.449,NA,,
AQ_Sctaeniopterus_TP_2021-06-17_132934,2025-06-28 17:51:31,,/Users/ally/Documents/johnson lab/parrotfish bites/AQ_Sctaeniopterus_TP_2021-06-17_132934_001.MP4,1218.690,23.98,No focal subject,Bite,Foraging,None|None|None,POINT,55.449,55.449,NA,,
AQ_Sctaeniopterus_TP_2021-06-17_132934,2025-06-28 17:51:31,,/Users/ally/Documents/johnson lab/parrotfish bites/AQ_Sctaeniopterus_TP_2021-06-17_132934_001.MP4,1218.690,23.98,No focal subject,Bite,Foraging,None|None|None,POINT,56.450,56.450,NA,,
AQ_Sctaeniopterus_TP_2021-06-17_132934,2025-06-28 17:51:31,,/Users/ally/Documents/johnson lab/parrotfish bites/AQ_Sctaeniopterus_TP_2021-06-17_132934_001.MP4,1218.690,23.98,No focal subject,Bite,Foraging,None|None|None,POINT,60.951,60.951,NA,,
AQ_Sctaeniopterus_TP_2021-06-17_132934,2025-06-28 17:51:31,,/Users/ally/Documents/johnson lab/parrotfish bites/AQ_Sctaeniopterus_TP_2021-06-17_132934_001.MP4,1218.690,23.98,No focal subject,Bite,Foraging,None|None|None,POINT,65.451,65.451,NA,,
AQ_Sctaeniopterus_TP_2021-06-17_132934,2025-06-28 17:51:31,,/Users/ally/Documents/johnson lab/parrotfish bites/AQ_Sctaeniopterus_TP_2021-06-17_132934_001.MP4,1218.690,23.98,No focal subject,Bite,Foraging,None|None|None,POINT,66.199,66.199,NA,,
AQ_Sctaeniopterus_TP_2021-06-17_132934,2025-06-28 17:51:31,,/Users/ally/Documents/johnson lab/parrotfish bites/AQ_Sctaeniopterus_TP_2021-06-17_132934_001.MP4,1218.690,23.98,No focal subject,Bite,Foraging,None|None|None,POINT,66.698,66.698,NA,,
AQ_Sctaeniopterus_TP_2021-06-17_132934,2025-06-28 17:51:31,,/Users/ally/Documents/johnson lab/parrotfish bites/AQ_Sctaeniopterus_TP_2021-06-17_132934_001.MP4,1218.690,23.98,No focal subject,Bite,Foraging,None|None|None,POINT,67.950,67.950,NA,,
AQ_Sctaeniopterus_TP_2021-06-17_132934,2025-06-28 17:51:31,,/Users/ally/Documents/johnson lab/parrotfish bites/AQ_Sctaeniopterus_TP_2021-06-17_132934_001.MP4,1218.690,23.98,No focal subject,Bite,Foraging,None|None|None,POINT,92.450,92.450,NA,,
AQ_Sctaeniopterus_TP_2021-06-17_132934,2025-06-28 17:51:31,,/Users/ally/Documents/johnson lab/parrotfish bites/AQ_Sctaeniopterus_TP_2021-06-17_132934_001.MP4,1218.690,23.98,No focal subject,Bite,Foraging,None|None|None,POINT,98.951,98.951,NA,,
AQ_Sctaeniopterus_TP_2021-06-17_132934,2025-06-28 17:51:31,,/Users/ally/Documents/johnson lab/parrotfish bites/AQ_Sctaeniopterus_TP_2021-06-17_132934_001.MP4,1218.690,23.98,No focal subject,Bite,Foraging,None|None|None,POINT,100.450,100.450,NA,,
AQ_Sctaeniopterus_TP_2021-06-17_132934,2025-06-28 17:51:31,,/Users/ally/Documents/johnson lab/parrotfish bites/AQ_Sctaeniopterus_TP_2021-06-17_132934_001.MP4,1218.690,23.98,No focal subject,Bite,Foraging,None|None|None,POINT,105.450,105.450,NA,,
AQ_Sctaeniopterus_TP_2021-06-17_132934,2025-06-28 17:51:31,,/Users/ally/Documents/johnson lab/parrotfish bites/AQ_Sctaeniopterus_TP_2021-06-17_132934_001.MP4,1218.690,23.98,No focal subject,Bite,Foraging,None|None|None,POINT,105.950,105.950,NA,,
AQ_Sctaeniopterus_TP_2021-06-17_132934,2025-06-28 17:51:31,,/Users/ally/Documents/johnson lab/parrotfish bites/AQ_Sctaeniopterus_TP_2021-06-17_132934_001.MP4,1218.690,23.98,No focal subject,Bite,Foraging,None|None|None,POINT,107.950,107.950,NA,,
AQ_Sctaeniopterus_TP_2021-06-17_132934,2025-06-28 17:51:31,,/Users/ally/Documents/johnson lab/parrotfish bites/AQ_Sctaeniopterus_TP_2021-06-17_132934_001.MP4,1218.690,23.98,No focal subject,Bite,Foraging,None|None|None,POINT,109.450,109.450,NA,,
AQ_Sctaeniopterus_TP_2021-06-17_132934,2025-06-28 17:51:31,,/Users/ally/Documents/johnson lab/parrotfish bites/AQ_Sctaeniopterus_TP_2021-06-17_132934_001.MP4,1218.690,23.98,No focal subject,Bite,Foraging,None|None|None,POINT,110.448,110.448,NA,,
AQ_Sctaeniopterus_TP_2021-06-17_132934,2025-06-28 17:51:31,,/Users/ally/Documents/johnson lab/parrotfish bites/AQ_Sctaeniopterus_TP_2021-06-17_132934_001.MP4,1218.690,23.98,No focal subject,Bite,Foraging,None|None|None,POINT,111.449,111.449,NA,,
AQ_Sctaeniopterus_TP_2021-06-17_132934,2025-06-28 17:51:31,,/Users/ally/Documents/johnson lab/parrotfish bites/AQ_Sctaeniopterus_TP_2021-06-17_132934_001.MP4,1218.690,23.98,No focal subject,Bite,Foraging,None|None|None,POINT,113.450,113.450,NA,,
AQ_Sctaeniopterus_TP_2021-06-17_132934,2025-06-28 17:51:31,,/Users/ally/Documents/johnson lab/parrotfish bites/AQ_Sctaeniopterus_TP_2021-06-17_132934_001.MP4,1218.690,23.98,No focal subject,Bite,Foraging,None|None|None,POINT,117.951,117.951,NA,,
AQ_Sctaeniopterus_TP_2021-06-17_132934,2025-06-28 17:51:31,,/Users/ally/Documents/johnson lab/parrotfish bites/AQ_Sctaeniopterus_TP_2021-06-17_132934_001.MP4,1218.690,23.98,No focal subject,Bite,Foraging,None|None|None,POINT,119.950,119.950,NA,,
AQ_Sctaeniopterus_TP_2021-06-17_132934,2025-06-28 17:51:31,,/Users/ally/Documents/johnson lab/parrotfish bites/AQ_Sctaeniopterus_TP_2021-06-17_132934_001.MP4,1218.690,23.98,No focal subject,Bite,Foraging,None|None|None,POINT,134.450,134.450,NA,,
AQ_Sctaeniopterus_TP_2021-06-17_132934,2025-06-28 17:51:31,,/Users/ally/Documents/johnson lab/parrotfish bites/AQ_Sctaeniopterus_TP_2021-06-17_132934_001.MP4,1218.690,23.98,No focal subject,Bite,Foraging,None|None|None,POINT,134.950,134.950,NA,,
AQ_Sctaeniopterus_TP_2021-06-17_132934,2025-06-28 17:51:31,,/Users/ally/Documents/johnson lab/parrotfish bites/AQ_Sctaeniopterus_TP_2021-06-17_132934_001.MP4,1218.690,23.98,No focal subject,Bite,Foraging,None|None|None,POINT,135.950,135.950,NA,,
AQ_Sctaeniopterus_TP_2021-06-17_132934,2025-06-28 17:51:31,,/Users/ally/Documents/johnson lab/parrotfish bites/AQ_Sctaeniopterus_TP_2021-06-17_132934_001.MP4,1218.690,23.98,No focal subject,Bite,Foraging,None|None|None,POINT,136.946,136.946,NA,,
AQ_Sctaeniopterus_TP_2021-06-17_132934,2025-06-28 17:51:31,,/Users/ally/Documents/johnson lab/parrotfish bites/AQ_Sctaeniopterus_TP_2021-06-17_132934_001.MP4,1218.690,23.98,No focal subject,Bite,Foraging,None|None|None,POINT,137.950,137.950,NA,,
AQ_Sctaeniopterus_TP_2021-06-17_132934,2025-06-28 17:51:31,,/Users/ally/Documents/johnson lab/parrotfish bites/AQ_Sctaeniopterus_TP_2021-06-17_132934_001.MP4,1218.690,23.98,No focal subject,Bite,Foraging,None|None|None,POINT,138.450,138.450,NA,,
AQ_Sctaeniopterus_TP_2021-06-17_132934,2025-06-28 17:51:31,,/Users/ally/Documents/johnson lab/parrotfish bites/AQ_Sctaeniopterus_TP_2021-06-17_132934_001.MP4,1218.690,23.98,No focal subject,Bite,Foraging,None|None|None,POINT,139.951,139.951,NA,,
AQ_Sctaeniopterus_TP_2021-06-17_132934,2025-06-28 17:51:31,,/Users/ally/Documents/johnson lab/parrotfish bites/AQ_Sctaeniopterus_TP_2021-06-17_132934_001.MP4,1218.690,23.98,No focal subject,Bite,Foraging,None|None|None,POINT,141.450,141.450,NA,,
AQ_Sctaeniopterus_TP_2021-06-17_132934,2025-06-28 17:51:31,,/Users/ally/Documents/johnson lab/parrotfish bites/AQ_Sctaeniopterus_TP_2021-06-17_132934_001.MP4,1218.690,23.98,No focal subject,Bite,Foraging,None|None|None,POINT,141.950,141.950,NA,,
AQ_Sctaeniopterus_TP_2021-06-17_132934,2025-06-28 17:51:31,,/Users/ally/Documents/johnson lab/parrotfish bites/AQ_Sctaeniopterus_TP_2021-06-17_132934_001.MP4,1218.690,23.98,No focal subject,Bite,Foraging,None|None|None,POINT,143.950,143.950,NA,,
AQ_Sctaeniopterus_TP_2021-06-17_132934,2025-06-28 17:51:31,,/Users/ally/Documents/johnson lab/parrotfish bites/AQ_Sctaeniopterus_TP_2021-06-17_132934_001.MP4,1218.690,23.98,No focal subject,Bite,Foraging,None|None|None,POINT,145.450,145.450,NA,,
AQ_Sctaeniopterus_TP_2021-06-17_132934,2025-06-28 17:51:31,,/Users/ally/Documents/johnson lab/parrotfish bites/AQ_Sctaeniopterus_TP_2021-06-17_132934_001.MP4,1218.690,23.98,No focal subject,Bite,Foraging,None|None|None,POINT,160.450,160.450,NA,,
AQ_Sctaeniopterus_TP_2021-06-17_132934,2025-06-28 17:51:31,,/Users/ally/Documents/johnson lab/parrotfish bites/AQ_Sctaeniopterus_TP_2021-06-17_132934_001.MP4,1218.690,23.98,No focal subject,Bite,Foraging,None|None|None,POINT,161.450,161.450,NA,,
AQ_Sctaeniopterus_TP_2021-06-17_132934,2025-06-28 17:51:31,,/Users/ally/Documents/johnson lab/parrotfish bites/AQ_Sctaeniopterus_TP_2021-06-17_132934_001.MP4,1218.690,23.98,No focal subject,Bite,Foraging,None|None|None,POINT,161.951,161.951,NA,,
AQ_Sctaeniopterus_TP_2021-06-17_132934,2025-06-28 17:51:31,,/Users/ally/Documents/johnson lab/parrotfish bites/AQ_Sctaeniopterus_TP_2021-06-17_132934_001.MP4,1218.690,23.98,No focal subject,Bite,Foraging,None|None|None,POINT,164.450,164.450,NA,,
AQ_Sctaeniopterus_TP_2021-06-17_132934,2025-06-28 17:51:31,,/Users/ally/Documents/johnson lab/parrotfish bites/AQ_Sctaeniopterus_TP_2021-06-17_132934_001.MP4,1218.690,23.98,No focal subject,Bite,Foraging,None|None|None,POINT,166.699,166.699,NA,,
AQ_Sctaeniopterus_TP_2021-06-17_132934,2025-06-28 17:51:31,,/Users/ally/Documents/johnson lab/parrotfish bites/AQ_Sctaeniopterus_TP_2021-06-17_132934_001.MP4,1218.690,23.98,No focal subject,Bite,Foraging,None|None|None,POINT,166.950,166.950,NA,,
AQ_Sctaeniopterus_TP_2021-06-17_132934,2025-06-28 17:51:31,,/Users/ally/Documents/johnson lab/parrotfish bites/AQ_Sctaeniopterus_TP_2021-06-17_132934_001.MP4,1218.690,23.98,No focal subject,Bite,Foraging,None|None|None,POINT,167.950,167.950,NA,,
AQ_Sctaeniopterus_TP_2021-06-17_132934,2025-06-28 17:51:31,,/Users/ally/Documents/johnson lab/parrotfish bites/AQ_Sctaeniopterus_TP_2021-06-17_132934_001.MP4,1218.690,23.98,No focal subject,Bite,Foraging,None|None|None,POINT,170.450,170.450,NA,,
AQ_Sctaeniopterus_TP_2021-06-17_132934,2025-06-28 17:51:31,,/Users/ally/Documents/johnson lab/parrotfish bites/AQ_Sctaeniopterus_TP_2021-06-17_132934_001.MP4,1218.690,23.98,No focal subject,Bite,Foraging,None|None|None,POINT,171.451,171.451,NA,,
AQ_Sctaeniopterus_TP_2021-06-17_132934,2025-06-28 17:51:31,,/Users/ally/Documents/johnson lab/parrotfish bites/AQ_Sctaeniopterus_TP_2021-06-17_132934_001.MP4,1218.690,23.98,No focal subject,Bite,Foraging,None|None|None,POINT,173.952,173.952,NA,,
AQ_Sctaeniopterus_TP_2021-06-17_132934,2025-06-28 17:51:31,,/Users/ally/Documents/johnson lab/parrotfish bites/AQ_Sctaeniopterus_TP_2021-06-17_132934_001.MP4,1218.690,23.98,No focal subject,Bite,Foraging,None|None|None,POINT,174.952,174.952,NA,,
AQ_Sctaeniopterus_TP_2021-06-17_132934,2025-06-28 17:51:31,,/Users/ally/Documents/johnson lab/parrotfish bites/AQ_Sctaeniopterus_TP_2021-06-17_132934_001.MP4,1218.690,23.98,No focal subject,Bite,Foraging,None|None|None,POINT,175.951,175.951,NA,,
AQ_Sctaeniopterus_TP_2021-06-17_132934,2025-06-28 17:51:31,,/Users/ally/Documents/johnson lab/parrotfish bites/AQ_Sctaeniopterus_TP_2021-06-17_132934_001.MP4,1218.690,23.98,No focal subject,Bite,Foraging,None|None|None,POINT,176.450,176.450,NA,,
AQ_Sctaeniopterus_TP_2021-06-17_132934,2025-06-28 17:51:31,,/Users/ally/Documents/johnson lab/parrotfish bites/AQ_Sctaeniopterus_TP_2021-06-17_132934_001.MP4,1218.690,23.98,No focal subject,Bite,Foraging,None|None|None,POINT,176.950,176.950,NA,,
AQ_Sctaeniopterus_TP_2021-06-17_132934,2025-06-28 17:51:31,,/Users/ally/Documents/johnson lab/parrotfish bites/AQ_Sctaeniopterus_TP_2021-06-17_132934_001.MP4,1218.690,23.98,No focal subject,Bite,Foraging,None|None|None,POINT,177.950,177.950,NA,,
AQ_Sctaeniopterus_TP_2021-06-17_132934,2025-06-28 17:51:31,,/Users/ally/Documents/johnson lab/parrotfish bites/AQ_Sctaeniopterus_TP_2021-06-17_132934_001.MP4,1218.690,23.98,No focal subject,Bite,Foraging,None|None|None,POINT,178.950,178.950,NA,,
AQ_Sctaeniopterus_TP_2021-06-17_132934,2025-06-28 17:51:31,,/Users/ally/Documents/johnson lab/parrotfish bites/AQ_Sctaeniopterus_TP_2021-06-17_132934_001.MP4,1218.690,23.98,No focal subject,Bite,Foraging,None|None|None,POINT,179.950,179.950,NA,,
AQ_Sctaeniopterus_TP_2021-06-17_132934,2025-06-28 17:51:31,,/Users/ally/Documents/johnson lab/parrotfish bites/AQ_Sctaeniopterus_TP_2021-06-17_132934_001.MP4,1218.690,23.98,No focal subject,Bite,Foraging,None|None|None,POINT,180.950,180.950,NA,,
AQ_Sctaeniopterus_TP_2021-06-17_132934,2025-06-28 17:51:31,,/Users/ally/Documents/johnson lab/parrotfish bites/AQ_Sctaeniopterus_TP_2021-06-17_132934_001.MP4,1218.690,23.98,No focal subject,Bite,Foraging,None|None|None,POINT,182.450,182.450,NA,,
AQ_Sctaeniopterus_TP_2021-06-17_132934,2025-06-28 17:51:31,,/Users/ally/Documents/johnson lab/parrotfish bites/AQ_Sctaeniopterus_TP_2021-06-17_132934_001.MP4,1218.690,23.98,No focal subject,Bite,Foraging,None|None|None,POINT,182.951,182.951,NA,,
AQ_Sctaeniopterus_TP_2021-06-17_132934,2025-06-28 17:51:31,,/Users/ally/Documents/johnson lab/parrotfish bites/AQ_Sctaeniopterus_TP_2021-06-17_132934_001.MP4,1218.690,23.98,No focal subject,Bite,Foraging,None|None|None,POINT,183.950,183.950,NA,,
AQ_Sctaeniopterus_TP_2021-06-17_132934,2025-06-28 17:51:31,,/Users/ally/Documents/johnson lab/parrotfish bites/AQ_Sctaeniopterus_TP_2021-06-17_132934_001.MP4,1218.690,23.98,No focal subject,Bite,Foraging,None|None|None,POINT,186.083,186.083,NA,,
AQ_Sctaeniopterus_TP_2021-06-17_132934,2025-06-28 17:51:31,,/Users/ally/Documents/johnson lab/parrotfish bites/AQ_Sctaeniopterus_TP_2021-06-17_132934_001.MP4,1218.690,23.98,No focal subject,Bite,Foraging,None|None|None,POINT,187.083,187.083,NA,,
AQ_Sctaeniopterus_TP_2021-06-17_132934,2025-06-28 17:51:31,,/Users/ally/Documents/johnson lab/parrotfish bites/AQ_Sctaeniopterus_TP_2021-06-17_132934_001.MP4,1218.690,23.98,No focal subject,Bite,Foraging,None|None|None,POINT,198.584,198.584,NA,,
AQ_Sctaeniopterus_TP_2021-06-17_132934,2025-06-28 17:51:31,,/Users/ally/Documents/johnson lab/parrotfish bites/AQ_Sctaeniopterus_TP_2021-06-17_132934_001.MP4,1218.690,23.98,No focal subject,Bite,Foraging,None|None|None,POINT,199.084,199.084,NA,,
AQ_Sctaeniopterus_TP_2021-06-17_132934,2025-06-28 17:51:31,,/Users/ally/Documents/johnson lab/parrotfish bites/AQ_Sctaeniopterus_TP_2021-06-17_132934_001.MP4,1218.690,23.98,No focal subject,Bite,Foraging,None|None|None,POINT,200.582,200.582,NA,,
AQ_Sctaeniopterus_TP_2021-06-17_132934,2025-06-28 17:51:31,,/Users/ally/Documents/johnson lab/parrotfish bites/AQ_Sctaeniopterus_TP_2021-06-17_132934_001.MP4,1218.690,23.98,No focal subject,Bite,Foraging,None|None|None,POINT,201.084,201.084,NA,,
AQ_Sctaeniopterus_TP_2021-06-17_132934,2025-06-28 17:51:31,,/Users/ally/Documents/johnson lab/parrotfish bites/AQ_Sctaeniopterus_TP_2021-06-17_132934_001.MP4,1218.690,23.98,No focal subject,Bite,Foraging,None|None|None,POINT,203.083,203.083,NA,,
AQ_Sctaeniopterus_TP_2021-06-17_132934,2025-06-28 17:51:31,,/Users/ally/Documents/johnson lab/parrotfish bites/AQ_Sctaeniopterus_TP_2021-06-17_132934_001.MP4,1218.690,23.98,No focal subject,Bite,Foraging,None|None|None,POINT,204.583,204.583,NA,,
AQ_Sctaeniopterus_TP_2021-06-17_132934,2025-06-28 17:51:31,,/Users/ally/Documents/johnson lab/parrotfish bites/AQ_Sctaeniopterus_TP_2021-06-17_132934_001.MP4,1218.690,23.98,No focal subject,Bite,Foraging,None|None|None,POINT,205.585,205.585,NA,,
AQ_Sctaeniopterus_TP_2021-06-17_132934,2025-06-28 17:51:31,,/Users/ally/Documents/johnson lab/parrotfish bites/AQ_Sctaeniopterus_TP_2021-06-17_132934_001.MP4,1218.690,23.98,No focal subject,Bite,Foraging,None|None|None,POINT,205.835,205.835,NA,,
AQ_Sctaeniopterus_TP_2021-06-17_132934,2025-06-28 17:51:31,,/Users/ally/Documents/johnson lab/parrotfish bites/AQ_Sctaeniopterus_TP_2021-06-17_132934_001.MP4,1218.690,23.98,No focal subject,Bite,Foraging,None|None|None,POINT,207.083,207.083,NA,,
AQ_Sctaeniopterus_TP_2021-06-17_132934,2025-06-28 17:51:31,,/Users/ally/Documents/johnson lab/parrotfish bites/AQ_Sctaeniopterus_TP_2021-06-17_132934_001.MP4,1218.690,23.98,No focal subject,Bite,Foraging,None|None|None,POINT,209.585,209.585,NA,,
AQ_Sctaeniopterus_TP_2021-06-17_132934,2025-06-28 17:51:31,,/Users/ally/Documents/johnson lab/parrotfish bites/AQ_Sctaeniopterus_TP_2021-06-17_132934_001.MP4,1218.690,23.98,No focal subject,Bite,Foraging,None|None|None,POINT,210.583,210.583,NA,,
AQ_Sctaeniopterus_TP_2021-06-17_132934,2025-06-28 17:51:31,,/Users/ally/Documents/johnson lab/parrotfish bites/AQ_Sctaeniopterus_TP_2021-06-17_132934_001.MP4,1218.690,23.98,No focal subject,Bite,Foraging,None|None|None,POINT,211.585,211.585,NA,,
AQ_Sctaeniopterus_TP_2021-06-17_132934,2025-06-28 17:51:31,,/Users/ally/Documents/johnson lab/parrotfish bites/AQ_Sctaeniopterus_TP_2021-06-17_132934_001.MP4,1218.690,23.98,No focal subject,Bite,Foraging,None|None|None,POINT,212.583,212.583,NA,,
AQ_Sctaeniopterus_TP_2021-06-17_132934,2025-06-28 17:51:31,,/Users/ally/Documents/johnson lab/parrotfish bites/AQ_Sctaeniopterus_TP_2021-06-17_132934_001.MP4,1218.690,23.98,No focal subject,Bite,Foraging,None|None|None,POINT,213.585,213.585,NA,,
AQ_Sctaeniopterus_TP_2021-06-17_132934,2025-06-28 17:51:31,,/Users/ally/Documents/johnson lab/parrotfish bites/AQ_Sctaeniopterus_TP_2021-06-17_132934_001.MP4,1218.690,23.98,No focal subject,Bite,Foraging,None|None|None,POINT,216.084,216.084,NA,,
AQ_Sctaeniopterus_TP_2021-06-17_132934,2025-06-28 17:51:31,,/Users/ally/Documents/johnson lab/parrotfish bites/AQ_Sctaeniopterus_TP_2021-06-17_132934_001.MP4,1218.690,23.98,No focal subject,Bite,Foraging,None|None|None,POINT,222.083,222.083,NA,,
AQ_Sctaeniopterus_TP_2021-06-17_132934,2025-06-28 17:51:31,,/Users/ally/Documents/johnson lab/parrotfish bites/AQ_Sctaeniopterus_TP_2021-06-17_132934_001.MP4,1218.690,23.98,No focal subject,Bite,Foraging,None|None|None,POINT,222.583,222.583,NA,,
AQ_Sctaeniopterus_TP_2021-06-17_132934,2025-06-28 17:51:31,,/Users/ally/Documents/johnson lab/parrotfish bites/AQ_Sctaeniopterus_TP_2021-06-17_132934_001.MP4,1218.690,23.98,No focal subject,Bite,Foraging,None|None|None,POINT,223.583,223.583,NA,,
AQ_Sctaeniopterus_TP_2021-06-17_132934,2025-06-28 17:51:31,,/Users/ally/Documents/johnson lab/parrotfish bites/AQ_Sctaeniopterus_TP_2021-06-17_132934_001.MP4,1218.690,23.98,No focal subject,Bite,Foraging,None|None|None,POINT,225.083,225.083,NA,,
AQ_Sctaeniopterus_TP_2021-06-17_132934,2025-06-28 17:51:31,,/Users/ally/Documents/johnson lab/parrotfish bites/AQ_Sctaeniopterus_TP_2021-06-17_132934_001.MP4,1218.690,23.98,No focal subject,Bite,Foraging,None|None|None,POINT,226.083,226.083,NA,,
AQ_Sctaeniopterus_TP_2021-06-17_132934,2025-06-28 17:51:31,,/Users/ally/Documents/johnson lab/parrotfish bites/AQ_Sctaeniopterus_TP_2021-06-17_132934_001.MP4,1218.690,23.98,No focal subject,Bite,Foraging,None|None|None,POINT,228.083,228.083,NA,,
AQ_Sctaeniopterus_TP_2021-06-17_132934,2025-06-28 17:51:31,,/Users/ally/Documents/johnson lab/parrotfish bites/AQ_Sctaeniopterus_TP_2021-06-17_132934_001.MP4,1218.690,23.98,No focal subject,Bite,Foraging,None|None|None,POINT,229.083,229.083,NA,,
AQ_Sctaeniopterus_TP_2021-06-17_132934,2025-06-28 17:51:31,,/Users/ally/Documents/johnson lab/parrotfish bites/AQ_Sctaeniopterus_TP_2021-06-17_132934_001.MP4,1218.690,23.98,No focal subject,Bite,Foraging,None|None|None,POINT,237.584,237.584,NA,,
AQ_Sctaeniopterus_TP_2021-06-17_132934,2025-06-28 17:51:31,,/Users/ally/Documents/johnson lab/parrotfish bites/AQ_Sctaeniopterus_TP_2021-06-17_132934_001.MP4,1218.690,23.98,No focal subject,Bite,Foraging,None|None|None,POINT,239.083,239.083,NA,,
AQ_Sctaeniopterus_TP_2021-06-17_132934,2025-06-28 17:51:31,,/Users/ally/Documents/johnson lab/parrotfish bites/AQ_Sctaeniopterus_TP_2021-06-17_132934_001.MP4,1218.690,23.98,No focal subject,Bite,Foraging,None|None|None,POINT,240.583,240.583,NA,,
AQ_Sctaeniopterus_TP_2021-06-17_132934,2025-06-28 17:51:31,,/Users/ally/Documents/johnson lab/parrotfish bites/AQ_Sctaeniopterus_TP_2021-06-17_132934_001.MP4,1218.690,23.98,No focal subject,Bite,Foraging,None|None|None,POINT,241.583,241.583,NA,,
AQ_Sctaeniopterus_TP_2021-06-17_132934,2025-06-28 17:51:31,,/Users/ally/Documents/johnson lab/parrotfish bites/AQ_Sctaeniopterus_TP_2021-06-17_132934_001.MP4,1218.690,23.98,No focal subject,Bite,Foraging,None|None|None,POINT,243.084,243.084,NA,,
AQ_Sctaeniopterus_TP_2021-06-17_132934,2025-06-28 17:51:31,,/Users/ally/Documents/johnson lab/parrotfish bites/AQ_Sctaeniopterus_TP_2021-06-17_132934_001.MP4,1218.690,23.98,No focal subject,Bite,Foraging,None|None|None,POINT,245.585,245.585,NA,,
AQ_Sctaeniopterus_TP_2021-06-17_132934,2025-06-28 17:51:31,,/Users/ally/Documents/johnson lab/parrotfish bites/AQ_Sctaeniopterus_TP_2021-06-17_132934_001.MP4,1218.690,23.98,No focal subject,Bite,Foraging,None|None|None,POINT,247.587,247.587,NA,,
AQ_Sctaeniopterus_TP_2021-06-17_132934,2025-06-28 17:51:31,,/Users/ally/Documents/johnson lab/parrotfish bites/AQ_Sctaeniopterus_TP_2021-06-17_132934_001.MP4,1218.690,23.98,No focal subject,Bite,Foraging,None|None|None,POINT,248.082,248.082,NA,,
AQ_Sctaeniopterus_TP_2021-06-17_132934,2025-06-28 17:51:31,,/Users/ally/Documents/johnson lab/parrotfish bites/AQ_Sctaeniopterus_TP_2021-06-17_132934_001.MP4,1218.690,23.98,No focal subject,Bite,Foraging,None|None|None,POINT,250.585,250.585,NA,,
AQ_Sctaeniopterus_TP_2021-06-17_132934,2025-06-28 17:51:31,,/Users/ally/Documents/johnson lab/parrotfish bites/AQ_Sctaeniopterus_TP_2021-06-17_132934_001.MP4,1218.690,23.98,No focal subject,Bite,Foraging,None|None|None,POINT,251.585,251.585,NA,,
AQ_Sctaeniopterus_TP_2021-06-17_132934,2025-06-28 17:51:31,,/Users/ally/Documents/johnson lab/parrotfish bites/AQ_Sctaeniopterus_TP_2021-06-17_132934_001.MP4,1218.690,23.98,No focal subject,Bite,Foraging,None|None|None,POINT,252.583,252.583,NA,,
AQ_Sctaeniopterus_TP_2021-06-17_132934,2025-06-28 17:51:31,,/Users/ally/Documents/johnson lab/parrotfish bites/AQ_Sctaeniopterus_TP_2021-06-17_132934_001.MP4,1218.690,23.98,No focal subject,Bite,Foraging,None|None|None,POINT,253.083,253.083,NA,,
AQ_Sctaeniopterus_TP_2021-06-17_132934,2025-06-28 17:51:31,,/Users/ally/Documents/johnson lab/parrotfish bites/AQ_Sctaeniopterus_TP_2021-06-17_132934_001.MP4,1218.690,23.98,No focal subject,Bite,Foraging,None|None|None,POINT,254.083,254.083,NA,,
AQ_Sctaeniopterus_TP_2021-06-17_132934,2025-06-28 17:51:31,,/Users/ally/Documents/johnson lab/parrotfish bites/AQ_Sctaeniopterus_TP_2021-06-17_132934_001.MP4,1218.690,23.98,No focal subject,Bite,Foraging,None|None|None,POINT,255.084,255.084,NA,,
AQ_Sctaeniopterus_TP_2021-06-17_132934,2025-06-28 17:51:31,,/Users/ally/Documents/johnson lab/parrotfish bites/AQ_Sctaeniopterus_TP_2021-06-17_132934_001.MP4,1218.690,23.98,No focal subject,Bite,Foraging,None|None|None,POINT,256.084,256.084,NA,,
AQ_Sctaeniopterus_TP_2021-06-17_132934,2025-06-28 17:51:31,,/Users/ally/Documents/johnson lab/parrotfish bites/AQ_Sctaeniopterus_TP_2021-06-17_132934_001.MP4,1218.690,23.98,No focal subject,Bite,Foraging,None|None|None,POINT,257.086,257.086,NA,,
AQ_Sctaeniopterus_TP_2021-06-17_132934,2025-06-28 17:51:31,,/Users/ally/Documents/johnson lab/parrotfish bites/AQ_Sctaeniopterus_TP_2021-06-17_132934_001.MP4,1218.690,23.98,No focal subject,Bite,Foraging,None|None|None,POINT,259.085,259.085,NA,,
AQ_Sctaeniopterus_TP_2021-06-17_132934,2025-06-28 17:51:31,,/Users/ally/Documents/johnson lab/parrotfish bites/AQ_Sctaeniopterus_TP_2021-06-17_132934_001.MP4,1218.690,23.98,No focal subject,Bite,Foraging,None|None|None,POINT,277.584,277.584,NA,,
AQ_Sctaeniopterus_TP_2021-06-17_132934,2025-06-28 17:51:31,,/Users/ally/Documents/johnson lab/parrotfish bites/AQ_Sctaeniopterus_TP_2021-06-17_132934_001.MP4,1218.690,23.98,No focal subject,Bite,Foraging,None|None|None,POINT,287.332,287.332,NA,,
AQ_Sctaeniopterus_TP_2021-06-17_132934,2025-06-28 17:51:31,,/Users/ally/Documents/johnson lab/parrotfish bites/AQ_Sctaeniopterus_TP_2021-06-17_132934_001.MP4,1218.690,23.98,No focal subject,Bite,Foraging,None|None|None,POINT,291.583,291.583,NA,,
AQ_Sctaeniopterus_TP_2021-06-17_132934,2025-06-28 17:51:31,,/Users/ally/Documents/johnson lab/parrotfish bites/AQ_Sctaeniopterus_TP_2021-06-17_132934_001.MP4,1218.690,23.98,No focal subject,Bite,Foraging,None|None|None,POINT,307.585,307.585,NA,,
AQ_Sctaeniopterus_TP_2021-06-17_132934,2025-06-28 17:51:31,,/Users/ally/Documents/johnson lab/parrotfish bites/AQ_Sctaeniopterus_TP_2021-06-17_132934_001.MP4,1218.690,23.98,No focal subject,Bite,Foraging,None|None|None,POINT,313.832,313.832,NA,,
AQ_Sctaeniopterus_TP_2021-06-17_132934,2025-06-28 17:51:31,,/Users/ally/Documents/johnson lab/parrotfish bites/AQ_Sctaeniopterus_TP_2021-06-17_132934_001.MP4,1218.690,23.98,No focal subject,Bite,Foraging,None|None|None,POINT,316.084,316.084,NA,,
AQ_Sctaeniopterus_TP_2021-06-17_132934,2025-06-28 17:51:31,,/Users/ally/Documents/johnson lab/parrotfish bites/AQ_Sctaeniopterus_TP_2021-06-17_132934_001.MP4,1218.690,23.98,No focal subject,Bite,Foraging,None|None|None,POINT,318.583,318.583,NA,,
AQ_Sctaeniopterus_TP_2021-06-17_132934,2025-06-28 17:51:31,,/Users/ally/Documents/johnson lab/parrotfish bites/AQ_Sctaeniopterus_TP_2021-06-17_132934_001.MP4,1218.690,23.98,No focal subject,Bite,Foraging,None|None|None,POINT,325.584,325.584,NA,,
AQ_Sctaeniopterus_TP_2021-06-17_132934,2025-06-28 17:51:31,,/Users/ally/Documents/johnson lab/parrotfish bites/AQ_Sctaeniopterus_TP_2021-06-17_132934_001.MP4,1218.690,23.98,No focal subject,Bite,Foraging,None|None|None,POINT,326.582,326.582,NA,,
AQ_Sctaeniopterus_TP_2021-06-17_132934,2025-06-28 17:51:31,,/Users/ally/Documents/johnson lab/parrotfish bites/AQ_Sctaeniopterus_TP_2021-06-17_132934_001.MP4,1218.690,23.98,No focal subject,Bite,Foraging,None|None|None,POINT,327.584,327.584,NA,,
AQ_Sctaeniopterus_TP_2021-06-17_132934,2025-06-28 17:51:31,,/Users/ally/Documents/johnson lab/parrotfish bites/AQ_Sctaeniopterus_TP_2021-06-17_132934_001.MP4,1218.690,23.98,No focal subject,Bite,Foraging,None|None|None,POINT,328.083,328.083,NA,,
AQ_Sctaeniopterus_TP_2021-06-17_132934,2025-06-28 17:51:31,,/Users/ally/Documents/johnson lab/parrotfish bites/AQ_Sctaeniopterus_TP_2021-06-17_132934_001.MP4,1218.690,23.98,No focal subject,Bite,Foraging,None|None|None,POINT,330.084,330.084,NA,,
AQ_Sctaeniopterus_TP_2021-06-17_132934,2025-06-28 17:51:31,,/Users/ally/Documents/johnson lab/parrotfish bites/AQ_Sctaeniopterus_TP_2021-06-17_132934_001.MP4,1218.690,23.98,No focal subject,Bite,Foraging,None|None|None,POINT,330.479,330.479,NA,,
AQ_Sctaeniopterus_TP_2021-06-17_132934,2025-06-28 17:51:31,,/Users/ally/Documents/johnson lab/parrotfish bites/AQ_Sctaeniopterus_TP_2021-06-17_132934_001.MP4,1218.690,23.98,No focal subject,Bite,Foraging,None|None|None,POINT,331.735,331.735,NA,,
AQ_Sctaeniopterus_TP_2021-06-17_132934,2025-06-28 17:51:31,,/Users/ally/Documents/johnson lab/parrotfish bites/AQ_Sctaeniopterus_TP_2021-06-17_132934_001.MP4,1218.690,23.98,No focal subject,Bite,Foraging,None|None|None,POINT,334.735,334.735,NA,,
AQ_Sctaeniopterus_TP_2021-06-17_132934,2025-06-28 17:51:31,,/Users/ally/Documents/johnson lab/parrotfish bites/AQ_Sctaeniopterus_TP_2021-06-17_132934_001.MP4,1218.690,23.98,No focal subject,Bite,Foraging,None|None|None,POINT,336.234,336.234,NA,,
AQ_Sctaeniopterus_TP_2021-06-17_132934,2025-06-28 17:51:31,,/Users/ally/Documents/johnson lab/parrotfish bites/AQ_Sctaeniopterus_TP_2021-06-17_132934_001.MP4,1218.690,23.98,No focal subject,Bite,Foraging,None|None|None,POINT,338.734,338.734,NA,,
AQ_Sctaeniopterus_TP_2021-06-17_132934,2025-06-28 17:51:31,,/Users/ally/Documents/johnson lab/parrotfish bites/AQ_Sctaeniopterus_TP_2021-06-17_132934_001.MP4,1218.690,23.98,No focal subject,Bite,Foraging,None|None|None,POINT,384.233,384.233,NA,,
AQ_Sctaeniopterus_TP_2021-06-17_132934,2025-06-28 17:51:31,,/Users/ally/Documents/johnson lab/parrotfish bites/AQ_Sctaeniopterus_TP_2021-06-17_132934_001.MP4,1218.690,23.98,No focal subject,Bite,Foraging,None|None|None,POINT,385.734,385.734,NA,,
AQ_Sctaeniopterus_TP_2021-06-17_132934,2025-06-28 17:51:31,,/Users/ally/Documents/johnson lab/parrotfish bites/AQ_Sctaeniopterus_TP_2021-06-17_132934_001.MP4,1218.690,23.98,No focal subject,Bite,Foraging,None|None|None,POINT,386.233,386.233,NA,,
AQ_Sctaeniopterus_TP_2021-06-17_132934,2025-06-28 17:51:31,,/Users/ally/Documents/johnson lab/parrotfish bites/AQ_Sctaeniopterus_TP_2021-06-17_132934_001.MP4,1218.690,23.98,No focal subject,Bite,Foraging,None|None|None,POINT,392.734,392.734,NA,,
AQ_Sctaeniopterus_TP_2021-06-17_132934,2025-06-28 17:51:31,,/Users/ally/Documents/johnson lab/parrotfish bites/AQ_Sctaeniopterus_TP_2021-06-17_132934_001.MP4,1218.690,23.98,No focal subject,Bite,Foraging,None|None|None,POINT,393.733,393.733,NA,,
AQ_Sctaeniopterus_TP_2021-06-17_132934,2025-06-28 17:51:31,,/Users/ally/Documents/johnson lab/parrotfish bites/AQ_Sctaeniopterus_TP_2021-06-17_132934_001.MP4,1218.690,23.98,No focal subject,Bite,Foraging,None|None|None,POINT,395.481,395.481,NA,,
AQ_Sctaeniopterus_TP_2021-06-17_132934,2025-06-28 17:51:31,,/Users/ally/Documents/johnson lab/parrotfish bites/AQ_Sctaeniopterus_TP_2021-06-17_132934_001.MP4,1218.690,23.98,No focal subject,Bite,Foraging,None|None|None,POINT,396.233,396.233,NA,,
AQ_Sctaeniopterus_TP_2021-06-17_132934,2025-06-28 17:51:31,,/Users/ally/Documents/johnson lab/parrotfish bites/AQ_Sctaeniopterus_TP_2021-06-17_132934_001.MP4,1218.690,23.98,No focal subject,Bite,Foraging,None|None|None,POINT,399.234,399.234,NA,,
AQ_Sctaeniopterus_TP_2021-06-17_132934,2025-06-28 17:51:31,,/Users/ally/Documents/johnson lab/parrotfish bites/AQ_Sctaeniopterus_TP_2021-06-17_132934_001.MP4,1218.690,23.98,No focal subject,Bite,Foraging,None|None|None,POINT,400.233,400.233,NA,,
AQ_Sctaeniopterus_TP_2021-06-17_132934,2025-06-28 17:51:31,,/Users/ally/Documents/johnson lab/parrotfish bites/AQ_Sctaeniopterus_TP_2021-06-17_132934_001.MP4,1218.690,23.98,No focal subject,Bite,Foraging,None|None|None,POINT,401.734,401.734,NA,,
AQ_Sctaeniopterus_TP_2021-06-17_132934,2025-06-28 17:51:31,,/Users/ally/Documents/johnson lab/parrotfish bites/AQ_Sctaeniopterus_TP_2021-06-17_132934_001.MP4,1218.690,23.98,No focal subject,Bite,Foraging,None|None|None,POINT,403.235,403.235,NA,,
AQ_Sctaeniopterus_TP_2021-06-17_132934,2025-06-28 17:51:31,,/Users/ally/Documents/johnson lab/parrotfish bites/AQ_Sctaeniopterus_TP_2021-06-17_132934_001.MP4,1218.690,23.98,No focal subject,Bite,Foraging,None|None|None,POINT,403.734,403.734,NA,,
AQ_Sctaeniopterus_TP_2021-06-17_132934,2025-06-28 17:51:31,,/Users/ally/Documents/johnson lab/parrotfish bites/AQ_Sctaeniopterus_TP_2021-06-17_132934_001.MP4,1218.690,23.98,No focal subject,Bite,Foraging,None|None|None,POINT,406.735,406.735,NA,,
AQ_Sctaeniopterus_TP_2021-06-17_132934,2025-06-28 17:51:31,,/Users/ally/Documents/johnson lab/parrotfish bites/AQ_Sctaeniopterus_TP_2021-06-17_132934_001.MP4,1218.690,23.98,No focal subject,Bite,Foraging,None|None|None,POINT,407.734,407.734,NA,,
AQ_Sctaeniopterus_TP_2021-06-17_132934,2025-06-28 17:51:31,,/Users/ally/Documents/johnson lab/parrotfish bites/AQ_Sctaeniopterus_TP_2021-06-17_132934_001.MP4,1218.690,23.98,No focal subject,Bite,Foraging,None|None|None,POINT,408.234,408.234,NA,,
AQ_Sctaeniopterus_TP_2021-06-17_132934,2025-06-28 17:51:31,,/Users/ally/Documents/johnson lab/parrotfish bites/AQ_Sctaeniopterus_TP_2021-06-17_132934_001.MP4,1218.690,23.98,No focal subject,Bite,Foraging,None|None|None,POINT,409.234,409.234,NA,,
AQ_Sctaeniopterus_TP_2021-06-17_132934,2025-06-28 17:51:31,,/Users/ally/Documents/johnson lab/parrotfish bites/AQ_Sctaeniopterus_TP_2021-06-17_132934_001.MP4,1218.690,23.98,No focal subject,Bite,Foraging,None|None|None,POINT,410.735,410.735,NA,,
AQ_Sctaeniopterus_TP_2021-06-17_132934,2025-06-28 17:51:31,,/Users/ally/Documents/johnson lab/parrotfish bites/AQ_Sctaeniopterus_TP_2021-06-17_132934_001.MP4,1218.690,23.98,No focal subject,Bite,Foraging,None|None|None,POINT,416.235,416.235,NA,,
AQ_Sctaeniopterus_TP_2021-06-17_132934,2025-06-28 17:51:31,,/Users/ally/Documents/johnson lab/parrotfish bites/AQ_Sctaeniopterus_TP_2021-06-17_132934_001.MP4,1218.690,23.98,No focal subject,Bite,Foraging,None|None|None,POINT,433.234,433.234,NA,,
AQ_Sctaeniopterus_TP_2021-06-17_132934,2025-06-28 17:51:31,,/Users/ally/Documents/johnson lab/parrotfish bites/AQ_Sctaeniopterus_TP_2021-06-17_132934_001.MP4,1218.690,23.98,No focal subject,Bite,Foraging,None|None|None,POINT,434.234,434.234,NA,,
AQ_Sctaeniopterus_TP_2021-06-17_132934,2025-06-28 17:51:31,,/Users/ally/Documents/johnson lab/parrotfish bites/AQ_Sctaeniopterus_TP_2021-06-17_132934_001.MP4,1218.690,23.98,No focal subject,Bite,Foraging,None|None|None,POINT,434.734,434.734,NA,,
AQ_Sctaeniopterus_TP_2021-06-17_132934,2025-06-28 17:51:31,,/Users/ally/Documents/johnson lab/parrotfish bites/AQ_Sctaeniopterus_TP_2021-06-17_132934_001.MP4,1218.690,23.98,No focal subject,Bite,Foraging,None|None|None,POINT,435.734,435.734,NA,,
AQ_Sctaeniopterus_TP_2021-06-17_132934,2025-06-28 17:51:31,,/Users/ally/Documents/johnson lab/parrotfish bites/AQ_Sctaeniopterus_TP_2021-06-17_132934_001.MP4,1218.690,23.98,No focal subject,Bite,Foraging,None|None|None,POINT,436.732,436.732,NA,,
AQ_Sctaeniopterus_TP_2021-06-17_132934,2025-06-28 17:51:31,,/Users/ally/Documents/johnson lab/parrotfish bites/AQ_Sctaeniopterus_TP_2021-06-17_132934_001.MP4,1218.690,23.98,No focal subject,Bite,Foraging,None|None|None,POINT,438.233,438.233,NA,,
AQ_Sctaeniopterus_TP_2021-06-17_132934,2025-06-28 17:51:31,,/Users/ally/Documents/johnson lab/parrotfish bites/AQ_Sctaeniopterus_TP_2021-06-17_132934_001.MP4,1218.690,23.98,No focal subject,Bite,Foraging,None|None|None,POINT,439.233,439.233,NA,,
AQ_Sctaeniopterus_TP_2021-06-17_132934,2025-06-28 17:51:31,,/Users/ally/Documents/johnson lab/parrotfish bites/AQ_Sctaeniopterus_TP_2021-06-17_132934_001.MP4,1218.690,23.98,No focal subject,Bite,Foraging,None|None|None,POINT,440.733,440.733,NA,,
AQ_Sctaeniopterus_TP_2021-06-17_132934,2025-06-28 17:51:31,,/Users/ally/Documents/johnson lab/parrotfish bites/AQ_Sctaeniopterus_TP_2021-06-17_132934_001.MP4,1218.690,23.98,No focal subject,Bite,Foraging,None|None|None,POINT,442.234,442.234,NA,,
AQ_Sctaeniopterus_TP_2021-06-17_132934,2025-06-28 17:51:31,,/Users/ally/Documents/johnson lab/parrotfish bites/AQ_Sctaeniopterus_TP_2021-06-17_132934_001.MP4,1218.690,23.98,No focal subject,Bite,Foraging,None|None|None,POINT,443.234,443.234,NA,,
AQ_Sctaeniopterus_TP_2021-06-17_132934,2025-06-28 17:51:31,,/Users/ally/Documents/johnson lab/parrotfish bites/AQ_Sctaeniopterus_TP_2021-06-17_132934_001.MP4,1218.690,23.98,No focal subject,Bite,Foraging,None|None|None,POINT,444.234,444.234,NA,,
AQ_Sctaeniopterus_TP_2021-06-17_132934,2025-06-28 17:51:31,,/Users/ally/Documents/johnson lab/parrotfish bites/AQ_Sctaeniopterus_TP_2021-06-17_132934_001.MP4,1218.690,23.98,No focal subject,Bite,Foraging,None|None|None,POINT,445.736,445.736,NA,,
AQ_Sctaeniopterus_TP_2021-06-17_132934,2025-06-28 17:51:31,,/Users/ally/Documents/johnson lab/parrotfish bites/AQ_Sctaeniopterus_TP_2021-06-17_132934_001.MP4,1218.690,23.98,No focal subject,Bite,Foraging,None|None|None,POINT,457.734,457.734,NA,,
AQ_Sctaeniopterus_TP_2021-06-17_132934,2025-06-28 17:51:31,,/Users/ally/Documents/johnson lab/parrotfish bites/AQ_Sctaeniopterus_TP_2021-06-17_132934_001.MP4,1218.690,23.98,No focal subject,Bite,Foraging,None|None|None,POINT,460.233,460.233,NA,,
AQ_Sctaeniopterus_TP_2021-06-17_132934,2025-06-28 17:51:31,,/Users/ally/Documents/johnson lab/parrotfish bites/AQ_Sctaeniopterus_TP_2021-06-17_132934_001.MP4,1218.690,23.98,No focal subject,Bite,Foraging,None|None|None,POINT,462.734,462.734,NA,,
AQ_Sctaeniopterus_TP_2021-06-17_132934,2025-06-28 17:51:31,,/Users/ally/Documents/johnson lab/parrotfish bites/AQ_Sctaeniopterus_TP_2021-06-17_132934_001.MP4,1218.690,23.98,No focal subject,Bite,Foraging,None|None|None,POINT,463.733,463.733,NA,,
AQ_Sctaeniopterus_TP_2021-06-17_132934,2025-06-28 17:51:31,,/Users/ally/Documents/johnson lab/parrotfish bites/AQ_Sctaeniopterus_TP_2021-06-17_132934_001.MP4,1218.690,23.98,No focal subject,Bite,Foraging,None|None|None,POINT,464.734,464.734,NA,,
AQ_Sctaeniopterus_TP_2021-06-17_132934,2025-06-28 17:51:31,,/Users/ally/Documents/johnson lab/parrotfish bites/AQ_Sctaeniopterus_TP_2021-06-17_132934_001.MP4,1218.690,23.98,No focal subject,Bite,Foraging,None|None|None,POINT,465.732,465.732,NA,,
AQ_Sctaeniopterus_TP_2021-06-17_132934,2025-06-28 17:51:31,,/Users/ally/Documents/johnson lab/parrotfish bites/AQ_Sctaeniopterus_TP_2021-06-17_132934_001.MP4,1218.690,23.98,No focal subject,Bite,Foraging,None|None|None,POINT,468.736,468.736,NA,,
AQ_Sctaeniopterus_TP_2021-06-17_132934,2025-06-28 17:51:31,,/Users/ally/Documents/johnson lab/parrotfish bites/AQ_Sctaeniopterus_TP_2021-06-17_132934_001.MP4,1218.690,23.98,No focal subject,Bite,Foraging,None|None|None,POINT,469.734,469.734,NA,,
AQ_Sctaeniopterus_TP_2021-06-17_132934,2025-06-28 17:51:31,,/Users/ally/Documents/johnson lab/parrotfish bites/AQ_Sctaeniopterus_TP_2021-06-17_132934_001.MP4,1218.690,23.98,No focal subject,Bite,Foraging,None|None|None,POINT,471.233,471.233,NA,,
AQ_Sctaeniopterus_TP_2021-06-17_132934,2025-06-28 17:51:31,,/Users/ally/Documents/johnson lab/parrotfish bites/AQ_Sctaeniopterus_TP_2021-06-17_132934_001.MP4,1218.690,23.98,No focal subject,Bite,Foraging,None|None|None,POINT,474.734,474.734,NA,,
AQ_Sctaeniopterus_TP_2021-06-17_132934,2025-06-28 17:51:31,,/Users/ally/Documents/johnson lab/parrotfish bites/AQ_Sctaeniopterus_TP_2021-06-17_132934_001.MP4,1218.690,23.98,No focal subject,Bite,Foraging,None|None|None,POINT,479.730,479.730,NA,,
AQ_Sctaeniopterus_TP_2021-06-17_132934,2025-06-28 17:51:31,,/Users/ally/Documents/johnson lab/parrotfish bites/AQ_Sctaeniopterus_TP_2021-06-17_132934_001.MP4,1218.690,23.98,No focal subject,Bite,Foraging,None|None|None,POINT,480.733,480.733,NA,,
AQ_Sctaeniopterus_TP_2021-06-17_132934,2025-06-28 17:51:31,,/Users/ally/Documents/johnson lab/parrotfish bites/AQ_Sctaeniopterus_TP_2021-06-17_132934_001.MP4,1218.690,23.98,No focal subject,Bite,Foraging,None|None|None,POINT,483.235,483.235,NA,,
AQ_Sctaeniopterus_TP_2021-06-17_132934,2025-06-28 17:51:31,,/Users/ally/Documents/johnson lab/parrotfish bites/AQ_Sctaeniopterus_TP_2021-06-17_132934_001.MP4,1218.690,23.98,No focal subject,Bite,Foraging,None|None|None,POINT,484.233,484.233,NA,,
AQ_Sctaeniopterus_TP_2021-06-17_132934,2025-06-28 17:51:31,,/Users/ally/Documents/johnson lab/parrotfish bites/AQ_Sctaeniopterus_TP_2021-06-17_132934_001.MP4,1218.690,23.98,No focal subject,Bite,Foraging,None|None|None,POINT,484.734,484.734,NA,,
AQ_Sctaeniopterus_TP_2021-06-17_132934,2025-06-28 17:51:31,,/Users/ally/Documents/johnson lab/parrotfish bites/AQ_Sctaeniopterus_TP_2021-06-17_132934_001.MP4,1218.690,23.98,No focal subject,Bite,Foraging,None|None|None,POINT,485.233,485.233,NA,,
AQ_Sctaeniopterus_TP_2021-06-17_132934,2025-06-28 17:51:31,,/Users/ally/Documents/johnson lab/parrotfish bites/AQ_Sctaeniopterus_TP_2021-06-17_132934_001.MP4,1218.690,23.98,No focal subject,Bite,Foraging,None|None|None,POINT,486.735,486.735,NA,,
AQ_Sctaeniopterus_TP_2021-06-17_132934,2025-06-28 17:51:31,,/Users/ally/Documents/johnson lab/parrotfish bites/AQ_Sctaeniopterus_TP_2021-06-17_132934_001.MP4,1218.690,23.98,No focal subject,Bite,Foraging,None|None|None,POINT,487.233,487.233,NA,,
AQ_Sctaeniopterus_TP_2021-06-17_132934,2025-06-28 17:51:31,,/Users/ally/Documents/johnson lab/parrotfish bites/AQ_Sctaeniopterus_TP_2021-06-17_132934_001.MP4,1218.690,23.98,No focal subject,Bite,Foraging,None|None|None,POINT,490.233,490.233,NA,,
AQ_Sctaeniopterus_TP_2021-06-17_132934,2025-06-28 17:51:31,,/Users/ally/Documents/johnson lab/parrotfish bites/AQ_Sctaeniopterus_TP_2021-06-17_132934_001.MP4,1218.690,23.98,No focal subject,Bite,Foraging,None|None|None,POINT,491.735,491.735,NA,,
AQ_Sctaeniopterus_TP_2021-06-17_132934,2025-06-28 17:51:31,,/Users/ally/Documents/johnson lab/parrotfish bites/AQ_Sctaeniopterus_TP_2021-06-17_132934_001.MP4,1218.690,23.98,No focal subject,Bite,Foraging,None|None|None,POINT,496.733,496.733,NA,,
AQ_Sctaeniopterus_TP_2021-06-17_132934,2025-06-28 17:51:31,,/Users/ally/Documents/johnson lab/parrotfish bites/AQ_Sctaeniopterus_TP_2021-06-17_132934_001.MP4,1218.690,23.98,No focal subject,Bite,Foraging,None|None|None,POINT,497.733,497.733,NA,,
AQ_Sctaeniopterus_TP_2021-06-17_132934,2025-06-28 17:51:31,,/Users/ally/Documents/johnson lab/parrotfish bites/AQ_Sctaeniopterus_TP_2021-06-17_132934_001.MP4,1218.690,23.98,No focal subject,Bite,Foraging,None|None|None,POINT,499.735,499.735,NA,,
AQ_Sctaeniopterus_TP_2021-06-17_132934,2025-06-28 17:51:31,,/Users/ally/Documents/johnson lab/parrotfish bites/AQ_Sctaeniopterus_TP_2021-06-17_132934_001.MP4,1218.690,23.98,No focal subject,Bite,Foraging,None|None|None,POINT,502.734,502.734,NA,,
AQ_Sctaeniopterus_TP_2021-06-17_132934,2025-06-28 17:51:31,,/Users/ally/Documents/johnson lab/parrotfish bites/AQ_Sctaeniopterus_TP_2021-06-17_132934_001.MP4,1218.690,23.98,No focal subject,Bite,Foraging,None|None|None,POINT,503.232,503.232,NA,,
AQ_Sctaeniopterus_TP_2021-06-17_132934,2025-06-28 17:51:31,,/Users/ally/Documents/johnson lab/parrotfish bites/AQ_Sctaeniopterus_TP_2021-06-17_132934_001.MP4,1218.690,23.98,No focal subject,Bite,Foraging,None|None|None,POINT,504.233,504.233,NA,,
AQ_Sctaeniopterus_TP_2021-06-17_132934,2025-06-28 17:51:31,,/Users/ally/Documents/johnson lab/parrotfish bites/AQ_Sctaeniopterus_TP_2021-06-17_132934_001.MP4,1218.690,23.98,No focal subject,Bite,Foraging,None|None|None,POINT,505.733,505.733,NA,,
AQ_Sctaeniopterus_TP_2021-06-17_132934,2025-06-28 17:51:31,,/Users/ally/Documents/johnson lab/parrotfish bites/AQ_Sctaeniopterus_TP_2021-06-17_132934_001.MP4,1218.690,23.98,No focal subject,Bite,Foraging,None|None|None,POINT,515.233,515.233,NA,,
AQ_Sctaeniopterus_TP_2021-06-17_132934,2025-06-28 17:51:31,,/Users/ally/Documents/johnson lab/parrotfish bites/AQ_Sctaeniopterus_TP_2021-06-17_132934_001.MP4,1218.690,23.98,No focal subject,Bite,Foraging,None|None|None,POINT,516.733,516.733,NA,,
AQ_Sctaeniopterus_TP_2021-06-17_132934,2025-06-28 17:51:31,,/Users/ally/Documents/johnson lab/parrotfish bites/AQ_Sctaeniopterus_TP_2021-06-17_132934_001.MP4,1218.690,23.98,No focal subject,Bite,Foraging,None|None|None,POINT,524.729,524.729,NA,,
AQ_Sctaeniopterus_TP_2021-06-17_132934,2025-06-28 17:51:31,,/Users/ally/Documents/johnson lab/parrotfish bites/AQ_Sctaeniopterus_TP_2021-06-17_132934_001.MP4,1218.690,23.98,No focal subject,Bite,Foraging,None|None|None,POINT,525.733,525.733,NA,,
AQ_Sctaeniopterus_TP_2021-06-17_132934,2025-06-28 17:51:31,,/Users/ally/Documents/johnson lab/parrotfish bites/AQ_Sctaeniopterus_TP_2021-06-17_132934_001.MP4,1218.690,23.98,No focal subject,Bite,Foraging,None|None|None,POINT,526.735,526.735,NA,,
AQ_Sctaeniopterus_TP_2021-06-17_132934,2025-06-28 17:51:31,,/Users/ally/Documents/johnson lab/parrotfish bites/AQ_Sctaeniopterus_TP_2021-06-17_132934_001.MP4,1218.690,23.98,No focal subject,Bite,Foraging,None|None|None,POINT,527.734,527.734,NA,,
AQ_Sctaeniopterus_TP_2021-06-17_132934,2025-06-28 17:51:31,,/Users/ally/Documents/johnson lab/parrotfish bites/AQ_Sctaeniopterus_TP_2021-06-17_132934_001.MP4,1218.690,23.98,No focal subject,Bite,Foraging,None|None|None,POINT,550.235,550.235,NA,,
AQ_Sctaeniopterus_TP_2021-06-17_132934,2025-06-28 17:51:31,,/Users/ally/Documents/johnson lab/parrotfish bites/AQ_Sctaeniopterus_TP_2021-06-17_132934_001.MP4,1218.690,23.98,No focal subject,Bite,Foraging,None|None|None,POINT,553.735,553.735,NA,,
AQ_Sctaeniopterus_TP_2021-06-17_132934,2025-06-28 17:51:31,,/Users/ally/Documents/johnson lab/parrotfish bites/AQ_Sctaeniopterus_TP_2021-06-17_132934_001.MP4,1218.690,23.98,No focal subject,Bite,Foraging,None|None|None,POINT,554.234,554.234,NA,,
AQ_Sctaeniopterus_TP_2021-06-17_132934,2025-06-28 17:51:31,,/Users/ally/Documents/johnson lab/parrotfish bites/AQ_Sctaeniopterus_TP_2021-06-17_132934_001.MP4,1218.690,23.98,No focal subject,Bite,Foraging,None|None|None,POINT,555.234,555.234,NA,,
AQ_Sctaeniopterus_TP_2021-06-17_132934,2025-06-28 17:51:31,,/Users/ally/Documents/johnson lab/parrotfish bites/AQ_Sctaeniopterus_TP_2021-06-17_132934_001.MP4,1218.690,23.98,No focal subject,Bite,Foraging,None|None|None,POINT,555.730,555.730,NA,,
AQ_Sctaeniopterus_TP_2021-06-17_132934,2025-06-28 17:51:31,,/Users/ally/Documents/johnson lab/parrotfish bites/AQ_Sctaeniopterus_TP_2021-06-17_132934_001.MP4,1218.690,23.98,No focal subject,Bite,Foraging,None|None|None,POINT,556.982,556.982,NA,,
AQ_Sctaeniopterus_TP_2021-06-17_132934,2025-06-28 17:51:31,,/Users/ally/Documents/johnson lab/parrotfish bites/AQ_Sctaeniopterus_TP_2021-06-17_132934_001.MP4,1218.690,23.98,No focal subject,Bite,Foraging,None|None|None,POINT,558.234,558.234,NA,,
AQ_Sctaeniopterus_TP_2021-06-17_132934,2025-06-28 17:51:31,,/Users/ally/Documents/johnson lab/parrotfish bites/AQ_Sctaeniopterus_TP_2021-06-17_132934_001.MP4,1218.690,23.98,No focal subject,Bite,Foraging,None|None|None,POINT,559.734,559.734,NA,,
AQ_Sctaeniopterus_TP_2021-06-17_132934,2025-06-28 17:51:31,,/Users/ally/Documents/johnson lab/parrotfish bites/AQ_Sctaeniopterus_TP_2021-06-17_132934_001.MP4,1218.690,23.98,No focal subject,Bite,Foraging,None|None|None,POINT,560.734,560.734,NA,,
AQ_Sctaeniopterus_TP_2021-06-17_132934,2025-06-28 17:51:31,,/Users/ally/Documents/johnson lab/parrotfish bites/AQ_Sctaeniopterus_TP_2021-06-17_132934_001.MP4,1218.690,23.98,No focal subject,Bite,Foraging,None|None|None,POINT,562.734,562.734,NA,,
AQ_Sctaeniopterus_TP_2021-06-17_132934,2025-06-28 17:51:31,,/Users/ally/Documents/johnson lab/parrotfish bites/AQ_Sctaeniopterus_TP_2021-06-17_132934_001.MP4,1218.690,23.98,No focal subject,Bite,Foraging,None|None|None,POINT,564.737,564.737,NA,,
AQ_Sctaeniopterus_TP_2021-06-17_132934,2025-06-28 17:51:31,,/Users/ally/Documents/johnson lab/parrotfish bites/AQ_Sctaeniopterus_TP_2021-06-17_132934_001.MP4,1218.690,23.98,No focal subject,Bite,Foraging,None|None|None,POINT,566.736,566.736,NA,,
AQ_Sctaeniopterus_TP_2021-06-17_132934,2025-06-28 17:51:31,,/Users/ally/Documents/johnson lab/parrotfish bites/AQ_Sctaeniopterus_TP_2021-06-17_132934_001.MP4,1218.690,23.98,No focal subject,Bite,Foraging,None|None|None,POINT,567.734,567.734,NA,,
AQ_Sctaeniopterus_TP_2021-06-17_132934,2025-06-28 17:51:31,,/Users/ally/Documents/johnson lab/parrotfish bites/AQ_Sctaeniopterus_TP_2021-06-17_132934_001.MP4,1218.690,23.98,No focal subject,Bite,Foraging,None|None|None,POINT,570.735,570.735,NA,,
AQ_Sctaeniopterus_TP_2021-06-17_132934,2025-06-28 17:51:31,,/Users/ally/Documents/johnson lab/parrotfish bites/AQ_Sctaeniopterus_TP_2021-06-17_132934_001.MP4,1218.690,23.98,No focal subject,Bite,Foraging,None|None|None,POINT,572.484,572.484,NA,,
AQ_Sctaeniopterus_TP_2021-06-17_132934,2025-06-28 17:51:31,,/Users/ally/Documents/johnson lab/parrotfish bites/AQ_Sctaeniopterus_TP_2021-06-17_132934_001.MP4,1218.690,23.98,No focal subject,Bite,Foraging,None|None|None,POINT,594.984,594.984,NA,,
AQ_Sctaeniopterus_TP_2021-06-17_132934,2025-06-28 17:51:31,,/Users/ally/Documents/johnson lab/parrotfish bites/AQ_Sctaeniopterus_TP_2021-06-17_132934_001.MP4,1218.690,23.98,No focal subject,Bite,Foraging,None|None|None,POINT,596.485,596.485,NA,,
AQ_Sctaeniopterus_TP_2021-06-17_132934,2025-06-28 17:51:31,,/Users/ally/Documents/johnson lab/parrotfish bites/AQ_Sctaeniopterus_TP_2021-06-17_132934_001.MP4,1218.690,23.98,No focal subject,Bite,Foraging,None|None|None,POINT,597.232,597.232,NA,,
AQ_Sctaeniopterus_TP_2021-06-17_132934,2025-06-28 17:51:31,,/Users/ally/Documents/johnson lab/parrotfish bites/AQ_Sctaeniopterus_TP_2021-06-17_132934_001.MP4,1218.690,23.98,No focal subject,Bite,Foraging,None|None|None,POINT,606.988,606.988,NA,,
AQ_Sctaeniopterus_TP_2021-06-17_132934,2025-06-28 17:51:31,,/Users/ally/Documents/johnson lab/parrotfish bites/AQ_Sctaeniopterus_TP_2021-06-17_132934_001.MP4,1218.690,23.98,No focal subject,Bite,Foraging,None|None|None,POINT,607.984,607.984,NA,,
AQ_Sctaeniopterus_TP_2021-06-17_132934,2025-06-28 17:51:31,,/Users/ally/Documents/johnson lab/parrotfish bites/AQ_Sctaeniopterus_TP_2021-06-17_132934_001.MP4,1218.690,23.98,No focal subject,Bite,Foraging,None|None|None,POINT,609.984,609.984,NA,,
AQ_Sctaeniopterus_TP_2021-06-17_132934,2025-06-28 17:51:31,,/Users/ally/Documents/johnson lab/parrotfish bites/AQ_Sctaeniopterus_TP_2021-06-17_132934_001.MP4,1218.690,23.98,No focal subject,Bite,Foraging,None|None|None,POINT,611.485,611.485,NA,,
AQ_Sctaeniopterus_TP_2021-06-17_132934,2025-06-28 17:51:31,,/Users/ally/Documents/johnson lab/parrotfish bites/AQ_Sctaeniopterus_TP_2021-06-17_132934_001.MP4,1218.690,23.98,No focal subject,Bite,Foraging,None|None|None,POINT,612.484,612.484,NA,,
AQ_Sctaeniopterus_TP_2021-06-17_132934,2025-06-28 17:51:31,,/Users/ally/Documents/johnson lab/parrotfish bites/AQ_Sctaeniopterus_TP_2021-06-17_132934_001.MP4,1218.690,23.98,No focal subject,Bite,Foraging,None|None|None,POINT,613.986,613.986,NA,,
AQ_Sctaeniopterus_TP_2021-06-17_132934,2025-06-28 17:51:31,,/Users/ally/Documents/johnson lab/parrotfish bites/AQ_Sctaeniopterus_TP_2021-06-17_132934_001.MP4,1218.690,23.98,No focal subject,Bite,Foraging,None|None|None,POINT,632.485,632.485,NA,,
AQ_Sctaeniopterus_TP_2021-06-17_132934,2025-06-28 17:51:31,,/Users/ally/Documents/johnson lab/parrotfish bites/AQ_Sctaeniopterus_TP_2021-06-17_132934_001.MP4,1218.690,23.98,No focal subject,Bite,Foraging,None|None|None,POINT,633.983,633.983,NA,,
AQ_Sctaeniopterus_TP_2021-06-17_132934,2025-06-28 17:51:31,,/Users/ally/Documents/johnson lab/parrotfish bites/AQ_Sctaeniopterus_TP_2021-06-17_132934_001.MP4,1218.690,23.98,No focal subject,Bite,Foraging,None|None|None,POINT,636.982,636.982,NA,,
AQ_Sctaeniopterus_TP_2021-06-17_132934,2025-06-28 17:51:31,,/Users/ally/Documents/johnson lab/parrotfish bites/AQ_Sctaeniopterus_TP_2021-06-17_132934_001.MP4,1218.690,23.98,No focal subject,Bite,Foraging,None|None|None,POINT,638.983,638.983,NA,,
AQ_Sctaeniopterus_TP_2021-06-17_132934,2025-06-28 17:51:31,,/Users/ally/Documents/johnson lab/parrotfish bites/AQ_Sctaeniopterus_TP_2021-06-17_132934_001.MP4,1218.690,23.98,No focal subject,Bite,Foraging,None|None|None,POINT,639.979,639.979,NA,,
AQ_Sctaeniopterus_TP_2021-06-17_132934,2025-06-28 17:51:31,,/Users/ally/Documents/johnson lab/parrotfish bites/AQ_Sctaeniopterus_TP_2021-06-17_132934_001.MP4,1218.690,23.98,No focal subject,Bite,Foraging,None|None|None,POINT,640.982,640.982,NA,,
AQ_Sctaeniopterus_TP_2021-06-17_132934,2025-06-28 17:51:31,,/Users/ally/Documents/johnson lab/parrotfish bites/AQ_Sctaeniopterus_TP_2021-06-17_132934_001.MP4,1218.690,23.98,No focal subject,Bite,Foraging,None|None|None,POINT,651.485,651.485,NA,,
AQ_Sctaeniopterus_TP_2021-06-17_132934,2025-06-28 17:51:31,,/Users/ally/Documents/johnson lab/parrotfish bites/AQ_Sctaeniopterus_TP_2021-06-17_132934_001.MP4,1218.690,23.98,No focal subject,Bite,Foraging,None|None|None,POINT,652.484,652.484,NA,,
AQ_Sctaeniopterus_TP_2021-06-17_132934,2025-06-28 17:51:31,,/Users/ally/Documents/johnson lab/parrotfish bites/AQ_Sctaeniopterus_TP_2021-06-17_132934_001.MP4,1218.690,23.98,No focal subject,Bite,Foraging,None|None|None,POINT,653.984,653.984,NA,,
AQ_Sctaeniopterus_TP_2021-06-17_132934,2025-06-28 17:51:31,,/Users/ally/Documents/johnson lab/parrotfish bites/AQ_Sctaeniopterus_TP_2021-06-17_132934_001.MP4,1218.690,23.98,No focal subject,Bite,Foraging,None|None|None,POINT,655.483,655.483,NA,,
AQ_Sctaeniopterus_TP_2021-06-17_132934,2025-06-28 17:51:31,,/Users/ally/Documents/johnson lab/parrotfish bites/AQ_Sctaeniopterus_TP_2021-06-17_132934_001.MP4,1218.690,23.98,No focal subject,Bite,Foraging,None|None|None,POINT,656.483,656.483,NA,,
AQ_Sctaeniopterus_TP_2021-06-17_132934,2025-06-28 17:51:31,,/Users/ally/Documents/johnson lab/parrotfish bites/AQ_Sctaeniopterus_TP_2021-06-17_132934_001.MP4,1218.690,23.98,No focal subject,Bite,Foraging,None|None|None,POINT,660.982,660.982,NA,,
AQ_Sctaeniopterus_TP_2021-06-17_132934,2025-06-28 17:51:31,,/Users/ally/Documents/johnson lab/parrotfish bites/AQ_Sctaeniopterus_TP_2021-06-17_132934_001.MP4,1218.690,23.98,No focal subject,Bite,Foraging,None|None|None,POINT,661.731,661.731,NA,,
AQ_Sctaeniopterus_TP_2021-06-17_132934,2025-06-28 17:51:31,,/Users/ally/Documents/johnson lab/parrotfish bites/AQ_Sctaeniopterus_TP_2021-06-17_132934_001.MP4,1218.690,23.98,No focal subject,Bite,Foraging,None|None|None,POINT,662.984,662.984,NA,,
AQ_Sctaeniopterus_TP_2021-06-17_132934,2025-06-28 17:51:31,,/Users/ally/Documents/johnson lab/parrotfish bites/AQ_Sctaeniopterus_TP_2021-06-17_132934_001.MP4,1218.690,23.98,No focal subject,Bite,Foraging,None|None|None,POINT,670.822,670.822,NA,,
AQ_Sctaeniopterus_TP_2021-06-17_132934,2025-06-28 17:51:31,,/Users/ally/Documents/johnson lab/parrotfish bites/AQ_Sctaeniopterus_TP_2021-06-17_132934_001.MP4,1218.690,23.98,No focal subject,Bite,Foraging,None|None|None,POINT,673.567,673.567,NA,,
AQ_Sctaeniopterus_TP_2021-06-17_132934,2025-06-28 17:51:31,,/Users/ally/Documents/johnson lab/parrotfish bites/AQ_Sctaeniopterus_TP_2021-06-17_132934_001.MP4,1218.690,23.98,No focal subject,Bite,Foraging,None|None|None,POINT,674.823,674.823,NA,,
AQ_Sctaeniopterus_TP_2021-06-17_132934,2025-06-28 17:51:31,,/Users/ally/Documents/johnson lab/parrotfish bites/AQ_Sctaeniopterus_TP_2021-06-17_132934_001.MP4,1218.690,23.98,No focal subject,Bite,Foraging,None|None|None,POINT,676.571,676.571,NA,,
AQ_Sctaeniopterus_TP_2021-06-17_132934,2025-06-28 17:51:31,,/Users/ally/Documents/johnson lab/parrotfish bites/AQ_Sctaeniopterus_TP_2021-06-17_132934_001.MP4,1218.690,23.98,No focal subject,Bite,Foraging,None|None|None,POINT,677.072,677.072,NA,,
AQ_Sctaeniopterus_TP_2021-06-17_132934,2025-06-28 17:51:31,,/Users/ally/Documents/johnson lab/parrotfish bites/AQ_Sctaeniopterus_TP_2021-06-17_132934_001.MP4,1218.690,23.98,No focal subject,Bite,Foraging,None|None|None,POINT,683.071,683.071,NA,,
AQ_Sctaeniopterus_TP_2021-06-17_132934,2025-06-28 17:51:31,,/Users/ally/Documents/johnson lab/parrotfish bites/AQ_Sctaeniopterus_TP_2021-06-17_132934_001.MP4,1218.690,23.98,No focal subject,Bite,Foraging,None|None|None,POINT,683.577,683.577,NA,,
AQ_Sctaeniopterus_TP_2021-06-17_132934,2025-06-28 17:51:31,,/Users/ally/Documents/johnson lab/parrotfish bites/AQ_Sctaeniopterus_TP_2021-06-17_132934_001.MP4,1218.690,23.98,No focal subject,Bite,Foraging,None|None|None,POINT,684.576,684.576,NA,,
AQ_Sctaeniopterus_TP_2021-06-17_132934,2025-06-28 17:51:31,,/Users/ally/Documents/johnson lab/parrotfish bites/AQ_Sctaeniopterus_TP_2021-06-17_132934_001.MP4,1218.690,23.98,No focal subject,Bite,Foraging,None|None|None,POINT,685.076,685.076,NA,,
AQ_Sctaeniopterus_TP_2021-06-17_132934,2025-06-28 17:51:31,,/Users/ally/Documents/johnson lab/parrotfish bites/AQ_Sctaeniopterus_TP_2021-06-17_132934_001.MP4,1218.690,23.98,No focal subject,Bite,Foraging,None|None|None,POINT,686.076,686.076,NA,,
AQ_Sctaeniopterus_TP_2021-06-17_132934,2025-06-28 17:51:31,,/Users/ally/Documents/johnson lab/parrotfish bites/AQ_Sctaeniopterus_TP_2021-06-17_132934_001.MP4,1218.690,23.98,No focal subject,Bite,Foraging,None|None|None,POINT,690.578,690.578,NA,,
AQ_Sctaeniopterus_TP_2021-06-17_132934,2025-06-28 17:51:31,,/Users/ally/Documents/johnson lab/parrotfish bites/AQ_Sctaeniopterus_TP_2021-06-17_132934_001.MP4,1218.690,23.98,No focal subject,Bite,Foraging,None|None|None,POINT,691.077,691.077,NA,,
AQ_Sctaeniopterus_TP_2021-06-17_132934,2025-06-28 17:51:31,,/Users/ally/Documents/johnson lab/parrotfish bites/AQ_Sctaeniopterus_TP_2021-06-17_132934_001.MP4,1218.690,23.98,No focal subject,Bite,Foraging,None|None|None,POINT,692.074,692.074,NA,,
AQ_Sctaeniopterus_TP_2021-06-17_132934,2025-06-28 17:51:31,,/Users/ally/Documents/johnson lab/parrotfish bites/AQ_Sctaeniopterus_TP_2021-06-17_132934_001.MP4,1218.690,23.98,No focal subject,Bite,Foraging,None|None|None,POINT,693.077,693.077,NA,,
AQ_Sctaeniopterus_TP_2021-06-17_132934,2025-06-28 17:51:31,,/Users/ally/Documents/johnson lab/parrotfish bites/AQ_Sctaeniopterus_TP_2021-06-17_132934_001.MP4,1218.690,23.98,No focal subject,Bite,Foraging,None|None|None,POINT,693.576,693.576,NA,,
AQ_Sctaeniopterus_TP_2021-06-17_132934,2025-06-28 17:51:31,,/Users/ally/Documents/johnson lab/parrotfish bites/AQ_Sctaeniopterus_TP_2021-06-17_132934_001.MP4,1218.690,23.98,No focal subject,Bite,Foraging,None|None|None,POINT,694.580,694.580,NA,,
AQ_Sctaeniopterus_TP_2021-06-17_132934,2025-06-28 17:51:31,,/Users/ally/Documents/johnson lab/parrotfish bites/AQ_Sctaeniopterus_TP_2021-06-17_132934_001.MP4,1218.690,23.98,No focal subject,Bite,Foraging,None|None|None,POINT,695.077,695.077,NA,,
AQ_Sctaeniopterus_TP_2021-06-17_132934,2025-06-28 17:51:31,,/Users/ally/Documents/johnson lab/parrotfish bites/AQ_Sctaeniopterus_TP_2021-06-17_132934_001.MP4,1218.690,23.98,No focal subject,Bite,Foraging,None|None|None,POINT,695.577,695.577,NA,,
AQ_Sctaeniopterus_TP_2021-06-17_132934,2025-06-28 17:51:31,,/Users/ally/Documents/johnson lab/parrotfish bites/AQ_Sctaeniopterus_TP_2021-06-17_132934_001.MP4,1218.690,23.98,No focal subject,Bite,Foraging,None|None|None,POINT,696.076,696.076,NA,,
AQ_Sctaeniopterus_TP_2021-06-17_132934,2025-06-28 17:51:31,,/Users/ally/Documents/johnson lab/parrotfish bites/AQ_Sctaeniopterus_TP_2021-06-17_132934_001.MP4,1218.690,23.98,No focal subject,Bite,Foraging,None|None|None,POINT,697.078,697.078,NA,,
AQ_Sctaeniopterus_TP_2021-06-17_132934,2025-06-28 17:51:31,,/Users/ally/Documents/johnson lab/parrotfish bites/AQ_Sctaeniopterus_TP_2021-06-17_132934_001.MP4,1218.690,23.98,No focal subject,Bite,Foraging,None|None|None,POINT,698.079,698.079,NA,,
AQ_Sctaeniopterus_TP_2021-06-17_132934,2025-06-28 17:51:31,,/Users/ally/Documents/johnson lab/parrotfish bites/AQ_Sctaeniopterus_TP_2021-06-17_132934_001.MP4,1218.690,23.98,No focal subject,Bite,Foraging,None|None|None,POINT,698.577,698.577,NA,,
AQ_Sctaeniopterus_TP_2021-06-17_132934,2025-06-28 17:51:31,,/Users/ally/Documents/johnson lab/parrotfish bites/AQ_Sctaeniopterus_TP_2021-06-17_132934_001.MP4,1218.690,23.98,No focal subject,Bite,Foraging,None|None|None,POINT,701.078,701.078,NA,,
AQ_Sctaeniopterus_TP_2021-06-17_132934,2025-06-28 17:51:31,,/Users/ally/Documents/johnson lab/parrotfish bites/AQ_Sctaeniopterus_TP_2021-06-17_132934_001.MP4,1218.690,23.98,No focal subject,Bite,Foraging,None|None|None,POINT,703.577,703.577,NA,,
AQ_Sctaeniopterus_TP_2021-06-17_132934,2025-06-28 17:51:31,,/Users/ally/Documents/johnson lab/parrotfish bites/AQ_Sctaeniopterus_TP_2021-06-17_132934_002.MP4,1218.690,23.98,No focal subject,Bite,Foraging,None|None|None,POINT,720.632,720.632,NA,,
AQ_Sctaeniopterus_TP_2021-06-17_132934,2025-06-28 17:51:31,,/Users/ally/Documents/johnson lab/parrotfish bites/AQ_Sctaeniopterus_TP_2021-06-17_132934_002.MP4,1218.690,23.98,No focal subject,Bite,Foraging,None|None|None,POINT,723.133,723.133,NA,,
AQ_Sctaeniopterus_TP_2021-06-17_132934,2025-06-28 17:51:31,,/Users/ally/Documents/johnson lab/parrotfish bites/AQ_Sctaeniopterus_TP_2021-06-17_132934_002.MP4,1218.690,23.98,No focal subject,Bite,Foraging,None|None|None,POINT,724.634,724.634,NA,,
AQ_Sctaeniopterus_TP_2021-06-17_132934,2025-06-28 17:51:31,,/Users/ally/Documents/johnson lab/parrotfish bites/AQ_Sctaeniopterus_TP_2021-06-17_132934_002.MP4,1218.690,23.98,No focal subject,Bite,Foraging,None|None|None,POINT,728.633,728.633,NA,,
AQ_Sctaeniopterus_TP_2021-06-17_132934,2025-06-28 17:51:31,,/Users/ally/Documents/johnson lab/parrotfish bites/AQ_Sctaeniopterus_TP_2021-06-17_132934_002.MP4,1218.690,23.98,No focal subject,Bite,Foraging,None|None|None,POINT,735.632,735.632,NA,,
AQ_Sctaeniopterus_TP_2021-06-17_132934,2025-06-28 17:51:31,,/Users/ally/Documents/johnson lab/parrotfish bites/AQ_Sctaeniopterus_TP_2021-06-17_132934_002.MP4,1218.690,23.98,No focal subject,Bite,Foraging,None|None|None,POINT,737.631,737.631,NA,,
AQ_Sctaeniopterus_TP_2021-06-17_132934,2025-06-28 17:51:31,,/Users/ally/Documents/johnson lab/parrotfish bites/AQ_Sctaeniopterus_TP_2021-06-17_132934_002.MP4,1218.690,23.98,No focal subject,Bite,Foraging,None|None|None,POINT,746.633,746.633,NA,,
AQ_Sctaeniopterus_TP_2021-06-17_132934,2025-06-28 17:51:31,,/Users/ally/Documents/johnson lab/parrotfish bites/AQ_Sctaeniopterus_TP_2021-06-17_132934_002.MP4,1218.690,23.98,No focal subject,Bite,Foraging,None|None|None,POINT,747.132,747.132,NA,,
AQ_Sctaeniopterus_TP_2021-06-17_132934,2025-06-28 17:51:31,,/Users/ally/Documents/johnson lab/parrotfish bites/AQ_Sctaeniopterus_TP_2021-06-17_132934_002.MP4,1218.690,23.98,No focal subject,Bite,Foraging,None|None|None,POINT,752.631,752.631,NA,,
AQ_Sctaeniopterus_TP_2021-06-17_132934,2025-06-28 17:51:31,,/Users/ally/Documents/johnson lab/parrotfish bites/AQ_Sctaeniopterus_TP_2021-06-17_132934_002.MP4,1218.690,23.98,No focal subject,Bite,Foraging,None|None|None,POINT,753.633,753.633,NA,,
AQ_Sctaeniopterus_TP_2021-06-17_132934,2025-06-28 17:51:31,,/Users/ally/Documents/johnson lab/parrotfish bites/AQ_Sctaeniopterus_TP_2021-06-17_132934_002.MP4,1218.690,23.98,No focal subject,Bite,Foraging,None|None|None,POINT,754.884,754.884,NA,,
AQ_Sctaeniopterus_TP_2021-06-17_132934,2025-06-28 17:51:31,,/Users/ally/Documents/johnson lab/parrotfish bites/AQ_Sctaeniopterus_TP_2021-06-17_132934_002.MP4,1218.690,23.98,No focal subject,Bite,Foraging,None|None|None,POINT,755.632,755.632,NA,,
AQ_Sctaeniopterus_TP_2021-06-17_132934,2025-06-28 17:51:31,,/Users/ally/Documents/johnson lab/parrotfish bites/AQ_Sctaeniopterus_TP_2021-06-17_132934_002.MP4,1218.690,23.98,No focal subject,Bite,Foraging,None|None|None,POINT,757.135,757.135,NA,,
AQ_Sctaeniopterus_TP_2021-06-17_132934,2025-06-28 17:51:31,,/Users/ally/Documents/johnson lab/parrotfish bites/AQ_Sctaeniopterus_TP_2021-06-17_132934_002.MP4,1218.690,23.98,No focal subject,Bite,Foraging,None|None|None,POINT,759.135,759.135,NA,,
AQ_Sctaeniopterus_TP_2021-06-17_132934,2025-06-28 17:51:31,,/Users/ally/Documents/johnson lab/parrotfish bites/AQ_Sctaeniopterus_TP_2021-06-17_132934_002.MP4,1218.690,23.98,No focal subject,Bite,Foraging,None|None|None,POINT,790.130,790.130,NA,,
AQ_Sctaeniopterus_TP_2021-06-17_132934,2025-06-28 17:51:31,,/Users/ally/Documents/johnson lab/parrotfish bites/AQ_Sctaeniopterus_TP_2021-06-17_132934_002.MP4,1218.690,23.98,No focal subject,Bite,Foraging,None|None|None,POINT,796.635,796.635,NA,,
AQ_Sctaeniopterus_TP_2021-06-17_132934,2025-06-28 17:51:31,,/Users/ally/Documents/johnson lab/parrotfish bites/AQ_Sctaeniopterus_TP_2021-06-17_132934_002.MP4,1218.690,23.98,No focal subject,Bite,Foraging,None|None|None,POINT,797.633,797.633,NA,,
AQ_Sctaeniopterus_TP_2021-06-17_132934,2025-06-28 17:51:31,,/Users/ally/Documents/johnson lab/parrotfish bites/AQ_Sctaeniopterus_TP_2021-06-17_132934_002.MP4,1218.690,23.98,No focal subject,Bite,Foraging,None|None|None,POINT,800.633,800.633,NA,,
AQ_Sctaeniopterus_TP_2021-06-17_132934,2025-06-28 17:51:31,,/Users/ally/Documents/johnson lab/parrotfish bites/AQ_Sctaeniopterus_TP_2021-06-17_132934_002.MP4,1218.690,23.98,No focal subject,Bite,Foraging,None|None|None,POINT,801.632,801.632,NA,,
AQ_Sctaeniopterus_TP_2021-06-17_132934,2025-06-28 17:51:31,,/Users/ally/Documents/johnson lab/parrotfish bites/AQ_Sctaeniopterus_TP_2021-06-17_132934_002.MP4,1218.690,23.98,No focal subject,Bite,Foraging,None|None|None,POINT,802.132,802.132,NA,,
AQ_Sctaeniopterus_TP_2021-06-17_132934,2025-06-28 17:51:31,,/Users/ally/Documents/johnson lab/parrotfish bites/AQ_Sctaeniopterus_TP_2021-06-17_132934_002.MP4,1218.690,23.98,No focal subject,Bite,Foraging,None|None|None,POINT,803.381,803.381,NA,,
AQ_Sctaeniopterus_TP_2021-06-17_132934,2025-06-28 17:51:31,,/Users/ally/Documents/johnson lab/parrotfish bites/AQ_Sctaeniopterus_TP_2021-06-17_132934_002.MP4,1218.690,23.98,No focal subject,Bite,Foraging,None|None|None,POINT,804.132,804.132,NA,,
AQ_Sctaeniopterus_TP_2021-06-17_132934,2025-06-28 17:51:31,,/Users/ally/Documents/johnson lab/parrotfish bites/AQ_Sctaeniopterus_TP_2021-06-17_132934_002.MP4,1218.690,23.98,No focal subject,Bite,Foraging,None|None|None,POINT,808.636,808.636,NA,,
AQ_Sctaeniopterus_TP_2021-06-17_132934,2025-06-28 17:51:31,,/Users/ally/Documents/johnson lab/parrotfish bites/AQ_Sctaeniopterus_TP_2021-06-17_132934_002.MP4,1218.690,23.98,No focal subject,Bite,Foraging,None|None|None,POINT,814.632,814.632,NA,,
AQ_Sctaeniopterus_TP_2021-06-17_132934,2025-06-28 17:51:31,,/Users/ally/Documents/johnson lab/parrotfish bites/AQ_Sctaeniopterus_TP_2021-06-17_132934_002.MP4,1218.690,23.98,No focal subject,Bite,Foraging,None|None|None,POINT,815.631,815.631,NA,,
AQ_Sctaeniopterus_TP_2021-06-17_132934,2025-06-28 17:51:31,,/Users/ally/Documents/johnson lab/parrotfish bites/AQ_Sctaeniopterus_TP_2021-06-17_132934_002.MP4,1218.690,23.98,No focal subject,Bite,Foraging,None|None|None,POINT,817.135,817.135,NA,,
AQ_Sctaeniopterus_TP_2021-06-17_132934,2025-06-28 17:51:31,,/Users/ally/Documents/johnson lab/parrotfish bites/AQ_Sctaeniopterus_TP_2021-06-17_132934_002.MP4,1218.690,23.98,No focal subject,Bite,Foraging,None|None|None,POINT,818.128,818.128,NA,,
AQ_Sctaeniopterus_TP_2021-06-17_132934,2025-06-28 17:51:31,,/Users/ally/Documents/johnson lab/parrotfish bites/AQ_Sctaeniopterus_TP_2021-06-17_132934_002.MP4,1218.690,23.98,No focal subject,Bite,Foraging,None|None|None,POINT,818.633,818.633,NA,,
AQ_Sctaeniopterus_TP_2021-06-17_132934,2025-06-28 17:51:31,,/Users/ally/Documents/johnson lab/parrotfish bites/AQ_Sctaeniopterus_TP_2021-06-17_132934_002.MP4,1218.690,23.98,No focal subject,Bite,Foraging,None|None|None,POINT,819.380,819.380,NA,,
AQ_Sctaeniopterus_TP_2021-06-17_132934,2025-06-28 17:51:31,,/Users/ally/Documents/johnson lab/parrotfish bites/AQ_Sctaeniopterus_TP_2021-06-17_132934_002.MP4,1218.690,23.98,No focal subject,Bite,Foraging,None|None|None,POINT,819.880,819.880,NA,,
AQ_Sctaeniopterus_TP_2021-06-17_132934,2025-06-28 17:51:31,,/Users/ally/Documents/johnson lab/parrotfish bites/AQ_Sctaeniopterus_TP_2021-06-17_132934_002.MP4,1218.690,23.98,No focal subject,Bite,Foraging,None|None|None,POINT,821.632,821.632,NA,,
AQ_Sctaeniopterus_TP_2021-06-17_132934,2025-06-28 17:51:31,,/Users/ally/Documents/johnson lab/parrotfish bites/AQ_Sctaeniopterus_TP_2021-06-17_132934_002.MP4,1218.690,23.98,No focal subject,Bite,Foraging,None|None|None,POINT,827.633,827.633,NA,,
AQ_Sctaeniopterus_TP_2021-06-17_132934,2025-06-28 17:51:31,,/Users/ally/Documents/johnson lab/parrotfish bites/AQ_Sctaeniopterus_TP_2021-06-17_132934_002.MP4,1218.690,23.98,No focal subject,Bite,Foraging,None|None|None,POINT,828.133,828.133,NA,,
AQ_Sctaeniopterus_TP_2021-06-17_132934,2025-06-28 17:51:31,,/Users/ally/Documents/johnson lab/parrotfish bites/AQ_Sctaeniopterus_TP_2021-06-17_132934_002.MP4,1218.690,23.98,No focal subject,Bite,Foraging,None|None|None,POINT,830.633,830.633,NA,,
AQ_Sctaeniopterus_TP_2021-06-17_132934,2025-06-28 17:51:31,,/Users/ally/Documents/johnson lab/parrotfish bites/AQ_Sctaeniopterus_TP_2021-06-17_132934_002.MP4,1218.690,23.98,No focal subject,Bite,Foraging,None|None|None,POINT,831.632,831.632,NA,,
AQ_Sctaeniopterus_TP_2021-06-17_132934,2025-06-28 17:51:31,,/Users/ally/Documents/johnson lab/parrotfish bites/AQ_Sctaeniopterus_TP_2021-06-17_132934_002.MP4,1218.690,23.98,No focal subject,Bite,Foraging,None|None|None,POINT,832.633,832.633,NA,,
AQ_Sctaeniopterus_TP_2021-06-17_132934,2025-06-28 17:51:31,,/Users/ally/Documents/johnson lab/parrotfish bites/AQ_Sctaeniopterus_TP_2021-06-17_132934_002.MP4,1218.690,23.98,No focal subject,Bite,Foraging,None|None|None,POINT,833.133,833.133,NA,,
AQ_Sctaeniopterus_TP_2021-06-17_132934,2025-06-28 17:51:31,,/Users/ally/Documents/johnson lab/parrotfish bites/AQ_Sctaeniopterus_TP_2021-06-17_132934_002.MP4,1218.690,23.98,No focal subject,Bite,Foraging,None|None|None,POINT,835.634,835.634,NA,,
AQ_Sctaeniopterus_TP_2021-06-17_132934,2025-06-28 17:51:31,,/Users/ally/Documents/johnson lab/parrotfish bites/AQ_Sctaeniopterus_TP_2021-06-17_132934_002.MP4,1218.690,23.98,No focal subject,Bite,Foraging,None|None|None,POINT,837.136,837.136,NA,,
AQ_Sctaeniopterus_TP_2021-06-17_132934,2025-06-28 17:51:31,,/Users/ally/Documents/johnson lab/parrotfish bites/AQ_Sctaeniopterus_TP_2021-06-17_132934_002.MP4,1218.690,23.98,No focal subject,Bite,Foraging,None|None|None,POINT,855.132,855.132,NA,,
AQ_Sctaeniopterus_TP_2021-06-17_132934,2025-06-28 17:51:31,,/Users/ally/Documents/johnson lab/parrotfish bites/AQ_Sctaeniopterus_TP_2021-06-17_132934_002.MP4,1218.690,23.98,No focal subject,Bite,Foraging,None|None|None,POINT,856.632,856.632,NA,,
AQ_Sctaeniopterus_TP_2021-06-17_132934,2025-06-28 17:51:31,,/Users/ally/Documents/johnson lab/parrotfish bites/AQ_Sctaeniopterus_TP_2021-06-17_132934_002.MP4,1218.690,23.98,No focal subject,Bite,Foraging,None|None|None,POINT,857.631,857.631,NA,,
AQ_Sctaeniopterus_TP_2021-06-17_132934,2025-06-28 17:51:31,,/Users/ally/Documents/johnson lab/parrotfish bites/AQ_Sctaeniopterus_TP_2021-06-17_132934_002.MP4,1218.690,23.98,No focal subject,Bite,Foraging,None|None|None,POINT,858.632,858.632,NA,,
AQ_Sctaeniopterus_TP_2021-06-17_132934,2025-06-28 17:51:31,,/Users/ally/Documents/johnson lab/parrotfish bites/AQ_Sctaeniopterus_TP_2021-06-17_132934_002.MP4,1218.690,23.98,No focal subject,Bite,Foraging,None|None|None,POINT,860.132,860.132,NA,,
AQ_Sctaeniopterus_TP_2021-06-17_132934,2025-06-28 17:51:31,,/Users/ally/Documents/johnson lab/parrotfish bites/AQ_Sctaeniopterus_TP_2021-06-17_132934_002.MP4,1218.690,23.98,No focal subject,Bite,Foraging,None|None|None,POINT,861.131,861.131,NA,,
AQ_Sctaeniopterus_TP_2021-06-17_132934,2025-06-28 17:51:31,,/Users/ally/Documents/johnson lab/parrotfish bites/AQ_Sctaeniopterus_TP_2021-06-17_132934_002.MP4,1218.690,23.98,No focal subject,Bite,Foraging,Feces|None|None,POINT,876.792,876.792,NA,,
AQ_Sctaeniopterus_TP_2021-06-17_132934,2025-06-28 17:51:31,,/Users/ally/Documents/johnson lab/parrotfish bites/AQ_Sctaeniopterus_TP_2021-06-17_132934_002.MP4,1218.690,23.98,No focal subject,Bite,Foraging,Feces|None|None,POINT,878.044,878.044,NA,,
AQ_Sctaeniopterus_TP_2021-06-17_132934,2025-06-28 17:51:31,,/Users/ally/Documents/johnson lab/parrotfish bites/AQ_Sctaeniopterus_TP_2021-06-17_132934_002.MP4,1218.690,23.98,No focal subject,Bite,Foraging,Feces|None|None,POINT,882.293,882.293,NA,,
AQ_Sctaeniopterus_TP_2021-06-17_132934,2025-06-28 17:51:31,,/Users/ally/Documents/johnson lab/parrotfish bites/AQ_Sctaeniopterus_TP_2021-06-17_132934_002.MP4,1218.690,23.98,No focal subject,Bite,Foraging,None|None|None,POINT,902.797,902.797,NA,,
AQ_Sctaeniopterus_TP_2021-06-17_132934,2025-06-28 17:51:31,,/Users/ally/Documents/johnson lab/parrotfish bites/AQ_Sctaeniopterus_TP_2021-06-17_132934_002.MP4,1218.690,23.98,No focal subject,Bite,Foraging,None|None|None,POINT,904.295,904.295,NA,,
AQ_Sctaeniopterus_TP_2021-06-17_132934,2025-06-28 17:51:31,,/Users/ally/Documents/johnson lab/parrotfish bites/AQ_Sctaeniopterus_TP_2021-06-17_132934_002.MP4,1218.690,23.98,No focal subject,Bite,Foraging,None|None|None,POINT,905.296,905.296,NA,,
AQ_Sctaeniopterus_TP_2021-06-17_132934,2025-06-28 17:51:31,,/Users/ally/Documents/johnson lab/parrotfish bites/AQ_Sctaeniopterus_TP_2021-06-17_132934_002.MP4,1218.690,23.98,No focal subject,Bite,Foraging,None|None|None,POINT,907.296,907.296,NA,,
AQ_Sctaeniopterus_TP_2021-06-17_132934,2025-06-28 17:51:31,,/Users/ally/Documents/johnson lab/parrotfish bites/AQ_Sctaeniopterus_TP_2021-06-17_132934_002.MP4,1218.690,23.98,No focal subject,Bite,Foraging,None|None|None,POINT,908.297,908.297,NA,,
AQ_Sctaeniopterus_TP_2021-06-17_132934,2025-06-28 17:51:31,,/Users/ally/Documents/johnson lab/parrotfish bites/AQ_Sctaeniopterus_TP_2021-06-17_132934_002.MP4,1218.690,23.98,No focal subject,Bite,Foraging,None|None|None,POINT,909.811,909.811,NA,,
AQ_Sctaeniopterus_TP_2021-06-17_132934,2025-06-28 17:51:31,,/Users/ally/Documents/johnson lab/parrotfish bites/AQ_Sctaeniopterus_TP_2021-06-17_132934_002.MP4,1218.690,23.98,No focal subject,Bite,Foraging,None|None|None,POINT,911.296,911.296,NA,,
AQ_Sctaeniopterus_TP_2021-06-17_132934,2025-06-28 17:51:31,,/Users/ally/Documents/johnson lab/parrotfish bites/AQ_Sctaeniopterus_TP_2021-06-17_132934_002.MP4,1218.690,23.98,No focal subject,Bite,Foraging,None|None|None,POINT,912.796,912.796,NA,,
AQ_Sctaeniopterus_TP_2021-06-17_132934,2025-06-28 17:51:31,,/Users/ally/Documents/johnson lab/parrotfish bites/AQ_Sctaeniopterus_TP_2021-06-17_132934_002.MP4,1218.690,23.98,No focal subject,Bite,Foraging,None|None|None,POINT,914.830,914.830,NA,,
AQ_Sctaeniopterus_TP_2021-06-17_132934,2025-06-28 17:51:31,,/Users/ally/Documents/johnson lab/parrotfish bites/AQ_Sctaeniopterus_TP_2021-06-17_132934_002.MP4,1218.690,23.98,No focal subject,Bite,Foraging,None|None|None,POINT,915.799,915.799,NA,,
AQ_Sctaeniopterus_TP_2021-06-17_132934,2025-06-28 17:51:31,,/Users/ally/Documents/johnson lab/parrotfish bites/AQ_Sctaeniopterus_TP_2021-06-17_132934_002.MP4,1218.690,23.98,No focal subject,Bite,Foraging,None|None|None,POINT,919.838,919.838,NA,,
AQ_Sctaeniopterus_TP_2021-06-17_132934,2025-06-28 17:51:31,,/Users/ally/Documents/johnson lab/parrotfish bites/AQ_Sctaeniopterus_TP_2021-06-17_132934_002.MP4,1218.690,23.98,No focal subject,Bite,Foraging,None|None|None,POINT,921.834,921.834,NA,,
AQ_Sctaeniopterus_TP_2021-06-17_132934,2025-06-28 17:51:31,,/Users/ally/Documents/johnson lab/parrotfish bites/AQ_Sctaeniopterus_TP_2021-06-17_132934_002.MP4,1218.690,23.98,No focal subject,Bite,Foraging,None|None|None,POINT,923.835,923.835,NA,,
AQ_Sctaeniopterus_TP_2021-06-17_132934,2025-06-28 17:51:31,,/Users/ally/Documents/johnson lab/parrotfish bites/AQ_Sctaeniopterus_TP_2021-06-17_132934_002.MP4,1218.690,23.98,No focal subject,Bite,Foraging,None|None|None,POINT,924.334,924.334,NA,,
AQ_Sctaeniopterus_TP_2021-06-17_132934,2025-06-28 17:51:31,,/Users/ally/Documents/johnson lab/parrotfish bites/AQ_Sctaeniopterus_TP_2021-06-17_132934_002.MP4,1218.690,23.98,No focal subject,Bite,Foraging,None|None|None,POINT,925.335,925.335,NA,,
AQ_Sctaeniopterus_TP_2021-06-17_132934,2025-06-28 17:51:31,,/Users/ally/Documents/johnson lab/parrotfish bites/AQ_Sctaeniopterus_TP_2021-06-17_132934_002.MP4,1218.690,23.98,No focal subject,Bite,Foraging,None|None|None,POINT,926.333,926.333,NA,,
AQ_Sctaeniopterus_TP_2021-06-17_132934,2025-06-28 17:51:31,,/Users/ally/Documents/johnson lab/parrotfish bites/AQ_Sctaeniopterus_TP_2021-06-17_132934_002.MP4,1218.690,23.98,No focal subject,Bite,Foraging,None|None|None,POINT,926.834,926.834,NA,,
AQ_Sctaeniopterus_TP_2021-06-17_132934,2025-06-28 17:51:31,,/Users/ally/Documents/johnson lab/parrotfish bites/AQ_Sctaeniopterus_TP_2021-06-17_132934_002.MP4,1218.690,23.98,No focal subject,Bite,Foraging,None|None|None,POINT,928.835,928.835,NA,,
AQ_Sctaeniopterus_TP_2021-06-17_132934,2025-06-28 17:51:31,,/Users/ally/Documents/johnson lab/parrotfish bites/AQ_Sctaeniopterus_TP_2021-06-17_132934_002.MP4,1218.690,23.98,No focal subject,Bite,Foraging,None|None|None,POINT,942.836,942.836,NA,,
AQ_Sctaeniopterus_TP_2021-06-17_132934,2025-06-28 17:51:31,,/Users/ally/Documents/johnson lab/parrotfish bites/AQ_Sctaeniopterus_TP_2021-06-17_132934_002.MP4,1218.690,23.98,No focal subject,Bite,Foraging,None|None|None,POINT,943.334,943.334,NA,,
AQ_Sctaeniopterus_TP_2021-06-17_132934,2025-06-28 17:51:31,,/Users/ally/Documents/johnson lab/parrotfish bites/AQ_Sctaeniopterus_TP_2021-06-17_132934_002.MP4,1218.690,23.98,No focal subject,Bite,Foraging,None|None|None,POINT,943.836,943.836,NA,,
AQ_Sctaeniopterus_TP_2021-06-17_132934,2025-06-28 17:51:31,,/Users/ally/Documents/johnson lab/parrotfish bites/AQ_Sctaeniopterus_TP_2021-06-17_132934_002.MP4,1218.690,23.98,No focal subject,Bite,Foraging,None|None|None,POINT,944.335,944.335,NA,,
AQ_Sctaeniopterus_TP_2021-06-17_132934,2025-06-28 17:51:31,,/Users/ally/Documents/johnson lab/parrotfish bites/AQ_Sctaeniopterus_TP_2021-06-17_132934_002.MP4,1218.690,23.98,No focal subject,Bite,Foraging,None|None|None,POINT,945.336,945.336,NA,,
AQ_Sctaeniopterus_TP_2021-06-17_132934,2025-06-28 17:51:31,,/Users/ally/Documents/johnson lab/parrotfish bites/AQ_Sctaeniopterus_TP_2021-06-17_132934_002.MP4,1218.690,23.98,No focal subject,Bite,Foraging,None|None|None,POINT,947.337,947.337,NA,,
AQ_Sctaeniopterus_TP_2021-06-17_132934,2025-06-28 17:51:31,,/Users/ally/Documents/johnson lab/parrotfish bites/AQ_Sctaeniopterus_TP_2021-06-17_132934_002.MP4,1218.690,23.98,No focal subject,Bite,Foraging,None|None|None,POINT,947.836,947.836,NA,,
AQ_Sctaeniopterus_TP_2021-06-17_132934,2025-06-28 17:51:31,,/Users/ally/Documents/johnson lab/parrotfish bites/AQ_Sctaeniopterus_TP_2021-06-17_132934_002.MP4,1218.690,23.98,No focal subject,Bite,Foraging,None|None|None,POINT,948.333,948.333,NA,,
AQ_Sctaeniopterus_TP_2021-06-17_132934,2025-06-28 17:51:31,,/Users/ally/Documents/johnson lab/parrotfish bites/AQ_Sctaeniopterus_TP_2021-06-17_132934_002.MP4,1218.690,23.98,No focal subject,Bite,Foraging,None|None|None,POINT,949.335,949.335,NA,,
AQ_Sctaeniopterus_TP_2021-06-17_132934,2025-06-28 17:51:31,,/Users/ally/Documents/johnson lab/parrotfish bites/AQ_Sctaeniopterus_TP_2021-06-17_132934_002.MP4,1218.690,23.98,No focal subject,Bite,Foraging,None|None|None,POINT,950.334,950.334,NA,,
AQ_Sctaeniopterus_TP_2021-06-17_132934,2025-06-28 17:51:31,,/Users/ally/Documents/johnson lab/parrotfish bites/AQ_Sctaeniopterus_TP_2021-06-17_132934_002.MP4,1218.690,23.98,No focal subject,Bite,Foraging,None|None|None,POINT,950.836,950.836,NA,,
AQ_Sctaeniopterus_TP_2021-06-17_132934,2025-06-28 17:51:31,,/Users/ally/Documents/johnson lab/parrotfish bites/AQ_Sctaeniopterus_TP_2021-06-17_132934_002.MP4,1218.690,23.98,No focal subject,Bite,Foraging,None|None|None,POINT,952.337,952.337,NA,,
AQ_Sctaeniopterus_TP_2021-06-17_132934,2025-06-28 17:51:31,,/Users/ally/Documents/johnson lab/parrotfish bites/AQ_Sctaeniopterus_TP_2021-06-17_132934_002.MP4,1218.690,23.98,No focal subject,Bite,Foraging,None|None|None,POINT,955.835,955.835,NA,,
AQ_Sctaeniopterus_TP_2021-06-17_132934,2025-06-28 17:51:31,,/Users/ally/Documents/johnson lab/parrotfish bites/AQ_Sctaeniopterus_TP_2021-06-17_132934_002.MP4,1218.690,23.98,No focal subject,Bite,Foraging,None|None|None,POINT,957.339,957.339,NA,,
AQ_Sctaeniopterus_TP_2021-06-17_132934,2025-06-28 17:51:31,,/Users/ally/Documents/johnson lab/parrotfish bites/AQ_Sctaeniopterus_TP_2021-06-17_132934_002.MP4,1218.690,23.98,No focal subject,Bite,Foraging,None|None|None,POINT,961.335,961.335,NA,,
AQ_Sctaeniopterus_TP_2021-06-17_132934,2025-06-28 17:51:31,,/Users/ally/Documents/johnson lab/parrotfish bites/AQ_Sctaeniopterus_TP_2021-06-17_132934_002.MP4,1218.690,23.98,No focal subject,Bite,Foraging,None|None|None,POINT,961.835,961.835,NA,,
AQ_Sctaeniopterus_TP_2021-06-17_132934,2025-06-28 17:51:31,,/Users/ally/Documents/johnson lab/parrotfish bites/AQ_Sctaeniopterus_TP_2021-06-17_132934_002.MP4,1218.690,23.98,No focal subject,Bite,Foraging,None|None|None,POINT,963.835,963.835,NA,,
AQ_Sctaeniopterus_TP_2021-06-17_132934,2025-06-28 17:51:31,,/Users/ally/Documents/johnson lab/parrotfish bites/AQ_Sctaeniopterus_TP_2021-06-17_132934_002.MP4,1218.690,23.98,No focal subject,Bite,Foraging,None|None|None,POINT,964.835,964.835,NA,,
AQ_Sctaeniopterus_TP_2021-06-17_132934,2025-06-28 17:51:31,,/Users/ally/Documents/johnson lab/parrotfish bites/AQ_Sctaeniopterus_TP_2021-06-17_132934_002.MP4,1218.690,23.98,No focal subject,Bite,Foraging,None|None|None,POINT,965.835,965.835,NA,,
AQ_Sctaeniopterus_TP_2021-06-17_132934,2025-06-28 17:51:31,,/Users/ally/Documents/johnson lab/parrotfish bites/AQ_Sctaeniopterus_TP_2021-06-17_132934_002.MP4,1218.690,23.98,No focal subject,Bite,Foraging,None|None|None,POINT,967.334,967.334,NA,,
AQ_Sctaeniopterus_TP_2021-06-17_132934,2025-06-28 17:51:31,,/Users/ally/Documents/johnson lab/parrotfish bites/AQ_Sctaeniopterus_TP_2021-06-17_132934_002.MP4,1218.690,23.98,No focal subject,Bite,Foraging,None|None|None,POINT,968.334,968.334,NA,,
AQ_Sctaeniopterus_TP_2021-06-17_132934,2025-06-28 17:51:31,,/Users/ally/Documents/johnson lab/parrotfish bites/AQ_Sctaeniopterus_TP_2021-06-17_132934_002.MP4,1218.690,23.98,No focal subject,Bite,Foraging,None|None|None,POINT,969.084,969.084,NA,,
AQ_Sctaeniopterus_TP_2021-06-17_132934,2025-06-28 17:51:31,,/Users/ally/Documents/johnson lab/parrotfish bites/AQ_Sctaeniopterus_TP_2021-06-17_132934_002.MP4,1218.690,23.98,No focal subject,Bite,Foraging,None|None|None,POINT,969.836,969.836,NA,,
AQ_Sctaeniopterus_TP_2021-06-17_132934,2025-06-28 17:51:31,,/Users/ally/Documents/johnson lab/parrotfish bites/AQ_Sctaeniopterus_TP_2021-06-17_132934_002.MP4,1218.690,23.98,No focal subject,Bite,Foraging,None|None|None,POINT,970.336,970.336,NA,,
AQ_Sctaeniopterus_TP_2021-06-17_132934,2025-06-28 17:51:31,,/Users/ally/Documents/johnson lab/parrotfish bites/AQ_Sctaeniopterus_TP_2021-06-17_132934_002.MP4,1218.690,23.98,No focal subject,Bite,Foraging,None|None|None,POINT,971.335,971.335,NA,,
AQ_Sctaeniopterus_TP_2021-06-17_132934,2025-06-28 17:51:31,,/Users/ally/Documents/johnson lab/parrotfish bites/AQ_Sctaeniopterus_TP_2021-06-17_132934_002.MP4,1218.690,23.98,No focal subject,Bite,Foraging,None|None|None,POINT,973.336,973.336,NA,,
AQ_Sctaeniopterus_TP_2021-06-17_132934,2025-06-28 17:51:31,,/Users/ally/Documents/johnson lab/parrotfish bites/AQ_Sctaeniopterus_TP_2021-06-17_132934_002.MP4,1218.690,23.98,No focal subject,Bite,Foraging,None|None|None,POINT,976.835,976.835,NA,,
AQ_Sctaeniopterus_TP_2021-06-17_132934,2025-06-28 17:51:31,,/Users/ally/Documents/johnson lab/parrotfish bites/AQ_Sctaeniopterus_TP_2021-06-17_132934_002.MP4,1218.690,23.98,No focal subject,Bite,Foraging,None|None|None,POINT,977.835,977.835,NA,,
AQ_Sctaeniopterus_TP_2021-06-17_132934,2025-06-28 17:51:31,,/Users/ally/Documents/johnson lab/parrotfish bites/AQ_Sctaeniopterus_TP_2021-06-17_132934_002.MP4,1218.690,23.98,No focal subject,Bite,Foraging,None|None|None,POINT,979.833,979.833,NA,,
AQ_Sctaeniopterus_TP_2021-06-17_132934,2025-06-28 17:51:31,,/Users/ally/Documents/johnson lab/parrotfish bites/AQ_Sctaeniopterus_TP_2021-06-17_132934_002.MP4,1218.690,23.98,No focal subject,Bite,Foraging,None|None|None,POINT,980.582,980.582,NA,,
AQ_Sctaeniopterus_TP_2021-06-17_132934,2025-06-28 17:51:31,,/Users/ally/Documents/johnson lab/parrotfish bites/AQ_Sctaeniopterus_TP_2021-06-17_132934_002.MP4,1218.690,23.98,No focal subject,Bite,Foraging,None|None|None,POINT,1008.836,1008.836,NA,,
AQ_Sctaeniopterus_TP_2021-06-17_132934,2025-06-28 17:51:31,,/Users/ally/Documents/johnson lab/parrotfish bites/AQ_Sctaeniopterus_TP_2021-06-17_132934_002.MP4,1218.690,23.98,No focal subject,Bite,Foraging,None|None|None,POINT,1009.335,1009.335,NA,,
AQ_Sctaeniopterus_TP_2021-06-17_132934,2025-06-28 17:51:31,,/Users/ally/Documents/johnson lab/parrotfish bites/AQ_Sctaeniopterus_TP_2021-06-17_132934_002.MP4,1218.690,23.98,No focal subject,Bite,Foraging,None|None|None,POINT,1010.337,1010.337,NA,,
AQ_Sctaeniopterus_TP_2021-06-17_132934,2025-06-28 17:51:31,,/Users/ally/Documents/johnson lab/parrotfish bites/AQ_Sctaeniopterus_TP_2021-06-17_132934_002.MP4,1218.690,23.98,No focal subject,Bite,Foraging,None|None|None,POINT,1010.583,1010.583,NA,,
AQ_Sctaeniopterus_TP_2021-06-17_132934,2025-06-28 17:51:31,,/Users/ally/Documents/johnson lab/parrotfish bites/AQ_Sctaeniopterus_TP_2021-06-17_132934_002.MP4,1218.690,23.98,No focal subject,Bite,Foraging,None|None|None,POINT,1011.335,1011.335,NA,,
AQ_Sctaeniopterus_TP_2021-06-17_132934,2025-06-28 17:51:31,,/Users/ally/Documents/johnson lab/parrotfish bites/AQ_Sctaeniopterus_TP_2021-06-17_132934_002.MP4,1218.690,23.98,No focal subject,Bite,Foraging,None|None|None,POINT,1012.333,1012.333,NA,,
AQ_Sctaeniopterus_TP_2021-06-17_132934,2025-06-28 17:51:31,,/Users/ally/Documents/johnson lab/parrotfish bites/AQ_Sctaeniopterus_TP_2021-06-17_132934_002.MP4,1218.690,23.98,No focal subject,Bite,Foraging,None|None|None,POINT,1013.335,1013.335,NA,,
AQ_Sctaeniopterus_TP_2021-06-17_132934,2025-06-28 17:51:31,,/Users/ally/Documents/johnson lab/parrotfish bites/AQ_Sctaeniopterus_TP_2021-06-17_132934_002.MP4,1218.690,23.98,No focal subject,Bite,Foraging,None|None|None,POINT,1014.834,1014.834,NA,,
AQ_Sctaeniopterus_TP_2021-06-17_132934,2025-06-28 17:51:31,,/Users/ally/Documents/johnson lab/parrotfish bites/AQ_Sctaeniopterus_TP_2021-06-17_132934_002.MP4,1218.690,23.98,No focal subject,Bite,Foraging,None|None|None,POINT,1017.335,1017.335,NA,,
AQ_Sctaeniopterus_TP_2021-06-17_132934,2025-06-28 17:51:31,,/Users/ally/Documents/johnson lab/parrotfish bites/AQ_Sctaeniopterus_TP_2021-06-17_132934_002.MP4,1218.690,23.98,No focal subject,Bite,Foraging,None|None|None,POINT,1018.334,1018.334,NA,,
AQ_Sctaeniopterus_TP_2021-06-17_132934,2025-06-28 17:51:31,,/Users/ally/Documents/johnson lab/parrotfish bites/AQ_Sctaeniopterus_TP_2021-06-17_132934_002.MP4,1218.690,23.98,No focal subject,Bite,Foraging,None|None|None,POINT,1018.834,1018.834,NA,,
AQ_Sctaeniopterus_TP_2021-06-17_132934,2025-06-28 17:51:31,,/Users/ally/Documents/johnson lab/parrotfish bites/AQ_Sctaeniopterus_TP_2021-06-17_132934_002.MP4,1218.690,23.98,No focal subject,Bite,Foraging,None|None|None,POINT,1019.834,1019.834,NA,,
AQ_Sctaeniopterus_TP_2021-06-17_132934,2025-06-28 17:51:31,,/Users/ally/Documents/johnson lab/parrotfish bites/AQ_Sctaeniopterus_TP_2021-06-17_132934_002.MP4,1218.690,23.98,No focal subject,Bite,Foraging,None|None|None,POINT,1022.334,1022.334,NA,,
AQ_Sctaeniopterus_TP_2021-06-17_132934,2025-06-28 17:51:31,,/Users/ally/Documents/johnson lab/parrotfish bites/AQ_Sctaeniopterus_TP_2021-06-17_132934_002.MP4,1218.690,23.98,No focal subject,Bite,Foraging,None|None|None,POINT,1023.831,1023.831,NA,,
AQ_Sctaeniopterus_TP_2021-06-17_132934,2025-06-28 17:51:31,,/Users/ally/Documents/johnson lab/parrotfish bites/AQ_Sctaeniopterus_TP_2021-06-17_132934_002.MP4,1218.690,23.98,No focal subject,Bite,Foraging,None|None|None,POINT,1024.835,1024.835,NA,,
AQ_Sctaeniopterus_TP_2021-06-17_132934,2025-06-28 17:51:31,,/Users/ally/Documents/johnson lab/parrotfish bites/AQ_Sctaeniopterus_TP_2021-06-17_132934_002.MP4,1218.690,23.98,No focal subject,Bite,Foraging,None|None|None,POINT,1028.333,1028.333,NA,,
AQ_Sctaeniopterus_TP_2021-06-17_132934,2025-06-28 17:51:31,,/Users/ally/Documents/johnson lab/parrotfish bites/AQ_Sctaeniopterus_TP_2021-06-17_132934_002.MP4,1218.690,23.98,No focal subject,Bite,Foraging,None|None|None,POINT,1029.335,1029.335,NA,,
AQ_Sctaeniopterus_TP_2021-06-17_132934,2025-06-28 17:51:31,,/Users/ally/Documents/johnson lab/parrotfish bites/AQ_Sctaeniopterus_TP_2021-06-17_132934_002.MP4,1218.690,23.98,No focal subject,Bite,Foraging,None|None|None,POINT,1029.833,1029.833,NA,,
AQ_Sctaeniopterus_TP_2021-06-17_132934,2025-06-28 17:51:31,,/Users/ally/Documents/johnson lab/parrotfish bites/AQ_Sctaeniopterus_TP_2021-06-17_132934_002.MP4,1218.690,23.98,No focal subject,Bite,Foraging,None|None|None,POINT,1031.335,1031.335,NA,,
AQ_Sctaeniopterus_TP_2021-06-17_132934,2025-06-28 17:51:31,,/Users/ally/Documents/johnson lab/parrotfish bites/AQ_Sctaeniopterus_TP_2021-06-17_132934_002.MP4,1218.690,23.98,No focal subject,Bite,Foraging,None|None|None,POINT,1033.834,1033.834,NA,,
AQ_Sctaeniopterus_TP_2021-06-17_132934,2025-06-28 17:51:31,,/Users/ally/Documents/johnson lab/parrotfish bites/AQ_Sctaeniopterus_TP_2021-06-17_132934_002.MP4,1218.690,23.98,No focal subject,Bite,Foraging,None|None|None,POINT,1034.834,1034.834,NA,,
AQ_Sctaeniopterus_TP_2021-06-17_132934,2025-06-28 17:51:31,,/Users/ally/Documents/johnson lab/parrotfish bites/AQ_Sctaeniopterus_TP_2021-06-17_132934_002.MP4,1218.690,23.98,No focal subject,Bite,Foraging,None|None|None,POINT,1036.083,1036.083,NA,,
AQ_Sctaeniopterus_TP_2021-06-17_132934,2025-06-28 17:51:31,,/Users/ally/Documents/johnson lab/parrotfish bites/AQ_Sctaeniopterus_TP_2021-06-17_132934_002.MP4,1218.690,23.98,No focal subject,Bite,Foraging,None|None|None,POINT,1037.837,1037.837,NA,,
AQ_Sctaeniopterus_TP_2021-06-17_132934,2025-06-28 17:51:31,,/Users/ally/Documents/johnson lab/parrotfish bites/AQ_Sctaeniopterus_TP_2021-06-17_132934_002.MP4,1218.690,23.98,No focal subject,Bite,Foraging,None|None|None,POINT,1038.336,1038.336,NA,,
AQ_Sctaeniopterus_TP_2021-06-17_132934,2025-06-28 17:51:31,,/Users/ally/Documents/johnson lab/parrotfish bites/AQ_Sctaeniopterus_TP_2021-06-17_132934_002.MP4,1218.690,23.98,No focal subject,Bite,Foraging,None|None|None,POINT,1039.336,1039.336,NA,,
AQ_Sctaeniopterus_TP_2021-06-17_132934,2025-06-28 17:51:31,,/Users/ally/Documents/johnson lab/parrotfish bites/AQ_Sctaeniopterus_TP_2021-06-17_132934_002.MP4,1218.690,23.98,No focal subject,Bite,Foraging,None|None|None,POINT,1044.836,1044.836,NA,,
AQ_Sctaeniopterus_TP_2021-06-17_132934,2025-06-28 17:51:31,,/Users/ally/Documents/johnson lab/parrotfish bites/AQ_Sctaeniopterus_TP_2021-06-17_132934_002.MP4,1218.690,23.98,No focal subject,Bite,Foraging,None|None|None,POINT,1046.335,1046.335,NA,,
AQ_Sctaeniopterus_TP_2021-06-17_132934,2025-06-28 17:51:31,,/Users/ally/Documents/johnson lab/parrotfish bites/AQ_Sctaeniopterus_TP_2021-06-17_132934_002.MP4,1218.690,23.98,No focal subject,Bite,Foraging,None|None|None,POINT,1048.835,1048.835,NA,,
AQ_Sctaeniopterus_TP_2021-06-17_132934,2025-06-28 17:51:31,,/Users/ally/Documents/johnson lab/parrotfish bites/AQ_Sctaeniopterus_TP_2021-06-17_132934_002.MP4,1218.690,23.98,No focal subject,Bite,Foraging,None|None|None,POINT,1048.835,1048.835,NA,,
AQ_Sctaeniopterus_TP_2021-06-17_132934,2025-06-28 17:51:31,,/Users/ally/Documents/johnson lab/parrotfish bites/AQ_Sctaeniopterus_TP_2021-06-17_132934_002.MP4,1218.690,23.98,No focal subject,Bite,Foraging,None|None|None,POINT,1049.835,1049.835,NA,,
AQ_Sctaeniopterus_TP_2021-06-17_132934,2025-06-28 17:51:31,,/Users/ally/Documents/johnson lab/parrotfish bites/AQ_Sctaeniopterus_TP_2021-06-17_132934_002.MP4,1218.690,23.98,No focal subject,Bite,Foraging,None|None|None,POINT,1050.834,1050.834,NA,,
AQ_Sctaeniopterus_TP_2021-06-17_132934,2025-06-28 17:51:31,,/Users/ally/Documents/johnson lab/parrotfish bites/AQ_Sctaeniopterus_TP_2021-06-17_132934_002.MP4,1218.690,23.98,No focal subject,Bite,Foraging,None|None|None,POINT,1051.833,1051.833,NA,,
AQ_Sctaeniopterus_TP_2021-06-17_132934,2025-06-28 17:51:31,,/Users/ally/Documents/johnson lab/parrotfish bites/AQ_Sctaeniopterus_TP_2021-06-17_132934_002.MP4,1218.690,23.98,No focal subject,Bite,Foraging,None|None|None,POINT,1052.835,1052.835,NA,,
AQ_Sctaeniopterus_TP_2021-06-17_132934,2025-06-28 17:51:31,,/Users/ally/Documents/johnson lab/parrotfish bites/AQ_Sctaeniopterus_TP_2021-06-17_132934_002.MP4,1218.690,23.98,No focal subject,Bite,Foraging,None|None|None,POINT,1055.334,1055.334,NA,,
AQ_Sctaeniopterus_TP_2021-06-17_132934,2025-06-28 17:51:31,,/Users/ally/Documents/johnson lab/parrotfish bites/AQ_Sctaeniopterus_TP_2021-06-17_132934_002.MP4,1218.690,23.98,No focal subject,Bite,Foraging,None|None|None,POINT,1056.334,1056.334,NA,,
AQ_Sctaeniopterus_TP_2021-06-17_132934,2025-06-28 17:51:31,,/Users/ally/Documents/johnson lab/parrotfish bites/AQ_Sctaeniopterus_TP_2021-06-17_132934_002.MP4,1218.690,23.98,No focal subject,Bite,Foraging,None|None|None,POINT,1057.334,1057.334,NA,,
AQ_Sctaeniopterus_TP_2021-06-17_132934,2025-06-28 17:51:31,,/Users/ally/Documents/johnson lab/parrotfish bites/AQ_Sctaeniopterus_TP_2021-06-17_132934_002.MP4,1218.690,23.98,No focal subject,Bite,Foraging,None|None|None,POINT,1058.335,1058.335,NA,,
AQ_Sctaeniopterus_TP_2021-06-17_132934,2025-06-28 17:51:31,,/Users/ally/Documents/johnson lab/parrotfish bites/AQ_Sctaeniopterus_TP_2021-06-17_132934_002.MP4,1218.690,23.98,No focal subject,Bite,Foraging,None|None|None,POINT,1059.334,1059.334,NA,,
AQ_Sctaeniopterus_TP_2021-06-17_132934,2025-06-28 17:51:31,,/Users/ally/Documents/johnson lab/parrotfish bites/AQ_Sctaeniopterus_TP_2021-06-17_132934_002.MP4,1218.690,23.98,No focal subject,Bite,Foraging,None|None|None,POINT,1060.333,1060.333,NA,,
AQ_Sctaeniopterus_TP_2021-06-17_132934,2025-06-28 17:51:31,,/Users/ally/Documents/johnson lab/parrotfish bites/AQ_Sctaeniopterus_TP_2021-06-17_132934_002.MP4,1218.690,23.98,No focal subject,Bite,Foraging,None|None|None,POINT,1061.834,1061.834,NA,,
AQ_Sctaeniopterus_TP_2021-06-17_132934,2025-06-28 17:51:31,,/Users/ally/Documents/johnson lab/parrotfish bites/AQ_Sctaeniopterus_TP_2021-06-17_132934_002.MP4,1218.690,23.98,No focal subject,Bite,Foraging,None|None|None,POINT,1062.836,1062.836,NA,,
AQ_Sctaeniopterus_TP_2021-06-17_132934,2025-06-28 17:51:31,,/Users/ally/Documents/johnson lab/parrotfish bites/AQ_Sctaeniopterus_TP_2021-06-17_132934_002.MP4,1218.690,23.98,No focal subject,Bite,Foraging,None|None|None,POINT,1063.832,1063.832,NA,,
AQ_Sctaeniopterus_TP_2021-06-17_132934,2025-06-28 17:51:31,,/Users/ally/Documents/johnson lab/parrotfish bites/AQ_Sctaeniopterus_TP_2021-06-17_132934_002.MP4,1218.690,23.98,No focal subject,Bite,Foraging,None|None|None,POINT,1064.834,1064.834,NA,,
AQ_Sctaeniopterus_TP_2021-06-17_132934,2025-06-28 17:51:31,,/Users/ally/Documents/johnson lab/parrotfish bites/AQ_Sctaeniopterus_TP_2021-06-17_132934_002.MP4,1218.690,23.98,No focal subject,Bite,Foraging,None|None|None,POINT,1065.833,1065.833,NA,,
AQ_Sctaeniopterus_TP_2021-06-17_132934,2025-06-28 17:51:31,,/Users/ally/Documents/johnson lab/parrotfish bites/AQ_Sctaeniopterus_TP_2021-06-17_132934_002.MP4,1218.690,23.98,No focal subject,Bite,Foraging,None|None|None,POINT,1073.335,1073.335,NA,,
AQ_Sctaeniopterus_TP_2021-06-17_132934,2025-06-28 17:51:31,,/Users/ally/Documents/johnson lab/parrotfish bites/AQ_Sctaeniopterus_TP_2021-06-17_132934_002.MP4,1218.690,23.98,No focal subject,Bite,Foraging,None|None|None,POINT,1076.335,1076.335,NA,,
AQ_Sctaeniopterus_TP_2021-06-17_132934,2025-06-28 17:51:31,,/Users/ally/Documents/johnson lab/parrotfish bites/AQ_Sctaeniopterus_TP_2021-06-17_132934_002.MP4,1218.690,23.98,No focal subject,Bite,Foraging,None|None|None,POINT,1077.335,1077.335,NA,,
AQ_Sctaeniopterus_TP_2021-06-17_132934,2025-06-28 17:51:31,,/Users/ally/Documents/johnson lab/parrotfish bites/AQ_Sctaeniopterus_TP_2021-06-17_132934_002.MP4,1218.690,23.98,No focal subject,Bite,Foraging,None|None|None,POINT,1078.839,1078.839,NA,,
AQ_Sctaeniopterus_TP_2021-06-17_132934,2025-06-28 17:51:31,,/Users/ally/Documents/johnson lab/parrotfish bites/AQ_Sctaeniopterus_TP_2021-06-17_132934_002.MP4,1218.690,23.98,No focal subject,Bite,Foraging,None|None|None,POINT,1080.839,1080.839,NA,,
AQ_Sctaeniopterus_TP_2021-06-17_132934,2025-06-28 17:51:31,,/Users/ally/Documents/johnson lab/parrotfish bites/AQ_Sctaeniopterus_TP_2021-06-17_132934_002.MP4,1218.690,23.98,No focal subject,Bite,Foraging,None|None|None,POINT,1081.338,1081.338,NA,,
AQ_Sctaeniopterus_TP_2021-06-17_132934,2025-06-28 17:51:31,,/Users/ally/Documents/johnson lab/parrotfish bites/AQ_Sctaeniopterus_TP_2021-06-17_132934_002.MP4,1218.690,23.98,No focal subject,Bite,Foraging,None|None|None,POINT,1081.836,1081.836,NA,,
AQ_Sctaeniopterus_TP_2021-06-17_132934,2025-06-28 17:51:31,,/Users/ally/Documents/johnson lab/parrotfish bites/AQ_Sctaeniopterus_TP_2021-06-17_132934_002.MP4,1218.690,23.98,No focal subject,Bite,Foraging,None|None|None,POINT,1083.838,1083.838,NA,,
AQ_Sctaeniopterus_TP_2021-06-17_132934,2025-06-28 17:51:31,,/Users/ally/Documents/johnson lab/parrotfish bites/AQ_Sctaeniopterus_TP_2021-06-17_132934_002.MP4,1218.690,23.98,No focal subject,Bite,Foraging,None|None|None,POINT,1084.836,1084.836,NA,,
AQ_Sctaeniopterus_TP_2021-06-17_132934,2025-06-28 17:51:31,,/Users/ally/Documents/johnson lab/parrotfish bites/AQ_Sctaeniopterus_TP_2021-06-17_132934_002.MP4,1218.690,23.98,No focal subject,Bite,Foraging,None|None|None,POINT,1085.335,1085.335,NA,,
AQ_Sctaeniopterus_TP_2021-06-17_132934,2025-06-28 17:51:31,,/Users/ally/Documents/johnson lab/parrotfish bites/AQ_Sctaeniopterus_TP_2021-06-17_132934_002.MP4,1218.690,23.98,No focal subject,Bite,Foraging,None|None|None,POINT,1086.335,1086.335,NA,,
AQ_Sctaeniopterus_TP_2021-06-17_132934,2025-06-28 17:51:31,,/Users/ally/Documents/johnson lab/parrotfish bites/AQ_Sctaeniopterus_TP_2021-06-17_132934_002.MP4,1218.690,23.98,No focal subject,Bite,Foraging,None|None|None,POINT,1092.835,1092.835,NA,,
AQ_Sctaeniopterus_TP_2021-06-17_132934,2025-06-28 17:51:31,,/Users/ally/Documents/johnson lab/parrotfish bites/AQ_Sctaeniopterus_TP_2021-06-17_132934_002.MP4,1218.690,23.98,No focal subject,Bite,Foraging,None|None|None,POINT,1094.834,1094.834,NA,,
AQ_Sctaeniopterus_TP_2021-06-17_132934,2025-06-28 17:51:31,,/Users/ally/Documents/johnson lab/parrotfish bites/AQ_Sctaeniopterus_TP_2021-06-17_132934_002.MP4,1218.690,23.98,No focal subject,Bite,Foraging,None|None|None,POINT,1097.335,1097.335,NA,,
AQ_Sctaeniopterus_TP_2021-06-17_132934,2025-06-28 17:51:31,,/Users/ally/Documents/johnson lab/parrotfish bites/AQ_Sctaeniopterus_TP_2021-06-17_132934_002.MP4,1218.690,23.98,No focal subject,Bite,Foraging,None|None|None,POINT,1098.334,1098.334,NA,,
AQ_Sctaeniopterus_TP_2021-06-17_132934,2025-06-28 17:51:31,,/Users/ally/Documents/johnson lab/parrotfish bites/AQ_Sctaeniopterus_TP_2021-06-17_132934_002.MP4,1218.690,23.98,No focal subject,Bite,Foraging,None|None|None,POINT,1099.335,1099.335,NA,,
AQ_Sctaeniopterus_TP_2021-06-17_132934,2025-06-28 17:51:31,,/Users/ally/Documents/johnson lab/parrotfish bites/AQ_Sctaeniopterus_TP_2021-06-17_132934_002.MP4,1218.690,23.98,No focal subject,Bite,Foraging,None|None|None,POINT,1100.837,1100.837,NA,,
AQ_Sctaeniopterus_TP_2021-06-17_132934,2025-06-28 17:51:31,,/Users/ally/Documents/johnson lab/parrotfish bites/AQ_Sctaeniopterus_TP_2021-06-17_132934_002.MP4,1218.690,23.98,No focal subject,Bite,Foraging,None|None|None,POINT,1101.835,1101.835,NA,,
AQ_Sctaeniopterus_TP_2021-06-17_132934,2025-06-28 17:51:31,,/Users/ally/Documents/johnson lab/parrotfish bites/AQ_Sctaeniopterus_TP_2021-06-17_132934_002.MP4,1218.690,23.98,No focal subject,Bite,Foraging,None|None|None,POINT,1102.334,1102.334,NA,,
AQ_Sctaeniopterus_TP_2021-06-17_132934,2025-06-28 17:51:31,,/Users/ally/Documents/johnson lab/parrotfish bites/AQ_Sctaeniopterus_TP_2021-06-17_132934_002.MP4,1218.690,23.98,No focal subject,Bite,Foraging,None|None|None,POINT,1115.836,1115.836,NA,,
AQ_Sctaeniopterus_TP_2021-06-17_132934,2025-06-28 17:51:31,,/Users/ally/Documents/johnson lab/parrotfish bites/AQ_Sctaeniopterus_TP_2021-06-17_132934_002.MP4,1218.690,23.98,No focal subject,Bite,Foraging,None|None|None,POINT,1116.335,1116.335,NA,,
AQ_Sctaeniopterus_TP_2021-06-17_132934,2025-06-28 17:51:31,,/Users/ally/Documents/johnson lab/parrotfish bites/AQ_Sctaeniopterus_TP_2021-06-17_132934_002.MP4,1218.690,23.98,No focal subject,Bite,Foraging,None|None|None,POINT,1128.335,1128.335,NA,,
AQ_Sctaeniopterus_TP_2021-06-17_132934,2025-06-28 17:51:31,,/Users/ally/Documents/johnson lab/parrotfish bites/AQ_Sctaeniopterus_TP_2021-06-17_132934_002.MP4,1218.690,23.98,No focal subject,Bite,Foraging,None|None|None,POINT,1130.336,1130.336,NA,,
AQ_Sctaeniopterus_TP_2021-06-17_132934,2025-06-28 17:51:31,,/Users/ally/Documents/johnson lab/parrotfish bites/AQ_Sctaeniopterus_TP_2021-06-17_132934_002.MP4,1218.690,23.98,No focal subject,Bite,Foraging,None|None|None,POINT,1130.836,1130.836,NA,,
AQ_Sctaeniopterus_TP_2021-06-17_132934,2025-06-28 17:51:31,,/Users/ally/Documents/johnson lab/parrotfish bites/AQ_Sctaeniopterus_TP_2021-06-17_132934_002.MP4,1218.690,23.98,No focal subject,Bite,Foraging,None|None|None,POINT,1131.836,1131.836,NA,,
AQ_Sctaeniopterus_TP_2021-06-17_132934,2025-06-28 17:51:31,,/Users/ally/Documents/johnson lab/parrotfish bites/AQ_Sctaeniopterus_TP_2021-06-17_132934_002.MP4,1218.690,23.98,No focal subject,Bite,Foraging,None|None|None,POINT,1132.337,1132.337,NA,,
AQ_Sctaeniopterus_TP_2021-06-17_132934,2025-06-28 17:51:31,,/Users/ally/Documents/johnson lab/parrotfish bites/AQ_Sctaeniopterus_TP_2021-06-17_132934_002.MP4,1218.690,23.98,No focal subject,Bite,Foraging,None|None|None,POINT,1133.835,1133.835,NA,,
AQ_Sctaeniopterus_TP_2021-06-17_132934,2025-06-28 17:51:31,,/Users/ally/Documents/johnson lab/parrotfish bites/AQ_Sctaeniopterus_TP_2021-06-17_132934_002.MP4,1218.690,23.98,No focal subject,Bite,Foraging,None|None|None,POINT,1134.334,1134.334,NA,,
AQ_Sctaeniopterus_TP_2021-06-17_132934,2025-06-28 17:51:31,,/Users/ally/Documents/johnson lab/parrotfish bites/AQ_Sctaeniopterus_TP_2021-06-17_132934_002.MP4,1218.690,23.98,No focal subject,Bite,Foraging,None|None|None,POINT,1135.335,1135.335,NA,,
AQ_Sctaeniopterus_TP_2021-06-17_132934,2025-06-28 17:51:31,,/Users/ally/Documents/johnson lab/parrotfish bites/AQ_Sctaeniopterus_TP_2021-06-17_132934_002.MP4,1218.690,23.98,No focal subject,Bite,Foraging,None|None|None,POINT,1135.836,1135.836,NA,,
AQ_Sctaeniopterus_TP_2021-06-17_132934,2025-06-28 17:51:31,,/Users/ally/Documents/johnson lab/parrotfish bites/AQ_Sctaeniopterus_TP_2021-06-17_132934_002.MP4,1218.690,23.98,No focal subject,Bite,Foraging,None|None|None,POINT,1136.836,1136.836,NA,,
AQ_Sctaeniopterus_TP_2021-06-17_132934,2025-06-28 17:51:31,,/Users/ally/Documents/johnson lab/parrotfish bites/AQ_Sctaeniopterus_TP_2021-06-17_132934_002.MP4,1218.690,23.98,No focal subject,Bite,Foraging,None|None|None,POINT,1138.335,1138.335,NA,,
AQ_Sctaeniopterus_TP_2021-06-17_132934,2025-06-28 17:51:31,,/Users/ally/Documents/johnson lab/parrotfish bites/AQ_Sctaeniopterus_TP_2021-06-17_132934_002.MP4,1218.690,23.98,No focal subject,Bite,Foraging,None|None|None,POINT,1139.335,1139.335,NA,,
AQ_Sctaeniopterus_TP_2021-06-17_132934,2025-06-28 17:51:31,,/Users/ally/Documents/johnson lab/parrotfish bites/AQ_Sctaeniopterus_TP_2021-06-17_132934_002.MP4,1218.690,23.98,No focal subject,Bite,Foraging,None|None|None,POINT,1140.835,1140.835,NA,,
AQ_Sctaeniopterus_TP_2021-06-17_132934,2025-06-28 17:51:31,,/Users/ally/Documents/johnson lab/parrotfish bites/AQ_Sctaeniopterus_TP_2021-06-17_132934_002.MP4,1218.690,23.98,No focal subject,Bite,Foraging,None|None|None,POINT,1143.335,1143.335,NA,,
AQ_Sctaeniopterus_TP_2021-06-17_132934,2025-06-28 17:51:31,,/Users/ally/Documents/johnson lab/parrotfish bites/AQ_Sctaeniopterus_TP_2021-06-17_132934_002.MP4,1218.690,23.98,No focal subject,Bite,Foraging,None|None|None,POINT,1148.334,1148.334,NA,,
AQ_Sctaeniopterus_TP_2021-06-17_132934,2025-06-28 17:51:31,,/Users/ally/Documents/johnson lab/parrotfish bites/AQ_Sctaeniopterus_TP_2021-06-17_132934_002.MP4,1218.690,23.98,No focal subject,Bite,Foraging,None|None|None,POINT,1155.835,1155.835,NA,,
AQ_Sctaeniopterus_TP_2021-06-17_132934,2025-06-28 17:51:31,,/Users/ally/Documents/johnson lab/parrotfish bites/AQ_Sctaeniopterus_TP_2021-06-17_132934_002.MP4,1218.690,23.98,No focal subject,Bite,Foraging,None|None|None,POINT,1158.335,1158.335,NA,,
AQ_Sctaeniopterus_TP_2021-06-17_132934,2025-06-28 17:51:31,,/Users/ally/Documents/johnson lab/parrotfish bites/AQ_Sctaeniopterus_TP_2021-06-17_132934_002.MP4,1218.690,23.98,No focal subject,Bite,Foraging,None|None|None,POINT,1159.334,1159.334,NA,,
AQ_Sctaeniopterus_TP_2021-06-17_132934,2025-06-28 17:51:31,,/Users/ally/Documents/johnson lab/parrotfish bites/AQ_Sctaeniopterus_TP_2021-06-17_132934_002.MP4,1218.690,23.98,No focal subject,Bite,Foraging,None|None|None,POINT,1160.335,1160.335,NA,,
AQ_Sctaeniopterus_TP_2021-06-17_132934,2025-06-28 17:51:31,,/Users/ally/Documents/johnson lab/parrotfish bites/AQ_Sctaeniopterus_TP_2021-06-17_132934_002.MP4,1218.690,23.98,No focal subject,Bite,Foraging,None|None|None,POINT,1161.334,1161.334,NA,,
AQ_Sctaeniopterus_TP_2021-06-17_132934,2025-06-28 17:51:31,,/Users/ally/Documents/johnson lab/parrotfish bites/AQ_Sctaeniopterus_TP_2021-06-17_132934_002.MP4,1218.690,23.98,No focal subject,Bite,Foraging,None|None|None,POINT,1176.585,1176.585,NA,,
AQ_Sctaeniopterus_TP_2021-06-17_132934,2025-06-28 17:51:31,,/Users/ally/Documents/johnson lab/parrotfish bites/AQ_Sctaeniopterus_TP_2021-06-17_132934_002.MP4,1218.690,23.98,No focal subject,Bite,Foraging,None|None|None,POINT,1177.585,1177.585,NA,,
AQ_Sctaeniopterus_TP_2021-06-17_132934,2025-06-28 17:51:31,,/Users/ally/Documents/johnson lab/parrotfish bites/AQ_Sctaeniopterus_TP_2021-06-17_132934_002.MP4,1218.690,23.98,No focal subject,Bite,Foraging,None|None|None,POINT,1178.084,1178.084,NA,,
AQ_Sctaeniopterus_TP_2021-06-17_132934,2025-06-28 17:51:31,,/Users/ally/Documents/johnson lab/parrotfish bites/AQ_Sctaeniopterus_TP_2021-06-17_132934_002.MP4,1218.690,23.98,No focal subject,Bite,Foraging,None|None|None,POINT,1180.585,1180.585,NA,,
AQ_Sctaeniopterus_TP_2021-06-17_132934,2025-06-28 17:51:31,,/Users/ally/Documents/johnson lab/parrotfish bites/AQ_Sctaeniopterus_TP_2021-06-17_132934_002.MP4,1218.690,23.98,No focal subject,Bite,Foraging,None|None|None,POINT,1182.085,1182.085,NA,,
AQ_Sctaeniopterus_TP_2021-06-17_132934,2025-06-28 17:51:31,,/Users/ally/Documents/johnson lab/parrotfish bites/AQ_Sctaeniopterus_TP_2021-06-17_132934_002.MP4,1218.690,23.98,No focal subject,Bite,Foraging,None|None|None,POINT,1184.586,1184.586,NA,,
AQ_Sctaeniopterus_TP_2021-06-17_132934,2025-06-28 17:51:31,,/Users/ally/Documents/johnson lab/parrotfish bites/AQ_Sctaeniopterus_TP_2021-06-17_132934_002.MP4,1218.690,23.98,No focal subject,Bite,Foraging,None|None|None,POINT,1185.083,1185.083,NA,,
AQ_Sctaeniopterus_TP_2021-06-17_132934,2025-06-28 17:51:31,,/Users/ally/Documents/johnson lab/parrotfish bites/AQ_Sctaeniopterus_TP_2021-06-17_132934_002.MP4,1218.690,23.98,No focal subject,Bite,Foraging,None|None|None,POINT,1186.585,1186.585,NA,,
AQ_Sctaeniopterus_TP_2021-06-17_132934,2025-06-28 17:51:31,,/Users/ally/Documents/johnson lab/parrotfish bites/AQ_Sctaeniopterus_TP_2021-06-17_132934_002.MP4,1218.690,23.98,No focal subject,Bite,Foraging,None|None|None,POINT,1188.580,1188.580,NA,,
AQ_Sctaeniopterus_TP_2021-06-17_132934,2025-06-28 17:51:31,,/Users/ally/Documents/johnson lab/parrotfish bites/AQ_Sctaeniopterus_TP_2021-06-17_132934_002.MP4,1218.690,23.98,No focal subject,Bite,Foraging,None|None|None,POINT,1191.086,1191.086,NA,,
AQ_Sctaeniopterus_TP_2021-06-17_132934,2025-06-28 17:51:31,,/Users/ally/Documents/johnson lab/parrotfish bites/AQ_Sctaeniopterus_TP_2021-06-17_132934_002.MP4,1218.690,23.98,No focal subject,Bite,Foraging,None|None|None,POINT,1191.584,1191.584,NA,,
AQ_Sctaeniopterus_TP_2021-06-17_132934,2025-06-28 17:51:31,,/Users/ally/Documents/johnson lab/parrotfish bites/AQ_Sctaeniopterus_TP_2021-06-17_132934_002.MP4,1218.690,23.98,No focal subject,Bite,Foraging,None|None|None,POINT,1197.586,1197.586,NA,,
AQ_Sctaeniopterus_TP_2021-06-17_132934,2025-06-28 17:51:31,,/Users/ally/Documents/johnson lab/parrotfish bites/AQ_Sctaeniopterus_TP_2021-06-17_132934_002.MP4,1218.690,23.98,No focal subject,Bite,Foraging,None|None|None,POINT,1199.086,1199.086,NA,,
AQ_Sctaeniopterus_TP_2021-06-17_132934,2025-06-28 17:51:31,,/Users/ally/Documents/johnson lab/parrotfish bites/AQ_Sctaeniopterus_TP_2021-06-17_132934_002.MP4,1218.690,23.98,No focal subject,Bite,Foraging,None|None|None,POINT,1199.586,1199.586,NA,,
AQ_Sctaeniopterus_TP_2021-06-17_132934,2025-06-28 17:51:31,,/Users/ally/Documents/johnson lab/parrotfish bites/AQ_Sctaeniopterus_TP_2021-06-17_132934_002.MP4,1218.690,23.98,No focal subject,Bite,Foraging,None|None|None,POINT,1200.585,1200.585,NA,,
AQ_Sctaeniopterus_TP_2021-06-17_132934,2025-06-28 17:51:31,,/Users/ally/Documents/johnson lab/parrotfish bites/AQ_Sctaeniopterus_TP_2021-06-17_132934_002.MP4,1218.690,23.98,No focal subject,Bite,Foraging,None|None|None,POINT,1201.585,1201.585,NA,,
AQ_Sctaeniopterus_TP_2021-06-17_132934,2025-06-28 17:51:31,,/Users/ally/Documents/johnson lab/parrotfish bites/AQ_Sctaeniopterus_TP_2021-06-17_132934_002.MP4,1218.690,23.98,No focal subject,Bite,Foraging,None|None|None,POINT,1202.587,1202.587,NA,,
AQ_Sctaeniopterus_TP_2021-06-17_132934,2025-06-28 17:51:31,,/Users/ally/Documents/johnson lab/parrotfish bites/AQ_Sctaeniopterus_TP_2021-06-17_132934_002.MP4,1218.690,23.98,No focal subject,Bite,Foraging,None|None|None,POINT,1203.585,1203.585,NA,,
AQ_Sctaeniopterus_TP_2021-06-17_132934,2025-06-28 17:51:31,,/Users/ally/Documents/johnson lab/parrotfish bites/AQ_Sctaeniopterus_TP_2021-06-17_132934_002.MP4,1218.690,23.98,No focal subject,Bite,Foraging,None|None|None,POINT,1204.585,1204.585,NA,,
AQ_Sctaeniopterus_TP_2021-06-17_132934,2025-06-28 17:51:31,,/Users/ally/Documents/johnson lab/parrotfish bites/AQ_Sctaeniopterus_TP_2021-06-17_132934_002.MP4,1218.690,23.98,No focal subject,Bite,Foraging,None|None|None,POINT,1208.585,1208.585,NA,,
AQ_Sctaeniopterus_TP_2021-06-17_132934,2025-06-28 17:51:31,,/Users/ally/Documents/johnson lab/parrotfish bites/AQ_Sctaeniopterus_TP_2021-06-17_132934_002.MP4,1218.690,23.98,No focal subject,Bite,Foraging,None|None|None,POINT,1210.587,1210.587,NA,,
AQ_Sctaeniopterus_TP_2021-06-17_132934,2025-06-28 17:51:31,,/Users/ally/Documents/johnson lab/parrotfish bites/AQ_Sctaeniopterus_TP_2021-06-17_132934_002.MP4,1218.690,23.98,No focal subject,Watch Time,Time Keeping,132925,POINT,1217.086,1217.086,NA,,
