Observation id,Observation date,Description,Media file,Total length,FPS,Subject,Behavior,Behavioral category,Modifiers,Behavior type,Start (s),Stop (s),Duration (s),Comment start,Comment stop
IV_Sctaeniopterus_TP_2021-06-12_120133,6/25/2025 8:28,,/Users/aimeed/Desktop/BiteCounts/IV_Sctaeniopterus_TP_2021-06-12_120133_001.MP4,1215.98,23.98,No focal subject,Watch Time,Time Keeping,114121,POINT,2.418,2.418,NA,,
IV_Sctaeniopterus_TP_2021-06-12_120133,6/25/2025 8:28,,/Users/aimeed/Desktop/BiteCounts/IV_Sctaeniopterus_TP_2021-06-12_120133_001.MP4,1215.98,23.98,No focal subject,START/STOP,Time Keeping,,STATE,5.665,1211.626,1205.961,,
IV_Sctaeniopterus_TP_2021-06-12_120133,6/25/2025 8:28,,/Users/aimeed/Desktop/BiteCounts/IV_Sctaeniopterus_TP_2021-06-12_120133_001.MP4,1215.98,23.98,No focal subject,Bite,Foraging,None|None|None,POINT,9.422,9.422,NA,,
IV_Sctaeniopterus_TP_2021-06-12_120133,6/25/2025 8:28,,/Users/aimeed/Desktop/BiteCounts/IV_Sctaeniopterus_TP_2021-06-12_120133_001.MP4,1215.98,23.98,No focal subject,Bite,Foraging,None|None|None,POINT,9.916,9.916,NA,,
IV_Sctaeniopterus_TP_2021-06-12_120133,6/25/2025 8:28,,/Users/aimeed/Desktop/BiteCounts/IV_Sctaeniopterus_TP_2021-06-12_120133_001.MP4,1215.98,23.98,No focal subject,Bite,Foraging,None|None|None,POINT,26.666,26.666,NA,,
IV_Sctaeniopterus_TP_2021-06-12_120133,6/25/2025 8:28,,/Users/aimeed/Desktop/BiteCounts/IV_Sctaeniopterus_TP_2021-06-12_120133_001.MP4,1215.98,23.98,No focal subject,Bite,Foraging,None|None|None,POINT,27.416,27.416,NA,,
IV_Sctaeniopterus_TP_2021-06-12_120133,6/25/2025 8:28,,/Users/aimeed/Desktop/BiteCounts/IV_Sctaeniopterus_TP_2021-06-12_120133_001.MP4,1215.98,23.98,No focal subject,Bite,Foraging,None|None|None,POINT,27.663,27.663,NA,,
IV_Sctaeniopterus_TP_2021-06-12_120133,6/25/2025 8:28,,/Users/aimeed/Desktop/BiteCounts/IV_Sctaeniopterus_TP_2021-06-12_120133_001.MP4,1215.98,23.98,No focal subject,Bite,Foraging,None|None|None,POINT,34.413,34.413,NA,,
IV_Sctaeniopterus_TP_2021-06-12_120133,6/25/2025 8:28,,/Users/aimeed/Desktop/BiteCounts/IV_Sctaeniopterus_TP_2021-06-12_120133_001.MP4,1215.98,23.98,No focal subject,Bite,Foraging,None|None|None,POINT,35.914,35.914,NA,,
IV_Sctaeniopterus_TP_2021-06-12_120133,6/25/2025 8:28,,/Users/aimeed/Desktop/BiteCounts/IV_Sctaeniopterus_TP_2021-06-12_120133_001.MP4,1215.98,23.98,No focal subject,Bite,Foraging,None|None|None,POINT,37.163,37.163,NA,,
IV_Sctaeniopterus_TP_2021-06-12_120133,6/25/2025 8:28,,/Users/aimeed/Desktop/BiteCounts/IV_Sctaeniopterus_TP_2021-06-12_120133_001.MP4,1215.98,23.98,No focal subject,Bite,Foraging,None|None|None,POINT,37.664,37.664,NA,,
IV_Sctaeniopterus_TP_2021-06-12_120133,6/25/2025 8:28,,/Users/aimeed/Desktop/BiteCounts/IV_Sctaeniopterus_TP_2021-06-12_120133_001.MP4,1215.98,23.98,No focal subject,Bite,Foraging,None|None|None,POINT,38.412,38.412,NA,,
IV_Sctaeniopterus_TP_2021-06-12_120133,6/25/2025 8:28,,/Users/aimeed/Desktop/BiteCounts/IV_Sctaeniopterus_TP_2021-06-12_120133_001.MP4,1215.98,23.98,No focal subject,Bite,Foraging,None|None|None,POINT,39.417,39.417,NA,,
IV_Sctaeniopterus_TP_2021-06-12_120133,6/25/2025 8:28,,/Users/aimeed/Desktop/BiteCounts/IV_Sctaeniopterus_TP_2021-06-12_120133_001.MP4,1215.98,23.98,No focal subject,Bite,Foraging,None|None|None,POINT,40.663,40.663,NA,,
IV_Sctaeniopterus_TP_2021-06-12_120133,6/25/2025 8:28,,/Users/aimeed/Desktop/BiteCounts/IV_Sctaeniopterus_TP_2021-06-12_120133_001.MP4,1215.98,23.98,No focal subject,Bite,Foraging,None|None|None,POINT,41.919,41.919,NA,,
IV_Sctaeniopterus_TP_2021-06-12_120133,6/25/2025 8:28,,/Users/aimeed/Desktop/BiteCounts/IV_Sctaeniopterus_TP_2021-06-12_120133_001.MP4,1215.98,23.98,No focal subject,Bite,Foraging,None|None|None,POINT,52.664,52.664,NA,,
IV_Sctaeniopterus_TP_2021-06-12_120133,6/25/2025 8:28,,/Users/aimeed/Desktop/BiteCounts/IV_Sctaeniopterus_TP_2021-06-12_120133_001.MP4,1215.98,23.98,No focal subject,Bite,Foraging,None|None|None,POINT,53.664,53.664,NA,,
IV_Sctaeniopterus_TP_2021-06-12_120133,6/25/2025 8:28,,/Users/aimeed/Desktop/BiteCounts/IV_Sctaeniopterus_TP_2021-06-12_120133_001.MP4,1215.98,23.98,No focal subject,Bite,Foraging,None|None|None,POINT,56.164,56.164,NA,,
IV_Sctaeniopterus_TP_2021-06-12_120133,6/25/2025 8:28,,/Users/aimeed/Desktop/BiteCounts/IV_Sctaeniopterus_TP_2021-06-12_120133_001.MP4,1215.98,23.98,No focal subject,Bite,Foraging,None|None|None,POINT,60.415,60.415,NA,,
IV_Sctaeniopterus_TP_2021-06-12_120133,6/25/2025 8:28,,/Users/aimeed/Desktop/BiteCounts/IV_Sctaeniopterus_TP_2021-06-12_120133_001.MP4,1215.98,23.98,No focal subject,Bite,Foraging,None|None|None,POINT,67.159,67.159,NA,,
IV_Sctaeniopterus_TP_2021-06-12_120133,6/25/2025 8:28,,/Users/aimeed/Desktop/BiteCounts/IV_Sctaeniopterus_TP_2021-06-12_120133_001.MP4,1215.98,23.98,No focal subject,Bite,Foraging,None|None|None,POINT,67.91,67.91,NA,,
IV_Sctaeniopterus_TP_2021-06-12_120133,6/25/2025 8:28,,/Users/aimeed/Desktop/BiteCounts/IV_Sctaeniopterus_TP_2021-06-12_120133_001.MP4,1215.98,23.98,No focal subject,Bite,Foraging,None|None|None,POINT,68.915,68.915,NA,,
IV_Sctaeniopterus_TP_2021-06-12_120133,6/25/2025 8:28,,/Users/aimeed/Desktop/BiteCounts/IV_Sctaeniopterus_TP_2021-06-12_120133_001.MP4,1215.98,23.98,No focal subject,Bite,Foraging,None|None|None,POINT,70.163,70.163,NA,,
IV_Sctaeniopterus_TP_2021-06-12_120133,6/25/2025 8:28,,/Users/aimeed/Desktop/BiteCounts/IV_Sctaeniopterus_TP_2021-06-12_120133_001.MP4,1215.98,23.98,No focal subject,Bite,Foraging,None|None|None,POINT,78.16,78.16,NA,,
IV_Sctaeniopterus_TP_2021-06-12_120133,6/25/2025 8:28,,/Users/aimeed/Desktop/BiteCounts/IV_Sctaeniopterus_TP_2021-06-12_120133_001.MP4,1215.98,23.98,No focal subject,Bite,Foraging,None|None|None,POINT,99.754,99.754,NA,,
IV_Sctaeniopterus_TP_2021-06-12_120133,6/25/2025 8:28,,/Users/aimeed/Desktop/BiteCounts/IV_Sctaeniopterus_TP_2021-06-12_120133_001.MP4,1215.98,23.98,No focal subject,Bite,Foraging,None|None|None,POINT,100.257,100.257,NA,,
IV_Sctaeniopterus_TP_2021-06-12_120133,6/25/2025 8:28,,/Users/aimeed/Desktop/BiteCounts/IV_Sctaeniopterus_TP_2021-06-12_120133_001.MP4,1215.98,23.98,No focal subject,Bite,Foraging,None|None|None,POINT,101.011,101.011,NA,,
IV_Sctaeniopterus_TP_2021-06-12_120133,6/25/2025 8:28,,/Users/aimeed/Desktop/BiteCounts/IV_Sctaeniopterus_TP_2021-06-12_120133_001.MP4,1215.98,23.98,No focal subject,Bite,Foraging,None|None|None,POINT,101.509,101.509,NA,,
IV_Sctaeniopterus_TP_2021-06-12_120133,6/25/2025 8:28,,/Users/aimeed/Desktop/BiteCounts/IV_Sctaeniopterus_TP_2021-06-12_120133_001.MP4,1215.98,23.98,No focal subject,Bite,Foraging,None|None|None,POINT,104.508,104.508,NA,,
IV_Sctaeniopterus_TP_2021-06-12_120133,6/25/2025 8:28,,/Users/aimeed/Desktop/BiteCounts/IV_Sctaeniopterus_TP_2021-06-12_120133_001.MP4,1215.98,23.98,No focal subject,Bite,Foraging,None|None|None,POINT,105.508,105.508,NA,,
IV_Sctaeniopterus_TP_2021-06-12_120133,6/25/2025 8:28,,/Users/aimeed/Desktop/BiteCounts/IV_Sctaeniopterus_TP_2021-06-12_120133_001.MP4,1215.98,23.98,No focal subject,Bite,Foraging,None|None|None,POINT,107.51,107.51,NA,,
IV_Sctaeniopterus_TP_2021-06-12_120133,6/25/2025 8:28,,/Users/aimeed/Desktop/BiteCounts/IV_Sctaeniopterus_TP_2021-06-12_120133_001.MP4,1215.98,23.98,No focal subject,Bite,Foraging,None|None|None,POINT,109.008,109.008,NA,,
IV_Sctaeniopterus_TP_2021-06-12_120133,6/25/2025 8:28,,/Users/aimeed/Desktop/BiteCounts/IV_Sctaeniopterus_TP_2021-06-12_120133_001.MP4,1215.98,23.98,No focal subject,Bite,Foraging,None|None|None,POINT,110.51,110.51,NA,,
IV_Sctaeniopterus_TP_2021-06-12_120133,6/25/2025 8:28,,/Users/aimeed/Desktop/BiteCounts/IV_Sctaeniopterus_TP_2021-06-12_120133_001.MP4,1215.98,23.98,No focal subject,Bite,Foraging,None|None|None,POINT,112.01,112.01,NA,,
IV_Sctaeniopterus_TP_2021-06-12_120133,6/25/2025 8:28,,/Users/aimeed/Desktop/BiteCounts/IV_Sctaeniopterus_TP_2021-06-12_120133_001.MP4,1215.98,23.98,No focal subject,Bite,Foraging,None|None|None,POINT,113.507,113.507,NA,,
IV_Sctaeniopterus_TP_2021-06-12_120133,6/25/2025 8:28,,/Users/aimeed/Desktop/BiteCounts/IV_Sctaeniopterus_TP_2021-06-12_120133_001.MP4,1215.98,23.98,No focal subject,Bite,Foraging,None|None|None,POINT,114.759,114.759,NA,,
IV_Sctaeniopterus_TP_2021-06-12_120133,6/25/2025 8:28,,/Users/aimeed/Desktop/BiteCounts/IV_Sctaeniopterus_TP_2021-06-12_120133_001.MP4,1215.98,23.98,No focal subject,Bite,Foraging,None|None|None,POINT,116.757,116.757,NA,,
IV_Sctaeniopterus_TP_2021-06-12_120133,6/25/2025 8:28,,/Users/aimeed/Desktop/BiteCounts/IV_Sctaeniopterus_TP_2021-06-12_120133_001.MP4,1215.98,23.98,No focal subject,Bite,Foraging,None|None|None,POINT,118.757,118.757,NA,,
IV_Sctaeniopterus_TP_2021-06-12_120133,6/25/2025 8:28,,/Users/aimeed/Desktop/BiteCounts/IV_Sctaeniopterus_TP_2021-06-12_120133_001.MP4,1215.98,23.98,No focal subject,Bite,Foraging,None|None|None,POINT,123.01,123.01,NA,,
IV_Sctaeniopterus_TP_2021-06-12_120133,6/25/2025 8:28,,/Users/aimeed/Desktop/BiteCounts/IV_Sctaeniopterus_TP_2021-06-12_120133_001.MP4,1215.98,23.98,No focal subject,Bite,Foraging,None|None|None,POINT,123.511,123.511,NA,,
IV_Sctaeniopterus_TP_2021-06-12_120133,6/25/2025 8:28,,/Users/aimeed/Desktop/BiteCounts/IV_Sctaeniopterus_TP_2021-06-12_120133_001.MP4,1215.98,23.98,No focal subject,Bite,Foraging,None|None|None,POINT,129.012,129.012,NA,,
IV_Sctaeniopterus_TP_2021-06-12_120133,6/25/2025 8:28,,/Users/aimeed/Desktop/BiteCounts/IV_Sctaeniopterus_TP_2021-06-12_120133_001.MP4,1215.98,23.98,No focal subject,Bite,Foraging,None|None|None,POINT,131.759,131.759,NA,,
IV_Sctaeniopterus_TP_2021-06-12_120133,6/25/2025 8:28,,/Users/aimeed/Desktop/BiteCounts/IV_Sctaeniopterus_TP_2021-06-12_120133_001.MP4,1215.98,23.98,No focal subject,Bite,Foraging,None|None|None,POINT,133.758,133.758,NA,,
IV_Sctaeniopterus_TP_2021-06-12_120133,6/25/2025 8:28,,/Users/aimeed/Desktop/BiteCounts/IV_Sctaeniopterus_TP_2021-06-12_120133_001.MP4,1215.98,23.98,No focal subject,Bite,Foraging,None|None|None,POINT,140.01,140.01,NA,,
IV_Sctaeniopterus_TP_2021-06-12_120133,6/25/2025 8:28,,/Users/aimeed/Desktop/BiteCounts/IV_Sctaeniopterus_TP_2021-06-12_120133_001.MP4,1215.98,23.98,No focal subject,Bite,Foraging,None|None|None,POINT,148.757,148.757,NA,,
IV_Sctaeniopterus_TP_2021-06-12_120133,6/25/2025 8:28,,/Users/aimeed/Desktop/BiteCounts/IV_Sctaeniopterus_TP_2021-06-12_120133_001.MP4,1215.98,23.98,No focal subject,Bite,Foraging,None|None|None,POINT,151.005,151.005,NA,,
IV_Sctaeniopterus_TP_2021-06-12_120133,6/25/2025 8:28,,/Users/aimeed/Desktop/BiteCounts/IV_Sctaeniopterus_TP_2021-06-12_120133_001.MP4,1215.98,23.98,No focal subject,Bite,Foraging,None|None|None,POINT,151.256,151.256,NA,,
IV_Sctaeniopterus_TP_2021-06-12_120133,6/25/2025 8:28,,/Users/aimeed/Desktop/BiteCounts/IV_Sctaeniopterus_TP_2021-06-12_120133_001.MP4,1215.98,23.98,No focal subject,Bite,Foraging,None|None|None,POINT,152.257,152.257,NA,,
IV_Sctaeniopterus_TP_2021-06-12_120133,6/25/2025 8:28,,/Users/aimeed/Desktop/BiteCounts/IV_Sctaeniopterus_TP_2021-06-12_120133_001.MP4,1215.98,23.98,No focal subject,Bite,Foraging,None|None|None,POINT,152.758,152.758,NA,,
IV_Sctaeniopterus_TP_2021-06-12_120133,6/25/2025 8:28,,/Users/aimeed/Desktop/BiteCounts/IV_Sctaeniopterus_TP_2021-06-12_120133_001.MP4,1215.98,23.98,No focal subject,Bite,Foraging,None|None|None,POINT,154.01,154.01,NA,,
IV_Sctaeniopterus_TP_2021-06-12_120133,6/25/2025 8:28,,/Users/aimeed/Desktop/BiteCounts/IV_Sctaeniopterus_TP_2021-06-12_120133_001.MP4,1215.98,23.98,No focal subject,Bite,Foraging,None|None|None,POINT,155.008,155.008,NA,,
IV_Sctaeniopterus_TP_2021-06-12_120133,6/25/2025 8:28,,/Users/aimeed/Desktop/BiteCounts/IV_Sctaeniopterus_TP_2021-06-12_120133_001.MP4,1215.98,23.98,No focal subject,Bite,Foraging,None|None|None,POINT,156.508,156.508,NA,,
IV_Sctaeniopterus_TP_2021-06-12_120133,6/25/2025 8:28,,/Users/aimeed/Desktop/BiteCounts/IV_Sctaeniopterus_TP_2021-06-12_120133_001.MP4,1215.98,23.98,No focal subject,Bite,Foraging,None|None|None,POINT,158.01,158.01,NA,,
IV_Sctaeniopterus_TP_2021-06-12_120133,6/25/2025 8:28,,/Users/aimeed/Desktop/BiteCounts/IV_Sctaeniopterus_TP_2021-06-12_120133_001.MP4,1215.98,23.98,No focal subject,Bite,Foraging,None|None|None,POINT,159.757,159.757,NA,,
IV_Sctaeniopterus_TP_2021-06-12_120133,6/25/2025 8:28,,/Users/aimeed/Desktop/BiteCounts/IV_Sctaeniopterus_TP_2021-06-12_120133_001.MP4,1215.98,23.98,No focal subject,Bite,Foraging,None|None|None,POINT,160.257,160.257,NA,,
IV_Sctaeniopterus_TP_2021-06-12_120133,6/25/2025 8:28,,/Users/aimeed/Desktop/BiteCounts/IV_Sctaeniopterus_TP_2021-06-12_120133_001.MP4,1215.98,23.98,No focal subject,Bite,Foraging,None|None|None,POINT,161.01,161.01,NA,,
IV_Sctaeniopterus_TP_2021-06-12_120133,6/25/2025 8:28,,/Users/aimeed/Desktop/BiteCounts/IV_Sctaeniopterus_TP_2021-06-12_120133_001.MP4,1215.98,23.98,No focal subject,Bite,Foraging,None|None|None,POINT,161.758,161.758,NA,,
IV_Sctaeniopterus_TP_2021-06-12_120133,6/25/2025 8:28,,/Users/aimeed/Desktop/BiteCounts/IV_Sctaeniopterus_TP_2021-06-12_120133_001.MP4,1215.98,23.98,No focal subject,Bite,Foraging,None|None|None,POINT,163.258,163.258,NA,,
IV_Sctaeniopterus_TP_2021-06-12_120133,6/25/2025 8:28,,/Users/aimeed/Desktop/BiteCounts/IV_Sctaeniopterus_TP_2021-06-12_120133_001.MP4,1215.98,23.98,No focal subject,Bite,Foraging,None|None|None,POINT,164.257,164.257,NA,,
IV_Sctaeniopterus_TP_2021-06-12_120133,6/25/2025 8:28,,/Users/aimeed/Desktop/BiteCounts/IV_Sctaeniopterus_TP_2021-06-12_120133_001.MP4,1215.98,23.98,No focal subject,Bite,Foraging,None|None|None,POINT,165.006,165.006,NA,,
IV_Sctaeniopterus_TP_2021-06-12_120133,6/25/2025 8:28,,/Users/aimeed/Desktop/BiteCounts/IV_Sctaeniopterus_TP_2021-06-12_120133_001.MP4,1215.98,23.98,No focal subject,Bite,Foraging,None|None|None,POINT,166.759,166.759,NA,,
IV_Sctaeniopterus_TP_2021-06-12_120133,6/25/2025 8:28,,/Users/aimeed/Desktop/BiteCounts/IV_Sctaeniopterus_TP_2021-06-12_120133_001.MP4,1215.98,23.98,No focal subject,Bite,Foraging,None|None|None,POINT,167.757,167.757,NA,,
IV_Sctaeniopterus_TP_2021-06-12_120133,6/25/2025 8:28,,/Users/aimeed/Desktop/BiteCounts/IV_Sctaeniopterus_TP_2021-06-12_120133_001.MP4,1215.98,23.98,No focal subject,Bite,Foraging,None|None|None,POINT,168.51,168.51,NA,,
IV_Sctaeniopterus_TP_2021-06-12_120133,6/25/2025 8:28,,/Users/aimeed/Desktop/BiteCounts/IV_Sctaeniopterus_TP_2021-06-12_120133_001.MP4,1215.98,23.98,No focal subject,Bite,Foraging,None|None|None,POINT,177.009,177.009,NA,,
IV_Sctaeniopterus_TP_2021-06-12_120133,6/25/2025 8:28,,/Users/aimeed/Desktop/BiteCounts/IV_Sctaeniopterus_TP_2021-06-12_120133_001.MP4,1215.98,23.98,No focal subject,Bite,Foraging,None|None|None,POINT,185.007,185.007,NA,,
IV_Sctaeniopterus_TP_2021-06-12_120133,6/25/2025 8:28,,/Users/aimeed/Desktop/BiteCounts/IV_Sctaeniopterus_TP_2021-06-12_120133_001.MP4,1215.98,23.98,No focal subject,Bite,Foraging,None|None|None,POINT,187.007,187.007,NA,,
IV_Sctaeniopterus_TP_2021-06-12_120133,6/25/2025 8:28,,/Users/aimeed/Desktop/BiteCounts/IV_Sctaeniopterus_TP_2021-06-12_120133_001.MP4,1215.98,23.98,No focal subject,Bite,Foraging,None|None|None,POINT,191.258,191.258,NA,,
IV_Sctaeniopterus_TP_2021-06-12_120133,6/25/2025 8:28,,/Users/aimeed/Desktop/BiteCounts/IV_Sctaeniopterus_TP_2021-06-12_120133_001.MP4,1215.98,23.98,No focal subject,Bite,Foraging,None|None|None,POINT,194.257,194.257,NA,,
IV_Sctaeniopterus_TP_2021-06-12_120133,6/25/2025 8:28,,/Users/aimeed/Desktop/BiteCounts/IV_Sctaeniopterus_TP_2021-06-12_120133_001.MP4,1215.98,23.98,No focal subject,Bite,Foraging,None|None|None,POINT,195.757,195.757,NA,,
IV_Sctaeniopterus_TP_2021-06-12_120133,6/25/2025 8:28,,/Users/aimeed/Desktop/BiteCounts/IV_Sctaeniopterus_TP_2021-06-12_120133_001.MP4,1215.98,23.98,No focal subject,Bite,Foraging,None|None|None,POINT,196.511,196.511,NA,,
IV_Sctaeniopterus_TP_2021-06-12_120133,6/25/2025 8:28,,/Users/aimeed/Desktop/BiteCounts/IV_Sctaeniopterus_TP_2021-06-12_120133_001.MP4,1215.98,23.98,No focal subject,Bite,Foraging,None|None|None,POINT,197.259,197.259,NA,,
IV_Sctaeniopterus_TP_2021-06-12_120133,6/25/2025 8:28,,/Users/aimeed/Desktop/BiteCounts/IV_Sctaeniopterus_TP_2021-06-12_120133_001.MP4,1215.98,23.98,No focal subject,Bite,Foraging,None|None|None,POINT,197.758,197.758,NA,,
IV_Sctaeniopterus_TP_2021-06-12_120133,6/25/2025 8:28,,/Users/aimeed/Desktop/BiteCounts/IV_Sctaeniopterus_TP_2021-06-12_120133_001.MP4,1215.98,23.98,No focal subject,Bite,Foraging,None|None|None,POINT,199.51,199.51,NA,,
IV_Sctaeniopterus_TP_2021-06-12_120133,6/25/2025 8:28,,/Users/aimeed/Desktop/BiteCounts/IV_Sctaeniopterus_TP_2021-06-12_120133_001.MP4,1215.98,23.98,No focal subject,Bite,Foraging,None|None|None,POINT,202.51,202.51,NA,,
IV_Sctaeniopterus_TP_2021-06-12_120133,6/25/2025 8:28,,/Users/aimeed/Desktop/BiteCounts/IV_Sctaeniopterus_TP_2021-06-12_120133_001.MP4,1215.98,23.98,No focal subject,Bite,Foraging,None|None|None,POINT,203.508,203.508,NA,,
IV_Sctaeniopterus_TP_2021-06-12_120133,6/25/2025 8:28,,/Users/aimeed/Desktop/BiteCounts/IV_Sctaeniopterus_TP_2021-06-12_120133_001.MP4,1215.98,23.98,No focal subject,Bite,Foraging,None|None|None,POINT,204.755,204.755,NA,,
IV_Sctaeniopterus_TP_2021-06-12_120133,6/25/2025 8:28,,/Users/aimeed/Desktop/BiteCounts/IV_Sctaeniopterus_TP_2021-06-12_120133_001.MP4,1215.98,23.98,No focal subject,Bite,Foraging,None|None|None,POINT,205.756,205.756,NA,,
IV_Sctaeniopterus_TP_2021-06-12_120133,6/25/2025 8:28,,/Users/aimeed/Desktop/BiteCounts/IV_Sctaeniopterus_TP_2021-06-12_120133_001.MP4,1215.98,23.98,No focal subject,Bite,Foraging,None|None|None,POINT,206.509,206.509,NA,,
IV_Sctaeniopterus_TP_2021-06-12_120133,6/25/2025 8:28,,/Users/aimeed/Desktop/BiteCounts/IV_Sctaeniopterus_TP_2021-06-12_120133_001.MP4,1215.98,23.98,No focal subject,Bite,Foraging,None|None|None,POINT,230.507,230.507,NA,,
IV_Sctaeniopterus_TP_2021-06-12_120133,6/25/2025 8:28,,/Users/aimeed/Desktop/BiteCounts/IV_Sctaeniopterus_TP_2021-06-12_120133_001.MP4,1215.98,23.98,No focal subject,Bite,Foraging,None|None|None,POINT,233.758,233.758,NA,,
IV_Sctaeniopterus_TP_2021-06-12_120133,6/25/2025 8:28,,/Users/aimeed/Desktop/BiteCounts/IV_Sctaeniopterus_TP_2021-06-12_120133_001.MP4,1215.98,23.98,No focal subject,Bite,Foraging,None|None|None,POINT,234.759,234.759,NA,,
IV_Sctaeniopterus_TP_2021-06-12_120133,6/25/2025 8:28,,/Users/aimeed/Desktop/BiteCounts/IV_Sctaeniopterus_TP_2021-06-12_120133_001.MP4,1215.98,23.98,No focal subject,Bite,Foraging,None|None|None,POINT,235.009,235.009,NA,,
IV_Sctaeniopterus_TP_2021-06-12_120133,6/25/2025 8:28,,/Users/aimeed/Desktop/BiteCounts/IV_Sctaeniopterus_TP_2021-06-12_120133_001.MP4,1215.98,23.98,No focal subject,Bite,Foraging,None|None|None,POINT,235.755,235.755,NA,,
IV_Sctaeniopterus_TP_2021-06-12_120133,6/25/2025 8:28,,/Users/aimeed/Desktop/BiteCounts/IV_Sctaeniopterus_TP_2021-06-12_120133_001.MP4,1215.98,23.98,No focal subject,Bite,Foraging,None|None|None,POINT,237.258,237.258,NA,,
IV_Sctaeniopterus_TP_2021-06-12_120133,6/25/2025 8:28,,/Users/aimeed/Desktop/BiteCounts/IV_Sctaeniopterus_TP_2021-06-12_120133_001.MP4,1215.98,23.98,No focal subject,Bite,Foraging,None|None|None,POINT,237.757,237.757,NA,,
IV_Sctaeniopterus_TP_2021-06-12_120133,6/25/2025 8:28,,/Users/aimeed/Desktop/BiteCounts/IV_Sctaeniopterus_TP_2021-06-12_120133_001.MP4,1215.98,23.98,No focal subject,Bite,Foraging,None|None|None,POINT,240.256,240.256,NA,,
IV_Sctaeniopterus_TP_2021-06-12_120133,6/25/2025 8:28,,/Users/aimeed/Desktop/BiteCounts/IV_Sctaeniopterus_TP_2021-06-12_120133_001.MP4,1215.98,23.98,No focal subject,Bite,Foraging,None|None|None,POINT,263.507,263.507,NA,,
IV_Sctaeniopterus_TP_2021-06-12_120133,6/25/2025 8:28,,/Users/aimeed/Desktop/BiteCounts/IV_Sctaeniopterus_TP_2021-06-12_120133_001.MP4,1215.98,23.98,No focal subject,Bite,Foraging,None|None|None,POINT,264.51,264.51,NA,,
IV_Sctaeniopterus_TP_2021-06-12_120133,6/25/2025 8:28,,/Users/aimeed/Desktop/BiteCounts/IV_Sctaeniopterus_TP_2021-06-12_120133_001.MP4,1215.98,23.98,No focal subject,Bite,Foraging,None|None|None,POINT,266.754,266.754,NA,,
IV_Sctaeniopterus_TP_2021-06-12_120133,6/25/2025 8:28,,/Users/aimeed/Desktop/BiteCounts/IV_Sctaeniopterus_TP_2021-06-12_120133_001.MP4,1215.98,23.98,No focal subject,Bite,Foraging,None|None|None,POINT,268.509,268.509,NA,,
IV_Sctaeniopterus_TP_2021-06-12_120133,6/25/2025 8:28,,/Users/aimeed/Desktop/BiteCounts/IV_Sctaeniopterus_TP_2021-06-12_120133_001.MP4,1215.98,23.98,No focal subject,Bite,Foraging,None|None|None,POINT,271.508,271.508,NA,,
IV_Sctaeniopterus_TP_2021-06-12_120133,6/25/2025 8:28,,/Users/aimeed/Desktop/BiteCounts/IV_Sctaeniopterus_TP_2021-06-12_120133_001.MP4,1215.98,23.98,No focal subject,Bite,Foraging,None|None|None,POINT,277.009,277.009,NA,,
IV_Sctaeniopterus_TP_2021-06-12_120133,6/25/2025 8:28,,/Users/aimeed/Desktop/BiteCounts/IV_Sctaeniopterus_TP_2021-06-12_120133_001.MP4,1215.98,23.98,No focal subject,Bite,Foraging,None|None|None,POINT,288.51,288.51,NA,,
IV_Sctaeniopterus_TP_2021-06-12_120133,6/25/2025 8:28,,/Users/aimeed/Desktop/BiteCounts/IV_Sctaeniopterus_TP_2021-06-12_120133_001.MP4,1215.98,23.98,No focal subject,Bite,Foraging,None|None|None,POINT,289.01,289.01,NA,,
IV_Sctaeniopterus_TP_2021-06-12_120133,6/25/2025 8:28,,/Users/aimeed/Desktop/BiteCounts/IV_Sctaeniopterus_TP_2021-06-12_120133_001.MP4,1215.98,23.98,No focal subject,Bite,Foraging,None|None|None,POINT,290.512,290.512,NA,,
IV_Sctaeniopterus_TP_2021-06-12_120133,6/25/2025 8:28,,/Users/aimeed/Desktop/BiteCounts/IV_Sctaeniopterus_TP_2021-06-12_120133_001.MP4,1215.98,23.98,No focal subject,Bite,Foraging,None|None|None,POINT,292.509,292.509,NA,,
IV_Sctaeniopterus_TP_2021-06-12_120133,6/25/2025 8:28,,/Users/aimeed/Desktop/BiteCounts/IV_Sctaeniopterus_TP_2021-06-12_120133_001.MP4,1215.98,23.98,No focal subject,Bite,Foraging,None|None|None,POINT,294.757,294.757,NA,,
IV_Sctaeniopterus_TP_2021-06-12_120133,6/25/2025 8:28,,/Users/aimeed/Desktop/BiteCounts/IV_Sctaeniopterus_TP_2021-06-12_120133_001.MP4,1215.98,23.98,No focal subject,Bite,Foraging,None|None|None,POINT,295.256,295.256,NA,,
IV_Sctaeniopterus_TP_2021-06-12_120133,6/25/2025 8:28,,/Users/aimeed/Desktop/BiteCounts/IV_Sctaeniopterus_TP_2021-06-12_120133_001.MP4,1215.98,23.98,No focal subject,Bite,Foraging,None|None|None,POINT,298.758,298.758,NA,,
IV_Sctaeniopterus_TP_2021-06-12_120133,6/25/2025 8:28,,/Users/aimeed/Desktop/BiteCounts/IV_Sctaeniopterus_TP_2021-06-12_120133_001.MP4,1215.98,23.98,No focal subject,Bite,Foraging,None|None|None,POINT,299.754,299.754,NA,,
IV_Sctaeniopterus_TP_2021-06-12_120133,6/25/2025 8:28,,/Users/aimeed/Desktop/BiteCounts/IV_Sctaeniopterus_TP_2021-06-12_120133_001.MP4,1215.98,23.98,No focal subject,Bite,Foraging,None|None|None,POINT,300.257,300.257,NA,,
IV_Sctaeniopterus_TP_2021-06-12_120133,6/25/2025 8:28,,/Users/aimeed/Desktop/BiteCounts/IV_Sctaeniopterus_TP_2021-06-12_120133_001.MP4,1215.98,23.98,No focal subject,Bite,Foraging,None|None|None,POINT,301.51,301.51,NA,,
IV_Sctaeniopterus_TP_2021-06-12_120133,6/25/2025 8:28,,/Users/aimeed/Desktop/BiteCounts/IV_Sctaeniopterus_TP_2021-06-12_120133_001.MP4,1215.98,23.98,No focal subject,Bite,Foraging,None|None|None,POINT,302.757,302.757,NA,,
IV_Sctaeniopterus_TP_2021-06-12_120133,6/25/2025 8:28,,/Users/aimeed/Desktop/BiteCounts/IV_Sctaeniopterus_TP_2021-06-12_120133_001.MP4,1215.98,23.98,No focal subject,Bite,Foraging,None|None|None,POINT,304.758,304.758,NA,,
IV_Sctaeniopterus_TP_2021-06-12_120133,6/25/2025 8:28,,/Users/aimeed/Desktop/BiteCounts/IV_Sctaeniopterus_TP_2021-06-12_120133_001.MP4,1215.98,23.98,No focal subject,Bite,Foraging,None|None|None,POINT,305.758,305.758,NA,,
IV_Sctaeniopterus_TP_2021-06-12_120133,6/25/2025 8:28,,/Users/aimeed/Desktop/BiteCounts/IV_Sctaeniopterus_TP_2021-06-12_120133_001.MP4,1215.98,23.98,No focal subject,Bite,Foraging,None|None|None,POINT,306.257,306.257,NA,,
IV_Sctaeniopterus_TP_2021-06-12_120133,6/25/2025 8:28,,/Users/aimeed/Desktop/BiteCounts/IV_Sctaeniopterus_TP_2021-06-12_120133_001.MP4,1215.98,23.98,No focal subject,Lost Time,Time Keeping,,STATE,308.712,310.466,1.754,,
IV_Sctaeniopterus_TP_2021-06-12_120133,6/25/2025 8:28,,/Users/aimeed/Desktop/BiteCounts/IV_Sctaeniopterus_TP_2021-06-12_120133_001.MP4,1215.98,23.98,No focal subject,Bite,Foraging,None|None|None,POINT,315.466,315.466,NA,,
IV_Sctaeniopterus_TP_2021-06-12_120133,6/25/2025 8:28,,/Users/aimeed/Desktop/BiteCounts/IV_Sctaeniopterus_TP_2021-06-12_120133_001.MP4,1215.98,23.98,No focal subject,Bite,Foraging,None|None|None,POINT,317.464,317.464,NA,,
IV_Sctaeniopterus_TP_2021-06-12_120133,6/25/2025 8:28,,/Users/aimeed/Desktop/BiteCounts/IV_Sctaeniopterus_TP_2021-06-12_120133_001.MP4,1215.98,23.98,No focal subject,Bite,Foraging,None|None|None,POINT,320.965,320.965,NA,,
IV_Sctaeniopterus_TP_2021-06-12_120133,6/25/2025 8:28,,/Users/aimeed/Desktop/BiteCounts/IV_Sctaeniopterus_TP_2021-06-12_120133_001.MP4,1215.98,23.98,No focal subject,Bite,Foraging,None|None|None,POINT,321.712,321.712,NA,,
IV_Sctaeniopterus_TP_2021-06-12_120133,6/25/2025 8:28,,/Users/aimeed/Desktop/BiteCounts/IV_Sctaeniopterus_TP_2021-06-12_120133_001.MP4,1215.98,23.98,No focal subject,Bite,Foraging,None|None|None,POINT,322.718,322.718,NA,,
IV_Sctaeniopterus_TP_2021-06-12_120133,6/25/2025 8:28,,/Users/aimeed/Desktop/BiteCounts/IV_Sctaeniopterus_TP_2021-06-12_120133_001.MP4,1215.98,23.98,No focal subject,Bite,Foraging,None|None|None,POINT,323.465,323.465,NA,,
IV_Sctaeniopterus_TP_2021-06-12_120133,6/25/2025 8:28,,/Users/aimeed/Desktop/BiteCounts/IV_Sctaeniopterus_TP_2021-06-12_120133_001.MP4,1215.98,23.98,No focal subject,Bite,Foraging,None|None|None,POINT,324.717,324.717,NA,,
IV_Sctaeniopterus_TP_2021-06-12_120133,6/25/2025 8:28,,/Users/aimeed/Desktop/BiteCounts/IV_Sctaeniopterus_TP_2021-06-12_120133_001.MP4,1215.98,23.98,No focal subject,Bite,Foraging,None|None|None,POINT,325.718,325.718,NA,,
IV_Sctaeniopterus_TP_2021-06-12_120133,6/25/2025 8:28,,/Users/aimeed/Desktop/BiteCounts/IV_Sctaeniopterus_TP_2021-06-12_120133_001.MP4,1215.98,23.98,No focal subject,Bite,Foraging,None|None|None,POINT,326.466,326.466,NA,,
IV_Sctaeniopterus_TP_2021-06-12_120133,6/25/2025 8:28,,/Users/aimeed/Desktop/BiteCounts/IV_Sctaeniopterus_TP_2021-06-12_120133_001.MP4,1215.98,23.98,No focal subject,Bite,Foraging,None|None|None,POINT,328.212,328.212,NA,,
IV_Sctaeniopterus_TP_2021-06-12_120133,6/25/2025 8:28,,/Users/aimeed/Desktop/BiteCounts/IV_Sctaeniopterus_TP_2021-06-12_120133_001.MP4,1215.98,23.98,No focal subject,Bite,Foraging,None|None|None,POINT,329.217,329.217,NA,,
IV_Sctaeniopterus_TP_2021-06-12_120133,6/25/2025 8:28,,/Users/aimeed/Desktop/BiteCounts/IV_Sctaeniopterus_TP_2021-06-12_120133_001.MP4,1215.98,23.98,No focal subject,Bite,Foraging,None|None|None,POINT,365.465,365.465,NA,,
IV_Sctaeniopterus_TP_2021-06-12_120133,6/25/2025 8:28,,/Users/aimeed/Desktop/BiteCounts/IV_Sctaeniopterus_TP_2021-06-12_120133_001.MP4,1215.98,23.98,No focal subject,Bite,Foraging,None|None|None,POINT,366.717,366.717,NA,,
IV_Sctaeniopterus_TP_2021-06-12_120133,6/25/2025 8:28,,/Users/aimeed/Desktop/BiteCounts/IV_Sctaeniopterus_TP_2021-06-12_120133_001.MP4,1215.98,23.98,No focal subject,Bite,Foraging,None|None|None,POINT,367.966,367.966,NA,,
IV_Sctaeniopterus_TP_2021-06-12_120133,6/25/2025 8:28,,/Users/aimeed/Desktop/BiteCounts/IV_Sctaeniopterus_TP_2021-06-12_120133_001.MP4,1215.98,23.98,No focal subject,Bite,Foraging,None|None|None,POINT,368.714,368.714,NA,,
IV_Sctaeniopterus_TP_2021-06-12_120133,6/25/2025 8:28,,/Users/aimeed/Desktop/BiteCounts/IV_Sctaeniopterus_TP_2021-06-12_120133_001.MP4,1215.98,23.98,No focal subject,Bite,Foraging,None|None|None,POINT,369.466,369.466,NA,,
IV_Sctaeniopterus_TP_2021-06-12_120133,6/25/2025 8:28,,/Users/aimeed/Desktop/BiteCounts/IV_Sctaeniopterus_TP_2021-06-12_120133_001.MP4,1215.98,23.98,No focal subject,Bite,Foraging,None|None|None,POINT,372.462,372.462,NA,,
IV_Sctaeniopterus_TP_2021-06-12_120133,6/25/2025 8:28,,/Users/aimeed/Desktop/BiteCounts/IV_Sctaeniopterus_TP_2021-06-12_120133_001.MP4,1215.98,23.98,No focal subject,Bite,Foraging,None|None|None,POINT,373.214,373.214,NA,,
IV_Sctaeniopterus_TP_2021-06-12_120133,6/25/2025 8:28,,/Users/aimeed/Desktop/BiteCounts/IV_Sctaeniopterus_TP_2021-06-12_120133_001.MP4,1215.98,23.98,No focal subject,Bite,Foraging,None|None|None,POINT,374.218,374.218,NA,,
IV_Sctaeniopterus_TP_2021-06-12_120133,6/25/2025 8:28,,/Users/aimeed/Desktop/BiteCounts/IV_Sctaeniopterus_TP_2021-06-12_120133_001.MP4,1215.98,23.98,No focal subject,Bite,Foraging,None|None|None,POINT,374.964,374.964,NA,,
IV_Sctaeniopterus_TP_2021-06-12_120133,6/25/2025 8:28,,/Users/aimeed/Desktop/BiteCounts/IV_Sctaeniopterus_TP_2021-06-12_120133_001.MP4,1215.98,23.98,No focal subject,Bite,Foraging,None|None|None,POINT,376.467,376.467,NA,,
IV_Sctaeniopterus_TP_2021-06-12_120133,6/25/2025 8:28,,/Users/aimeed/Desktop/BiteCounts/IV_Sctaeniopterus_TP_2021-06-12_120133_001.MP4,1215.98,23.98,No focal subject,Bite,Foraging,None|None|None,POINT,377.72,377.72,NA,,
IV_Sctaeniopterus_TP_2021-06-12_120133,6/25/2025 8:28,,/Users/aimeed/Desktop/BiteCounts/IV_Sctaeniopterus_TP_2021-06-12_120133_001.MP4,1215.98,23.98,No focal subject,Bite,Foraging,None|None|None,POINT,378.465,378.465,NA,,
IV_Sctaeniopterus_TP_2021-06-12_120133,6/25/2025 8:28,,/Users/aimeed/Desktop/BiteCounts/IV_Sctaeniopterus_TP_2021-06-12_120133_001.MP4,1215.98,23.98,No focal subject,Bite,Foraging,None|None|None,POINT,396.215,396.215,NA,,
IV_Sctaeniopterus_TP_2021-06-12_120133,6/25/2025 8:28,,/Users/aimeed/Desktop/BiteCounts/IV_Sctaeniopterus_TP_2021-06-12_120133_001.MP4,1215.98,23.98,No focal subject,Bite,Foraging,None|None|None,POINT,396.717,396.717,NA,,
IV_Sctaeniopterus_TP_2021-06-12_120133,6/25/2025 8:28,,/Users/aimeed/Desktop/BiteCounts/IV_Sctaeniopterus_TP_2021-06-12_120133_001.MP4,1215.98,23.98,No focal subject,Bite,Foraging,None|None|None,POINT,398.466,398.466,NA,,
IV_Sctaeniopterus_TP_2021-06-12_120133,6/25/2025 8:28,,/Users/aimeed/Desktop/BiteCounts/IV_Sctaeniopterus_TP_2021-06-12_120133_001.MP4,1215.98,23.98,No focal subject,Bite,Foraging,None|None|None,POINT,399.216,399.216,NA,,
IV_Sctaeniopterus_TP_2021-06-12_120133,6/25/2025 8:28,,/Users/aimeed/Desktop/BiteCounts/IV_Sctaeniopterus_TP_2021-06-12_120133_001.MP4,1215.98,23.98,No focal subject,Bite,Foraging,None|None|None,POINT,399.719,399.719,NA,,
IV_Sctaeniopterus_TP_2021-06-12_120133,6/25/2025 8:28,,/Users/aimeed/Desktop/BiteCounts/IV_Sctaeniopterus_TP_2021-06-12_120133_001.MP4,1215.98,23.98,No focal subject,Bite,Foraging,None|None|None,POINT,401.218,401.218,NA,,
IV_Sctaeniopterus_TP_2021-06-12_120133,6/25/2025 8:28,,/Users/aimeed/Desktop/BiteCounts/IV_Sctaeniopterus_TP_2021-06-12_120133_001.MP4,1215.98,23.98,No focal subject,Bite,Foraging,None|None|None,POINT,404.716,404.716,NA,,
IV_Sctaeniopterus_TP_2021-06-12_120133,6/25/2025 8:28,,/Users/aimeed/Desktop/BiteCounts/IV_Sctaeniopterus_TP_2021-06-12_120133_001.MP4,1215.98,23.98,No focal subject,Bite,Foraging,None|None|None,POINT,405.966,405.966,NA,,
IV_Sctaeniopterus_TP_2021-06-12_120133,6/25/2025 8:28,,/Users/aimeed/Desktop/BiteCounts/IV_Sctaeniopterus_TP_2021-06-12_120133_001.MP4,1215.98,23.98,No focal subject,Bite,Foraging,None|None|None,POINT,408.719,408.719,NA,,
IV_Sctaeniopterus_TP_2021-06-12_120133,6/25/2025 8:28,,/Users/aimeed/Desktop/BiteCounts/IV_Sctaeniopterus_TP_2021-06-12_120133_001.MP4,1215.98,23.98,No focal subject,Bite,Foraging,None|None|None,POINT,410.219,410.219,NA,,
IV_Sctaeniopterus_TP_2021-06-12_120133,6/25/2025 8:28,,/Users/aimeed/Desktop/BiteCounts/IV_Sctaeniopterus_TP_2021-06-12_120133_001.MP4,1215.98,23.98,No focal subject,Bite,Foraging,None|None|None,POINT,412.716,412.716,NA,,
IV_Sctaeniopterus_TP_2021-06-12_120133,6/25/2025 8:28,,/Users/aimeed/Desktop/BiteCounts/IV_Sctaeniopterus_TP_2021-06-12_120133_001.MP4,1215.98,23.98,No focal subject,Bite,Foraging,None|None|None,POINT,413.217,413.217,NA,,
IV_Sctaeniopterus_TP_2021-06-12_120133,6/25/2025 8:28,,/Users/aimeed/Desktop/BiteCounts/IV_Sctaeniopterus_TP_2021-06-12_120133_001.MP4,1215.98,23.98,No focal subject,Bite,Foraging,None|None|None,POINT,413.964,413.964,NA,,
IV_Sctaeniopterus_TP_2021-06-12_120133,6/25/2025 8:28,,/Users/aimeed/Desktop/BiteCounts/IV_Sctaeniopterus_TP_2021-06-12_120133_001.MP4,1215.98,23.98,No focal subject,Bite,Foraging,None|None|None,POINT,414.966,414.966,NA,,
IV_Sctaeniopterus_TP_2021-06-12_120133,6/25/2025 8:28,,/Users/aimeed/Desktop/BiteCounts/IV_Sctaeniopterus_TP_2021-06-12_120133_001.MP4,1215.98,23.98,No focal subject,Bite,Foraging,None|None|None,POINT,415.717,415.717,NA,,
IV_Sctaeniopterus_TP_2021-06-12_120133,6/25/2025 8:28,,/Users/aimeed/Desktop/BiteCounts/IV_Sctaeniopterus_TP_2021-06-12_120133_001.MP4,1215.98,23.98,No focal subject,Bite,Foraging,None|None|None,POINT,416.965,416.965,NA,,
IV_Sctaeniopterus_TP_2021-06-12_120133,6/25/2025 8:28,,/Users/aimeed/Desktop/BiteCounts/IV_Sctaeniopterus_TP_2021-06-12_120133_001.MP4,1215.98,23.98,No focal subject,Bite,Foraging,None|None|None,POINT,418.466,418.466,NA,,
IV_Sctaeniopterus_TP_2021-06-12_120133,6/25/2025 8:28,,/Users/aimeed/Desktop/BiteCounts/IV_Sctaeniopterus_TP_2021-06-12_120133_001.MP4,1215.98,23.98,No focal subject,Bite,Foraging,None|None|None,POINT,422.716,422.716,NA,,
IV_Sctaeniopterus_TP_2021-06-12_120133,6/25/2025 8:28,,/Users/aimeed/Desktop/BiteCounts/IV_Sctaeniopterus_TP_2021-06-12_120133_001.MP4,1215.98,23.98,No focal subject,Bite,Foraging,None|None|None,POINT,423.718,423.718,NA,,
IV_Sctaeniopterus_TP_2021-06-12_120133,6/25/2025 8:28,,/Users/aimeed/Desktop/BiteCounts/IV_Sctaeniopterus_TP_2021-06-12_120133_001.MP4,1215.98,23.98,No focal subject,Bite,Foraging,None|None|None,POINT,424.467,424.467,NA,,
IV_Sctaeniopterus_TP_2021-06-12_120133,6/25/2025 8:28,,/Users/aimeed/Desktop/BiteCounts/IV_Sctaeniopterus_TP_2021-06-12_120133_001.MP4,1215.98,23.98,No focal subject,Bite,Foraging,None|None|None,POINT,425.465,425.465,NA,,
IV_Sctaeniopterus_TP_2021-06-12_120133,6/25/2025 8:28,,/Users/aimeed/Desktop/BiteCounts/IV_Sctaeniopterus_TP_2021-06-12_120133_001.MP4,1215.98,23.98,No focal subject,Bite,Foraging,None|None|None,POINT,426.217,426.217,NA,,
IV_Sctaeniopterus_TP_2021-06-12_120133,6/25/2025 8:28,,/Users/aimeed/Desktop/BiteCounts/IV_Sctaeniopterus_TP_2021-06-12_120133_001.MP4,1215.98,23.98,No focal subject,Bite,Foraging,None|None|None,POINT,450.716,450.716,NA,,
IV_Sctaeniopterus_TP_2021-06-12_120133,6/25/2025 8:28,,/Users/aimeed/Desktop/BiteCounts/IV_Sctaeniopterus_TP_2021-06-12_120133_001.MP4,1215.98,23.98,No focal subject,Bite,Foraging,None|None|None,POINT,451.966,451.966,NA,,
IV_Sctaeniopterus_TP_2021-06-12_120133,6/25/2025 8:28,,/Users/aimeed/Desktop/BiteCounts/IV_Sctaeniopterus_TP_2021-06-12_120133_001.MP4,1215.98,23.98,No focal subject,Bite,Foraging,None|None|None,POINT,453.713,453.713,NA,,
IV_Sctaeniopterus_TP_2021-06-12_120133,6/25/2025 8:28,,/Users/aimeed/Desktop/BiteCounts/IV_Sctaeniopterus_TP_2021-06-12_120133_001.MP4,1215.98,23.98,No focal subject,Bite,Foraging,None|None|None,POINT,454.966,454.966,NA,,
IV_Sctaeniopterus_TP_2021-06-12_120133,6/25/2025 8:28,,/Users/aimeed/Desktop/BiteCounts/IV_Sctaeniopterus_TP_2021-06-12_120133_001.MP4,1215.98,23.98,No focal subject,Bite,Foraging,None|None|None,POINT,457.463,457.463,NA,,
IV_Sctaeniopterus_TP_2021-06-12_120133,6/25/2025 8:28,,/Users/aimeed/Desktop/BiteCounts/IV_Sctaeniopterus_TP_2021-06-12_120133_001.MP4,1215.98,23.98,No focal subject,Bite,Foraging,None|None|None,POINT,458.465,458.465,NA,,
IV_Sctaeniopterus_TP_2021-06-12_120133,6/25/2025 8:28,,/Users/aimeed/Desktop/BiteCounts/IV_Sctaeniopterus_TP_2021-06-12_120133_001.MP4,1215.98,23.98,No focal subject,Bite,Foraging,None|None|None,POINT,459.465,459.465,NA,,
IV_Sctaeniopterus_TP_2021-06-12_120133,6/25/2025 8:28,,/Users/aimeed/Desktop/BiteCounts/IV_Sctaeniopterus_TP_2021-06-12_120133_001.MP4,1215.98,23.98,No focal subject,Bite,Foraging,None|None|None,POINT,461.217,461.217,NA,,
IV_Sctaeniopterus_TP_2021-06-12_120133,6/25/2025 8:28,,/Users/aimeed/Desktop/BiteCounts/IV_Sctaeniopterus_TP_2021-06-12_120133_001.MP4,1215.98,23.98,No focal subject,Bite,Foraging,None|None|None,POINT,469.965,469.965,NA,,
IV_Sctaeniopterus_TP_2021-06-12_120133,6/25/2025 8:28,,/Users/aimeed/Desktop/BiteCounts/IV_Sctaeniopterus_TP_2021-06-12_120133_001.MP4,1215.98,23.98,No focal subject,Bite,Foraging,None|None|None,POINT,471.216,471.216,NA,,
IV_Sctaeniopterus_TP_2021-06-12_120133,6/25/2025 8:28,,/Users/aimeed/Desktop/BiteCounts/IV_Sctaeniopterus_TP_2021-06-12_120133_001.MP4,1215.98,23.98,No focal subject,Bite,Foraging,None|None|None,POINT,472.218,472.218,NA,,
IV_Sctaeniopterus_TP_2021-06-12_120133,6/25/2025 8:28,,/Users/aimeed/Desktop/BiteCounts/IV_Sctaeniopterus_TP_2021-06-12_120133_001.MP4,1215.98,23.98,No focal subject,Bite,Foraging,None|None|None,POINT,474.718,474.718,NA,,
IV_Sctaeniopterus_TP_2021-06-12_120133,6/25/2025 8:28,,/Users/aimeed/Desktop/BiteCounts/IV_Sctaeniopterus_TP_2021-06-12_120133_001.MP4,1215.98,23.98,No focal subject,Bite,Foraging,None|None|None,POINT,481.965,481.965,NA,,
IV_Sctaeniopterus_TP_2021-06-12_120133,6/25/2025 8:28,,/Users/aimeed/Desktop/BiteCounts/IV_Sctaeniopterus_TP_2021-06-12_120133_001.MP4,1215.98,23.98,No focal subject,Bite,Foraging,None|None|None,POINT,483.713,483.713,NA,,
IV_Sctaeniopterus_TP_2021-06-12_120133,6/25/2025 8:28,,/Users/aimeed/Desktop/BiteCounts/IV_Sctaeniopterus_TP_2021-06-12_120133_001.MP4,1215.98,23.98,No focal subject,Bite,Foraging,None|None|None,POINT,486.219,486.219,NA,,
IV_Sctaeniopterus_TP_2021-06-12_120133,6/25/2025 8:28,,/Users/aimeed/Desktop/BiteCounts/IV_Sctaeniopterus_TP_2021-06-12_120133_001.MP4,1215.98,23.98,No focal subject,Bite,Foraging,None|None|None,POINT,488.717,488.717,NA,,
IV_Sctaeniopterus_TP_2021-06-12_120133,6/25/2025 8:28,,/Users/aimeed/Desktop/BiteCounts/IV_Sctaeniopterus_TP_2021-06-12_120133_001.MP4,1215.98,23.98,No focal subject,Bite,Foraging,None|None|None,POINT,489.719,489.719,NA,,
IV_Sctaeniopterus_TP_2021-06-12_120133,6/25/2025 8:28,,/Users/aimeed/Desktop/BiteCounts/IV_Sctaeniopterus_TP_2021-06-12_120133_001.MP4,1215.98,23.98,No focal subject,Bite,Foraging,None|None|None,POINT,490.465,490.465,NA,,
IV_Sctaeniopterus_TP_2021-06-12_120133,6/25/2025 8:28,,/Users/aimeed/Desktop/BiteCounts/IV_Sctaeniopterus_TP_2021-06-12_120133_001.MP4,1215.98,23.98,No focal subject,Bite,Foraging,None|None|None,POINT,491.219,491.219,NA,,
IV_Sctaeniopterus_TP_2021-06-12_120133,6/25/2025 8:28,,/Users/aimeed/Desktop/BiteCounts/IV_Sctaeniopterus_TP_2021-06-12_120133_001.MP4,1215.98,23.98,No focal subject,Bite,Foraging,None|None|None,POINT,491.716,491.716,NA,,
IV_Sctaeniopterus_TP_2021-06-12_120133,6/25/2025 8:28,,/Users/aimeed/Desktop/BiteCounts/IV_Sctaeniopterus_TP_2021-06-12_120133_001.MP4,1215.98,23.98,No focal subject,Bite,Foraging,None|None|None,POINT,492.462,492.462,NA,,
IV_Sctaeniopterus_TP_2021-06-12_120133,6/25/2025 8:28,,/Users/aimeed/Desktop/BiteCounts/IV_Sctaeniopterus_TP_2021-06-12_120133_001.MP4,1215.98,23.98,No focal subject,Bite,Foraging,None|None|None,POINT,494.463,494.463,NA,,
IV_Sctaeniopterus_TP_2021-06-12_120133,6/25/2025 8:28,,/Users/aimeed/Desktop/BiteCounts/IV_Sctaeniopterus_TP_2021-06-12_120133_001.MP4,1215.98,23.98,No focal subject,Bite,Foraging,None|None|None,POINT,497.219,497.219,NA,,
IV_Sctaeniopterus_TP_2021-06-12_120133,6/25/2025 8:28,,/Users/aimeed/Desktop/BiteCounts/IV_Sctaeniopterus_TP_2021-06-12_120133_001.MP4,1215.98,23.98,No focal subject,Bite,Foraging,None|None|None,POINT,501.214,501.214,NA,,
IV_Sctaeniopterus_TP_2021-06-12_120133,6/25/2025 8:28,,/Users/aimeed/Desktop/BiteCounts/IV_Sctaeniopterus_TP_2021-06-12_120133_001.MP4,1215.98,23.98,No focal subject,Bite,Foraging,None|None|None,POINT,502.969,502.969,NA,,
IV_Sctaeniopterus_TP_2021-06-12_120133,6/25/2025 8:28,,/Users/aimeed/Desktop/BiteCounts/IV_Sctaeniopterus_TP_2021-06-12_120133_001.MP4,1215.98,23.98,No focal subject,Bite,Foraging,None|None|None,POINT,503.465,503.465,NA,,
IV_Sctaeniopterus_TP_2021-06-12_120133,6/25/2025 8:28,,/Users/aimeed/Desktop/BiteCounts/IV_Sctaeniopterus_TP_2021-06-12_120133_001.MP4,1215.98,23.98,No focal subject,Bite,Foraging,None|None|None,POINT,504.22,504.22,NA,,
IV_Sctaeniopterus_TP_2021-06-12_120133,6/25/2025 8:28,,/Users/aimeed/Desktop/BiteCounts/IV_Sctaeniopterus_TP_2021-06-12_120133_001.MP4,1215.98,23.98,No focal subject,Bite,Foraging,None|None|None,POINT,504.967,504.967,NA,,
IV_Sctaeniopterus_TP_2021-06-12_120133,6/25/2025 8:28,,/Users/aimeed/Desktop/BiteCounts/IV_Sctaeniopterus_TP_2021-06-12_120133_001.MP4,1215.98,23.98,No focal subject,Bite,Foraging,None|None|None,POINT,505.965,505.965,NA,,
IV_Sctaeniopterus_TP_2021-06-12_120133,6/25/2025 8:28,,/Users/aimeed/Desktop/BiteCounts/IV_Sctaeniopterus_TP_2021-06-12_120133_001.MP4,1215.98,23.98,No focal subject,Bite,Foraging,None|None|None,POINT,506.717,506.717,NA,,
IV_Sctaeniopterus_TP_2021-06-12_120133,6/25/2025 8:28,,/Users/aimeed/Desktop/BiteCounts/IV_Sctaeniopterus_TP_2021-06-12_120133_001.MP4,1215.98,23.98,No focal subject,Bite,Foraging,None|None|None,POINT,507.719,507.719,NA,,
IV_Sctaeniopterus_TP_2021-06-12_120133,6/25/2025 8:28,,/Users/aimeed/Desktop/BiteCounts/IV_Sctaeniopterus_TP_2021-06-12_120133_001.MP4,1215.98,23.98,No focal subject,Bite,Foraging,None|None|None,POINT,508.216,508.216,NA,,
IV_Sctaeniopterus_TP_2021-06-12_120133,6/25/2025 8:28,,/Users/aimeed/Desktop/BiteCounts/IV_Sctaeniopterus_TP_2021-06-12_120133_001.MP4,1215.98,23.98,No focal subject,Bite,Foraging,None|None|None,POINT,509.463,509.463,NA,,
IV_Sctaeniopterus_TP_2021-06-12_120133,6/25/2025 8:28,,/Users/aimeed/Desktop/BiteCounts/IV_Sctaeniopterus_TP_2021-06-12_120133_001.MP4,1215.98,23.98,No focal subject,Bite,Foraging,None|None|None,POINT,510.221,510.221,NA,,
IV_Sctaeniopterus_TP_2021-06-12_120133,6/25/2025 8:28,,/Users/aimeed/Desktop/BiteCounts/IV_Sctaeniopterus_TP_2021-06-12_120133_001.MP4,1215.98,23.98,No focal subject,Bite,Foraging,None|None|None,POINT,511.219,511.219,NA,,
IV_Sctaeniopterus_TP_2021-06-12_120133,6/25/2025 8:28,,/Users/aimeed/Desktop/BiteCounts/IV_Sctaeniopterus_TP_2021-06-12_120133_001.MP4,1215.98,23.98,No focal subject,Bite,Foraging,None|None|None,POINT,511.961,511.961,NA,,
IV_Sctaeniopterus_TP_2021-06-12_120133,6/25/2025 8:28,,/Users/aimeed/Desktop/BiteCounts/IV_Sctaeniopterus_TP_2021-06-12_120133_001.MP4,1215.98,23.98,No focal subject,Bite,Foraging,None|None|None,POINT,512.719,512.719,NA,,
IV_Sctaeniopterus_TP_2021-06-12_120133,6/25/2025 8:28,,/Users/aimeed/Desktop/BiteCounts/IV_Sctaeniopterus_TP_2021-06-12_120133_001.MP4,1215.98,23.98,No focal subject,Bite,Foraging,None|None|None,POINT,513.466,513.466,NA,,
IV_Sctaeniopterus_TP_2021-06-12_120133,6/25/2025 8:28,,/Users/aimeed/Desktop/BiteCounts/IV_Sctaeniopterus_TP_2021-06-12_120133_001.MP4,1215.98,23.98,No focal subject,Bite,Foraging,None|None|None,POINT,514.217,514.217,NA,,
IV_Sctaeniopterus_TP_2021-06-12_120133,6/25/2025 8:28,,/Users/aimeed/Desktop/BiteCounts/IV_Sctaeniopterus_TP_2021-06-12_120133_001.MP4,1215.98,23.98,No focal subject,Bite,Foraging,None|None|None,POINT,515.465,515.465,NA,,
IV_Sctaeniopterus_TP_2021-06-12_120133,6/25/2025 8:28,,/Users/aimeed/Desktop/BiteCounts/IV_Sctaeniopterus_TP_2021-06-12_120133_001.MP4,1215.98,23.98,No focal subject,Bite,Foraging,None|None|None,POINT,516.466,516.466,NA,,
IV_Sctaeniopterus_TP_2021-06-12_120133,6/25/2025 8:28,,/Users/aimeed/Desktop/BiteCounts/IV_Sctaeniopterus_TP_2021-06-12_120133_001.MP4,1215.98,23.98,No focal subject,Bite,Foraging,None|None|None,POINT,517.465,517.465,NA,,
IV_Sctaeniopterus_TP_2021-06-12_120133,6/25/2025 8:28,,/Users/aimeed/Desktop/BiteCounts/IV_Sctaeniopterus_TP_2021-06-12_120133_001.MP4,1215.98,23.98,No focal subject,Bite,Foraging,None|None|None,POINT,518.217,518.217,NA,,
IV_Sctaeniopterus_TP_2021-06-12_120133,6/25/2025 8:28,,/Users/aimeed/Desktop/BiteCounts/IV_Sctaeniopterus_TP_2021-06-12_120133_001.MP4,1215.98,23.98,No focal subject,Bite,Foraging,None|None|None,POINT,518.963,518.963,NA,,
IV_Sctaeniopterus_TP_2021-06-12_120133,6/25/2025 8:28,,/Users/aimeed/Desktop/BiteCounts/IV_Sctaeniopterus_TP_2021-06-12_120133_001.MP4,1215.98,23.98,No focal subject,Bite,Foraging,None|None|None,POINT,519.964,519.964,NA,,
IV_Sctaeniopterus_TP_2021-06-12_120133,6/25/2025 8:28,,/Users/aimeed/Desktop/BiteCounts/IV_Sctaeniopterus_TP_2021-06-12_120133_001.MP4,1215.98,23.98,No focal subject,Bite,Foraging,None|None|None,POINT,520.716,520.716,NA,,
IV_Sctaeniopterus_TP_2021-06-12_120133,6/25/2025 8:28,,/Users/aimeed/Desktop/BiteCounts/IV_Sctaeniopterus_TP_2021-06-12_120133_001.MP4,1215.98,23.98,No focal subject,Bite,Foraging,None|None|None,POINT,521.716,521.716,NA,,
IV_Sctaeniopterus_TP_2021-06-12_120133,6/25/2025 8:28,,/Users/aimeed/Desktop/BiteCounts/IV_Sctaeniopterus_TP_2021-06-12_120133_001.MP4,1215.98,23.98,No focal subject,Bite,Foraging,None|None|None,POINT,522.466,522.466,NA,,
IV_Sctaeniopterus_TP_2021-06-12_120133,6/25/2025 8:28,,/Users/aimeed/Desktop/BiteCounts/IV_Sctaeniopterus_TP_2021-06-12_120133_001.MP4,1215.98,23.98,No focal subject,Bite,Foraging,None|None|None,POINT,524.216,524.216,NA,,
IV_Sctaeniopterus_TP_2021-06-12_120133,6/25/2025 8:28,,/Users/aimeed/Desktop/BiteCounts/IV_Sctaeniopterus_TP_2021-06-12_120133_001.MP4,1215.98,23.98,No focal subject,Bite,Foraging,None|None|None,POINT,524.966,524.966,NA,,
IV_Sctaeniopterus_TP_2021-06-12_120133,6/25/2025 8:28,,/Users/aimeed/Desktop/BiteCounts/IV_Sctaeniopterus_TP_2021-06-12_120133_001.MP4,1215.98,23.98,No focal subject,Bite,Foraging,None|None|None,POINT,525.96,525.96,NA,,
IV_Sctaeniopterus_TP_2021-06-12_120133,6/25/2025 8:28,,/Users/aimeed/Desktop/BiteCounts/IV_Sctaeniopterus_TP_2021-06-12_120133_001.MP4,1215.98,23.98,No focal subject,Bite,Foraging,None|None|None,POINT,526.717,526.717,NA,,
IV_Sctaeniopterus_TP_2021-06-12_120133,6/25/2025 8:28,,/Users/aimeed/Desktop/BiteCounts/IV_Sctaeniopterus_TP_2021-06-12_120133_001.MP4,1215.98,23.98,No focal subject,Bite,Foraging,None|None|None,POINT,527.465,527.465,NA,,
IV_Sctaeniopterus_TP_2021-06-12_120133,6/25/2025 8:28,,/Users/aimeed/Desktop/BiteCounts/IV_Sctaeniopterus_TP_2021-06-12_120133_001.MP4,1215.98,23.98,No focal subject,Bite,Foraging,None|None|None,POINT,528.719,528.719,NA,,
IV_Sctaeniopterus_TP_2021-06-12_120133,6/25/2025 8:28,,/Users/aimeed/Desktop/BiteCounts/IV_Sctaeniopterus_TP_2021-06-12_120133_001.MP4,1215.98,23.98,No focal subject,Bite,Foraging,None|None|None,POINT,534.717,534.717,NA,,
IV_Sctaeniopterus_TP_2021-06-12_120133,6/25/2025 8:28,,/Users/aimeed/Desktop/BiteCounts/IV_Sctaeniopterus_TP_2021-06-12_120133_001.MP4,1215.98,23.98,No focal subject,Bite,Foraging,None|None|None,POINT,534.964,534.964,NA,,
IV_Sctaeniopterus_TP_2021-06-12_120133,6/25/2025 8:28,,/Users/aimeed/Desktop/BiteCounts/IV_Sctaeniopterus_TP_2021-06-12_120133_001.MP4,1215.98,23.98,No focal subject,Bite,Foraging,None|None|None,POINT,535.962,535.962,NA,,
IV_Sctaeniopterus_TP_2021-06-12_120133,6/25/2025 8:28,,/Users/aimeed/Desktop/BiteCounts/IV_Sctaeniopterus_TP_2021-06-12_120133_001.MP4,1215.98,23.98,No focal subject,Bite,Foraging,None|None|None,POINT,536.965,536.965,NA,,
IV_Sctaeniopterus_TP_2021-06-12_120133,6/25/2025 8:28,,/Users/aimeed/Desktop/BiteCounts/IV_Sctaeniopterus_TP_2021-06-12_120133_001.MP4,1215.98,23.98,No focal subject,Bite,Foraging,None|None|None,POINT,537.961,537.961,NA,,
IV_Sctaeniopterus_TP_2021-06-12_120133,6/25/2025 8:28,,/Users/aimeed/Desktop/BiteCounts/IV_Sctaeniopterus_TP_2021-06-12_120133_001.MP4,1215.98,23.98,No focal subject,Bite,Foraging,None|None|None,POINT,540.464,540.464,NA,,
IV_Sctaeniopterus_TP_2021-06-12_120133,6/25/2025 8:28,,/Users/aimeed/Desktop/BiteCounts/IV_Sctaeniopterus_TP_2021-06-12_120133_001.MP4,1215.98,23.98,No focal subject,Bite,Foraging,None|None|None,POINT,541.716,541.716,NA,,
IV_Sctaeniopterus_TP_2021-06-12_120133,6/25/2025 8:28,,/Users/aimeed/Desktop/BiteCounts/IV_Sctaeniopterus_TP_2021-06-12_120133_001.MP4,1215.98,23.98,No focal subject,Bite,Foraging,None|None|None,POINT,546.219,546.219,NA,,
IV_Sctaeniopterus_TP_2021-06-12_120133,6/25/2025 8:28,,/Users/aimeed/Desktop/BiteCounts/IV_Sctaeniopterus_TP_2021-06-12_120133_001.MP4,1215.98,23.98,No focal subject,Bite,Foraging,None|None|None,POINT,549.719,549.719,NA,,
IV_Sctaeniopterus_TP_2021-06-12_120133,6/25/2025 8:28,,/Users/aimeed/Desktop/BiteCounts/IV_Sctaeniopterus_TP_2021-06-12_120133_001.MP4,1215.98,23.98,No focal subject,Bite,Foraging,None|None|None,POINT,550.466,550.466,NA,,
IV_Sctaeniopterus_TP_2021-06-12_120133,6/25/2025 8:28,,/Users/aimeed/Desktop/BiteCounts/IV_Sctaeniopterus_TP_2021-06-12_120133_001.MP4,1215.98,23.98,No focal subject,Bite,Foraging,None|None|None,POINT,551.718,551.718,NA,,
IV_Sctaeniopterus_TP_2021-06-12_120133,6/25/2025 8:28,,/Users/aimeed/Desktop/BiteCounts/IV_Sctaeniopterus_TP_2021-06-12_120133_001.MP4,1215.98,23.98,No focal subject,Bite,Foraging,None|None|None,POINT,552.965,552.965,NA,,
IV_Sctaeniopterus_TP_2021-06-12_120133,6/25/2025 8:28,,/Users/aimeed/Desktop/BiteCounts/IV_Sctaeniopterus_TP_2021-06-12_120133_001.MP4,1215.98,23.98,No focal subject,Bite,Foraging,None|None|None,POINT,554.466,554.466,NA,,
IV_Sctaeniopterus_TP_2021-06-12_120133,6/25/2025 8:28,,/Users/aimeed/Desktop/BiteCounts/IV_Sctaeniopterus_TP_2021-06-12_120133_001.MP4,1215.98,23.98,No focal subject,Bite,Foraging,None|None|None,POINT,555.465,555.465,NA,,
IV_Sctaeniopterus_TP_2021-06-12_120133,6/25/2025 8:28,,/Users/aimeed/Desktop/BiteCounts/IV_Sctaeniopterus_TP_2021-06-12_120133_001.MP4,1215.98,23.98,No focal subject,Bite,Foraging,None|None|None,POINT,556.716,556.716,NA,,
IV_Sctaeniopterus_TP_2021-06-12_120133,6/25/2025 8:28,,/Users/aimeed/Desktop/BiteCounts/IV_Sctaeniopterus_TP_2021-06-12_120133_001.MP4,1215.98,23.98,No focal subject,Bite,Foraging,None|None|None,POINT,557.468,557.468,NA,,
IV_Sctaeniopterus_TP_2021-06-12_120133,6/25/2025 8:28,,/Users/aimeed/Desktop/BiteCounts/IV_Sctaeniopterus_TP_2021-06-12_120133_001.MP4,1215.98,23.98,No focal subject,Bite,Foraging,None|None|None,POINT,558.214,558.214,NA,,
IV_Sctaeniopterus_TP_2021-06-12_120133,6/25/2025 8:28,,/Users/aimeed/Desktop/BiteCounts/IV_Sctaeniopterus_TP_2021-06-12_120133_001.MP4,1215.98,23.98,No focal subject,Bite,Foraging,None|None|None,POINT,560.465,560.465,NA,,
IV_Sctaeniopterus_TP_2021-06-12_120133,6/25/2025 8:28,,/Users/aimeed/Desktop/BiteCounts/IV_Sctaeniopterus_TP_2021-06-12_120133_001.MP4,1215.98,23.98,No focal subject,Bite,Foraging,None|None|None,POINT,561.469,561.469,NA,,
IV_Sctaeniopterus_TP_2021-06-12_120133,6/25/2025 8:28,,/Users/aimeed/Desktop/BiteCounts/IV_Sctaeniopterus_TP_2021-06-12_120133_001.MP4,1215.98,23.98,No focal subject,Bite,Foraging,None|None|None,POINT,564.968,564.968,NA,,
IV_Sctaeniopterus_TP_2021-06-12_120133,6/25/2025 8:28,,/Users/aimeed/Desktop/BiteCounts/IV_Sctaeniopterus_TP_2021-06-12_120133_001.MP4,1215.98,23.98,No focal subject,Bite,Foraging,None|None|None,POINT,568.215,568.215,NA,,
IV_Sctaeniopterus_TP_2021-06-12_120133,6/25/2025 8:28,,/Users/aimeed/Desktop/BiteCounts/IV_Sctaeniopterus_TP_2021-06-12_120133_001.MP4,1215.98,23.98,No focal subject,Bite,Foraging,None|None|None,POINT,568.969,568.969,NA,,
IV_Sctaeniopterus_TP_2021-06-12_120133,6/25/2025 8:28,,/Users/aimeed/Desktop/BiteCounts/IV_Sctaeniopterus_TP_2021-06-12_120133_001.MP4,1215.98,23.98,No focal subject,Bite,Foraging,None|None|None,POINT,570.468,570.468,NA,,
IV_Sctaeniopterus_TP_2021-06-12_120133,6/25/2025 8:28,,/Users/aimeed/Desktop/BiteCounts/IV_Sctaeniopterus_TP_2021-06-12_120133_001.MP4,1215.98,23.98,No focal subject,Bite,Foraging,None|None|None,POINT,571.216,571.216,NA,,
IV_Sctaeniopterus_TP_2021-06-12_120133,6/25/2025 8:28,,/Users/aimeed/Desktop/BiteCounts/IV_Sctaeniopterus_TP_2021-06-12_120133_001.MP4,1215.98,23.98,No focal subject,Bite,Foraging,None|None|None,POINT,573.212,573.212,NA,,
IV_Sctaeniopterus_TP_2021-06-12_120133,6/25/2025 8:28,,/Users/aimeed/Desktop/BiteCounts/IV_Sctaeniopterus_TP_2021-06-12_120133_001.MP4,1215.98,23.98,No focal subject,Bite,Foraging,None|None|None,POINT,573.964,573.964,NA,,
IV_Sctaeniopterus_TP_2021-06-12_120133,6/25/2025 8:28,,/Users/aimeed/Desktop/BiteCounts/IV_Sctaeniopterus_TP_2021-06-12_120133_001.MP4,1215.98,23.98,No focal subject,Bite,Foraging,None|None|None,POINT,584.216,584.216,NA,,
IV_Sctaeniopterus_TP_2021-06-12_120133,6/25/2025 8:28,,/Users/aimeed/Desktop/BiteCounts/IV_Sctaeniopterus_TP_2021-06-12_120133_001.MP4,1215.98,23.98,No focal subject,Bite,Foraging,None|None|None,POINT,585.214,585.214,NA,,
IV_Sctaeniopterus_TP_2021-06-12_120133,6/25/2025 8:28,,/Users/aimeed/Desktop/BiteCounts/IV_Sctaeniopterus_TP_2021-06-12_120133_001.MP4,1215.98,23.98,No focal subject,Bite,Foraging,None|None|None,POINT,585.969,585.969,NA,,
IV_Sctaeniopterus_TP_2021-06-12_120133,6/25/2025 8:28,,/Users/aimeed/Desktop/BiteCounts/IV_Sctaeniopterus_TP_2021-06-12_120133_001.MP4,1215.98,23.98,No focal subject,Bite,Foraging,None|None|None,POINT,588.211,588.211,NA,,
IV_Sctaeniopterus_TP_2021-06-12_120133,6/25/2025 8:28,,/Users/aimeed/Desktop/BiteCounts/IV_Sctaeniopterus_TP_2021-06-12_120133_001.MP4,1215.98,23.98,No focal subject,Bite,Foraging,None|None|None,POINT,588.969,588.969,NA,,
IV_Sctaeniopterus_TP_2021-06-12_120133,6/25/2025 8:28,,/Users/aimeed/Desktop/BiteCounts/IV_Sctaeniopterus_TP_2021-06-12_120133_001.MP4,1215.98,23.98,No focal subject,Bite,Foraging,None|None|None,POINT,589.716,589.716,NA,,
IV_Sctaeniopterus_TP_2021-06-12_120133,6/25/2025 8:28,,/Users/aimeed/Desktop/BiteCounts/IV_Sctaeniopterus_TP_2021-06-12_120133_001.MP4,1215.98,23.98,No focal subject,Bite,Foraging,None|None|None,POINT,592.214,592.214,NA,,
IV_Sctaeniopterus_TP_2021-06-12_120133,6/25/2025 8:28,,/Users/aimeed/Desktop/BiteCounts/IV_Sctaeniopterus_TP_2021-06-12_120133_001.MP4,1215.98,23.98,No focal subject,Bite,Foraging,None|None|None,POINT,592.967,592.967,NA,,
IV_Sctaeniopterus_TP_2021-06-12_120133,6/25/2025 8:28,,/Users/aimeed/Desktop/BiteCounts/IV_Sctaeniopterus_TP_2021-06-12_120133_001.MP4,1215.98,23.98,No focal subject,Bite,Foraging,None|None|None,POINT,593.969,593.969,NA,,
IV_Sctaeniopterus_TP_2021-06-12_120133,6/25/2025 8:28,,/Users/aimeed/Desktop/BiteCounts/IV_Sctaeniopterus_TP_2021-06-12_120133_001.MP4,1215.98,23.98,No focal subject,Lost Time,Time Keeping,,STATE,601.75,602.507,0.757,,
IV_Sctaeniopterus_TP_2021-06-12_120133,6/25/2025 8:28,,/Users/aimeed/Desktop/BiteCounts/IV_Sctaeniopterus_TP_2021-06-12_120133_001.MP4,1215.98,23.98,No focal subject,Bite,Foraging,None|None|None,POINT,650.007,650.007,NA,,
IV_Sctaeniopterus_TP_2021-06-12_120133,6/25/2025 8:28,,/Users/aimeed/Desktop/BiteCounts/IV_Sctaeniopterus_TP_2021-06-12_120133_001.MP4,1215.98,23.98,No focal subject,Bite,Foraging,None|None|None,POINT,650.755,650.755,NA,,
IV_Sctaeniopterus_TP_2021-06-12_120133,6/25/2025 8:28,,/Users/aimeed/Desktop/BiteCounts/IV_Sctaeniopterus_TP_2021-06-12_120133_001.MP4,1215.98,23.98,No focal subject,Bite,Foraging,None|None|None,POINT,651.757,651.757,NA,,
IV_Sctaeniopterus_TP_2021-06-12_120133,6/25/2025 8:28,,/Users/aimeed/Desktop/BiteCounts/IV_Sctaeniopterus_TP_2021-06-12_120133_001.MP4,1215.98,23.98,No focal subject,Bite,Foraging,None|None|None,POINT,653.756,653.756,NA,,
IV_Sctaeniopterus_TP_2021-06-12_120133,6/25/2025 8:28,,/Users/aimeed/Desktop/BiteCounts/IV_Sctaeniopterus_TP_2021-06-12_120133_001.MP4,1215.98,23.98,No focal subject,Bite,Foraging,None|None|None,POINT,654.755,654.755,NA,,
IV_Sctaeniopterus_TP_2021-06-12_120133,6/25/2025 8:28,,/Users/aimeed/Desktop/BiteCounts/IV_Sctaeniopterus_TP_2021-06-12_120133_001.MP4,1215.98,23.98,No focal subject,Bite,Foraging,None|None|None,POINT,658.255,658.255,NA,,
IV_Sctaeniopterus_TP_2021-06-12_120133,6/25/2025 8:28,,/Users/aimeed/Desktop/BiteCounts/IV_Sctaeniopterus_TP_2021-06-12_120133_001.MP4,1215.98,23.98,No focal subject,Bite,Foraging,None|None|None,POINT,659.261,659.261,NA,,
IV_Sctaeniopterus_TP_2021-06-12_120133,6/25/2025 8:28,,/Users/aimeed/Desktop/BiteCounts/IV_Sctaeniopterus_TP_2021-06-12_120133_001.MP4,1215.98,23.98,No focal subject,Bite,Foraging,None|None|None,POINT,660.754,660.754,NA,,
IV_Sctaeniopterus_TP_2021-06-12_120133,6/25/2025 8:28,,/Users/aimeed/Desktop/BiteCounts/IV_Sctaeniopterus_TP_2021-06-12_120133_001.MP4,1215.98,23.98,No focal subject,Bite,Foraging,None|None|None,POINT,692.509,692.509,NA,,
IV_Sctaeniopterus_TP_2021-06-12_120133,6/25/2025 8:28,,/Users/aimeed/Desktop/BiteCounts/IV_Sctaeniopterus_TP_2021-06-12_120133_001.MP4,1215.98,23.98,No focal subject,Bite,Foraging,None|None|None,POINT,694.758,694.758,NA,,
IV_Sctaeniopterus_TP_2021-06-12_120133,6/25/2025 8:28,,/Users/aimeed/Desktop/BiteCounts/IV_Sctaeniopterus_TP_2021-06-12_120133_001.MP4,1215.98,23.98,No focal subject,Bite,Foraging,None|None|None,POINT,705.255,705.255,NA,,
IV_Sctaeniopterus_TP_2021-06-12_120133,6/25/2025 8:28,,/Users/aimeed/Desktop/BiteCounts/IV_Sctaeniopterus_TP_2021-06-12_120133_001.MP4,1215.98,23.98,No focal subject,Bite,Foraging,None|None|None,POINT,706.254,706.254,NA,,
IV_Sctaeniopterus_TP_2021-06-12_120133,6/25/2025 8:28,,/Users/aimeed/Desktop/BiteCounts/IV_Sctaeniopterus_TP_2021-06-12_120133_001.MP4,1215.98,23.98,No focal subject,Bite,Foraging,None|None|None,POINT,707.255,707.255,NA,,
IV_Sctaeniopterus_TP_2021-06-12_120133,6/25/2025 8:28,,/Users/aimeed/Desktop/BiteCounts/IV_Sctaeniopterus_TP_2021-06-12_120133_001.MP4,1215.98,23.98,No focal subject,Bite,Foraging,None|None|None,POINT,708.254,708.254,NA,,
IV_Sctaeniopterus_TP_2021-06-12_120133,6/25/2025 8:28,,/Users/aimeed/Desktop/BiteCounts/IV_Sctaeniopterus_TP_2021-06-12_120133_001.MP4,1215.98,23.98,No focal subject,Bite,Foraging,None|None|None,POINT,709.003,709.003,NA,,
IV_Sctaeniopterus_TP_2021-06-12_120133,6/25/2025 8:28,,/Users/aimeed/Desktop/BiteCounts/IV_Sctaeniopterus_TP_2021-06-12_120133_002.MP4,1215.98,23.98,No focal subject,Bite,Foraging,None|None|None,POINT,710.634,710.634,NA,,
IV_Sctaeniopterus_TP_2021-06-12_120133,6/25/2025 8:28,,/Users/aimeed/Desktop/BiteCounts/IV_Sctaeniopterus_TP_2021-06-12_120133_002.MP4,1215.98,23.98,No focal subject,Bite,Foraging,None|None|None,POINT,711.881,711.881,NA,,
IV_Sctaeniopterus_TP_2021-06-12_120133,6/25/2025 8:28,,/Users/aimeed/Desktop/BiteCounts/IV_Sctaeniopterus_TP_2021-06-12_120133_002.MP4,1215.98,23.98,No focal subject,Bite,Foraging,None|None|None,POINT,713.131,713.131,NA,,
IV_Sctaeniopterus_TP_2021-06-12_120133,6/25/2025 8:28,,/Users/aimeed/Desktop/BiteCounts/IV_Sctaeniopterus_TP_2021-06-12_120133_002.MP4,1215.98,23.98,No focal subject,Bite,Foraging,None|None|None,POINT,714.379,714.379,NA,,
IV_Sctaeniopterus_TP_2021-06-12_120133,6/25/2025 8:28,,/Users/aimeed/Desktop/BiteCounts/IV_Sctaeniopterus_TP_2021-06-12_120133_002.MP4,1215.98,23.98,No focal subject,Bite,Foraging,None|None|None,POINT,715.131,715.131,NA,,
IV_Sctaeniopterus_TP_2021-06-12_120133,6/25/2025 8:28,,/Users/aimeed/Desktop/BiteCounts/IV_Sctaeniopterus_TP_2021-06-12_120133_002.MP4,1215.98,23.98,No focal subject,Bite,Foraging,None|None|None,POINT,715.879,715.879,NA,,
IV_Sctaeniopterus_TP_2021-06-12_120133,6/25/2025 8:28,,/Users/aimeed/Desktop/BiteCounts/IV_Sctaeniopterus_TP_2021-06-12_120133_002.MP4,1215.98,23.98,No focal subject,Bite,Foraging,None|None|None,POINT,716.633,716.633,NA,,
IV_Sctaeniopterus_TP_2021-06-12_120133,6/25/2025 8:28,,/Users/aimeed/Desktop/BiteCounts/IV_Sctaeniopterus_TP_2021-06-12_120133_002.MP4,1215.98,23.98,No focal subject,Bite,Foraging,None|None|None,POINT,717.63,717.63,NA,,
IV_Sctaeniopterus_TP_2021-06-12_120133,6/25/2025 8:28,,/Users/aimeed/Desktop/BiteCounts/IV_Sctaeniopterus_TP_2021-06-12_120133_002.MP4,1215.98,23.98,No focal subject,Bite,Foraging,None|None|None,POINT,718.131,718.131,NA,,
IV_Sctaeniopterus_TP_2021-06-12_120133,6/25/2025 8:28,,/Users/aimeed/Desktop/BiteCounts/IV_Sctaeniopterus_TP_2021-06-12_120133_002.MP4,1215.98,23.98,No focal subject,Bite,Foraging,None|None|None,POINT,718.88,718.88,NA,,
IV_Sctaeniopterus_TP_2021-06-12_120133,6/25/2025 8:28,,/Users/aimeed/Desktop/BiteCounts/IV_Sctaeniopterus_TP_2021-06-12_120133_002.MP4,1215.98,23.98,No focal subject,Bite,Foraging,None|None|None,POINT,721.132,721.132,NA,,
IV_Sctaeniopterus_TP_2021-06-12_120133,6/25/2025 8:28,,/Users/aimeed/Desktop/BiteCounts/IV_Sctaeniopterus_TP_2021-06-12_120133_002.MP4,1215.98,23.98,No focal subject,Bite,Foraging,None|None|None,POINT,721.879,721.879,NA,,
IV_Sctaeniopterus_TP_2021-06-12_120133,6/25/2025 8:28,,/Users/aimeed/Desktop/BiteCounts/IV_Sctaeniopterus_TP_2021-06-12_120133_002.MP4,1215.98,23.98,No focal subject,Bite,Foraging,None|None|None,POINT,722.878,722.878,NA,,
IV_Sctaeniopterus_TP_2021-06-12_120133,6/25/2025 8:28,,/Users/aimeed/Desktop/BiteCounts/IV_Sctaeniopterus_TP_2021-06-12_120133_002.MP4,1215.98,23.98,No focal subject,Bite,Foraging,None|None|None,POINT,725.377,725.377,NA,,
IV_Sctaeniopterus_TP_2021-06-12_120133,6/25/2025 8:28,,/Users/aimeed/Desktop/BiteCounts/IV_Sctaeniopterus_TP_2021-06-12_120133_002.MP4,1215.98,23.98,No focal subject,Bite,Foraging,None|None|None,POINT,726.379,726.379,NA,,
IV_Sctaeniopterus_TP_2021-06-12_120133,6/25/2025 8:28,,/Users/aimeed/Desktop/BiteCounts/IV_Sctaeniopterus_TP_2021-06-12_120133_002.MP4,1215.98,23.98,No focal subject,Bite,Foraging,None|None|None,POINT,733.632,733.632,NA,,
IV_Sctaeniopterus_TP_2021-06-12_120133,6/25/2025 8:28,,/Users/aimeed/Desktop/BiteCounts/IV_Sctaeniopterus_TP_2021-06-12_120133_002.MP4,1215.98,23.98,No focal subject,Bite,Foraging,None|None|None,POINT,735.876,735.876,NA,,
IV_Sctaeniopterus_TP_2021-06-12_120133,6/25/2025 8:28,,/Users/aimeed/Desktop/BiteCounts/IV_Sctaeniopterus_TP_2021-06-12_120133_002.MP4,1215.98,23.98,No focal subject,Bite,Foraging,None|None|None,POINT,736.627,736.627,NA,,
IV_Sctaeniopterus_TP_2021-06-12_120133,6/25/2025 8:28,,/Users/aimeed/Desktop/BiteCounts/IV_Sctaeniopterus_TP_2021-06-12_120133_002.MP4,1215.98,23.98,No focal subject,Bite,Foraging,None|None|None,POINT,737.13,737.13,NA,,
IV_Sctaeniopterus_TP_2021-06-12_120133,6/25/2025 8:28,,/Users/aimeed/Desktop/BiteCounts/IV_Sctaeniopterus_TP_2021-06-12_120133_002.MP4,1215.98,23.98,No focal subject,Bite,Foraging,None|None|None,POINT,737.626,737.626,NA,,
IV_Sctaeniopterus_TP_2021-06-12_120133,6/25/2025 8:28,,/Users/aimeed/Desktop/BiteCounts/IV_Sctaeniopterus_TP_2021-06-12_120133_002.MP4,1215.98,23.98,No focal subject,Bite,Foraging,None|None|None,POINT,738.38,738.38,NA,,
IV_Sctaeniopterus_TP_2021-06-12_120133,6/25/2025 8:28,,/Users/aimeed/Desktop/BiteCounts/IV_Sctaeniopterus_TP_2021-06-12_120133_002.MP4,1215.98,23.98,No focal subject,Bite,Foraging,None|None|None,POINT,738.881,738.881,NA,,
IV_Sctaeniopterus_TP_2021-06-12_120133,6/25/2025 8:28,,/Users/aimeed/Desktop/BiteCounts/IV_Sctaeniopterus_TP_2021-06-12_120133_002.MP4,1215.98,23.98,No focal subject,Bite,Foraging,None|None|None,POINT,751.377,751.377,NA,,
IV_Sctaeniopterus_TP_2021-06-12_120133,6/25/2025 8:28,,/Users/aimeed/Desktop/BiteCounts/IV_Sctaeniopterus_TP_2021-06-12_120133_002.MP4,1215.98,23.98,No focal subject,Bite,Foraging,None|None|None,POINT,753.133,753.133,NA,,
IV_Sctaeniopterus_TP_2021-06-12_120133,6/25/2025 8:28,,/Users/aimeed/Desktop/BiteCounts/IV_Sctaeniopterus_TP_2021-06-12_120133_002.MP4,1215.98,23.98,No focal subject,Bite,Foraging,None|None|None,POINT,753.88,753.88,NA,,
IV_Sctaeniopterus_TP_2021-06-12_120133,6/25/2025 8:28,,/Users/aimeed/Desktop/BiteCounts/IV_Sctaeniopterus_TP_2021-06-12_120133_002.MP4,1215.98,23.98,No focal subject,Bite,Foraging,None|None|None,POINT,759.375,759.375,NA,,
IV_Sctaeniopterus_TP_2021-06-12_120133,6/25/2025 8:28,,/Users/aimeed/Desktop/BiteCounts/IV_Sctaeniopterus_TP_2021-06-12_120133_002.MP4,1215.98,23.98,No focal subject,Bite,Foraging,None|None|None,POINT,765.378,765.378,NA,,
IV_Sctaeniopterus_TP_2021-06-12_120133,6/25/2025 8:28,,/Users/aimeed/Desktop/BiteCounts/IV_Sctaeniopterus_TP_2021-06-12_120133_002.MP4,1215.98,23.98,No focal subject,Bite,Foraging,None|None|None,POINT,766.879,766.879,NA,,
IV_Sctaeniopterus_TP_2021-06-12_120133,6/25/2025 8:28,,/Users/aimeed/Desktop/BiteCounts/IV_Sctaeniopterus_TP_2021-06-12_120133_002.MP4,1215.98,23.98,No focal subject,Bite,Foraging,None|None|None,POINT,767.879,767.879,NA,,
IV_Sctaeniopterus_TP_2021-06-12_120133,6/25/2025 8:28,,/Users/aimeed/Desktop/BiteCounts/IV_Sctaeniopterus_TP_2021-06-12_120133_002.MP4,1215.98,23.98,No focal subject,Bite,Foraging,None|None|None,POINT,769.632,769.632,NA,,
IV_Sctaeniopterus_TP_2021-06-12_120133,6/25/2025 8:28,,/Users/aimeed/Desktop/BiteCounts/IV_Sctaeniopterus_TP_2021-06-12_120133_002.MP4,1215.98,23.98,No focal subject,Bite,Foraging,None|None|None,POINT,770.877,770.877,NA,,
IV_Sctaeniopterus_TP_2021-06-12_120133,6/25/2025 8:28,,/Users/aimeed/Desktop/BiteCounts/IV_Sctaeniopterus_TP_2021-06-12_120133_002.MP4,1215.98,23.98,No focal subject,Bite,Foraging,None|None|None,POINT,772.38,772.38,NA,,
IV_Sctaeniopterus_TP_2021-06-12_120133,6/25/2025 8:28,,/Users/aimeed/Desktop/BiteCounts/IV_Sctaeniopterus_TP_2021-06-12_120133_002.MP4,1215.98,23.98,No focal subject,Bite,Foraging,None|None|None,POINT,773.378,773.378,NA,,
IV_Sctaeniopterus_TP_2021-06-12_120133,6/25/2025 8:28,,/Users/aimeed/Desktop/BiteCounts/IV_Sctaeniopterus_TP_2021-06-12_120133_002.MP4,1215.98,23.98,No focal subject,Bite,Foraging,None|None|None,POINT,775.876,775.876,NA,,
IV_Sctaeniopterus_TP_2021-06-12_120133,6/25/2025 8:28,,/Users/aimeed/Desktop/BiteCounts/IV_Sctaeniopterus_TP_2021-06-12_120133_002.MP4,1215.98,23.98,No focal subject,Bite,Foraging,None|None|None,POINT,776.879,776.879,NA,,
IV_Sctaeniopterus_TP_2021-06-12_120133,6/25/2025 8:28,,/Users/aimeed/Desktop/BiteCounts/IV_Sctaeniopterus_TP_2021-06-12_120133_002.MP4,1215.98,23.98,No focal subject,Bite,Foraging,None|None|None,POINT,777.88,777.88,NA,,
IV_Sctaeniopterus_TP_2021-06-12_120133,6/25/2025 8:28,,/Users/aimeed/Desktop/BiteCounts/IV_Sctaeniopterus_TP_2021-06-12_120133_002.MP4,1215.98,23.98,No focal subject,Bite,Foraging,None|None|None,POINT,778.633,778.633,NA,,
IV_Sctaeniopterus_TP_2021-06-12_120133,6/25/2025 8:28,,/Users/aimeed/Desktop/BiteCounts/IV_Sctaeniopterus_TP_2021-06-12_120133_002.MP4,1215.98,23.98,No focal subject,Bite,Foraging,None|None|None,POINT,779.631,779.631,NA,,
IV_Sctaeniopterus_TP_2021-06-12_120133,6/25/2025 8:28,,/Users/aimeed/Desktop/BiteCounts/IV_Sctaeniopterus_TP_2021-06-12_120133_002.MP4,1215.98,23.98,No focal subject,Bite,Foraging,None|None|None,POINT,781.38,781.38,NA,,
IV_Sctaeniopterus_TP_2021-06-12_120133,6/25/2025 8:28,,/Users/aimeed/Desktop/BiteCounts/IV_Sctaeniopterus_TP_2021-06-12_120133_002.MP4,1215.98,23.98,No focal subject,Bite,Foraging,None|None|None,POINT,782.381,782.381,NA,,
IV_Sctaeniopterus_TP_2021-06-12_120133,6/25/2025 8:28,,/Users/aimeed/Desktop/BiteCounts/IV_Sctaeniopterus_TP_2021-06-12_120133_002.MP4,1215.98,23.98,No focal subject,Bite,Foraging,None|None|None,POINT,783.631,783.631,NA,,
IV_Sctaeniopterus_TP_2021-06-12_120133,6/25/2025 8:28,,/Users/aimeed/Desktop/BiteCounts/IV_Sctaeniopterus_TP_2021-06-12_120133_002.MP4,1215.98,23.98,No focal subject,Bite,Foraging,None|None|None,POINT,784.88,784.88,NA,,
IV_Sctaeniopterus_TP_2021-06-12_120133,6/25/2025 8:28,,/Users/aimeed/Desktop/BiteCounts/IV_Sctaeniopterus_TP_2021-06-12_120133_002.MP4,1215.98,23.98,No focal subject,Bite,Foraging,None|None|None,POINT,786.631,786.631,NA,,
IV_Sctaeniopterus_TP_2021-06-12_120133,6/25/2025 8:28,,/Users/aimeed/Desktop/BiteCounts/IV_Sctaeniopterus_TP_2021-06-12_120133_002.MP4,1215.98,23.98,No focal subject,Bite,Foraging,None|None|None,POINT,788.635,788.635,NA,,
IV_Sctaeniopterus_TP_2021-06-12_120133,6/25/2025 8:28,,/Users/aimeed/Desktop/BiteCounts/IV_Sctaeniopterus_TP_2021-06-12_120133_002.MP4,1215.98,23.98,No focal subject,Bite,Foraging,None|None|None,POINT,791.379,791.379,NA,,
IV_Sctaeniopterus_TP_2021-06-12_120133,6/25/2025 8:28,,/Users/aimeed/Desktop/BiteCounts/IV_Sctaeniopterus_TP_2021-06-12_120133_002.MP4,1215.98,23.98,No focal subject,Bite,Foraging,None|None|None,POINT,793.134,793.134,NA,,
IV_Sctaeniopterus_TP_2021-06-12_120133,6/25/2025 8:28,,/Users/aimeed/Desktop/BiteCounts/IV_Sctaeniopterus_TP_2021-06-12_120133_002.MP4,1215.98,23.98,No focal subject,Bite,Foraging,None|None|None,POINT,794.88,794.88,NA,,
IV_Sctaeniopterus_TP_2021-06-12_120133,6/25/2025 8:28,,/Users/aimeed/Desktop/BiteCounts/IV_Sctaeniopterus_TP_2021-06-12_120133_002.MP4,1215.98,23.98,No focal subject,Bite,Foraging,None|None|None,POINT,795.878,795.878,NA,,
IV_Sctaeniopterus_TP_2021-06-12_120133,6/25/2025 8:28,,/Users/aimeed/Desktop/BiteCounts/IV_Sctaeniopterus_TP_2021-06-12_120133_002.MP4,1215.98,23.98,No focal subject,Bite,Foraging,None|None|None,POINT,797.381,797.381,NA,,
IV_Sctaeniopterus_TP_2021-06-12_120133,6/25/2025 8:28,,/Users/aimeed/Desktop/BiteCounts/IV_Sctaeniopterus_TP_2021-06-12_120133_002.MP4,1215.98,23.98,No focal subject,Bite,Foraging,None|None|None,POINT,798.882,798.882,NA,,
IV_Sctaeniopterus_TP_2021-06-12_120133,6/25/2025 8:28,,/Users/aimeed/Desktop/BiteCounts/IV_Sctaeniopterus_TP_2021-06-12_120133_002.MP4,1215.98,23.98,No focal subject,Bite,Foraging,None|None|None,POINT,799.634,799.634,NA,,
IV_Sctaeniopterus_TP_2021-06-12_120133,6/25/2025 8:28,,/Users/aimeed/Desktop/BiteCounts/IV_Sctaeniopterus_TP_2021-06-12_120133_002.MP4,1215.98,23.98,No focal subject,Bite,Foraging,None|None|None,POINT,801.632,801.632,NA,,
IV_Sctaeniopterus_TP_2021-06-12_120133,6/25/2025 8:28,,/Users/aimeed/Desktop/BiteCounts/IV_Sctaeniopterus_TP_2021-06-12_120133_002.MP4,1215.98,23.98,No focal subject,Bite,Foraging,None|None|None,POINT,803.128,803.128,NA,,
IV_Sctaeniopterus_TP_2021-06-12_120133,6/25/2025 8:28,,/Users/aimeed/Desktop/BiteCounts/IV_Sctaeniopterus_TP_2021-06-12_120133_002.MP4,1215.98,23.98,No focal subject,Bite,Foraging,None|None|None,POINT,804.378,804.378,NA,,
IV_Sctaeniopterus_TP_2021-06-12_120133,6/25/2025 8:28,,/Users/aimeed/Desktop/BiteCounts/IV_Sctaeniopterus_TP_2021-06-12_120133_002.MP4,1215.98,23.98,No focal subject,Bite,Foraging,None|None|None,POINT,806.63,806.63,NA,,
IV_Sctaeniopterus_TP_2021-06-12_120133,6/25/2025 8:28,,/Users/aimeed/Desktop/BiteCounts/IV_Sctaeniopterus_TP_2021-06-12_120133_002.MP4,1215.98,23.98,No focal subject,Bite,Foraging,None|None|None,POINT,808.132,808.132,NA,,
IV_Sctaeniopterus_TP_2021-06-12_120133,6/25/2025 8:28,,/Users/aimeed/Desktop/BiteCounts/IV_Sctaeniopterus_TP_2021-06-12_120133_002.MP4,1215.98,23.98,No focal subject,Bite,Foraging,None|None|None,POINT,809.379,809.379,NA,,
IV_Sctaeniopterus_TP_2021-06-12_120133,6/25/2025 8:28,,/Users/aimeed/Desktop/BiteCounts/IV_Sctaeniopterus_TP_2021-06-12_120133_002.MP4,1215.98,23.98,No focal subject,Bite,Foraging,None|None|None,POINT,811.131,811.131,NA,,
IV_Sctaeniopterus_TP_2021-06-12_120133,6/25/2025 8:28,,/Users/aimeed/Desktop/BiteCounts/IV_Sctaeniopterus_TP_2021-06-12_120133_002.MP4,1215.98,23.98,No focal subject,Bite,Foraging,None|None|None,POINT,811.882,811.882,NA,,
IV_Sctaeniopterus_TP_2021-06-12_120133,6/25/2025 8:28,,/Users/aimeed/Desktop/BiteCounts/IV_Sctaeniopterus_TP_2021-06-12_120133_002.MP4,1215.98,23.98,No focal subject,Bite,Foraging,None|None|None,POINT,813.378,813.378,NA,,
IV_Sctaeniopterus_TP_2021-06-12_120133,6/25/2025 8:28,,/Users/aimeed/Desktop/BiteCounts/IV_Sctaeniopterus_TP_2021-06-12_120133_002.MP4,1215.98,23.98,No focal subject,Bite,Foraging,None|None|None,POINT,814.13,814.13,NA,,
IV_Sctaeniopterus_TP_2021-06-12_120133,6/25/2025 8:28,,/Users/aimeed/Desktop/BiteCounts/IV_Sctaeniopterus_TP_2021-06-12_120133_002.MP4,1215.98,23.98,No focal subject,Bite,Foraging,None|None|None,POINT,815.132,815.132,NA,,
IV_Sctaeniopterus_TP_2021-06-12_120133,6/25/2025 8:28,,/Users/aimeed/Desktop/BiteCounts/IV_Sctaeniopterus_TP_2021-06-12_120133_002.MP4,1215.98,23.98,No focal subject,Bite,Foraging,None|None|None,POINT,815.88,815.88,NA,,
IV_Sctaeniopterus_TP_2021-06-12_120133,6/25/2025 8:28,,/Users/aimeed/Desktop/BiteCounts/IV_Sctaeniopterus_TP_2021-06-12_120133_002.MP4,1215.98,23.98,No focal subject,Bite,Foraging,None|None|None,POINT,816.63,816.63,NA,,
IV_Sctaeniopterus_TP_2021-06-12_120133,6/25/2025 8:28,,/Users/aimeed/Desktop/BiteCounts/IV_Sctaeniopterus_TP_2021-06-12_120133_002.MP4,1215.98,23.98,No focal subject,Bite,Foraging,None|None|None,POINT,817.376,817.376,NA,,
IV_Sctaeniopterus_TP_2021-06-12_120133,6/25/2025 8:28,,/Users/aimeed/Desktop/BiteCounts/IV_Sctaeniopterus_TP_2021-06-12_120133_002.MP4,1215.98,23.98,No focal subject,Bite,Foraging,None|None|None,POINT,819.132,819.132,NA,,
IV_Sctaeniopterus_TP_2021-06-12_120133,6/25/2025 8:28,,/Users/aimeed/Desktop/BiteCounts/IV_Sctaeniopterus_TP_2021-06-12_120133_002.MP4,1215.98,23.98,No focal subject,Bite,Foraging,None|None|None,POINT,821.131,821.131,NA,,
IV_Sctaeniopterus_TP_2021-06-12_120133,6/25/2025 8:28,,/Users/aimeed/Desktop/BiteCounts/IV_Sctaeniopterus_TP_2021-06-12_120133_002.MP4,1215.98,23.98,No focal subject,Bite,Foraging,None|None|None,POINT,828.63,828.63,NA,,
IV_Sctaeniopterus_TP_2021-06-12_120133,6/25/2025 8:28,,/Users/aimeed/Desktop/BiteCounts/IV_Sctaeniopterus_TP_2021-06-12_120133_002.MP4,1215.98,23.98,No focal subject,Bite,Foraging,None|None|None,POINT,829.13,829.13,NA,,
IV_Sctaeniopterus_TP_2021-06-12_120133,6/25/2025 8:28,,/Users/aimeed/Desktop/BiteCounts/IV_Sctaeniopterus_TP_2021-06-12_120133_002.MP4,1215.98,23.98,No focal subject,Bite,Foraging,None|None|None,POINT,833.131,833.131,NA,,
IV_Sctaeniopterus_TP_2021-06-12_120133,6/25/2025 8:28,,/Users/aimeed/Desktop/BiteCounts/IV_Sctaeniopterus_TP_2021-06-12_120133_002.MP4,1215.98,23.98,No focal subject,Bite,Foraging,None|None|None,POINT,833.88,833.88,NA,,
IV_Sctaeniopterus_TP_2021-06-12_120133,6/25/2025 8:28,,/Users/aimeed/Desktop/BiteCounts/IV_Sctaeniopterus_TP_2021-06-12_120133_002.MP4,1215.98,23.98,No focal subject,Bite,Foraging,None|None|None,POINT,837.38,837.38,NA,,
IV_Sctaeniopterus_TP_2021-06-12_120133,6/25/2025 8:28,,/Users/aimeed/Desktop/BiteCounts/IV_Sctaeniopterus_TP_2021-06-12_120133_002.MP4,1215.98,23.98,No focal subject,Bite,Foraging,None|None|None,POINT,838.381,838.381,NA,,
IV_Sctaeniopterus_TP_2021-06-12_120133,6/25/2025 8:28,,/Users/aimeed/Desktop/BiteCounts/IV_Sctaeniopterus_TP_2021-06-12_120133_002.MP4,1215.98,23.98,No focal subject,Bite,Foraging,None|None|None,POINT,839.381,839.381,NA,,
IV_Sctaeniopterus_TP_2021-06-12_120133,6/25/2025 8:28,,/Users/aimeed/Desktop/BiteCounts/IV_Sctaeniopterus_TP_2021-06-12_120133_002.MP4,1215.98,23.98,No focal subject,Bite,Foraging,None|None|None,POINT,842.379,842.379,NA,,
IV_Sctaeniopterus_TP_2021-06-12_120133,6/25/2025 8:28,,/Users/aimeed/Desktop/BiteCounts/IV_Sctaeniopterus_TP_2021-06-12_120133_002.MP4,1215.98,23.98,No focal subject,Bite,Foraging,None|None|None,POINT,843.131,843.131,NA,,
IV_Sctaeniopterus_TP_2021-06-12_120133,6/25/2025 8:28,,/Users/aimeed/Desktop/BiteCounts/IV_Sctaeniopterus_TP_2021-06-12_120133_002.MP4,1215.98,23.98,No focal subject,Bite,Foraging,None|None|None,POINT,844.131,844.131,NA,,
IV_Sctaeniopterus_TP_2021-06-12_120133,6/25/2025 8:28,,/Users/aimeed/Desktop/BiteCounts/IV_Sctaeniopterus_TP_2021-06-12_120133_002.MP4,1215.98,23.98,No focal subject,Bite,Foraging,None|None|None,POINT,844.632,844.632,NA,,
IV_Sctaeniopterus_TP_2021-06-12_120133,6/25/2025 8:28,,/Users/aimeed/Desktop/BiteCounts/IV_Sctaeniopterus_TP_2021-06-12_120133_002.MP4,1215.98,23.98,No focal subject,Bite,Foraging,None|None|None,POINT,845.38,845.38,NA,,
IV_Sctaeniopterus_TP_2021-06-12_120133,6/25/2025 8:28,,/Users/aimeed/Desktop/BiteCounts/IV_Sctaeniopterus_TP_2021-06-12_120133_002.MP4,1215.98,23.98,No focal subject,Bite,Foraging,None|None|None,POINT,846.131,846.131,NA,,
IV_Sctaeniopterus_TP_2021-06-12_120133,6/25/2025 8:28,,/Users/aimeed/Desktop/BiteCounts/IV_Sctaeniopterus_TP_2021-06-12_120133_002.MP4,1215.98,23.98,No focal subject,Bite,Foraging,None|None|None,POINT,849.88,849.88,NA,,
IV_Sctaeniopterus_TP_2021-06-12_120133,6/25/2025 8:28,,/Users/aimeed/Desktop/BiteCounts/IV_Sctaeniopterus_TP_2021-06-12_120133_002.MP4,1215.98,23.98,No focal subject,Bite,Foraging,None|None|None,POINT,850.379,850.379,NA,,
IV_Sctaeniopterus_TP_2021-06-12_120133,6/25/2025 8:28,,/Users/aimeed/Desktop/BiteCounts/IV_Sctaeniopterus_TP_2021-06-12_120133_002.MP4,1215.98,23.98,No focal subject,Bite,Foraging,None|None|None,POINT,855.632,855.632,NA,,
IV_Sctaeniopterus_TP_2021-06-12_120133,6/25/2025 8:28,,/Users/aimeed/Desktop/BiteCounts/IV_Sctaeniopterus_TP_2021-06-12_120133_002.MP4,1215.98,23.98,No focal subject,Bite,Foraging,None|None|None,POINT,861.132,861.132,NA,,
IV_Sctaeniopterus_TP_2021-06-12_120133,6/25/2025 8:28,,/Users/aimeed/Desktop/BiteCounts/IV_Sctaeniopterus_TP_2021-06-12_120133_002.MP4,1215.98,23.98,No focal subject,Bite,Foraging,None|None|None,POINT,892.881,892.881,NA,,
IV_Sctaeniopterus_TP_2021-06-12_120133,6/25/2025 8:28,,/Users/aimeed/Desktop/BiteCounts/IV_Sctaeniopterus_TP_2021-06-12_120133_002.MP4,1215.98,23.98,No focal subject,Bite,Foraging,None|None|None,POINT,894.379,894.379,NA,,
IV_Sctaeniopterus_TP_2021-06-12_120133,6/25/2025 8:28,,/Users/aimeed/Desktop/BiteCounts/IV_Sctaeniopterus_TP_2021-06-12_120133_002.MP4,1215.98,23.98,No focal subject,Bite,Foraging,None|None|None,POINT,896.88,896.88,NA,,
IV_Sctaeniopterus_TP_2021-06-12_120133,6/25/2025 8:28,,/Users/aimeed/Desktop/BiteCounts/IV_Sctaeniopterus_TP_2021-06-12_120133_002.MP4,1215.98,23.98,No focal subject,Bite,Foraging,None|None|None,POINT,899.377,899.377,NA,,
IV_Sctaeniopterus_TP_2021-06-12_120133,6/25/2025 8:28,,/Users/aimeed/Desktop/BiteCounts/IV_Sctaeniopterus_TP_2021-06-12_120133_002.MP4,1215.98,23.98,No focal subject,Bite,Foraging,None|None|None,POINT,901.632,901.632,NA,,
IV_Sctaeniopterus_TP_2021-06-12_120133,6/25/2025 8:28,,/Users/aimeed/Desktop/BiteCounts/IV_Sctaeniopterus_TP_2021-06-12_120133_002.MP4,1215.98,23.98,No focal subject,Bite,Foraging,None|None|None,POINT,903.379,903.379,NA,,
IV_Sctaeniopterus_TP_2021-06-12_120133,6/25/2025 8:28,,/Users/aimeed/Desktop/BiteCounts/IV_Sctaeniopterus_TP_2021-06-12_120133_002.MP4,1215.98,23.98,No focal subject,Bite,Foraging,None|None|None,POINT,904.632,904.632,NA,,
IV_Sctaeniopterus_TP_2021-06-12_120133,6/25/2025 8:28,,/Users/aimeed/Desktop/BiteCounts/IV_Sctaeniopterus_TP_2021-06-12_120133_002.MP4,1215.98,23.98,No focal subject,Bite,Foraging,None|None|None,POINT,905.88,905.88,NA,,
IV_Sctaeniopterus_TP_2021-06-12_120133,6/25/2025 8:28,,/Users/aimeed/Desktop/BiteCounts/IV_Sctaeniopterus_TP_2021-06-12_120133_002.MP4,1215.98,23.98,No focal subject,Bite,Foraging,None|None|None,POINT,907.632,907.632,NA,,
IV_Sctaeniopterus_TP_2021-06-12_120133,6/25/2025 8:28,,/Users/aimeed/Desktop/BiteCounts/IV_Sctaeniopterus_TP_2021-06-12_120133_002.MP4,1215.98,23.98,No focal subject,Bite,Foraging,None|None|None,POINT,909.378,909.378,NA,,
IV_Sctaeniopterus_TP_2021-06-12_120133,6/25/2025 8:28,,/Users/aimeed/Desktop/BiteCounts/IV_Sctaeniopterus_TP_2021-06-12_120133_002.MP4,1215.98,23.98,No focal subject,Bite,Foraging,None|None|None,POINT,910.38,910.38,NA,,
IV_Sctaeniopterus_TP_2021-06-12_120133,6/25/2025 8:28,,/Users/aimeed/Desktop/BiteCounts/IV_Sctaeniopterus_TP_2021-06-12_120133_002.MP4,1215.98,23.98,No focal subject,Bite,Foraging,None|None|None,POINT,910.88,910.88,NA,,
IV_Sctaeniopterus_TP_2021-06-12_120133,6/25/2025 8:28,,/Users/aimeed/Desktop/BiteCounts/IV_Sctaeniopterus_TP_2021-06-12_120133_002.MP4,1215.98,23.98,No focal subject,Bite,Foraging,None|None|None,POINT,911.88,911.88,NA,,
IV_Sctaeniopterus_TP_2021-06-12_120133,6/25/2025 8:28,,/Users/aimeed/Desktop/BiteCounts/IV_Sctaeniopterus_TP_2021-06-12_120133_002.MP4,1215.98,23.98,No focal subject,Bite,Foraging,None|None|None,POINT,912.879,912.879,NA,,
IV_Sctaeniopterus_TP_2021-06-12_120133,6/25/2025 8:28,,/Users/aimeed/Desktop/BiteCounts/IV_Sctaeniopterus_TP_2021-06-12_120133_002.MP4,1215.98,23.98,No focal subject,Bite,Foraging,None|None|None,POINT,914.877,914.877,NA,,
IV_Sctaeniopterus_TP_2021-06-12_120133,6/25/2025 8:28,,/Users/aimeed/Desktop/BiteCounts/IV_Sctaeniopterus_TP_2021-06-12_120133_002.MP4,1215.98,23.98,No focal subject,Bite,Foraging,None|None|None,POINT,916.379,916.379,NA,,
IV_Sctaeniopterus_TP_2021-06-12_120133,6/25/2025 8:28,,/Users/aimeed/Desktop/BiteCounts/IV_Sctaeniopterus_TP_2021-06-12_120133_002.MP4,1215.98,23.98,No focal subject,Bite,Foraging,None|None|None,POINT,917.633,917.633,NA,,
IV_Sctaeniopterus_TP_2021-06-12_120133,6/25/2025 8:28,,/Users/aimeed/Desktop/BiteCounts/IV_Sctaeniopterus_TP_2021-06-12_120133_002.MP4,1215.98,23.98,No focal subject,Bite,Foraging,None|None|None,POINT,918.882,918.882,NA,,
IV_Sctaeniopterus_TP_2021-06-12_120133,6/25/2025 8:28,,/Users/aimeed/Desktop/BiteCounts/IV_Sctaeniopterus_TP_2021-06-12_120133_002.MP4,1215.98,23.98,No focal subject,Bite,Foraging,None|None|None,POINT,919.632,919.632,NA,,
IV_Sctaeniopterus_TP_2021-06-12_120133,6/25/2025 8:28,,/Users/aimeed/Desktop/BiteCounts/IV_Sctaeniopterus_TP_2021-06-12_120133_002.MP4,1215.98,23.98,No focal subject,Bite,Foraging,None|None|None,POINT,923.879,923.879,NA,,
IV_Sctaeniopterus_TP_2021-06-12_120133,6/25/2025 8:28,,/Users/aimeed/Desktop/BiteCounts/IV_Sctaeniopterus_TP_2021-06-12_120133_002.MP4,1215.98,23.98,No focal subject,Bite,Foraging,None|None|None,POINT,927.132,927.132,NA,,
IV_Sctaeniopterus_TP_2021-06-12_120133,6/25/2025 8:28,,/Users/aimeed/Desktop/BiteCounts/IV_Sctaeniopterus_TP_2021-06-12_120133_002.MP4,1215.98,23.98,No focal subject,Bite,Foraging,None|None|None,POINT,928.379,928.379,NA,,
IV_Sctaeniopterus_TP_2021-06-12_120133,6/25/2025 8:28,,/Users/aimeed/Desktop/BiteCounts/IV_Sctaeniopterus_TP_2021-06-12_120133_002.MP4,1215.98,23.98,No focal subject,Bite,Foraging,None|None|None,POINT,929.129,929.129,NA,,
IV_Sctaeniopterus_TP_2021-06-12_120133,6/25/2025 8:28,,/Users/aimeed/Desktop/BiteCounts/IV_Sctaeniopterus_TP_2021-06-12_120133_002.MP4,1215.98,23.98,No focal subject,Bite,Foraging,None|None|None,POINT,930.88,930.88,NA,,
IV_Sctaeniopterus_TP_2021-06-12_120133,6/25/2025 8:28,,/Users/aimeed/Desktop/BiteCounts/IV_Sctaeniopterus_TP_2021-06-12_120133_002.MP4,1215.98,23.98,No focal subject,Bite,Foraging,None|None|None,POINT,931.38,931.38,NA,,
IV_Sctaeniopterus_TP_2021-06-12_120133,6/25/2025 8:28,,/Users/aimeed/Desktop/BiteCounts/IV_Sctaeniopterus_TP_2021-06-12_120133_002.MP4,1215.98,23.98,No focal subject,Bite,Foraging,None|None|None,POINT,932.379,932.379,NA,,
IV_Sctaeniopterus_TP_2021-06-12_120133,6/25/2025 8:28,,/Users/aimeed/Desktop/BiteCounts/IV_Sctaeniopterus_TP_2021-06-12_120133_002.MP4,1215.98,23.98,No focal subject,Bite,Foraging,None|None|None,POINT,932.879,932.879,NA,,
IV_Sctaeniopterus_TP_2021-06-12_120133,6/25/2025 8:28,,/Users/aimeed/Desktop/BiteCounts/IV_Sctaeniopterus_TP_2021-06-12_120133_002.MP4,1215.98,23.98,No focal subject,Bite,Foraging,None|None|None,POINT,933.632,933.632,NA,,
IV_Sctaeniopterus_TP_2021-06-12_120133,6/25/2025 8:28,,/Users/aimeed/Desktop/BiteCounts/IV_Sctaeniopterus_TP_2021-06-12_120133_002.MP4,1215.98,23.98,No focal subject,Bite,Foraging,None|None|None,POINT,935.129,935.129,NA,,
IV_Sctaeniopterus_TP_2021-06-12_120133,6/25/2025 8:28,,/Users/aimeed/Desktop/BiteCounts/IV_Sctaeniopterus_TP_2021-06-12_120133_002.MP4,1215.98,23.98,No focal subject,Bite,Foraging,None|None|None,POINT,935.88,935.88,NA,,
IV_Sctaeniopterus_TP_2021-06-12_120133,6/25/2025 8:28,,/Users/aimeed/Desktop/BiteCounts/IV_Sctaeniopterus_TP_2021-06-12_120133_002.MP4,1215.98,23.98,No focal subject,Bite,Foraging,None|None|None,POINT,936.88,936.88,NA,,
IV_Sctaeniopterus_TP_2021-06-12_120133,6/25/2025 8:28,,/Users/aimeed/Desktop/BiteCounts/IV_Sctaeniopterus_TP_2021-06-12_120133_002.MP4,1215.98,23.98,No focal subject,Bite,Foraging,None|None|None,POINT,937.878,937.878,NA,,
IV_Sctaeniopterus_TP_2021-06-12_120133,6/25/2025 8:28,,/Users/aimeed/Desktop/BiteCounts/IV_Sctaeniopterus_TP_2021-06-12_120133_002.MP4,1215.98,23.98,No focal subject,Bite,Foraging,None|None|None,POINT,939.133,939.133,NA,,
IV_Sctaeniopterus_TP_2021-06-12_120133,6/25/2025 8:28,,/Users/aimeed/Desktop/BiteCounts/IV_Sctaeniopterus_TP_2021-06-12_120133_002.MP4,1215.98,23.98,No focal subject,Bite,Foraging,None|None|None,POINT,940.379,940.379,NA,,
IV_Sctaeniopterus_TP_2021-06-12_120133,6/25/2025 8:28,,/Users/aimeed/Desktop/BiteCounts/IV_Sctaeniopterus_TP_2021-06-12_120133_002.MP4,1215.98,23.98,No focal subject,Bite,Foraging,None|None|None,POINT,940.879,940.879,NA,,
IV_Sctaeniopterus_TP_2021-06-12_120133,6/25/2025 8:28,,/Users/aimeed/Desktop/BiteCounts/IV_Sctaeniopterus_TP_2021-06-12_120133_002.MP4,1215.98,23.98,No focal subject,Cleaning,Social Interactions,,STATE,946.608,948.856,2.248,,
IV_Sctaeniopterus_TP_2021-06-12_120133,6/25/2025 8:28,,/Users/aimeed/Desktop/BiteCounts/IV_Sctaeniopterus_TP_2021-06-12_120133_002.MP4,1215.98,23.98,No focal subject,Bite,Foraging,None|None|None,POINT,978.365,978.365,NA,,
IV_Sctaeniopterus_TP_2021-06-12_120133,6/25/2025 8:28,,/Users/aimeed/Desktop/BiteCounts/IV_Sctaeniopterus_TP_2021-06-12_120133_002.MP4,1215.98,23.98,No focal subject,Bite,Foraging,None|None|None,POINT,979.366,979.366,NA,,
IV_Sctaeniopterus_TP_2021-06-12_120133,6/25/2025 8:28,,/Users/aimeed/Desktop/BiteCounts/IV_Sctaeniopterus_TP_2021-06-12_120133_002.MP4,1215.98,23.98,No focal subject,Bite,Foraging,None|None|None,POINT,982.112,982.112,NA,,
IV_Sctaeniopterus_TP_2021-06-12_120133,6/25/2025 8:28,,/Users/aimeed/Desktop/BiteCounts/IV_Sctaeniopterus_TP_2021-06-12_120133_002.MP4,1215.98,23.98,No focal subject,Bite,Foraging,None|None|None,POINT,983.112,983.112,NA,,
IV_Sctaeniopterus_TP_2021-06-12_120133,6/25/2025 8:28,,/Users/aimeed/Desktop/BiteCounts/IV_Sctaeniopterus_TP_2021-06-12_120133_002.MP4,1215.98,23.98,No focal subject,Bite,Foraging,None|None|None,POINT,983.864,983.864,NA,,
IV_Sctaeniopterus_TP_2021-06-12_120133,6/25/2025 8:28,,/Users/aimeed/Desktop/BiteCounts/IV_Sctaeniopterus_TP_2021-06-12_120133_002.MP4,1215.98,23.98,No focal subject,Bite,Foraging,None|None|None,POINT,992.865,992.865,NA,,
IV_Sctaeniopterus_TP_2021-06-12_120133,6/25/2025 8:28,,/Users/aimeed/Desktop/BiteCounts/IV_Sctaeniopterus_TP_2021-06-12_120133_002.MP4,1215.98,23.98,No focal subject,Bite,Foraging,None|None|None,POINT,994.114,994.114,NA,,
IV_Sctaeniopterus_TP_2021-06-12_120133,6/25/2025 8:28,,/Users/aimeed/Desktop/BiteCounts/IV_Sctaeniopterus_TP_2021-06-12_120133_002.MP4,1215.98,23.98,No focal subject,Bite,Foraging,None|None|None,POINT,995.113,995.113,NA,,
IV_Sctaeniopterus_TP_2021-06-12_120133,6/25/2025 8:28,,/Users/aimeed/Desktop/BiteCounts/IV_Sctaeniopterus_TP_2021-06-12_120133_002.MP4,1215.98,23.98,No focal subject,Bite,Foraging,None|None|None,POINT,996.365,996.365,NA,,
IV_Sctaeniopterus_TP_2021-06-12_120133,6/25/2025 8:28,,/Users/aimeed/Desktop/BiteCounts/IV_Sctaeniopterus_TP_2021-06-12_120133_002.MP4,1215.98,23.98,No focal subject,Bite,Foraging,None|None|None,POINT,997.865,997.865,NA,,
IV_Sctaeniopterus_TP_2021-06-12_120133,6/25/2025 8:28,,/Users/aimeed/Desktop/BiteCounts/IV_Sctaeniopterus_TP_2021-06-12_120133_002.MP4,1215.98,23.98,No focal subject,Bite,Foraging,None|None|None,POINT,998.865,998.865,NA,,
IV_Sctaeniopterus_TP_2021-06-12_120133,6/25/2025 8:28,,/Users/aimeed/Desktop/BiteCounts/IV_Sctaeniopterus_TP_2021-06-12_120133_002.MP4,1215.98,23.98,No focal subject,Bite,Foraging,None|None|None,POINT,1000.365,1000.365,NA,,
IV_Sctaeniopterus_TP_2021-06-12_120133,6/25/2025 8:28,,/Users/aimeed/Desktop/BiteCounts/IV_Sctaeniopterus_TP_2021-06-12_120133_002.MP4,1215.98,23.98,No focal subject,Bite,Foraging,None|None|None,POINT,1001.11,1001.11,NA,,
IV_Sctaeniopterus_TP_2021-06-12_120133,6/25/2025 8:28,,/Users/aimeed/Desktop/BiteCounts/IV_Sctaeniopterus_TP_2021-06-12_120133_002.MP4,1215.98,23.98,No focal subject,Bite,Foraging,None|None|None,POINT,1001.613,1001.613,NA,,
IV_Sctaeniopterus_TP_2021-06-12_120133,6/25/2025 8:28,,/Users/aimeed/Desktop/BiteCounts/IV_Sctaeniopterus_TP_2021-06-12_120133_002.MP4,1215.98,23.98,No focal subject,Bite,Foraging,None|None|None,POINT,1002.116,1002.116,NA,,
IV_Sctaeniopterus_TP_2021-06-12_120133,6/25/2025 8:28,,/Users/aimeed/Desktop/BiteCounts/IV_Sctaeniopterus_TP_2021-06-12_120133_002.MP4,1215.98,23.98,No focal subject,Bite,Foraging,None|None|None,POINT,1002.863,1002.863,NA,,
IV_Sctaeniopterus_TP_2021-06-12_120133,6/25/2025 8:28,,/Users/aimeed/Desktop/BiteCounts/IV_Sctaeniopterus_TP_2021-06-12_120133_002.MP4,1215.98,23.98,No focal subject,Bite,Foraging,None|None|None,POINT,1003.61,1003.61,NA,,
IV_Sctaeniopterus_TP_2021-06-12_120133,6/25/2025 8:28,,/Users/aimeed/Desktop/BiteCounts/IV_Sctaeniopterus_TP_2021-06-12_120133_002.MP4,1215.98,23.98,No focal subject,Bite,Foraging,None|None|None,POINT,1004.363,1004.363,NA,,
IV_Sctaeniopterus_TP_2021-06-12_120133,6/25/2025 8:28,,/Users/aimeed/Desktop/BiteCounts/IV_Sctaeniopterus_TP_2021-06-12_120133_002.MP4,1215.98,23.98,No focal subject,Bite,Foraging,None|None|None,POINT,1005.112,1005.112,NA,,
IV_Sctaeniopterus_TP_2021-06-12_120133,6/25/2025 8:28,,/Users/aimeed/Desktop/BiteCounts/IV_Sctaeniopterus_TP_2021-06-12_120133_002.MP4,1215.98,23.98,No focal subject,Bite,Foraging,None|None|None,POINT,1008.362,1008.362,NA,,
IV_Sctaeniopterus_TP_2021-06-12_120133,6/25/2025 8:28,,/Users/aimeed/Desktop/BiteCounts/IV_Sctaeniopterus_TP_2021-06-12_120133_002.MP4,1215.98,23.98,No focal subject,Bite,Foraging,None|None|None,POINT,1010.364,1010.364,NA,,
IV_Sctaeniopterus_TP_2021-06-12_120133,6/25/2025 8:28,,/Users/aimeed/Desktop/BiteCounts/IV_Sctaeniopterus_TP_2021-06-12_120133_002.MP4,1215.98,23.98,No focal subject,Bite,Foraging,None|None|None,POINT,1011.112,1011.112,NA,,
IV_Sctaeniopterus_TP_2021-06-12_120133,6/25/2025 8:28,,/Users/aimeed/Desktop/BiteCounts/IV_Sctaeniopterus_TP_2021-06-12_120133_002.MP4,1215.98,23.98,No focal subject,Bite,Foraging,None|None|None,POINT,1011.359,1011.359,NA,,
IV_Sctaeniopterus_TP_2021-06-12_120133,6/25/2025 8:28,,/Users/aimeed/Desktop/BiteCounts/IV_Sctaeniopterus_TP_2021-06-12_120133_002.MP4,1215.98,23.98,No focal subject,Bite,Foraging,None|None|None,POINT,1012.613,1012.613,NA,,
IV_Sctaeniopterus_TP_2021-06-12_120133,6/25/2025 8:28,,/Users/aimeed/Desktop/BiteCounts/IV_Sctaeniopterus_TP_2021-06-12_120133_002.MP4,1215.98,23.98,No focal subject,Bite,Foraging,None|None|None,POINT,1014.36,1014.36,NA,,
IV_Sctaeniopterus_TP_2021-06-12_120133,6/25/2025 8:28,,/Users/aimeed/Desktop/BiteCounts/IV_Sctaeniopterus_TP_2021-06-12_120133_002.MP4,1215.98,23.98,No focal subject,Bite,Foraging,None|None|None,POINT,1015.112,1015.112,NA,,
IV_Sctaeniopterus_TP_2021-06-12_120133,6/25/2025 8:28,,/Users/aimeed/Desktop/BiteCounts/IV_Sctaeniopterus_TP_2021-06-12_120133_002.MP4,1215.98,23.98,No focal subject,Bite,Foraging,None|None|None,POINT,1015.866,1015.866,NA,,
IV_Sctaeniopterus_TP_2021-06-12_120133,6/25/2025 8:28,,/Users/aimeed/Desktop/BiteCounts/IV_Sctaeniopterus_TP_2021-06-12_120133_002.MP4,1215.98,23.98,No focal subject,Bite,Foraging,None|None|None,POINT,1016.613,1016.613,NA,,
IV_Sctaeniopterus_TP_2021-06-12_120133,6/25/2025 8:28,,/Users/aimeed/Desktop/BiteCounts/IV_Sctaeniopterus_TP_2021-06-12_120133_002.MP4,1215.98,23.98,No focal subject,Bite,Foraging,None|None|None,POINT,1017.862,1017.862,NA,,
IV_Sctaeniopterus_TP_2021-06-12_120133,6/25/2025 8:28,,/Users/aimeed/Desktop/BiteCounts/IV_Sctaeniopterus_TP_2021-06-12_120133_002.MP4,1215.98,23.98,No focal subject,Bite,Foraging,None|None|None,POINT,1018.611,1018.611,NA,,
IV_Sctaeniopterus_TP_2021-06-12_120133,6/25/2025 8:28,,/Users/aimeed/Desktop/BiteCounts/IV_Sctaeniopterus_TP_2021-06-12_120133_002.MP4,1215.98,23.98,No focal subject,Bite,Foraging,None|None|None,POINT,1019.611,1019.611,NA,,
IV_Sctaeniopterus_TP_2021-06-12_120133,6/25/2025 8:28,,/Users/aimeed/Desktop/BiteCounts/IV_Sctaeniopterus_TP_2021-06-12_120133_002.MP4,1215.98,23.98,No focal subject,Bite,Foraging,None|None|None,POINT,1020.61,1020.61,NA,,
IV_Sctaeniopterus_TP_2021-06-12_120133,6/25/2025 8:28,,/Users/aimeed/Desktop/BiteCounts/IV_Sctaeniopterus_TP_2021-06-12_120133_002.MP4,1215.98,23.98,No focal subject,Bite,Foraging,None|None|None,POINT,1021.364,1021.364,NA,,
IV_Sctaeniopterus_TP_2021-06-12_120133,6/25/2025 8:28,,/Users/aimeed/Desktop/BiteCounts/IV_Sctaeniopterus_TP_2021-06-12_120133_002.MP4,1215.98,23.98,No focal subject,Bite,Foraging,None|None|None,POINT,1022.613,1022.613,NA,,
IV_Sctaeniopterus_TP_2021-06-12_120133,6/25/2025 8:28,,/Users/aimeed/Desktop/BiteCounts/IV_Sctaeniopterus_TP_2021-06-12_120133_002.MP4,1215.98,23.98,No focal subject,Bite,Foraging,None|None|None,POINT,1024.865,1024.865,NA,,
IV_Sctaeniopterus_TP_2021-06-12_120133,6/25/2025 8:28,,/Users/aimeed/Desktop/BiteCounts/IV_Sctaeniopterus_TP_2021-06-12_120133_002.MP4,1215.98,23.98,No focal subject,Bite,Foraging,None|None|None,POINT,1026.114,1026.114,NA,,
IV_Sctaeniopterus_TP_2021-06-12_120133,6/25/2025 8:28,,/Users/aimeed/Desktop/BiteCounts/IV_Sctaeniopterus_TP_2021-06-12_120133_002.MP4,1215.98,23.98,No focal subject,Bite,Foraging,None|None|None,POINT,1027.614,1027.614,NA,,
IV_Sctaeniopterus_TP_2021-06-12_120133,6/25/2025 8:28,,/Users/aimeed/Desktop/BiteCounts/IV_Sctaeniopterus_TP_2021-06-12_120133_002.MP4,1215.98,23.98,No focal subject,Bite,Foraging,None|None|None,POINT,1028.867,1028.867,NA,,
IV_Sctaeniopterus_TP_2021-06-12_120133,6/25/2025 8:28,,/Users/aimeed/Desktop/BiteCounts/IV_Sctaeniopterus_TP_2021-06-12_120133_002.MP4,1215.98,23.98,No focal subject,Bite,Foraging,None|None|None,POINT,1051.364,1051.364,NA,,
IV_Sctaeniopterus_TP_2021-06-12_120133,6/25/2025 8:28,,/Users/aimeed/Desktop/BiteCounts/IV_Sctaeniopterus_TP_2021-06-12_120133_002.MP4,1215.98,23.98,No focal subject,Bite,Foraging,None|None|None,POINT,1054.111,1054.111,NA,,
IV_Sctaeniopterus_TP_2021-06-12_120133,6/25/2025 8:28,,/Users/aimeed/Desktop/BiteCounts/IV_Sctaeniopterus_TP_2021-06-12_120133_002.MP4,1215.98,23.98,No focal subject,Bite,Foraging,None|None|None,POINT,1055.114,1055.114,NA,,
IV_Sctaeniopterus_TP_2021-06-12_120133,6/25/2025 8:28,,/Users/aimeed/Desktop/BiteCounts/IV_Sctaeniopterus_TP_2021-06-12_120133_002.MP4,1215.98,23.98,No focal subject,Bite,Foraging,None|None|None,POINT,1056.366,1056.366,NA,,
IV_Sctaeniopterus_TP_2021-06-12_120133,6/25/2025 8:28,,/Users/aimeed/Desktop/BiteCounts/IV_Sctaeniopterus_TP_2021-06-12_120133_002.MP4,1215.98,23.98,No focal subject,Bite,Foraging,None|None|None,POINT,1058.364,1058.364,NA,,
IV_Sctaeniopterus_TP_2021-06-12_120133,6/25/2025 8:28,,/Users/aimeed/Desktop/BiteCounts/IV_Sctaeniopterus_TP_2021-06-12_120133_002.MP4,1215.98,23.98,No focal subject,Bite,Foraging,None|None|None,POINT,1059.364,1059.364,NA,,
IV_Sctaeniopterus_TP_2021-06-12_120133,6/25/2025 8:28,,/Users/aimeed/Desktop/BiteCounts/IV_Sctaeniopterus_TP_2021-06-12_120133_002.MP4,1215.98,23.98,No focal subject,Bite,Foraging,None|None|None,POINT,1060.612,1060.612,NA,,
IV_Sctaeniopterus_TP_2021-06-12_120133,6/25/2025 8:28,,/Users/aimeed/Desktop/BiteCounts/IV_Sctaeniopterus_TP_2021-06-12_120133_002.MP4,1215.98,23.98,No focal subject,Bite,Foraging,None|None|None,POINT,1061.611,1061.611,NA,,
IV_Sctaeniopterus_TP_2021-06-12_120133,6/25/2025 8:28,,/Users/aimeed/Desktop/BiteCounts/IV_Sctaeniopterus_TP_2021-06-12_120133_002.MP4,1215.98,23.98,No focal subject,Bite,Foraging,None|None|None,POINT,1063.113,1063.113,NA,,
IV_Sctaeniopterus_TP_2021-06-12_120133,6/25/2025 8:28,,/Users/aimeed/Desktop/BiteCounts/IV_Sctaeniopterus_TP_2021-06-12_120133_002.MP4,1215.98,23.98,No focal subject,Bite,Foraging,None|None|None,POINT,1067.112,1067.112,NA,,
IV_Sctaeniopterus_TP_2021-06-12_120133,6/25/2025 8:28,,/Users/aimeed/Desktop/BiteCounts/IV_Sctaeniopterus_TP_2021-06-12_120133_002.MP4,1215.98,23.98,No focal subject,Bite,Foraging,None|None|None,POINT,1070.114,1070.114,NA,,
IV_Sctaeniopterus_TP_2021-06-12_120133,6/25/2025 8:28,,/Users/aimeed/Desktop/BiteCounts/IV_Sctaeniopterus_TP_2021-06-12_120133_002.MP4,1215.98,23.98,No focal subject,Bite,Foraging,None|None|None,POINT,1071.613,1071.613,NA,,
IV_Sctaeniopterus_TP_2021-06-12_120133,6/25/2025 8:28,,/Users/aimeed/Desktop/BiteCounts/IV_Sctaeniopterus_TP_2021-06-12_120133_002.MP4,1215.98,23.98,No focal subject,Bite,Foraging,None|None|None,POINT,1073.864,1073.864,NA,,
IV_Sctaeniopterus_TP_2021-06-12_120133,6/25/2025 8:28,,/Users/aimeed/Desktop/BiteCounts/IV_Sctaeniopterus_TP_2021-06-12_120133_002.MP4,1215.98,23.98,No focal subject,Bite,Foraging,None|None|None,POINT,1075.868,1075.868,NA,,
IV_Sctaeniopterus_TP_2021-06-12_120133,6/25/2025 8:28,,/Users/aimeed/Desktop/BiteCounts/IV_Sctaeniopterus_TP_2021-06-12_120133_002.MP4,1215.98,23.98,No focal subject,Bite,Foraging,None|None|None,POINT,1077.614,1077.614,NA,,
IV_Sctaeniopterus_TP_2021-06-12_120133,6/25/2025 8:28,,/Users/aimeed/Desktop/BiteCounts/IV_Sctaeniopterus_TP_2021-06-12_120133_002.MP4,1215.98,23.98,No focal subject,Bite,Foraging,None|None|None,POINT,1079.863,1079.863,NA,,
IV_Sctaeniopterus_TP_2021-06-12_120133,6/25/2025 8:28,,/Users/aimeed/Desktop/BiteCounts/IV_Sctaeniopterus_TP_2021-06-12_120133_002.MP4,1215.98,23.98,No focal subject,Bite,Foraging,None|None|None,POINT,1081.366,1081.366,NA,,
IV_Sctaeniopterus_TP_2021-06-12_120133,6/25/2025 8:28,,/Users/aimeed/Desktop/BiteCounts/IV_Sctaeniopterus_TP_2021-06-12_120133_002.MP4,1215.98,23.98,No focal subject,Bite,Foraging,None|None|None,POINT,1123.363,1123.363,NA,,
IV_Sctaeniopterus_TP_2021-06-12_120133,6/25/2025 8:28,,/Users/aimeed/Desktop/BiteCounts/IV_Sctaeniopterus_TP_2021-06-12_120133_002.MP4,1215.98,23.98,No focal subject,Bite,Foraging,None|None|None,POINT,1125.61,1125.61,NA,,
IV_Sctaeniopterus_TP_2021-06-12_120133,6/25/2025 8:28,,/Users/aimeed/Desktop/BiteCounts/IV_Sctaeniopterus_TP_2021-06-12_120133_002.MP4,1215.98,23.98,No focal subject,Bite,Foraging,None|None|None,POINT,1126.612,1126.612,NA,,
IV_Sctaeniopterus_TP_2021-06-12_120133,6/25/2025 8:28,,/Users/aimeed/Desktop/BiteCounts/IV_Sctaeniopterus_TP_2021-06-12_120133_002.MP4,1215.98,23.98,No focal subject,Bite,Foraging,None|None|None,POINT,1128.111,1128.111,NA,,
IV_Sctaeniopterus_TP_2021-06-12_120133,6/25/2025 8:28,,/Users/aimeed/Desktop/BiteCounts/IV_Sctaeniopterus_TP_2021-06-12_120133_002.MP4,1215.98,23.98,No focal subject,Bite,Foraging,None|None|None,POINT,1136.366,1136.366,NA,,
IV_Sctaeniopterus_TP_2021-06-12_120133,6/25/2025 8:28,,/Users/aimeed/Desktop/BiteCounts/IV_Sctaeniopterus_TP_2021-06-12_120133_002.MP4,1215.98,23.98,No focal subject,Bite,Foraging,None|None|None,POINT,1137.363,1137.363,NA,,
IV_Sctaeniopterus_TP_2021-06-12_120133,6/25/2025 8:28,,/Users/aimeed/Desktop/BiteCounts/IV_Sctaeniopterus_TP_2021-06-12_120133_002.MP4,1215.98,23.98,No focal subject,Bite,Foraging,None|None|None,POINT,1152.367,1152.367,NA,,
IV_Sctaeniopterus_TP_2021-06-12_120133,6/25/2025 8:28,,/Users/aimeed/Desktop/BiteCounts/IV_Sctaeniopterus_TP_2021-06-12_120133_002.MP4,1215.98,23.98,No focal subject,Bite,Foraging,None|None|None,POINT,1157.866,1157.866,NA,,
IV_Sctaeniopterus_TP_2021-06-12_120133,6/25/2025 8:28,,/Users/aimeed/Desktop/BiteCounts/IV_Sctaeniopterus_TP_2021-06-12_120133_002.MP4,1215.98,23.98,No focal subject,Bite,Foraging,None|None|None,POINT,1160.362,1160.362,NA,,
IV_Sctaeniopterus_TP_2021-06-12_120133,6/25/2025 8:28,,/Users/aimeed/Desktop/BiteCounts/IV_Sctaeniopterus_TP_2021-06-12_120133_002.MP4,1215.98,23.98,No focal subject,Bite,Foraging,None|None|None,POINT,1162.112,1162.112,NA,,
IV_Sctaeniopterus_TP_2021-06-12_120133,6/25/2025 8:28,,/Users/aimeed/Desktop/BiteCounts/IV_Sctaeniopterus_TP_2021-06-12_120133_002.MP4,1215.98,23.98,No focal subject,Bite,Foraging,None|None|None,POINT,1163.112,1163.112,NA,,
IV_Sctaeniopterus_TP_2021-06-12_120133,6/25/2025 8:28,,/Users/aimeed/Desktop/BiteCounts/IV_Sctaeniopterus_TP_2021-06-12_120133_002.MP4,1215.98,23.98,No focal subject,Bite,Foraging,None|None|None,POINT,1165.364,1165.364,NA,,
IV_Sctaeniopterus_TP_2021-06-12_120133,6/25/2025 8:28,,/Users/aimeed/Desktop/BiteCounts/IV_Sctaeniopterus_TP_2021-06-12_120133_002.MP4,1215.98,23.98,No focal subject,Bite,Foraging,None|None|None,POINT,1166.61,1166.61,NA,,
IV_Sctaeniopterus_TP_2021-06-12_120133,6/25/2025 8:28,,/Users/aimeed/Desktop/BiteCounts/IV_Sctaeniopterus_TP_2021-06-12_120133_002.MP4,1215.98,23.98,No focal subject,Bite,Foraging,None|None|None,POINT,1167.364,1167.364,NA,,
IV_Sctaeniopterus_TP_2021-06-12_120133,6/25/2025 8:28,,/Users/aimeed/Desktop/BiteCounts/IV_Sctaeniopterus_TP_2021-06-12_120133_002.MP4,1215.98,23.98,No focal subject,Bite,Foraging,None|None|None,POINT,1172.864,1172.864,NA,,
IV_Sctaeniopterus_TP_2021-06-12_120133,6/25/2025 8:28,,/Users/aimeed/Desktop/BiteCounts/IV_Sctaeniopterus_TP_2021-06-12_120133_002.MP4,1215.98,23.98,No focal subject,Bite,Foraging,None|None|None,POINT,1174.111,1174.111,NA,,
IV_Sctaeniopterus_TP_2021-06-12_120133,6/25/2025 8:28,,/Users/aimeed/Desktop/BiteCounts/IV_Sctaeniopterus_TP_2021-06-12_120133_002.MP4,1215.98,23.98,No focal subject,Bite,Foraging,None|None|None,POINT,1174.612,1174.612,NA,,
IV_Sctaeniopterus_TP_2021-06-12_120133,6/25/2025 8:28,,/Users/aimeed/Desktop/BiteCounts/IV_Sctaeniopterus_TP_2021-06-12_120133_002.MP4,1215.98,23.98,No focal subject,Bite,Foraging,None|None|None,POINT,1175.862,1175.862,NA,,
IV_Sctaeniopterus_TP_2021-06-12_120133,6/25/2025 8:28,,/Users/aimeed/Desktop/BiteCounts/IV_Sctaeniopterus_TP_2021-06-12_120133_002.MP4,1215.98,23.98,No focal subject,Bite,Foraging,None|None|None,POINT,1177.359,1177.359,NA,,
IV_Sctaeniopterus_TP_2021-06-12_120133,6/25/2025 8:28,,/Users/aimeed/Desktop/BiteCounts/IV_Sctaeniopterus_TP_2021-06-12_120133_002.MP4,1215.98,23.98,No focal subject,Bite,Foraging,None|None|None,POINT,1178.362,1178.362,NA,,
IV_Sctaeniopterus_TP_2021-06-12_120133,6/25/2025 8:28,,/Users/aimeed/Desktop/BiteCounts/IV_Sctaeniopterus_TP_2021-06-12_120133_002.MP4,1215.98,23.98,No focal subject,Bite,Foraging,None|None|None,POINT,1180.866,1180.866,NA,,
IV_Sctaeniopterus_TP_2021-06-12_120133,6/25/2025 8:28,,/Users/aimeed/Desktop/BiteCounts/IV_Sctaeniopterus_TP_2021-06-12_120133_002.MP4,1215.98,23.98,No focal subject,Bite,Foraging,None|None|None,POINT,1181.865,1181.865,NA,,
IV_Sctaeniopterus_TP_2021-06-12_120133,6/25/2025 8:28,,/Users/aimeed/Desktop/BiteCounts/IV_Sctaeniopterus_TP_2021-06-12_120133_002.MP4,1215.98,23.98,No focal subject,Bite,Foraging,None|None|None,POINT,1187.612,1187.612,NA,,
IV_Sctaeniopterus_TP_2021-06-12_120133,6/25/2025 8:28,,/Users/aimeed/Desktop/BiteCounts/IV_Sctaeniopterus_TP_2021-06-12_120133_002.MP4,1215.98,23.98,No focal subject,Bite,Foraging,None|None|None,POINT,1189.112,1189.112,NA,,
IV_Sctaeniopterus_TP_2021-06-12_120133,6/25/2025 8:28,,/Users/aimeed/Desktop/BiteCounts/IV_Sctaeniopterus_TP_2021-06-12_120133_002.MP4,1215.98,23.98,No focal subject,Bite,Foraging,None|None|None,POINT,1190.863,1190.863,NA,,
IV_Sctaeniopterus_TP_2021-06-12_120133,6/25/2025 8:28,,/Users/aimeed/Desktop/BiteCounts/IV_Sctaeniopterus_TP_2021-06-12_120133_002.MP4,1215.98,23.98,No focal subject,Watch Time,Time Keeping,120131,POINT,1212.375,1212.375,NA,,
