Observation id,Observation date,Description,Media file,Total length,FPS,Subject,Behavior,Behavioral category,Modifiers,Behavior type,Start (s),Stop (s),Duration (s),Comment start,Comment stop
IV_Sctaeniopterus_TP_2021-06-12_122722,6/25/2025 10:23,,/Users/aimeed/Desktop/BiteCounts/IV_Sctaeniopterus_TP_2021-06-12_122722_001.MP4,1203.1,23.98,No focal subject,Watch Time,Time Keeping,120709,POINT,0.419,0.419,NA,,
IV_Sctaeniopterus_TP_2021-06-12_122722,6/25/2025 10:23,,/Users/aimeed/Desktop/BiteCounts/IV_Sctaeniopterus_TP_2021-06-12_122722_001.MP4,1203.1,23.98,No focal subject,START/STOP,Time Keeping,,STATE,4.416,1198.585,1194.169,,
IV_Sctaeniopterus_TP_2021-06-12_122722,6/25/2025 10:23,,/Users/aimeed/Desktop/BiteCounts/IV_Sctaeniopterus_TP_2021-06-12_122722_001.MP4,1203.1,23.98,No focal subject,Bite,Foraging,None|None|None,POINT,16.412,16.412,NA,,
IV_Sctaeniopterus_TP_2021-06-12_122722,6/25/2025 10:23,,/Users/aimeed/Desktop/BiteCounts/IV_Sctaeniopterus_TP_2021-06-12_122722_001.MP4,1203.1,23.98,No focal subject,Bite,Foraging,None|None|None,POINT,22.412,22.412,NA,,
IV_Sctaeniopterus_TP_2021-06-12_122722,6/25/2025 10:23,,/Users/aimeed/Desktop/BiteCounts/IV_Sctaeniopterus_TP_2021-06-12_122722_001.MP4,1203.1,23.98,No focal subject,Bite,Foraging,None|None|None,POINT,24.413,24.413,NA,,
IV_Sctaeniopterus_TP_2021-06-12_122722,6/25/2025 10:23,,/Users/aimeed/Desktop/BiteCounts/IV_Sctaeniopterus_TP_2021-06-12_122722_001.MP4,1203.1,23.98,No focal subject,Bite,Foraging,None|None|None,POINT,24.913,24.913,NA,,
IV_Sctaeniopterus_TP_2021-06-12_122722,6/25/2025 10:23,,/Users/aimeed/Desktop/BiteCounts/IV_Sctaeniopterus_TP_2021-06-12_122722_001.MP4,1203.1,23.98,No focal subject,Bite,Foraging,None|None|None,POINT,25.918,25.918,NA,,
IV_Sctaeniopterus_TP_2021-06-12_122722,6/25/2025 10:23,,/Users/aimeed/Desktop/BiteCounts/IV_Sctaeniopterus_TP_2021-06-12_122722_001.MP4,1203.1,23.98,No focal subject,Bite,Foraging,None|None|None,POINT,26.914,26.914,NA,,
IV_Sctaeniopterus_TP_2021-06-12_122722,6/25/2025 10:23,,/Users/aimeed/Desktop/BiteCounts/IV_Sctaeniopterus_TP_2021-06-12_122722_001.MP4,1203.1,23.98,No focal subject,Bite,Foraging,None|None|None,POINT,27.916,27.916,NA,,
IV_Sctaeniopterus_TP_2021-06-12_122722,6/25/2025 10:23,,/Users/aimeed/Desktop/BiteCounts/IV_Sctaeniopterus_TP_2021-06-12_122722_001.MP4,1203.1,23.98,No focal subject,Bite,Foraging,None|None|None,POINT,28.66,28.66,NA,,
IV_Sctaeniopterus_TP_2021-06-12_122722,6/25/2025 10:23,,/Users/aimeed/Desktop/BiteCounts/IV_Sctaeniopterus_TP_2021-06-12_122722_001.MP4,1203.1,23.98,No focal subject,Bite,Foraging,None|None|None,POINT,39.915,39.915,NA,,
IV_Sctaeniopterus_TP_2021-06-12_122722,6/25/2025 10:23,,/Users/aimeed/Desktop/BiteCounts/IV_Sctaeniopterus_TP_2021-06-12_122722_001.MP4,1203.1,23.98,No focal subject,Bite,Foraging,None|None|None,POINT,40.915,40.915,NA,,
IV_Sctaeniopterus_TP_2021-06-12_122722,6/25/2025 10:23,,/Users/aimeed/Desktop/BiteCounts/IV_Sctaeniopterus_TP_2021-06-12_122722_001.MP4,1203.1,23.98,No focal subject,Bite,Foraging,None|None|None,POINT,42.418,42.418,NA,,
IV_Sctaeniopterus_TP_2021-06-12_122722,6/25/2025 10:23,,/Users/aimeed/Desktop/BiteCounts/IV_Sctaeniopterus_TP_2021-06-12_122722_001.MP4,1203.1,23.98,No focal subject,Bite,Foraging,None|None|None,POINT,43.415,43.415,NA,,
IV_Sctaeniopterus_TP_2021-06-12_122722,6/25/2025 10:23,,/Users/aimeed/Desktop/BiteCounts/IV_Sctaeniopterus_TP_2021-06-12_122722_001.MP4,1203.1,23.98,No focal subject,Bite,Foraging,None|None|None,POINT,48.916,48.916,NA,,
IV_Sctaeniopterus_TP_2021-06-12_122722,6/25/2025 10:23,,/Users/aimeed/Desktop/BiteCounts/IV_Sctaeniopterus_TP_2021-06-12_122722_001.MP4,1203.1,23.98,No focal subject,Bite,Foraging,None|None|None,POINT,49.412,49.412,NA,,
IV_Sctaeniopterus_TP_2021-06-12_122722,6/25/2025 10:23,,/Users/aimeed/Desktop/BiteCounts/IV_Sctaeniopterus_TP_2021-06-12_122722_001.MP4,1203.1,23.98,No focal subject,Bite,Foraging,None|None|None,POINT,50.415,50.415,NA,,
IV_Sctaeniopterus_TP_2021-06-12_122722,6/25/2025 10:23,,/Users/aimeed/Desktop/BiteCounts/IV_Sctaeniopterus_TP_2021-06-12_122722_001.MP4,1203.1,23.98,No focal subject,Bite,Foraging,None|None|None,POINT,55.415,55.415,NA,,
IV_Sctaeniopterus_TP_2021-06-12_122722,6/25/2025 10:23,,/Users/aimeed/Desktop/BiteCounts/IV_Sctaeniopterus_TP_2021-06-12_122722_001.MP4,1203.1,23.98,No focal subject,Bite,Foraging,None|None|None,POINT,55.915,55.915,NA,,
IV_Sctaeniopterus_TP_2021-06-12_122722,6/25/2025 10:23,,/Users/aimeed/Desktop/BiteCounts/IV_Sctaeniopterus_TP_2021-06-12_122722_001.MP4,1203.1,23.98,No focal subject,Bite,Foraging,None|None|None,POINT,56.916,56.916,NA,,
IV_Sctaeniopterus_TP_2021-06-12_122722,6/25/2025 10:23,,/Users/aimeed/Desktop/BiteCounts/IV_Sctaeniopterus_TP_2021-06-12_122722_001.MP4,1203.1,23.98,No focal subject,Bite,Foraging,None|None|None,POINT,57.412,57.412,NA,,
IV_Sctaeniopterus_TP_2021-06-12_122722,6/25/2025 10:23,,/Users/aimeed/Desktop/BiteCounts/IV_Sctaeniopterus_TP_2021-06-12_122722_001.MP4,1203.1,23.98,No focal subject,Bite,Foraging,None|None|None,POINT,58.416,58.416,NA,,
IV_Sctaeniopterus_TP_2021-06-12_122722,6/25/2025 10:23,,/Users/aimeed/Desktop/BiteCounts/IV_Sctaeniopterus_TP_2021-06-12_122722_001.MP4,1203.1,23.98,No focal subject,Bite,Foraging,None|None|None,POINT,59.915,59.915,NA,,
IV_Sctaeniopterus_TP_2021-06-12_122722,6/25/2025 10:23,,/Users/aimeed/Desktop/BiteCounts/IV_Sctaeniopterus_TP_2021-06-12_122722_001.MP4,1203.1,23.98,No focal subject,Bite,Foraging,None|None|None,POINT,60.662,60.662,NA,,
IV_Sctaeniopterus_TP_2021-06-12_122722,6/25/2025 10:23,,/Users/aimeed/Desktop/BiteCounts/IV_Sctaeniopterus_TP_2021-06-12_122722_001.MP4,1203.1,23.98,No focal subject,Bite,Foraging,None|None|None,POINT,62.161,62.161,NA,,
IV_Sctaeniopterus_TP_2021-06-12_122722,6/25/2025 10:23,,/Users/aimeed/Desktop/BiteCounts/IV_Sctaeniopterus_TP_2021-06-12_122722_001.MP4,1203.1,23.98,No focal subject,Bite,Foraging,None|None|None,POINT,70.914,70.914,NA,,
IV_Sctaeniopterus_TP_2021-06-12_122722,6/25/2025 10:23,,/Users/aimeed/Desktop/BiteCounts/IV_Sctaeniopterus_TP_2021-06-12_122722_001.MP4,1203.1,23.98,No focal subject,Bite,Foraging,None|None|None,POINT,73.419,73.419,NA,,
IV_Sctaeniopterus_TP_2021-06-12_122722,6/25/2025 10:23,,/Users/aimeed/Desktop/BiteCounts/IV_Sctaeniopterus_TP_2021-06-12_122722_001.MP4,1203.1,23.98,No focal subject,Bite,Foraging,None|None|None,POINT,77.916,77.916,NA,,
IV_Sctaeniopterus_TP_2021-06-12_122722,6/25/2025 10:23,,/Users/aimeed/Desktop/BiteCounts/IV_Sctaeniopterus_TP_2021-06-12_122722_001.MP4,1203.1,23.98,No focal subject,Bite,Foraging,None|None|None,POINT,79.163,79.163,NA,,
IV_Sctaeniopterus_TP_2021-06-12_122722,6/25/2025 10:23,,/Users/aimeed/Desktop/BiteCounts/IV_Sctaeniopterus_TP_2021-06-12_122722_001.MP4,1203.1,23.98,No focal subject,Bite,Foraging,None|None|None,POINT,79.412,79.412,NA,,
IV_Sctaeniopterus_TP_2021-06-12_122722,6/25/2025 10:23,,/Users/aimeed/Desktop/BiteCounts/IV_Sctaeniopterus_TP_2021-06-12_122722_001.MP4,1203.1,23.98,No focal subject,Bite,Foraging,None|None|None,POINT,80.912,80.912,NA,,
IV_Sctaeniopterus_TP_2021-06-12_122722,6/25/2025 10:23,,/Users/aimeed/Desktop/BiteCounts/IV_Sctaeniopterus_TP_2021-06-12_122722_001.MP4,1203.1,23.98,No focal subject,Bite,Foraging,None|None|None,POINT,82.163,82.163,NA,,
IV_Sctaeniopterus_TP_2021-06-12_122722,6/25/2025 10:23,,/Users/aimeed/Desktop/BiteCounts/IV_Sctaeniopterus_TP_2021-06-12_122722_001.MP4,1203.1,23.98,No focal subject,Bite,Foraging,None|None|None,POINT,83.415,83.415,NA,,
IV_Sctaeniopterus_TP_2021-06-12_122722,6/25/2025 10:23,,/Users/aimeed/Desktop/BiteCounts/IV_Sctaeniopterus_TP_2021-06-12_122722_001.MP4,1203.1,23.98,No focal subject,Bite,Foraging,None|None|None,POINT,88.414,88.414,NA,,
IV_Sctaeniopterus_TP_2021-06-12_122722,6/25/2025 10:23,,/Users/aimeed/Desktop/BiteCounts/IV_Sctaeniopterus_TP_2021-06-12_122722_001.MP4,1203.1,23.98,No focal subject,Bite,Foraging,None|None|None,POINT,89.417,89.417,NA,,
IV_Sctaeniopterus_TP_2021-06-12_122722,6/25/2025 10:23,,/Users/aimeed/Desktop/BiteCounts/IV_Sctaeniopterus_TP_2021-06-12_122722_001.MP4,1203.1,23.98,No focal subject,Bite,Foraging,None|None|None,POINT,124.915,124.915,NA,,
IV_Sctaeniopterus_TP_2021-06-12_122722,6/25/2025 10:23,,/Users/aimeed/Desktop/BiteCounts/IV_Sctaeniopterus_TP_2021-06-12_122722_001.MP4,1203.1,23.98,No focal subject,Bite,Foraging,None|None|None,POINT,127.914,127.914,NA,,
IV_Sctaeniopterus_TP_2021-06-12_122722,6/25/2025 10:23,,/Users/aimeed/Desktop/BiteCounts/IV_Sctaeniopterus_TP_2021-06-12_122722_001.MP4,1203.1,23.98,No focal subject,Bite,Foraging,None|None|None,POINT,128.916,128.916,NA,,
IV_Sctaeniopterus_TP_2021-06-12_122722,6/25/2025 10:23,,/Users/aimeed/Desktop/BiteCounts/IV_Sctaeniopterus_TP_2021-06-12_122722_001.MP4,1203.1,23.98,No focal subject,Bite,Foraging,None|None|None,POINT,130.16,130.16,NA,,
IV_Sctaeniopterus_TP_2021-06-12_122722,6/25/2025 10:23,,/Users/aimeed/Desktop/BiteCounts/IV_Sctaeniopterus_TP_2021-06-12_122722_001.MP4,1203.1,23.98,No focal subject,Bite,Foraging,None|None|None,POINT,136.416,136.416,NA,,
IV_Sctaeniopterus_TP_2021-06-12_122722,6/25/2025 10:23,,/Users/aimeed/Desktop/BiteCounts/IV_Sctaeniopterus_TP_2021-06-12_122722_001.MP4,1203.1,23.98,No focal subject,Bite,Foraging,None|None|None,POINT,137.416,137.416,NA,,
IV_Sctaeniopterus_TP_2021-06-12_122722,6/25/2025 10:23,,/Users/aimeed/Desktop/BiteCounts/IV_Sctaeniopterus_TP_2021-06-12_122722_001.MP4,1203.1,23.98,No focal subject,Bite,Foraging,None|None|None,POINT,138.415,138.415,NA,,
IV_Sctaeniopterus_TP_2021-06-12_122722,6/25/2025 10:23,,/Users/aimeed/Desktop/BiteCounts/IV_Sctaeniopterus_TP_2021-06-12_122722_001.MP4,1203.1,23.98,No focal subject,Bite,Foraging,None|None|None,POINT,139.415,139.415,NA,,
IV_Sctaeniopterus_TP_2021-06-12_122722,6/25/2025 10:23,,/Users/aimeed/Desktop/BiteCounts/IV_Sctaeniopterus_TP_2021-06-12_122722_001.MP4,1203.1,23.98,No focal subject,Bite,Foraging,None|None|None,POINT,140.416,140.416,NA,,
IV_Sctaeniopterus_TP_2021-06-12_122722,6/25/2025 10:23,,/Users/aimeed/Desktop/BiteCounts/IV_Sctaeniopterus_TP_2021-06-12_122722_001.MP4,1203.1,23.98,No focal subject,Bite,Foraging,None|None|None,POINT,141.415,141.415,NA,,
IV_Sctaeniopterus_TP_2021-06-12_122722,6/25/2025 10:23,,/Users/aimeed/Desktop/BiteCounts/IV_Sctaeniopterus_TP_2021-06-12_122722_001.MP4,1203.1,23.98,No focal subject,Bite,Foraging,None|None|None,POINT,142.413,142.413,NA,,
IV_Sctaeniopterus_TP_2021-06-12_122722,6/25/2025 10:23,,/Users/aimeed/Desktop/BiteCounts/IV_Sctaeniopterus_TP_2021-06-12_122722_001.MP4,1203.1,23.98,No focal subject,Bite,Foraging,None|None|None,POINT,143.915,143.915,NA,,
IV_Sctaeniopterus_TP_2021-06-12_122722,6/25/2025 10:23,,/Users/aimeed/Desktop/BiteCounts/IV_Sctaeniopterus_TP_2021-06-12_122722_001.MP4,1203.1,23.98,No focal subject,Bite,Foraging,None|None|None,POINT,145.916,145.916,NA,,
IV_Sctaeniopterus_TP_2021-06-12_122722,6/25/2025 10:23,,/Users/aimeed/Desktop/BiteCounts/IV_Sctaeniopterus_TP_2021-06-12_122722_001.MP4,1203.1,23.98,No focal subject,Bite,Foraging,None|None|None,POINT,146.911,146.911,NA,,
IV_Sctaeniopterus_TP_2021-06-12_122722,6/25/2025 10:23,,/Users/aimeed/Desktop/BiteCounts/IV_Sctaeniopterus_TP_2021-06-12_122722_001.MP4,1203.1,23.98,No focal subject,Bite,Foraging,None|None|None,POINT,147.915,147.915,NA,,
IV_Sctaeniopterus_TP_2021-06-12_122722,6/25/2025 10:23,,/Users/aimeed/Desktop/BiteCounts/IV_Sctaeniopterus_TP_2021-06-12_122722_001.MP4,1203.1,23.98,No focal subject,Bite,Foraging,None|None|None,POINT,149.411,149.411,NA,,
IV_Sctaeniopterus_TP_2021-06-12_122722,6/25/2025 10:23,,/Users/aimeed/Desktop/BiteCounts/IV_Sctaeniopterus_TP_2021-06-12_122722_001.MP4,1203.1,23.98,No focal subject,Bite,Foraging,None|None|None,POINT,150.415,150.415,NA,,
IV_Sctaeniopterus_TP_2021-06-12_122722,6/25/2025 10:23,,/Users/aimeed/Desktop/BiteCounts/IV_Sctaeniopterus_TP_2021-06-12_122722_001.MP4,1203.1,23.98,No focal subject,Bite,Foraging,None|None|None,POINT,151.413,151.413,NA,,
IV_Sctaeniopterus_TP_2021-06-12_122722,6/25/2025 10:23,,/Users/aimeed/Desktop/BiteCounts/IV_Sctaeniopterus_TP_2021-06-12_122722_001.MP4,1203.1,23.98,No focal subject,Bite,Foraging,None|None|None,POINT,155.917,155.917,NA,,
IV_Sctaeniopterus_TP_2021-06-12_122722,6/25/2025 10:23,,/Users/aimeed/Desktop/BiteCounts/IV_Sctaeniopterus_TP_2021-06-12_122722_001.MP4,1203.1,23.98,No focal subject,Bite,Foraging,None|None|None,POINT,156.665,156.665,NA,,
IV_Sctaeniopterus_TP_2021-06-12_122722,6/25/2025 10:23,,/Users/aimeed/Desktop/BiteCounts/IV_Sctaeniopterus_TP_2021-06-12_122722_001.MP4,1203.1,23.98,No focal subject,Bite,Foraging,None|None|None,POINT,158.918,158.918,NA,,
IV_Sctaeniopterus_TP_2021-06-12_122722,6/25/2025 10:23,,/Users/aimeed/Desktop/BiteCounts/IV_Sctaeniopterus_TP_2021-06-12_122722_001.MP4,1203.1,23.98,No focal subject,Bite,Foraging,None|None|None,POINT,159.918,159.918,NA,,
IV_Sctaeniopterus_TP_2021-06-12_122722,6/25/2025 10:23,,/Users/aimeed/Desktop/BiteCounts/IV_Sctaeniopterus_TP_2021-06-12_122722_001.MP4,1203.1,23.98,No focal subject,Bite,Foraging,None|None|None,POINT,160.415,160.415,NA,,
IV_Sctaeniopterus_TP_2021-06-12_122722,6/25/2025 10:23,,/Users/aimeed/Desktop/BiteCounts/IV_Sctaeniopterus_TP_2021-06-12_122722_001.MP4,1203.1,23.98,No focal subject,Bite,Foraging,None|None|None,POINT,165.408,165.408,NA,,
IV_Sctaeniopterus_TP_2021-06-12_122722,6/25/2025 10:23,,/Users/aimeed/Desktop/BiteCounts/IV_Sctaeniopterus_TP_2021-06-12_122722_001.MP4,1203.1,23.98,No focal subject,Bite,Foraging,None|None|None,POINT,167.416,167.416,NA,,
IV_Sctaeniopterus_TP_2021-06-12_122722,6/25/2025 10:23,,/Users/aimeed/Desktop/BiteCounts/IV_Sctaeniopterus_TP_2021-06-12_122722_001.MP4,1203.1,23.98,No focal subject,Bite,Foraging,None|None|None,POINT,168.414,168.414,NA,,
IV_Sctaeniopterus_TP_2021-06-12_122722,6/25/2025 10:23,,/Users/aimeed/Desktop/BiteCounts/IV_Sctaeniopterus_TP_2021-06-12_122722_001.MP4,1203.1,23.98,No focal subject,Bite,Foraging,None|None|None,POINT,171.414,171.414,NA,,
IV_Sctaeniopterus_TP_2021-06-12_122722,6/25/2025 10:23,,/Users/aimeed/Desktop/BiteCounts/IV_Sctaeniopterus_TP_2021-06-12_122722_001.MP4,1203.1,23.98,No focal subject,Bite,Foraging,None|None|None,POINT,172.414,172.414,NA,,
IV_Sctaeniopterus_TP_2021-06-12_122722,6/25/2025 10:23,,/Users/aimeed/Desktop/BiteCounts/IV_Sctaeniopterus_TP_2021-06-12_122722_001.MP4,1203.1,23.98,No focal subject,Bite,Foraging,None|None|None,POINT,173.161,173.161,NA,,
IV_Sctaeniopterus_TP_2021-06-12_122722,6/25/2025 10:23,,/Users/aimeed/Desktop/BiteCounts/IV_Sctaeniopterus_TP_2021-06-12_122722_001.MP4,1203.1,23.98,No focal subject,Bite,Foraging,None|None|None,POINT,200.91,200.91,NA,,
IV_Sctaeniopterus_TP_2021-06-12_122722,6/25/2025 10:23,,/Users/aimeed/Desktop/BiteCounts/IV_Sctaeniopterus_TP_2021-06-12_122722_001.MP4,1203.1,23.98,No focal subject,Bite,Foraging,None|None|None,POINT,205.413,205.413,NA,,
IV_Sctaeniopterus_TP_2021-06-12_122722,6/25/2025 10:23,,/Users/aimeed/Desktop/BiteCounts/IV_Sctaeniopterus_TP_2021-06-12_122722_001.MP4,1203.1,23.98,No focal subject,Bite,Foraging,None|None|None,POINT,206.418,206.418,NA,,
IV_Sctaeniopterus_TP_2021-06-12_122722,6/25/2025 10:23,,/Users/aimeed/Desktop/BiteCounts/IV_Sctaeniopterus_TP_2021-06-12_122722_001.MP4,1203.1,23.98,No focal subject,Bite,Foraging,None|None|None,POINT,208.911,208.911,NA,,
IV_Sctaeniopterus_TP_2021-06-12_122722,6/25/2025 10:23,,/Users/aimeed/Desktop/BiteCounts/IV_Sctaeniopterus_TP_2021-06-12_122722_001.MP4,1203.1,23.98,No focal subject,Bite,Foraging,None|None|None,POINT,229.916,229.916,NA,,
IV_Sctaeniopterus_TP_2021-06-12_122722,6/25/2025 10:23,,/Users/aimeed/Desktop/BiteCounts/IV_Sctaeniopterus_TP_2021-06-12_122722_001.MP4,1203.1,23.98,No focal subject,Bite,Foraging,None|None|None,POINT,231.164,231.164,NA,,
IV_Sctaeniopterus_TP_2021-06-12_122722,6/25/2025 10:23,,/Users/aimeed/Desktop/BiteCounts/IV_Sctaeniopterus_TP_2021-06-12_122722_001.MP4,1203.1,23.98,No focal subject,Bite,Foraging,None|None|None,POINT,231.912,231.912,NA,,
IV_Sctaeniopterus_TP_2021-06-12_122722,6/25/2025 10:23,,/Users/aimeed/Desktop/BiteCounts/IV_Sctaeniopterus_TP_2021-06-12_122722_001.MP4,1203.1,23.98,No focal subject,Bite,Foraging,None|None|None,POINT,233.16,233.16,NA,,
IV_Sctaeniopterus_TP_2021-06-12_122722,6/25/2025 10:23,,/Users/aimeed/Desktop/BiteCounts/IV_Sctaeniopterus_TP_2021-06-12_122722_001.MP4,1203.1,23.98,No focal subject,Bite,Foraging,None|None|None,POINT,238.662,238.662,NA,,
IV_Sctaeniopterus_TP_2021-06-12_122722,6/25/2025 10:23,,/Users/aimeed/Desktop/BiteCounts/IV_Sctaeniopterus_TP_2021-06-12_122722_001.MP4,1203.1,23.98,No focal subject,Bite,Foraging,None|None|None,POINT,239.163,239.163,NA,,
IV_Sctaeniopterus_TP_2021-06-12_122722,6/25/2025 10:23,,/Users/aimeed/Desktop/BiteCounts/IV_Sctaeniopterus_TP_2021-06-12_122722_001.MP4,1203.1,23.98,No focal subject,Bite,Foraging,None|None|None,POINT,241.916,241.916,NA,,
IV_Sctaeniopterus_TP_2021-06-12_122722,6/25/2025 10:23,,/Users/aimeed/Desktop/BiteCounts/IV_Sctaeniopterus_TP_2021-06-12_122722_001.MP4,1203.1,23.98,No focal subject,Bite,Foraging,None|None|None,POINT,242.662,242.662,NA,,
IV_Sctaeniopterus_TP_2021-06-12_122722,6/25/2025 10:23,,/Users/aimeed/Desktop/BiteCounts/IV_Sctaeniopterus_TP_2021-06-12_122722_001.MP4,1203.1,23.98,No focal subject,Bite,Foraging,None|None|None,POINT,243.914,243.914,NA,,
IV_Sctaeniopterus_TP_2021-06-12_122722,6/25/2025 10:23,,/Users/aimeed/Desktop/BiteCounts/IV_Sctaeniopterus_TP_2021-06-12_122722_001.MP4,1203.1,23.98,No focal subject,Bite,Foraging,None|None|None,POINT,244.919,244.919,NA,,
IV_Sctaeniopterus_TP_2021-06-12_122722,6/25/2025 10:23,,/Users/aimeed/Desktop/BiteCounts/IV_Sctaeniopterus_TP_2021-06-12_122722_001.MP4,1203.1,23.98,No focal subject,Bite,Foraging,None|None|None,POINT,247.417,247.417,NA,,
IV_Sctaeniopterus_TP_2021-06-12_122722,6/25/2025 10:23,,/Users/aimeed/Desktop/BiteCounts/IV_Sctaeniopterus_TP_2021-06-12_122722_001.MP4,1203.1,23.98,No focal subject,Bite,Foraging,None|None|None,POINT,249.667,249.667,NA,,
IV_Sctaeniopterus_TP_2021-06-12_122722,6/25/2025 10:23,,/Users/aimeed/Desktop/BiteCounts/IV_Sctaeniopterus_TP_2021-06-12_122722_001.MP4,1203.1,23.98,No focal subject,Bite,Foraging,None|None|None,POINT,250.67,250.67,NA,,
IV_Sctaeniopterus_TP_2021-06-12_122722,6/25/2025 10:23,,/Users/aimeed/Desktop/BiteCounts/IV_Sctaeniopterus_TP_2021-06-12_122722_001.MP4,1203.1,23.98,No focal subject,Bite,Foraging,None|None|None,POINT,251.665,251.665,NA,,
IV_Sctaeniopterus_TP_2021-06-12_122722,6/25/2025 10:23,,/Users/aimeed/Desktop/BiteCounts/IV_Sctaeniopterus_TP_2021-06-12_122722_001.MP4,1203.1,23.98,No focal subject,Bite,Foraging,None|None|None,POINT,253.167,253.167,NA,,
IV_Sctaeniopterus_TP_2021-06-12_122722,6/25/2025 10:23,,/Users/aimeed/Desktop/BiteCounts/IV_Sctaeniopterus_TP_2021-06-12_122722_001.MP4,1203.1,23.98,No focal subject,Bite,Foraging,None|None|None,POINT,253.661,253.661,NA,,
IV_Sctaeniopterus_TP_2021-06-12_122722,6/25/2025 10:23,,/Users/aimeed/Desktop/BiteCounts/IV_Sctaeniopterus_TP_2021-06-12_122722_001.MP4,1203.1,23.98,No focal subject,Bite,Foraging,None|None|None,POINT,254.662,254.662,NA,,
IV_Sctaeniopterus_TP_2021-06-12_122722,6/25/2025 10:23,,/Users/aimeed/Desktop/BiteCounts/IV_Sctaeniopterus_TP_2021-06-12_122722_001.MP4,1203.1,23.98,No focal subject,Bite,Foraging,None|None|None,POINT,256.165,256.165,NA,,
IV_Sctaeniopterus_TP_2021-06-12_122722,6/25/2025 10:23,,/Users/aimeed/Desktop/BiteCounts/IV_Sctaeniopterus_TP_2021-06-12_122722_001.MP4,1203.1,23.98,No focal subject,Bite,Foraging,None|None|None,POINT,257.666,257.666,NA,,
IV_Sctaeniopterus_TP_2021-06-12_122722,6/25/2025 10:23,,/Users/aimeed/Desktop/BiteCounts/IV_Sctaeniopterus_TP_2021-06-12_122722_001.MP4,1203.1,23.98,No focal subject,Bite,Foraging,None|None|None,POINT,258.165,258.165,NA,,
IV_Sctaeniopterus_TP_2021-06-12_122722,6/25/2025 10:23,,/Users/aimeed/Desktop/BiteCounts/IV_Sctaeniopterus_TP_2021-06-12_122722_001.MP4,1203.1,23.98,No focal subject,Bite,Foraging,Feces|None|None,POINT,278.163,278.163,NA,,
IV_Sctaeniopterus_TP_2021-06-12_122722,6/25/2025 10:23,,/Users/aimeed/Desktop/BiteCounts/IV_Sctaeniopterus_TP_2021-06-12_122722_001.MP4,1203.1,23.98,No focal subject,Bite,Foraging,None|None|None,POINT,284.164,284.164,NA,,
IV_Sctaeniopterus_TP_2021-06-12_122722,6/25/2025 10:23,,/Users/aimeed/Desktop/BiteCounts/IV_Sctaeniopterus_TP_2021-06-12_122722_001.MP4,1203.1,23.98,No focal subject,Bite,Foraging,None|None|None,POINT,285.664,285.664,NA,,
IV_Sctaeniopterus_TP_2021-06-12_122722,6/25/2025 10:23,,/Users/aimeed/Desktop/BiteCounts/IV_Sctaeniopterus_TP_2021-06-12_122722_001.MP4,1203.1,23.98,No focal subject,Bite,Foraging,None|None|None,POINT,288.167,288.167,NA,,
IV_Sctaeniopterus_TP_2021-06-12_122722,6/25/2025 10:23,,/Users/aimeed/Desktop/BiteCounts/IV_Sctaeniopterus_TP_2021-06-12_122722_001.MP4,1203.1,23.98,No focal subject,Bite,Foraging,None|None|None,POINT,290.664,290.664,NA,,
IV_Sctaeniopterus_TP_2021-06-12_122722,6/25/2025 10:23,,/Users/aimeed/Desktop/BiteCounts/IV_Sctaeniopterus_TP_2021-06-12_122722_001.MP4,1203.1,23.98,No focal subject,Bite,Foraging,None|None|None,POINT,294.165,294.165,NA,,
IV_Sctaeniopterus_TP_2021-06-12_122722,6/25/2025 10:23,,/Users/aimeed/Desktop/BiteCounts/IV_Sctaeniopterus_TP_2021-06-12_122722_001.MP4,1203.1,23.98,No focal subject,Bite,Foraging,None|None|None,POINT,294.661,294.661,NA,,
IV_Sctaeniopterus_TP_2021-06-12_122722,6/25/2025 10:23,,/Users/aimeed/Desktop/BiteCounts/IV_Sctaeniopterus_TP_2021-06-12_122722_001.MP4,1203.1,23.98,No focal subject,Bite,Foraging,None|None|None,POINT,295.913,295.913,NA,,
IV_Sctaeniopterus_TP_2021-06-12_122722,6/25/2025 10:23,,/Users/aimeed/Desktop/BiteCounts/IV_Sctaeniopterus_TP_2021-06-12_122722_001.MP4,1203.1,23.98,No focal subject,Bite,Foraging,None|None|None,POINT,296.666,296.666,NA,,
IV_Sctaeniopterus_TP_2021-06-12_122722,6/25/2025 10:23,,/Users/aimeed/Desktop/BiteCounts/IV_Sctaeniopterus_TP_2021-06-12_122722_001.MP4,1203.1,23.98,No focal subject,Bite,Foraging,None|None|None,POINT,297.163,297.163,NA,,
IV_Sctaeniopterus_TP_2021-06-12_122722,6/25/2025 10:23,,/Users/aimeed/Desktop/BiteCounts/IV_Sctaeniopterus_TP_2021-06-12_122722_001.MP4,1203.1,23.98,No focal subject,Bite,Foraging,None|None|None,POINT,298.162,298.162,NA,,
IV_Sctaeniopterus_TP_2021-06-12_122722,6/25/2025 10:23,,/Users/aimeed/Desktop/BiteCounts/IV_Sctaeniopterus_TP_2021-06-12_122722_001.MP4,1203.1,23.98,No focal subject,Bite,Foraging,None|None|None,POINT,298.916,298.916,NA,,
IV_Sctaeniopterus_TP_2021-06-12_122722,6/25/2025 10:23,,/Users/aimeed/Desktop/BiteCounts/IV_Sctaeniopterus_TP_2021-06-12_122722_001.MP4,1203.1,23.98,No focal subject,Bite,Foraging,None|None|None,POINT,299.665,299.665,NA,,
IV_Sctaeniopterus_TP_2021-06-12_122722,6/25/2025 10:23,,/Users/aimeed/Desktop/BiteCounts/IV_Sctaeniopterus_TP_2021-06-12_122722_001.MP4,1203.1,23.98,No focal subject,Bite,Foraging,None|None|None,POINT,300.666,300.666,NA,,
IV_Sctaeniopterus_TP_2021-06-12_122722,6/25/2025 10:23,,/Users/aimeed/Desktop/BiteCounts/IV_Sctaeniopterus_TP_2021-06-12_122722_001.MP4,1203.1,23.98,No focal subject,Bite,Foraging,None|None|None,POINT,301.164,301.164,NA,,
IV_Sctaeniopterus_TP_2021-06-12_122722,6/25/2025 10:23,,/Users/aimeed/Desktop/BiteCounts/IV_Sctaeniopterus_TP_2021-06-12_122722_001.MP4,1203.1,23.98,No focal subject,Bite,Foraging,None|None|None,POINT,301.913,301.913,NA,,
IV_Sctaeniopterus_TP_2021-06-12_122722,6/25/2025 10:23,,/Users/aimeed/Desktop/BiteCounts/IV_Sctaeniopterus_TP_2021-06-12_122722_001.MP4,1203.1,23.98,No focal subject,Bite,Foraging,None|None|None,POINT,302.412,302.412,NA,,
IV_Sctaeniopterus_TP_2021-06-12_122722,6/25/2025 10:23,,/Users/aimeed/Desktop/BiteCounts/IV_Sctaeniopterus_TP_2021-06-12_122722_001.MP4,1203.1,23.98,No focal subject,Bite,Foraging,None|None|None,POINT,303.413,303.413,NA,,
IV_Sctaeniopterus_TP_2021-06-12_122722,6/25/2025 10:23,,/Users/aimeed/Desktop/BiteCounts/IV_Sctaeniopterus_TP_2021-06-12_122722_001.MP4,1203.1,23.98,No focal subject,Bite,Foraging,None|None|None,POINT,304.663,304.663,NA,,
IV_Sctaeniopterus_TP_2021-06-12_122722,6/25/2025 10:23,,/Users/aimeed/Desktop/BiteCounts/IV_Sctaeniopterus_TP_2021-06-12_122722_001.MP4,1203.1,23.98,No focal subject,Bite,Foraging,None|None|None,POINT,305.662,305.662,NA,,
IV_Sctaeniopterus_TP_2021-06-12_122722,6/25/2025 10:23,,/Users/aimeed/Desktop/BiteCounts/IV_Sctaeniopterus_TP_2021-06-12_122722_001.MP4,1203.1,23.98,No focal subject,Bite,Foraging,None|None|None,POINT,306.162,306.162,NA,,
IV_Sctaeniopterus_TP_2021-06-12_122722,6/25/2025 10:23,,/Users/aimeed/Desktop/BiteCounts/IV_Sctaeniopterus_TP_2021-06-12_122722_001.MP4,1203.1,23.98,No focal subject,Bite,Foraging,None|None|None,POINT,307.163,307.163,NA,,
IV_Sctaeniopterus_TP_2021-06-12_122722,6/25/2025 10:23,,/Users/aimeed/Desktop/BiteCounts/IV_Sctaeniopterus_TP_2021-06-12_122722_001.MP4,1203.1,23.98,No focal subject,Bite,Foraging,None|None|None,POINT,308.666,308.666,NA,,
IV_Sctaeniopterus_TP_2021-06-12_122722,6/25/2025 10:23,,/Users/aimeed/Desktop/BiteCounts/IV_Sctaeniopterus_TP_2021-06-12_122722_001.MP4,1203.1,23.98,No focal subject,Bite,Foraging,None|None|None,POINT,310.666,310.666,NA,,
IV_Sctaeniopterus_TP_2021-06-12_122722,6/25/2025 10:23,,/Users/aimeed/Desktop/BiteCounts/IV_Sctaeniopterus_TP_2021-06-12_122722_001.MP4,1203.1,23.98,No focal subject,Bite,Foraging,None|None|None,POINT,313.161,313.161,NA,,
IV_Sctaeniopterus_TP_2021-06-12_122722,6/25/2025 10:23,,/Users/aimeed/Desktop/BiteCounts/IV_Sctaeniopterus_TP_2021-06-12_122722_001.MP4,1203.1,23.98,No focal subject,Bite,Foraging,None|None|None,POINT,315.415,315.415,NA,,
IV_Sctaeniopterus_TP_2021-06-12_122722,6/25/2025 10:23,,/Users/aimeed/Desktop/BiteCounts/IV_Sctaeniopterus_TP_2021-06-12_122722_001.MP4,1203.1,23.98,No focal subject,Bite,Foraging,None|None|None,POINT,315.661,315.661,NA,,
IV_Sctaeniopterus_TP_2021-06-12_122722,6/25/2025 10:23,,/Users/aimeed/Desktop/BiteCounts/IV_Sctaeniopterus_TP_2021-06-12_122722_001.MP4,1203.1,23.98,No focal subject,Bite,Foraging,None|None|None,POINT,317.664,317.664,NA,,
IV_Sctaeniopterus_TP_2021-06-12_122722,6/25/2025 10:23,,/Users/aimeed/Desktop/BiteCounts/IV_Sctaeniopterus_TP_2021-06-12_122722_001.MP4,1203.1,23.98,No focal subject,Bite,Foraging,None|None|None,POINT,317.91,317.91,NA,,
IV_Sctaeniopterus_TP_2021-06-12_122722,6/25/2025 10:23,,/Users/aimeed/Desktop/BiteCounts/IV_Sctaeniopterus_TP_2021-06-12_122722_001.MP4,1203.1,23.98,No focal subject,Bite,Foraging,None|None|None,POINT,322.166,322.166,NA,,
IV_Sctaeniopterus_TP_2021-06-12_122722,6/25/2025 10:23,,/Users/aimeed/Desktop/BiteCounts/IV_Sctaeniopterus_TP_2021-06-12_122722_001.MP4,1203.1,23.98,No focal subject,Bite,Foraging,None|None|None,POINT,327.66,327.66,NA,,
IV_Sctaeniopterus_TP_2021-06-12_122722,6/25/2025 10:23,,/Users/aimeed/Desktop/BiteCounts/IV_Sctaeniopterus_TP_2021-06-12_122722_001.MP4,1203.1,23.98,No focal subject,Bite,Foraging,None|None|None,POINT,332.664,332.664,NA,,
IV_Sctaeniopterus_TP_2021-06-12_122722,6/25/2025 10:23,,/Users/aimeed/Desktop/BiteCounts/IV_Sctaeniopterus_TP_2021-06-12_122722_001.MP4,1203.1,23.98,No focal subject,Bite,Foraging,None|None|None,POINT,336.414,336.414,NA,,
IV_Sctaeniopterus_TP_2021-06-12_122722,6/25/2025 10:23,,/Users/aimeed/Desktop/BiteCounts/IV_Sctaeniopterus_TP_2021-06-12_122722_001.MP4,1203.1,23.98,No focal subject,Bite,Foraging,None|None|None,POINT,338.164,338.164,NA,,
IV_Sctaeniopterus_TP_2021-06-12_122722,6/25/2025 10:23,,/Users/aimeed/Desktop/BiteCounts/IV_Sctaeniopterus_TP_2021-06-12_122722_001.MP4,1203.1,23.98,No focal subject,Bite,Foraging,None|None|None,POINT,341.164,341.164,NA,,
IV_Sctaeniopterus_TP_2021-06-12_122722,6/25/2025 10:23,,/Users/aimeed/Desktop/BiteCounts/IV_Sctaeniopterus_TP_2021-06-12_122722_001.MP4,1203.1,23.98,No focal subject,Bite,Foraging,None|None|None,POINT,342.664,342.664,NA,,
IV_Sctaeniopterus_TP_2021-06-12_122722,6/25/2025 10:23,,/Users/aimeed/Desktop/BiteCounts/IV_Sctaeniopterus_TP_2021-06-12_122722_001.MP4,1203.1,23.98,No focal subject,Bite,Foraging,None|None|None,POINT,344.165,344.165,NA,,
IV_Sctaeniopterus_TP_2021-06-12_122722,6/25/2025 10:23,,/Users/aimeed/Desktop/BiteCounts/IV_Sctaeniopterus_TP_2021-06-12_122722_001.MP4,1203.1,23.98,No focal subject,Lost Time,Time Keeping,,STATE,349.511,350.761,1.25,,
IV_Sctaeniopterus_TP_2021-06-12_122722,6/25/2025 10:23,,/Users/aimeed/Desktop/BiteCounts/IV_Sctaeniopterus_TP_2021-06-12_122722_001.MP4,1203.1,23.98,No focal subject,Bite,Foraging,None|None|None,POINT,366.756,366.756,NA,,
IV_Sctaeniopterus_TP_2021-06-12_122722,6/25/2025 10:23,,/Users/aimeed/Desktop/BiteCounts/IV_Sctaeniopterus_TP_2021-06-12_122722_001.MP4,1203.1,23.98,No focal subject,Bite,Foraging,None|None|None,POINT,370.759,370.759,NA,,
IV_Sctaeniopterus_TP_2021-06-12_122722,6/25/2025 10:23,,/Users/aimeed/Desktop/BiteCounts/IV_Sctaeniopterus_TP_2021-06-12_122722_001.MP4,1203.1,23.98,No focal subject,Bite,Foraging,None|None|None,POINT,378.259,378.259,NA,,
IV_Sctaeniopterus_TP_2021-06-12_122722,6/25/2025 10:23,,/Users/aimeed/Desktop/BiteCounts/IV_Sctaeniopterus_TP_2021-06-12_122722_001.MP4,1203.1,23.98,No focal subject,Bite,Foraging,None|None|None,POINT,379.003,379.003,NA,,
IV_Sctaeniopterus_TP_2021-06-12_122722,6/25/2025 10:23,,/Users/aimeed/Desktop/BiteCounts/IV_Sctaeniopterus_TP_2021-06-12_122722_001.MP4,1203.1,23.98,No focal subject,Bite,Foraging,None|None|None,POINT,379.506,379.506,NA,,
IV_Sctaeniopterus_TP_2021-06-12_122722,6/25/2025 10:23,,/Users/aimeed/Desktop/BiteCounts/IV_Sctaeniopterus_TP_2021-06-12_122722_001.MP4,1203.1,23.98,No focal subject,Bite,Foraging,None|None|None,POINT,380.259,380.259,NA,,
IV_Sctaeniopterus_TP_2021-06-12_122722,6/25/2025 10:23,,/Users/aimeed/Desktop/BiteCounts/IV_Sctaeniopterus_TP_2021-06-12_122722_001.MP4,1203.1,23.98,No focal subject,Bite,Foraging,None|None|None,POINT,383.762,383.762,NA,,
IV_Sctaeniopterus_TP_2021-06-12_122722,6/25/2025 10:23,,/Users/aimeed/Desktop/BiteCounts/IV_Sctaeniopterus_TP_2021-06-12_122722_001.MP4,1203.1,23.98,No focal subject,Bite,Foraging,None|None|None,POINT,384.759,384.759,NA,,
IV_Sctaeniopterus_TP_2021-06-12_122722,6/25/2025 10:23,,/Users/aimeed/Desktop/BiteCounts/IV_Sctaeniopterus_TP_2021-06-12_122722_001.MP4,1203.1,23.98,No focal subject,Bite,Foraging,None|None|None,POINT,385.258,385.258,NA,,
IV_Sctaeniopterus_TP_2021-06-12_122722,6/25/2025 10:23,,/Users/aimeed/Desktop/BiteCounts/IV_Sctaeniopterus_TP_2021-06-12_122722_001.MP4,1203.1,23.98,No focal subject,Bite,Foraging,None|None|None,POINT,397.754,397.754,NA,,
IV_Sctaeniopterus_TP_2021-06-12_122722,6/25/2025 10:23,,/Users/aimeed/Desktop/BiteCounts/IV_Sctaeniopterus_TP_2021-06-12_122722_001.MP4,1203.1,23.98,No focal subject,Bite,Foraging,None|None|None,POINT,401.258,401.258,NA,,
IV_Sctaeniopterus_TP_2021-06-12_122722,6/25/2025 10:23,,/Users/aimeed/Desktop/BiteCounts/IV_Sctaeniopterus_TP_2021-06-12_122722_001.MP4,1203.1,23.98,No focal subject,Bite,Foraging,None|None|None,POINT,402.258,402.258,NA,,
IV_Sctaeniopterus_TP_2021-06-12_122722,6/25/2025 10:23,,/Users/aimeed/Desktop/BiteCounts/IV_Sctaeniopterus_TP_2021-06-12_122722_001.MP4,1203.1,23.98,No focal subject,Bite,Foraging,None|None|None,POINT,403.254,403.254,NA,,
IV_Sctaeniopterus_TP_2021-06-12_122722,6/25/2025 10:23,,/Users/aimeed/Desktop/BiteCounts/IV_Sctaeniopterus_TP_2021-06-12_122722_001.MP4,1203.1,23.98,No focal subject,Bite,Foraging,None|None|None,POINT,404.26,404.26,NA,,
IV_Sctaeniopterus_TP_2021-06-12_122722,6/25/2025 10:23,,/Users/aimeed/Desktop/BiteCounts/IV_Sctaeniopterus_TP_2021-06-12_122722_001.MP4,1203.1,23.98,No focal subject,Bite,Foraging,None|None|None,POINT,407.259,407.259,NA,,
IV_Sctaeniopterus_TP_2021-06-12_122722,6/25/2025 10:23,,/Users/aimeed/Desktop/BiteCounts/IV_Sctaeniopterus_TP_2021-06-12_122722_001.MP4,1203.1,23.98,No focal subject,Bite,Foraging,None|None|None,POINT,408.76,408.76,NA,,
IV_Sctaeniopterus_TP_2021-06-12_122722,6/25/2025 10:23,,/Users/aimeed/Desktop/BiteCounts/IV_Sctaeniopterus_TP_2021-06-12_122722_001.MP4,1203.1,23.98,No focal subject,Bite,Foraging,None|None|None,POINT,409.758,409.758,NA,,
IV_Sctaeniopterus_TP_2021-06-12_122722,6/25/2025 10:23,,/Users/aimeed/Desktop/BiteCounts/IV_Sctaeniopterus_TP_2021-06-12_122722_001.MP4,1203.1,23.98,No focal subject,Bite,Foraging,None|None|None,POINT,410.757,410.757,NA,,
IV_Sctaeniopterus_TP_2021-06-12_122722,6/25/2025 10:23,,/Users/aimeed/Desktop/BiteCounts/IV_Sctaeniopterus_TP_2021-06-12_122722_001.MP4,1203.1,23.98,No focal subject,Bite,Foraging,None|None|None,POINT,411.255,411.255,NA,,
IV_Sctaeniopterus_TP_2021-06-12_122722,6/25/2025 10:23,,/Users/aimeed/Desktop/BiteCounts/IV_Sctaeniopterus_TP_2021-06-12_122722_001.MP4,1203.1,23.98,No focal subject,Bite,Foraging,None|None|None,POINT,412.255,412.255,NA,,
IV_Sctaeniopterus_TP_2021-06-12_122722,6/25/2025 10:23,,/Users/aimeed/Desktop/BiteCounts/IV_Sctaeniopterus_TP_2021-06-12_122722_001.MP4,1203.1,23.98,No focal subject,Bite,Foraging,None|None|None,POINT,414.258,414.258,NA,,
IV_Sctaeniopterus_TP_2021-06-12_122722,6/25/2025 10:23,,/Users/aimeed/Desktop/BiteCounts/IV_Sctaeniopterus_TP_2021-06-12_122722_001.MP4,1203.1,23.98,No focal subject,Bite,Foraging,None|None|None,POINT,415.006,415.006,NA,,
IV_Sctaeniopterus_TP_2021-06-12_122722,6/25/2025 10:23,,/Users/aimeed/Desktop/BiteCounts/IV_Sctaeniopterus_TP_2021-06-12_122722_001.MP4,1203.1,23.98,No focal subject,Bite,Foraging,None|None|None,POINT,416.261,416.261,NA,,
IV_Sctaeniopterus_TP_2021-06-12_122722,6/25/2025 10:23,,/Users/aimeed/Desktop/BiteCounts/IV_Sctaeniopterus_TP_2021-06-12_122722_001.MP4,1203.1,23.98,No focal subject,Bite,Foraging,None|None|None,POINT,419.258,419.258,NA,,
IV_Sctaeniopterus_TP_2021-06-12_122722,6/25/2025 10:23,,/Users/aimeed/Desktop/BiteCounts/IV_Sctaeniopterus_TP_2021-06-12_122722_001.MP4,1203.1,23.98,No focal subject,Bite,Foraging,None|None|None,POINT,421.259,421.259,NA,,
IV_Sctaeniopterus_TP_2021-06-12_122722,6/25/2025 10:23,,/Users/aimeed/Desktop/BiteCounts/IV_Sctaeniopterus_TP_2021-06-12_122722_001.MP4,1203.1,23.98,No focal subject,Bite,Foraging,None|None|None,POINT,421.503,421.503,NA,,
IV_Sctaeniopterus_TP_2021-06-12_122722,6/25/2025 10:23,,/Users/aimeed/Desktop/BiteCounts/IV_Sctaeniopterus_TP_2021-06-12_122722_001.MP4,1203.1,23.98,No focal subject,Bite,Foraging,None|None|None,POINT,422.258,422.258,NA,,
IV_Sctaeniopterus_TP_2021-06-12_122722,6/25/2025 10:23,,/Users/aimeed/Desktop/BiteCounts/IV_Sctaeniopterus_TP_2021-06-12_122722_001.MP4,1203.1,23.98,No focal subject,Bite,Foraging,None|None|None,POINT,423.006,423.006,NA,,
IV_Sctaeniopterus_TP_2021-06-12_122722,6/25/2025 10:23,,/Users/aimeed/Desktop/BiteCounts/IV_Sctaeniopterus_TP_2021-06-12_122722_001.MP4,1203.1,23.98,No focal subject,Bite,Foraging,None|None|None,POINT,423.507,423.507,NA,,
IV_Sctaeniopterus_TP_2021-06-12_122722,6/25/2025 10:23,,/Users/aimeed/Desktop/BiteCounts/IV_Sctaeniopterus_TP_2021-06-12_122722_001.MP4,1203.1,23.98,No focal subject,Bite,Foraging,None|None|None,POINT,424.256,424.256,NA,,
IV_Sctaeniopterus_TP_2021-06-12_122722,6/25/2025 10:23,,/Users/aimeed/Desktop/BiteCounts/IV_Sctaeniopterus_TP_2021-06-12_122722_001.MP4,1203.1,23.98,No focal subject,Bite,Foraging,None|None|None,POINT,425.007,425.007,NA,,
IV_Sctaeniopterus_TP_2021-06-12_122722,6/25/2025 10:23,,/Users/aimeed/Desktop/BiteCounts/IV_Sctaeniopterus_TP_2021-06-12_122722_001.MP4,1203.1,23.98,No focal subject,Bite,Foraging,None|None|None,POINT,425.76,425.76,NA,,
IV_Sctaeniopterus_TP_2021-06-12_122722,6/25/2025 10:23,,/Users/aimeed/Desktop/BiteCounts/IV_Sctaeniopterus_TP_2021-06-12_122722_001.MP4,1203.1,23.98,No focal subject,Bite,Foraging,None|None|None,POINT,426.761,426.761,NA,,
IV_Sctaeniopterus_TP_2021-06-12_122722,6/25/2025 10:23,,/Users/aimeed/Desktop/BiteCounts/IV_Sctaeniopterus_TP_2021-06-12_122722_001.MP4,1203.1,23.98,No focal subject,Bite,Foraging,None|None|None,POINT,427.002,427.002,NA,,
IV_Sctaeniopterus_TP_2021-06-12_122722,6/25/2025 10:23,,/Users/aimeed/Desktop/BiteCounts/IV_Sctaeniopterus_TP_2021-06-12_122722_001.MP4,1203.1,23.98,No focal subject,Bite,Foraging,None|None|None,POINT,431.258,431.258,NA,,
IV_Sctaeniopterus_TP_2021-06-12_122722,6/25/2025 10:23,,/Users/aimeed/Desktop/BiteCounts/IV_Sctaeniopterus_TP_2021-06-12_122722_001.MP4,1203.1,23.98,No focal subject,Bite,Foraging,None|None|None,POINT,432.256,432.256,NA,,
IV_Sctaeniopterus_TP_2021-06-12_122722,6/25/2025 10:23,,/Users/aimeed/Desktop/BiteCounts/IV_Sctaeniopterus_TP_2021-06-12_122722_001.MP4,1203.1,23.98,No focal subject,Bite,Foraging,None|None|None,POINT,433.259,433.259,NA,,
IV_Sctaeniopterus_TP_2021-06-12_122722,6/25/2025 10:23,,/Users/aimeed/Desktop/BiteCounts/IV_Sctaeniopterus_TP_2021-06-12_122722_001.MP4,1203.1,23.98,No focal subject,Bite,Foraging,None|None|None,POINT,434.006,434.006,NA,,
IV_Sctaeniopterus_TP_2021-06-12_122722,6/25/2025 10:23,,/Users/aimeed/Desktop/BiteCounts/IV_Sctaeniopterus_TP_2021-06-12_122722_001.MP4,1203.1,23.98,No focal subject,Bite,Foraging,None|None|None,POINT,434.755,434.755,NA,,
IV_Sctaeniopterus_TP_2021-06-12_122722,6/25/2025 10:23,,/Users/aimeed/Desktop/BiteCounts/IV_Sctaeniopterus_TP_2021-06-12_122722_001.MP4,1203.1,23.98,No focal subject,Bite,Foraging,None|None|None,POINT,435.255,435.255,NA,,
IV_Sctaeniopterus_TP_2021-06-12_122722,6/25/2025 10:23,,/Users/aimeed/Desktop/BiteCounts/IV_Sctaeniopterus_TP_2021-06-12_122722_001.MP4,1203.1,23.98,No focal subject,Bite,Foraging,None|None|None,POINT,468.759,468.759,NA,,
IV_Sctaeniopterus_TP_2021-06-12_122722,6/25/2025 10:23,,/Users/aimeed/Desktop/BiteCounts/IV_Sctaeniopterus_TP_2021-06-12_122722_001.MP4,1203.1,23.98,No focal subject,Bite,Foraging,None|None|None,POINT,471.259,471.259,NA,,
IV_Sctaeniopterus_TP_2021-06-12_122722,6/25/2025 10:23,,/Users/aimeed/Desktop/BiteCounts/IV_Sctaeniopterus_TP_2021-06-12_122722_001.MP4,1203.1,23.98,No focal subject,Bite,Foraging,None|None|None,POINT,471.755,471.755,NA,,
IV_Sctaeniopterus_TP_2021-06-12_122722,6/25/2025 10:23,,/Users/aimeed/Desktop/BiteCounts/IV_Sctaeniopterus_TP_2021-06-12_122722_001.MP4,1203.1,23.98,No focal subject,Bite,Foraging,None|None|None,POINT,472.755,472.755,NA,,
IV_Sctaeniopterus_TP_2021-06-12_122722,6/25/2025 10:23,,/Users/aimeed/Desktop/BiteCounts/IV_Sctaeniopterus_TP_2021-06-12_122722_001.MP4,1203.1,23.98,No focal subject,Bite,Foraging,None|None|None,POINT,473.503,473.503,NA,,
IV_Sctaeniopterus_TP_2021-06-12_122722,6/25/2025 10:23,,/Users/aimeed/Desktop/BiteCounts/IV_Sctaeniopterus_TP_2021-06-12_122722_001.MP4,1203.1,23.98,No focal subject,Bite,Foraging,None|None|None,POINT,474.259,474.259,NA,,
IV_Sctaeniopterus_TP_2021-06-12_122722,6/25/2025 10:23,,/Users/aimeed/Desktop/BiteCounts/IV_Sctaeniopterus_TP_2021-06-12_122722_001.MP4,1203.1,23.98,No focal subject,Bite,Foraging,None|None|None,POINT,474.756,474.756,NA,,
IV_Sctaeniopterus_TP_2021-06-12_122722,6/25/2025 10:23,,/Users/aimeed/Desktop/BiteCounts/IV_Sctaeniopterus_TP_2021-06-12_122722_001.MP4,1203.1,23.98,No focal subject,Bite,Foraging,None|None|None,POINT,476.005,476.005,NA,,
IV_Sctaeniopterus_TP_2021-06-12_122722,6/25/2025 10:23,,/Users/aimeed/Desktop/BiteCounts/IV_Sctaeniopterus_TP_2021-06-12_122722_001.MP4,1203.1,23.98,No focal subject,Bite,Foraging,None|None|None,POINT,476.254,476.254,NA,,
IV_Sctaeniopterus_TP_2021-06-12_122722,6/25/2025 10:23,,/Users/aimeed/Desktop/BiteCounts/IV_Sctaeniopterus_TP_2021-06-12_122722_001.MP4,1203.1,23.98,No focal subject,Bite,Foraging,None|None|None,POINT,476.756,476.756,NA,,
IV_Sctaeniopterus_TP_2021-06-12_122722,6/25/2025 10:23,,/Users/aimeed/Desktop/BiteCounts/IV_Sctaeniopterus_TP_2021-06-12_122722_001.MP4,1203.1,23.98,No focal subject,Bite,Foraging,None|None|None,POINT,477.255,477.255,NA,,
IV_Sctaeniopterus_TP_2021-06-12_122722,6/25/2025 10:23,,/Users/aimeed/Desktop/BiteCounts/IV_Sctaeniopterus_TP_2021-06-12_122722_001.MP4,1203.1,23.98,No focal subject,Bite,Foraging,None|None|None,POINT,481.257,481.257,NA,,
IV_Sctaeniopterus_TP_2021-06-12_122722,6/25/2025 10:23,,/Users/aimeed/Desktop/BiteCounts/IV_Sctaeniopterus_TP_2021-06-12_122722_001.MP4,1203.1,23.98,No focal subject,Bite,Foraging,None|None|None,POINT,481.754,481.754,NA,,
IV_Sctaeniopterus_TP_2021-06-12_122722,6/25/2025 10:23,,/Users/aimeed/Desktop/BiteCounts/IV_Sctaeniopterus_TP_2021-06-12_122722_001.MP4,1203.1,23.98,No focal subject,Bite,Foraging,None|None|None,POINT,482.256,482.256,NA,,
IV_Sctaeniopterus_TP_2021-06-12_122722,6/25/2025 10:23,,/Users/aimeed/Desktop/BiteCounts/IV_Sctaeniopterus_TP_2021-06-12_122722_001.MP4,1203.1,23.98,No focal subject,Bite,Foraging,None|None|None,POINT,483.005,483.005,NA,,
IV_Sctaeniopterus_TP_2021-06-12_122722,6/25/2025 10:23,,/Users/aimeed/Desktop/BiteCounts/IV_Sctaeniopterus_TP_2021-06-12_122722_001.MP4,1203.1,23.98,No focal subject,Bite,Foraging,None|None|None,POINT,484.757,484.757,NA,,
IV_Sctaeniopterus_TP_2021-06-12_122722,6/25/2025 10:23,,/Users/aimeed/Desktop/BiteCounts/IV_Sctaeniopterus_TP_2021-06-12_122722_001.MP4,1203.1,23.98,No focal subject,Bite,Foraging,None|None|None,POINT,486.754,486.754,NA,,
IV_Sctaeniopterus_TP_2021-06-12_122722,6/25/2025 10:23,,/Users/aimeed/Desktop/BiteCounts/IV_Sctaeniopterus_TP_2021-06-12_122722_001.MP4,1203.1,23.98,No focal subject,Bite,Foraging,None|None|None,POINT,487.256,487.256,NA,,
IV_Sctaeniopterus_TP_2021-06-12_122722,6/25/2025 10:23,,/Users/aimeed/Desktop/BiteCounts/IV_Sctaeniopterus_TP_2021-06-12_122722_001.MP4,1203.1,23.98,No focal subject,Bite,Foraging,None|None|None,POINT,487.758,487.758,NA,,
IV_Sctaeniopterus_TP_2021-06-12_122722,6/25/2025 10:23,,/Users/aimeed/Desktop/BiteCounts/IV_Sctaeniopterus_TP_2021-06-12_122722_001.MP4,1203.1,23.98,No focal subject,Bite,Foraging,None|None|None,POINT,488.258,488.258,NA,,
IV_Sctaeniopterus_TP_2021-06-12_122722,6/25/2025 10:23,,/Users/aimeed/Desktop/BiteCounts/IV_Sctaeniopterus_TP_2021-06-12_122722_001.MP4,1203.1,23.98,No focal subject,Bite,Foraging,None|None|None,POINT,488.755,488.755,NA,,
IV_Sctaeniopterus_TP_2021-06-12_122722,6/25/2025 10:23,,/Users/aimeed/Desktop/BiteCounts/IV_Sctaeniopterus_TP_2021-06-12_122722_001.MP4,1203.1,23.98,No focal subject,Bite,Foraging,None|None|None,POINT,489.504,489.504,NA,,
IV_Sctaeniopterus_TP_2021-06-12_122722,6/25/2025 10:23,,/Users/aimeed/Desktop/BiteCounts/IV_Sctaeniopterus_TP_2021-06-12_122722_001.MP4,1203.1,23.98,No focal subject,Bite,Foraging,None|None|None,POINT,490.259,490.259,NA,,
IV_Sctaeniopterus_TP_2021-06-12_122722,6/25/2025 10:23,,/Users/aimeed/Desktop/BiteCounts/IV_Sctaeniopterus_TP_2021-06-12_122722_001.MP4,1203.1,23.98,No focal subject,Bite,Foraging,None|None|None,POINT,491.262,491.262,NA,,
IV_Sctaeniopterus_TP_2021-06-12_122722,6/25/2025 10:23,,/Users/aimeed/Desktop/BiteCounts/IV_Sctaeniopterus_TP_2021-06-12_122722_001.MP4,1203.1,23.98,No focal subject,Bite,Foraging,None|None|None,POINT,491.756,491.756,NA,,
IV_Sctaeniopterus_TP_2021-06-12_122722,6/25/2025 10:23,,/Users/aimeed/Desktop/BiteCounts/IV_Sctaeniopterus_TP_2021-06-12_122722_001.MP4,1203.1,23.98,No focal subject,Bite,Foraging,None|None|None,POINT,492.756,492.756,NA,,
IV_Sctaeniopterus_TP_2021-06-12_122722,6/25/2025 10:23,,/Users/aimeed/Desktop/BiteCounts/IV_Sctaeniopterus_TP_2021-06-12_122722_001.MP4,1203.1,23.98,No focal subject,Bite,Foraging,None|None|None,POINT,493.506,493.506,NA,,
IV_Sctaeniopterus_TP_2021-06-12_122722,6/25/2025 10:23,,/Users/aimeed/Desktop/BiteCounts/IV_Sctaeniopterus_TP_2021-06-12_122722_001.MP4,1203.1,23.98,No focal subject,Bite,Foraging,None|None|None,POINT,495.757,495.757,NA,,
IV_Sctaeniopterus_TP_2021-06-12_122722,6/25/2025 10:23,,/Users/aimeed/Desktop/BiteCounts/IV_Sctaeniopterus_TP_2021-06-12_122722_001.MP4,1203.1,23.98,No focal subject,Bite,Foraging,None|None|None,POINT,497.76,497.76,NA,,
IV_Sctaeniopterus_TP_2021-06-12_122722,6/25/2025 10:23,,/Users/aimeed/Desktop/BiteCounts/IV_Sctaeniopterus_TP_2021-06-12_122722_001.MP4,1203.1,23.98,No focal subject,Bite,Foraging,None|None|None,POINT,498.758,498.758,NA,,
IV_Sctaeniopterus_TP_2021-06-12_122722,6/25/2025 10:23,,/Users/aimeed/Desktop/BiteCounts/IV_Sctaeniopterus_TP_2021-06-12_122722_001.MP4,1203.1,23.98,No focal subject,Bite,Foraging,None|None|None,POINT,499.256,499.256,NA,,
IV_Sctaeniopterus_TP_2021-06-12_122722,6/25/2025 10:23,,/Users/aimeed/Desktop/BiteCounts/IV_Sctaeniopterus_TP_2021-06-12_122722_001.MP4,1203.1,23.98,No focal subject,Bite,Foraging,None|None|None,POINT,499.758,499.758,NA,,
IV_Sctaeniopterus_TP_2021-06-12_122722,6/25/2025 10:23,,/Users/aimeed/Desktop/BiteCounts/IV_Sctaeniopterus_TP_2021-06-12_122722_001.MP4,1203.1,23.98,No focal subject,Bite,Foraging,None|None|None,POINT,500.76,500.76,NA,,
IV_Sctaeniopterus_TP_2021-06-12_122722,6/25/2025 10:23,,/Users/aimeed/Desktop/BiteCounts/IV_Sctaeniopterus_TP_2021-06-12_122722_001.MP4,1203.1,23.98,No focal subject,Bite,Foraging,None|None|None,POINT,502.259,502.259,NA,,
IV_Sctaeniopterus_TP_2021-06-12_122722,6/25/2025 10:23,,/Users/aimeed/Desktop/BiteCounts/IV_Sctaeniopterus_TP_2021-06-12_122722_001.MP4,1203.1,23.98,No focal subject,Bite,Foraging,None|None|None,POINT,502.756,502.756,NA,,
IV_Sctaeniopterus_TP_2021-06-12_122722,6/25/2025 10:23,,/Users/aimeed/Desktop/BiteCounts/IV_Sctaeniopterus_TP_2021-06-12_122722_001.MP4,1203.1,23.98,No focal subject,Bite,Foraging,None|None|None,POINT,504.258,504.258,NA,,
IV_Sctaeniopterus_TP_2021-06-12_122722,6/25/2025 10:23,,/Users/aimeed/Desktop/BiteCounts/IV_Sctaeniopterus_TP_2021-06-12_122722_001.MP4,1203.1,23.98,No focal subject,Bite,Foraging,None|None|None,POINT,505.764,505.764,NA,,
IV_Sctaeniopterus_TP_2021-06-12_122722,6/25/2025 10:23,,/Users/aimeed/Desktop/BiteCounts/IV_Sctaeniopterus_TP_2021-06-12_122722_001.MP4,1203.1,23.98,No focal subject,Bite,Foraging,None|None|None,POINT,506.755,506.755,NA,,
IV_Sctaeniopterus_TP_2021-06-12_122722,6/25/2025 10:23,,/Users/aimeed/Desktop/BiteCounts/IV_Sctaeniopterus_TP_2021-06-12_122722_001.MP4,1203.1,23.98,No focal subject,Bite,Foraging,None|None|None,POINT,539.757,539.757,NA,,
IV_Sctaeniopterus_TP_2021-06-12_122722,6/25/2025 10:23,,/Users/aimeed/Desktop/BiteCounts/IV_Sctaeniopterus_TP_2021-06-12_122722_001.MP4,1203.1,23.98,No focal subject,Bite,Foraging,None|None|None,POINT,540.759,540.759,NA,,
IV_Sctaeniopterus_TP_2021-06-12_122722,6/25/2025 10:23,,/Users/aimeed/Desktop/BiteCounts/IV_Sctaeniopterus_TP_2021-06-12_122722_001.MP4,1203.1,23.98,No focal subject,Bite,Foraging,None|None|None,POINT,542.259,542.259,NA,,
IV_Sctaeniopterus_TP_2021-06-12_122722,6/25/2025 10:23,,/Users/aimeed/Desktop/BiteCounts/IV_Sctaeniopterus_TP_2021-06-12_122722_001.MP4,1203.1,23.98,No focal subject,Bite,Foraging,None|None|None,POINT,543.759,543.759,NA,,
IV_Sctaeniopterus_TP_2021-06-12_122722,6/25/2025 10:23,,/Users/aimeed/Desktop/BiteCounts/IV_Sctaeniopterus_TP_2021-06-12_122722_001.MP4,1203.1,23.98,No focal subject,Bite,Foraging,None|None|None,POINT,545.262,545.262,NA,,
IV_Sctaeniopterus_TP_2021-06-12_122722,6/25/2025 10:23,,/Users/aimeed/Desktop/BiteCounts/IV_Sctaeniopterus_TP_2021-06-12_122722_001.MP4,1203.1,23.98,No focal subject,Bite,Foraging,None|None|None,POINT,545.757,545.757,NA,,
IV_Sctaeniopterus_TP_2021-06-12_122722,6/25/2025 10:23,,/Users/aimeed/Desktop/BiteCounts/IV_Sctaeniopterus_TP_2021-06-12_122722_001.MP4,1203.1,23.98,No focal subject,Bite,Foraging,None|None|None,POINT,546.76,546.76,NA,,
IV_Sctaeniopterus_TP_2021-06-12_122722,6/25/2025 10:23,,/Users/aimeed/Desktop/BiteCounts/IV_Sctaeniopterus_TP_2021-06-12_122722_001.MP4,1203.1,23.98,No focal subject,Bite,Foraging,None|None|None,POINT,548.259,548.259,NA,,
IV_Sctaeniopterus_TP_2021-06-12_122722,6/25/2025 10:23,,/Users/aimeed/Desktop/BiteCounts/IV_Sctaeniopterus_TP_2021-06-12_122722_001.MP4,1203.1,23.98,No focal subject,Bite,Foraging,None|None|None,POINT,560.26,560.26,NA,,
IV_Sctaeniopterus_TP_2021-06-12_122722,6/25/2025 10:23,,/Users/aimeed/Desktop/BiteCounts/IV_Sctaeniopterus_TP_2021-06-12_122722_001.MP4,1203.1,23.98,No focal subject,Cleaning,Social Interactions,,STATE,565.469,568.469,3,,
IV_Sctaeniopterus_TP_2021-06-12_122722,6/25/2025 10:23,,/Users/aimeed/Desktop/BiteCounts/IV_Sctaeniopterus_TP_2021-06-12_122722_001.MP4,1203.1,23.98,No focal subject,Bite,Foraging,None|None|None,POINT,573.226,573.226,NA,,
IV_Sctaeniopterus_TP_2021-06-12_122722,6/25/2025 10:23,,/Users/aimeed/Desktop/BiteCounts/IV_Sctaeniopterus_TP_2021-06-12_122722_001.MP4,1203.1,23.98,No focal subject,Bite,Foraging,None|None|None,POINT,575.474,575.474,NA,,
IV_Sctaeniopterus_TP_2021-06-12_122722,6/25/2025 10:23,,/Users/aimeed/Desktop/BiteCounts/IV_Sctaeniopterus_TP_2021-06-12_122722_001.MP4,1203.1,23.98,No focal subject,Bite,Foraging,None|None|None,POINT,575.972,575.972,NA,,
IV_Sctaeniopterus_TP_2021-06-12_122722,6/25/2025 10:23,,/Users/aimeed/Desktop/BiteCounts/IV_Sctaeniopterus_TP_2021-06-12_122722_001.MP4,1203.1,23.98,No focal subject,Bite,Foraging,None|None|None,POINT,577.723,577.723,NA,,
IV_Sctaeniopterus_TP_2021-06-12_122722,6/25/2025 10:23,,/Users/aimeed/Desktop/BiteCounts/IV_Sctaeniopterus_TP_2021-06-12_122722_001.MP4,1203.1,23.98,No focal subject,Bite,Foraging,None|None|None,POINT,578.472,578.472,NA,,
IV_Sctaeniopterus_TP_2021-06-12_122722,6/25/2025 10:23,,/Users/aimeed/Desktop/BiteCounts/IV_Sctaeniopterus_TP_2021-06-12_122722_001.MP4,1203.1,23.98,No focal subject,Bite,Foraging,None|None|None,POINT,579.978,579.978,NA,,
IV_Sctaeniopterus_TP_2021-06-12_122722,6/25/2025 10:23,,/Users/aimeed/Desktop/BiteCounts/IV_Sctaeniopterus_TP_2021-06-12_122722_001.MP4,1203.1,23.98,No focal subject,Bite,Foraging,None|None|None,POINT,582.477,582.477,NA,,
IV_Sctaeniopterus_TP_2021-06-12_122722,6/25/2025 10:23,,/Users/aimeed/Desktop/BiteCounts/IV_Sctaeniopterus_TP_2021-06-12_122722_001.MP4,1203.1,23.98,No focal subject,Bite,Foraging,None|None|None,POINT,582.976,582.976,NA,,
IV_Sctaeniopterus_TP_2021-06-12_122722,6/25/2025 10:23,,/Users/aimeed/Desktop/BiteCounts/IV_Sctaeniopterus_TP_2021-06-12_122722_001.MP4,1203.1,23.98,No focal subject,Bite,Foraging,None|None|None,POINT,583.724,583.724,NA,,
IV_Sctaeniopterus_TP_2021-06-12_122722,6/25/2025 10:23,,/Users/aimeed/Desktop/BiteCounts/IV_Sctaeniopterus_TP_2021-06-12_122722_001.MP4,1203.1,23.98,No focal subject,Bite,Foraging,None|None|None,POINT,584.476,584.476,NA,,
IV_Sctaeniopterus_TP_2021-06-12_122722,6/25/2025 10:23,,/Users/aimeed/Desktop/BiteCounts/IV_Sctaeniopterus_TP_2021-06-12_122722_001.MP4,1203.1,23.98,No focal subject,Bite,Foraging,None|None|None,POINT,586.472,586.472,NA,,
IV_Sctaeniopterus_TP_2021-06-12_122722,6/25/2025 10:23,,/Users/aimeed/Desktop/BiteCounts/IV_Sctaeniopterus_TP_2021-06-12_122722_001.MP4,1203.1,23.98,No focal subject,Bite,Foraging,None|None|None,POINT,588.974,588.974,NA,,
IV_Sctaeniopterus_TP_2021-06-12_122722,6/25/2025 10:23,,/Users/aimeed/Desktop/BiteCounts/IV_Sctaeniopterus_TP_2021-06-12_122722_001.MP4,1203.1,23.98,No focal subject,Bite,Foraging,None|None|None,POINT,590.221,590.221,NA,,
IV_Sctaeniopterus_TP_2021-06-12_122722,6/25/2025 10:23,,/Users/aimeed/Desktop/BiteCounts/IV_Sctaeniopterus_TP_2021-06-12_122722_001.MP4,1203.1,23.98,No focal subject,Bite,Foraging,None|None|None,POINT,617.476,617.476,NA,,
IV_Sctaeniopterus_TP_2021-06-12_122722,6/25/2025 10:23,,/Users/aimeed/Desktop/BiteCounts/IV_Sctaeniopterus_TP_2021-06-12_122722_001.MP4,1203.1,23.98,No focal subject,Bite,Foraging,None|None|None,POINT,618.475,618.475,NA,,
IV_Sctaeniopterus_TP_2021-06-12_122722,6/25/2025 10:23,,/Users/aimeed/Desktop/BiteCounts/IV_Sctaeniopterus_TP_2021-06-12_122722_001.MP4,1203.1,23.98,No focal subject,Bite,Foraging,None|None|None,POINT,619.974,619.974,NA,,
IV_Sctaeniopterus_TP_2021-06-12_122722,6/25/2025 10:23,,/Users/aimeed/Desktop/BiteCounts/IV_Sctaeniopterus_TP_2021-06-12_122722_001.MP4,1203.1,23.98,No focal subject,Bite,Foraging,None|None|None,POINT,621.473,621.473,NA,,
IV_Sctaeniopterus_TP_2021-06-12_122722,6/25/2025 10:23,,/Users/aimeed/Desktop/BiteCounts/IV_Sctaeniopterus_TP_2021-06-12_122722_001.MP4,1203.1,23.98,No focal subject,Bite,Foraging,None|None|None,POINT,623.48,623.48,NA,,
IV_Sctaeniopterus_TP_2021-06-12_122722,6/25/2025 10:23,,/Users/aimeed/Desktop/BiteCounts/IV_Sctaeniopterus_TP_2021-06-12_122722_001.MP4,1203.1,23.98,No focal subject,Bite,Foraging,None|None|None,POINT,624.981,624.981,NA,,
IV_Sctaeniopterus_TP_2021-06-12_122722,6/25/2025 10:23,,/Users/aimeed/Desktop/BiteCounts/IV_Sctaeniopterus_TP_2021-06-12_122722_001.MP4,1203.1,23.98,No focal subject,Bite,Foraging,None|None|None,POINT,625.475,625.475,NA,,
IV_Sctaeniopterus_TP_2021-06-12_122722,6/25/2025 10:23,,/Users/aimeed/Desktop/BiteCounts/IV_Sctaeniopterus_TP_2021-06-12_122722_001.MP4,1203.1,23.98,No focal subject,Bite,Foraging,None|None|None,POINT,626.975,626.975,NA,,
IV_Sctaeniopterus_TP_2021-06-12_122722,6/25/2025 10:23,,/Users/aimeed/Desktop/BiteCounts/IV_Sctaeniopterus_TP_2021-06-12_122722_001.MP4,1203.1,23.98,No focal subject,Bite,Foraging,None|None|None,POINT,627.478,627.478,NA,,
IV_Sctaeniopterus_TP_2021-06-12_122722,6/25/2025 10:23,,/Users/aimeed/Desktop/BiteCounts/IV_Sctaeniopterus_TP_2021-06-12_122722_001.MP4,1203.1,23.98,No focal subject,Bite,Foraging,None|None|None,POINT,628.977,628.977,NA,,
IV_Sctaeniopterus_TP_2021-06-12_122722,6/25/2025 10:23,,/Users/aimeed/Desktop/BiteCounts/IV_Sctaeniopterus_TP_2021-06-12_122722_001.MP4,1203.1,23.98,No focal subject,Bite,Foraging,None|None|None,POINT,630.476,630.476,NA,,
IV_Sctaeniopterus_TP_2021-06-12_122722,6/25/2025 10:23,,/Users/aimeed/Desktop/BiteCounts/IV_Sctaeniopterus_TP_2021-06-12_122722_001.MP4,1203.1,23.98,No focal subject,Bite,Foraging,None|None|None,POINT,631.224,631.224,NA,,
IV_Sctaeniopterus_TP_2021-06-12_122722,6/25/2025 10:23,,/Users/aimeed/Desktop/BiteCounts/IV_Sctaeniopterus_TP_2021-06-12_122722_001.MP4,1203.1,23.98,No focal subject,Bite,Foraging,None|None|None,POINT,663.476,663.476,NA,,
IV_Sctaeniopterus_TP_2021-06-12_122722,6/25/2025 10:23,,/Users/aimeed/Desktop/BiteCounts/IV_Sctaeniopterus_TP_2021-06-12_122722_001.MP4,1203.1,23.98,No focal subject,Bite,Foraging,None|None|None,POINT,664.477,664.477,NA,,
IV_Sctaeniopterus_TP_2021-06-12_122722,6/25/2025 10:23,,/Users/aimeed/Desktop/BiteCounts/IV_Sctaeniopterus_TP_2021-06-12_122722_001.MP4,1203.1,23.98,No focal subject,Bite,Foraging,None|None|None,POINT,664.976,664.976,NA,,
IV_Sctaeniopterus_TP_2021-06-12_122722,6/25/2025 10:23,,/Users/aimeed/Desktop/BiteCounts/IV_Sctaeniopterus_TP_2021-06-12_122722_001.MP4,1203.1,23.98,No focal subject,Bite,Foraging,None|None|None,POINT,665.475,665.475,NA,,
IV_Sctaeniopterus_TP_2021-06-12_122722,6/25/2025 10:23,,/Users/aimeed/Desktop/BiteCounts/IV_Sctaeniopterus_TP_2021-06-12_122722_001.MP4,1203.1,23.98,No focal subject,Bite,Foraging,None|None|None,POINT,666.973,666.973,NA,,
IV_Sctaeniopterus_TP_2021-06-12_122722,6/25/2025 10:23,,/Users/aimeed/Desktop/BiteCounts/IV_Sctaeniopterus_TP_2021-06-12_122722_001.MP4,1203.1,23.98,No focal subject,Bite,Foraging,None|None|None,POINT,667.724,667.724,NA,,
IV_Sctaeniopterus_TP_2021-06-12_122722,6/25/2025 10:23,,/Users/aimeed/Desktop/BiteCounts/IV_Sctaeniopterus_TP_2021-06-12_122722_001.MP4,1203.1,23.98,No focal subject,Bite,Foraging,None|None|None,POINT,668.978,668.978,NA,,
IV_Sctaeniopterus_TP_2021-06-12_122722,6/25/2025 10:23,,/Users/aimeed/Desktop/BiteCounts/IV_Sctaeniopterus_TP_2021-06-12_122722_001.MP4,1203.1,23.98,No focal subject,Bite,Foraging,None|None|None,POINT,669.478,669.478,NA,,
IV_Sctaeniopterus_TP_2021-06-12_122722,6/25/2025 10:23,,/Users/aimeed/Desktop/BiteCounts/IV_Sctaeniopterus_TP_2021-06-12_122722_001.MP4,1203.1,23.98,No focal subject,Bite,Foraging,None|None|None,POINT,678.977,678.977,NA,,
IV_Sctaeniopterus_TP_2021-06-12_122722,6/25/2025 10:23,,/Users/aimeed/Desktop/BiteCounts/IV_Sctaeniopterus_TP_2021-06-12_122722_001.MP4,1203.1,23.98,No focal subject,Bite,Foraging,None|None|None,POINT,679.979,679.979,NA,,
IV_Sctaeniopterus_TP_2021-06-12_122722,6/25/2025 10:23,,/Users/aimeed/Desktop/BiteCounts/IV_Sctaeniopterus_TP_2021-06-12_122722_001.MP4,1203.1,23.98,No focal subject,Bite,Foraging,None|None|None,POINT,680.477,680.477,NA,,
IV_Sctaeniopterus_TP_2021-06-12_122722,6/25/2025 10:23,,/Users/aimeed/Desktop/BiteCounts/IV_Sctaeniopterus_TP_2021-06-12_122722_001.MP4,1203.1,23.98,No focal subject,Bite,Foraging,None|None|None,POINT,681.48,681.48,NA,,
IV_Sctaeniopterus_TP_2021-06-12_122722,6/25/2025 10:23,,/Users/aimeed/Desktop/BiteCounts/IV_Sctaeniopterus_TP_2021-06-12_122722_001.MP4,1203.1,23.98,No focal subject,Bite,Foraging,None|None|None,POINT,682.475,682.475,NA,,
IV_Sctaeniopterus_TP_2021-06-12_122722,6/25/2025 10:23,,/Users/aimeed/Desktop/BiteCounts/IV_Sctaeniopterus_TP_2021-06-12_122722_001.MP4,1203.1,23.98,No focal subject,Bite,Foraging,None|None|None,POINT,683.72,683.72,NA,,
IV_Sctaeniopterus_TP_2021-06-12_122722,6/25/2025 10:23,,/Users/aimeed/Desktop/BiteCounts/IV_Sctaeniopterus_TP_2021-06-12_122722_001.MP4,1203.1,23.98,No focal subject,Bite,Foraging,None|None|None,POINT,684.977,684.977,NA,,
IV_Sctaeniopterus_TP_2021-06-12_122722,6/25/2025 10:23,,/Users/aimeed/Desktop/BiteCounts/IV_Sctaeniopterus_TP_2021-06-12_122722_001.MP4,1203.1,23.98,No focal subject,Bite,Foraging,None|None|None,POINT,685.976,685.976,NA,,
IV_Sctaeniopterus_TP_2021-06-12_122722,6/25/2025 10:23,,/Users/aimeed/Desktop/BiteCounts/IV_Sctaeniopterus_TP_2021-06-12_122722_001.MP4,1203.1,23.98,No focal subject,Bite,Foraging,None|None|None,POINT,687.225,687.225,NA,,
IV_Sctaeniopterus_TP_2021-06-12_122722,6/25/2025 10:23,,/Users/aimeed/Desktop/BiteCounts/IV_Sctaeniopterus_TP_2021-06-12_122722_002.MP4,1203.1,23.98,No focal subject,Bite,Foraging,None|None|None,POINT,726.135,726.135,NA,,
IV_Sctaeniopterus_TP_2021-06-12_122722,6/25/2025 10:23,,/Users/aimeed/Desktop/BiteCounts/IV_Sctaeniopterus_TP_2021-06-12_122722_002.MP4,1203.1,23.98,No focal subject,Bite,Foraging,None|None|None,POINT,727.134,727.134,NA,,
IV_Sctaeniopterus_TP_2021-06-12_122722,6/25/2025 10:23,,/Users/aimeed/Desktop/BiteCounts/IV_Sctaeniopterus_TP_2021-06-12_122722_002.MP4,1203.1,23.98,No focal subject,Bite,Foraging,None|None|None,POINT,728.134,728.134,NA,,
IV_Sctaeniopterus_TP_2021-06-12_122722,6/25/2025 10:23,,/Users/aimeed/Desktop/BiteCounts/IV_Sctaeniopterus_TP_2021-06-12_122722_002.MP4,1203.1,23.98,No focal subject,Bite,Foraging,None|None|None,POINT,729.132,729.132,NA,,
IV_Sctaeniopterus_TP_2021-06-12_122722,6/25/2025 10:23,,/Users/aimeed/Desktop/BiteCounts/IV_Sctaeniopterus_TP_2021-06-12_122722_002.MP4,1203.1,23.98,No focal subject,Bite,Foraging,None|None|None,POINT,747.136,747.136,NA,,
IV_Sctaeniopterus_TP_2021-06-12_122722,6/25/2025 10:23,,/Users/aimeed/Desktop/BiteCounts/IV_Sctaeniopterus_TP_2021-06-12_122722_002.MP4,1203.1,23.98,No focal subject,Bite,Foraging,None|None|None,POINT,748.635,748.635,NA,,
IV_Sctaeniopterus_TP_2021-06-12_122722,6/25/2025 10:23,,/Users/aimeed/Desktop/BiteCounts/IV_Sctaeniopterus_TP_2021-06-12_122722_002.MP4,1203.1,23.98,No focal subject,Bite,Foraging,None|None|None,POINT,749.133,749.133,NA,,
IV_Sctaeniopterus_TP_2021-06-12_122722,6/25/2025 10:23,,/Users/aimeed/Desktop/BiteCounts/IV_Sctaeniopterus_TP_2021-06-12_122722_002.MP4,1203.1,23.98,No focal subject,Bite,Foraging,None|None|None,POINT,762.133,762.133,NA,,
IV_Sctaeniopterus_TP_2021-06-12_122722,6/25/2025 10:23,,/Users/aimeed/Desktop/BiteCounts/IV_Sctaeniopterus_TP_2021-06-12_122722_002.MP4,1203.1,23.98,No focal subject,Bite,Foraging,None|None|None,POINT,763.134,763.134,NA,,
IV_Sctaeniopterus_TP_2021-06-12_122722,6/25/2025 10:23,,/Users/aimeed/Desktop/BiteCounts/IV_Sctaeniopterus_TP_2021-06-12_122722_002.MP4,1203.1,23.98,No focal subject,Bite,Foraging,None|None|None,POINT,766.131,766.131,NA,,
IV_Sctaeniopterus_TP_2021-06-12_122722,6/25/2025 10:23,,/Users/aimeed/Desktop/BiteCounts/IV_Sctaeniopterus_TP_2021-06-12_122722_002.MP4,1203.1,23.98,No focal subject,Bite,Foraging,None|None|None,POINT,767.632,767.632,NA,,
IV_Sctaeniopterus_TP_2021-06-12_122722,6/25/2025 10:23,,/Users/aimeed/Desktop/BiteCounts/IV_Sctaeniopterus_TP_2021-06-12_122722_002.MP4,1203.1,23.98,No focal subject,Bite,Foraging,None|None|None,POINT,770.635,770.635,NA,,
IV_Sctaeniopterus_TP_2021-06-12_122722,6/25/2025 10:23,,/Users/aimeed/Desktop/BiteCounts/IV_Sctaeniopterus_TP_2021-06-12_122722_002.MP4,1203.1,23.98,No focal subject,Bite,Foraging,None|None|None,POINT,771.132,771.132,NA,,
IV_Sctaeniopterus_TP_2021-06-12_122722,6/25/2025 10:23,,/Users/aimeed/Desktop/BiteCounts/IV_Sctaeniopterus_TP_2021-06-12_122722_002.MP4,1203.1,23.98,No focal subject,Bite,Foraging,None|None|None,POINT,772.635,772.635,NA,,
IV_Sctaeniopterus_TP_2021-06-12_122722,6/25/2025 10:23,,/Users/aimeed/Desktop/BiteCounts/IV_Sctaeniopterus_TP_2021-06-12_122722_002.MP4,1203.1,23.98,No focal subject,Bite,Foraging,None|None|None,POINT,773.385,773.385,NA,,
IV_Sctaeniopterus_TP_2021-06-12_122722,6/25/2025 10:23,,/Users/aimeed/Desktop/BiteCounts/IV_Sctaeniopterus_TP_2021-06-12_122722_002.MP4,1203.1,23.98,No focal subject,Bite,Foraging,None|None|None,POINT,774.387,774.387,NA,,
IV_Sctaeniopterus_TP_2021-06-12_122722,6/25/2025 10:23,,/Users/aimeed/Desktop/BiteCounts/IV_Sctaeniopterus_TP_2021-06-12_122722_002.MP4,1203.1,23.98,No focal subject,Bite,Foraging,None|None|None,POINT,775.635,775.635,NA,,
IV_Sctaeniopterus_TP_2021-06-12_122722,6/25/2025 10:23,,/Users/aimeed/Desktop/BiteCounts/IV_Sctaeniopterus_TP_2021-06-12_122722_002.MP4,1203.1,23.98,No focal subject,Bite,Foraging,None|None|None,POINT,777.635,777.635,NA,,
IV_Sctaeniopterus_TP_2021-06-12_122722,6/25/2025 10:23,,/Users/aimeed/Desktop/BiteCounts/IV_Sctaeniopterus_TP_2021-06-12_122722_002.MP4,1203.1,23.98,No focal subject,Bite,Foraging,None|None|None,POINT,778.385,778.385,NA,,
IV_Sctaeniopterus_TP_2021-06-12_122722,6/25/2025 10:23,,/Users/aimeed/Desktop/BiteCounts/IV_Sctaeniopterus_TP_2021-06-12_122722_002.MP4,1203.1,23.98,No focal subject,Bite,Foraging,None|None|None,POINT,780.131,780.131,NA,,
IV_Sctaeniopterus_TP_2021-06-12_122722,6/25/2025 10:23,,/Users/aimeed/Desktop/BiteCounts/IV_Sctaeniopterus_TP_2021-06-12_122722_002.MP4,1203.1,23.98,No focal subject,Bite,Foraging,None|None|None,POINT,783.13,783.13,NA,,
IV_Sctaeniopterus_TP_2021-06-12_122722,6/25/2025 10:23,,/Users/aimeed/Desktop/BiteCounts/IV_Sctaeniopterus_TP_2021-06-12_122722_002.MP4,1203.1,23.98,No focal subject,Bite,Foraging,None|None|None,POINT,783.635,783.635,NA,,
IV_Sctaeniopterus_TP_2021-06-12_122722,6/25/2025 10:23,,/Users/aimeed/Desktop/BiteCounts/IV_Sctaeniopterus_TP_2021-06-12_122722_002.MP4,1203.1,23.98,No focal subject,Bite,Foraging,None|None|None,POINT,784.63,784.63,NA,,
IV_Sctaeniopterus_TP_2021-06-12_122722,6/25/2025 10:23,,/Users/aimeed/Desktop/BiteCounts/IV_Sctaeniopterus_TP_2021-06-12_122722_002.MP4,1203.1,23.98,No focal subject,Bite,Foraging,None|None|None,POINT,785.634,785.634,NA,,
IV_Sctaeniopterus_TP_2021-06-12_122722,6/25/2025 10:23,,/Users/aimeed/Desktop/BiteCounts/IV_Sctaeniopterus_TP_2021-06-12_122722_002.MP4,1203.1,23.98,No focal subject,Bite,Foraging,None|None|None,POINT,786.636,786.636,NA,,
IV_Sctaeniopterus_TP_2021-06-12_122722,6/25/2025 10:23,,/Users/aimeed/Desktop/BiteCounts/IV_Sctaeniopterus_TP_2021-06-12_122722_002.MP4,1203.1,23.98,No focal subject,Bite,Foraging,None|None|None,POINT,787.882,787.882,NA,,
IV_Sctaeniopterus_TP_2021-06-12_122722,6/25/2025 10:23,,/Users/aimeed/Desktop/BiteCounts/IV_Sctaeniopterus_TP_2021-06-12_122722_002.MP4,1203.1,23.98,No focal subject,Bite,Foraging,None|None|None,POINT,789.136,789.136,NA,,
IV_Sctaeniopterus_TP_2021-06-12_122722,6/25/2025 10:23,,/Users/aimeed/Desktop/BiteCounts/IV_Sctaeniopterus_TP_2021-06-12_122722_002.MP4,1203.1,23.98,No focal subject,Bite,Foraging,None|None|None,POINT,790.636,790.636,NA,,
IV_Sctaeniopterus_TP_2021-06-12_122722,6/25/2025 10:23,,/Users/aimeed/Desktop/BiteCounts/IV_Sctaeniopterus_TP_2021-06-12_122722_002.MP4,1203.1,23.98,No focal subject,Bite,Foraging,None|None|None,POINT,802.134,802.134,NA,,
IV_Sctaeniopterus_TP_2021-06-12_122722,6/25/2025 10:23,,/Users/aimeed/Desktop/BiteCounts/IV_Sctaeniopterus_TP_2021-06-12_122722_002.MP4,1203.1,23.98,No focal subject,Bite,Foraging,None|None|None,POINT,803.632,803.632,NA,,
IV_Sctaeniopterus_TP_2021-06-12_122722,6/25/2025 10:23,,/Users/aimeed/Desktop/BiteCounts/IV_Sctaeniopterus_TP_2021-06-12_122722_002.MP4,1203.1,23.98,No focal subject,Bite,Foraging,None|None|None,POINT,804.635,804.635,NA,,
IV_Sctaeniopterus_TP_2021-06-12_122722,6/25/2025 10:23,,/Users/aimeed/Desktop/BiteCounts/IV_Sctaeniopterus_TP_2021-06-12_122722_002.MP4,1203.1,23.98,No focal subject,Bite,Foraging,None|None|None,POINT,805.382,805.382,NA,,
IV_Sctaeniopterus_TP_2021-06-12_122722,6/25/2025 10:23,,/Users/aimeed/Desktop/BiteCounts/IV_Sctaeniopterus_TP_2021-06-12_122722_002.MP4,1203.1,23.98,No focal subject,Bite,Foraging,None|None|None,POINT,808.137,808.137,NA,,
IV_Sctaeniopterus_TP_2021-06-12_122722,6/25/2025 10:23,,/Users/aimeed/Desktop/BiteCounts/IV_Sctaeniopterus_TP_2021-06-12_122722_002.MP4,1203.1,23.98,No focal subject,Bite,Foraging,None|None|None,POINT,809.635,809.635,NA,,
IV_Sctaeniopterus_TP_2021-06-12_122722,6/25/2025 10:23,,/Users/aimeed/Desktop/BiteCounts/IV_Sctaeniopterus_TP_2021-06-12_122722_002.MP4,1203.1,23.98,No focal subject,Bite,Foraging,None|None|None,POINT,810.634,810.634,NA,,
IV_Sctaeniopterus_TP_2021-06-12_122722,6/25/2025 10:23,,/Users/aimeed/Desktop/BiteCounts/IV_Sctaeniopterus_TP_2021-06-12_122722_002.MP4,1203.1,23.98,No focal subject,Bite,Foraging,None|None|None,POINT,811.636,811.636,NA,,
IV_Sctaeniopterus_TP_2021-06-12_122722,6/25/2025 10:23,,/Users/aimeed/Desktop/BiteCounts/IV_Sctaeniopterus_TP_2021-06-12_122722_002.MP4,1203.1,23.98,No focal subject,Bite,Foraging,None|None|None,POINT,812.134,812.134,NA,,
IV_Sctaeniopterus_TP_2021-06-12_122722,6/25/2025 10:23,,/Users/aimeed/Desktop/BiteCounts/IV_Sctaeniopterus_TP_2021-06-12_122722_002.MP4,1203.1,23.98,No focal subject,Bite,Foraging,None|None|None,POINT,812.884,812.884,NA,,
IV_Sctaeniopterus_TP_2021-06-12_122722,6/25/2025 10:23,,/Users/aimeed/Desktop/BiteCounts/IV_Sctaeniopterus_TP_2021-06-12_122722_002.MP4,1203.1,23.98,No focal subject,Bite,Foraging,None|None|None,POINT,813.631,813.631,NA,,
IV_Sctaeniopterus_TP_2021-06-12_122722,6/25/2025 10:23,,/Users/aimeed/Desktop/BiteCounts/IV_Sctaeniopterus_TP_2021-06-12_122722_002.MP4,1203.1,23.98,No focal subject,Bite,Foraging,None|None|None,POINT,814.134,814.134,NA,,
IV_Sctaeniopterus_TP_2021-06-12_122722,6/25/2025 10:23,,/Users/aimeed/Desktop/BiteCounts/IV_Sctaeniopterus_TP_2021-06-12_122722_002.MP4,1203.1,23.98,No focal subject,Bite,Foraging,None|None|None,POINT,814.883,814.883,NA,,
IV_Sctaeniopterus_TP_2021-06-12_122722,6/25/2025 10:23,,/Users/aimeed/Desktop/BiteCounts/IV_Sctaeniopterus_TP_2021-06-12_122722_002.MP4,1203.1,23.98,No focal subject,Bite,Foraging,None|None|None,POINT,816.136,816.136,NA,,
IV_Sctaeniopterus_TP_2021-06-12_122722,6/25/2025 10:23,,/Users/aimeed/Desktop/BiteCounts/IV_Sctaeniopterus_TP_2021-06-12_122722_002.MP4,1203.1,23.98,No focal subject,Bite,Foraging,None|None|None,POINT,817.135,817.135,NA,,
IV_Sctaeniopterus_TP_2021-06-12_122722,6/25/2025 10:23,,/Users/aimeed/Desktop/BiteCounts/IV_Sctaeniopterus_TP_2021-06-12_122722_002.MP4,1203.1,23.98,No focal subject,Bite,Foraging,None|None|None,POINT,818.133,818.133,NA,,
IV_Sctaeniopterus_TP_2021-06-12_122722,6/25/2025 10:23,,/Users/aimeed/Desktop/BiteCounts/IV_Sctaeniopterus_TP_2021-06-12_122722_002.MP4,1203.1,23.98,No focal subject,Bite,Foraging,None|None|None,POINT,819.38,819.38,NA,,
IV_Sctaeniopterus_TP_2021-06-12_122722,6/25/2025 10:23,,/Users/aimeed/Desktop/BiteCounts/IV_Sctaeniopterus_TP_2021-06-12_122722_002.MP4,1203.1,23.98,No focal subject,Bite,Foraging,None|None|None,POINT,821.137,821.137,NA,,
IV_Sctaeniopterus_TP_2021-06-12_122722,6/25/2025 10:23,,/Users/aimeed/Desktop/BiteCounts/IV_Sctaeniopterus_TP_2021-06-12_122722_002.MP4,1203.1,23.98,No focal subject,Bite,Foraging,None|None|None,POINT,821.634,821.634,NA,,
IV_Sctaeniopterus_TP_2021-06-12_122722,6/25/2025 10:23,,/Users/aimeed/Desktop/BiteCounts/IV_Sctaeniopterus_TP_2021-06-12_122722_002.MP4,1203.1,23.98,No focal subject,Bite,Foraging,None|None|None,POINT,822.634,822.634,NA,,
IV_Sctaeniopterus_TP_2021-06-12_122722,6/25/2025 10:23,,/Users/aimeed/Desktop/BiteCounts/IV_Sctaeniopterus_TP_2021-06-12_122722_002.MP4,1203.1,23.98,No focal subject,Bite,Foraging,None|None|None,POINT,823.638,823.638,NA,,
IV_Sctaeniopterus_TP_2021-06-12_122722,6/25/2025 10:23,,/Users/aimeed/Desktop/BiteCounts/IV_Sctaeniopterus_TP_2021-06-12_122722_002.MP4,1203.1,23.98,No focal subject,Bite,Foraging,None|None|None,POINT,824.637,824.637,NA,,
IV_Sctaeniopterus_TP_2021-06-12_122722,6/25/2025 10:23,,/Users/aimeed/Desktop/BiteCounts/IV_Sctaeniopterus_TP_2021-06-12_122722_002.MP4,1203.1,23.98,No focal subject,Bite,Foraging,None|None|None,POINT,825.636,825.636,NA,,
IV_Sctaeniopterus_TP_2021-06-12_122722,6/25/2025 10:23,,/Users/aimeed/Desktop/BiteCounts/IV_Sctaeniopterus_TP_2021-06-12_122722_002.MP4,1203.1,23.98,No focal subject,Bite,Foraging,None|None|None,POINT,826.134,826.134,NA,,
IV_Sctaeniopterus_TP_2021-06-12_122722,6/25/2025 10:23,,/Users/aimeed/Desktop/BiteCounts/IV_Sctaeniopterus_TP_2021-06-12_122722_002.MP4,1203.1,23.98,No focal subject,Bite,Foraging,None|None|None,POINT,845.634,845.634,NA,,
IV_Sctaeniopterus_TP_2021-06-12_122722,6/25/2025 10:23,,/Users/aimeed/Desktop/BiteCounts/IV_Sctaeniopterus_TP_2021-06-12_122722_002.MP4,1203.1,23.98,No focal subject,Bite,Foraging,None|None|None,POINT,847.88,847.88,NA,,
IV_Sctaeniopterus_TP_2021-06-12_122722,6/25/2025 10:23,,/Users/aimeed/Desktop/BiteCounts/IV_Sctaeniopterus_TP_2021-06-12_122722_002.MP4,1203.1,23.98,No focal subject,Bite,Foraging,None|None|None,POINT,849.134,849.134,NA,,
IV_Sctaeniopterus_TP_2021-06-12_122722,6/25/2025 10:23,,/Users/aimeed/Desktop/BiteCounts/IV_Sctaeniopterus_TP_2021-06-12_122722_002.MP4,1203.1,23.98,No focal subject,Bite,Foraging,None|None|None,POINT,850.635,850.635,NA,,
IV_Sctaeniopterus_TP_2021-06-12_122722,6/25/2025 10:23,,/Users/aimeed/Desktop/BiteCounts/IV_Sctaeniopterus_TP_2021-06-12_122722_002.MP4,1203.1,23.98,No focal subject,Bite,Foraging,None|None|None,POINT,852.132,852.132,NA,,
IV_Sctaeniopterus_TP_2021-06-12_122722,6/25/2025 10:23,,/Users/aimeed/Desktop/BiteCounts/IV_Sctaeniopterus_TP_2021-06-12_122722_002.MP4,1203.1,23.98,No focal subject,Bite,Foraging,None|None|None,POINT,854.134,854.134,NA,,
IV_Sctaeniopterus_TP_2021-06-12_122722,6/25/2025 10:23,,/Users/aimeed/Desktop/BiteCounts/IV_Sctaeniopterus_TP_2021-06-12_122722_002.MP4,1203.1,23.98,No focal subject,Bite,Foraging,None|None|None,POINT,855.133,855.133,NA,,
IV_Sctaeniopterus_TP_2021-06-12_122722,6/25/2025 10:23,,/Users/aimeed/Desktop/BiteCounts/IV_Sctaeniopterus_TP_2021-06-12_122722_002.MP4,1203.1,23.98,No focal subject,Bite,Foraging,None|None|None,POINT,855.883,855.883,NA,,
IV_Sctaeniopterus_TP_2021-06-12_122722,6/25/2025 10:23,,/Users/aimeed/Desktop/BiteCounts/IV_Sctaeniopterus_TP_2021-06-12_122722_002.MP4,1203.1,23.98,No focal subject,Bite,Foraging,None|None|None,POINT,865.133,865.133,NA,,
IV_Sctaeniopterus_TP_2021-06-12_122722,6/25/2025 10:23,,/Users/aimeed/Desktop/BiteCounts/IV_Sctaeniopterus_TP_2021-06-12_122722_002.MP4,1203.1,23.98,No focal subject,Bite,Foraging,None|None|None,POINT,866.134,866.134,NA,,
IV_Sctaeniopterus_TP_2021-06-12_122722,6/25/2025 10:23,,/Users/aimeed/Desktop/BiteCounts/IV_Sctaeniopterus_TP_2021-06-12_122722_002.MP4,1203.1,23.98,No focal subject,Bite,Foraging,None|None|None,POINT,866.881,866.881,NA,,
IV_Sctaeniopterus_TP_2021-06-12_122722,6/25/2025 10:23,,/Users/aimeed/Desktop/BiteCounts/IV_Sctaeniopterus_TP_2021-06-12_122722_002.MP4,1203.1,23.98,No focal subject,Bite,Foraging,None|None|None,POINT,872.136,872.136,NA,,
IV_Sctaeniopterus_TP_2021-06-12_122722,6/25/2025 10:23,,/Users/aimeed/Desktop/BiteCounts/IV_Sctaeniopterus_TP_2021-06-12_122722_002.MP4,1203.1,23.98,No focal subject,Bite,Foraging,None|None|None,POINT,873.135,873.135,NA,,
IV_Sctaeniopterus_TP_2021-06-12_122722,6/25/2025 10:23,,/Users/aimeed/Desktop/BiteCounts/IV_Sctaeniopterus_TP_2021-06-12_122722_002.MP4,1203.1,23.98,No focal subject,Bite,Foraging,None|None|None,POINT,874.133,874.133,NA,,
IV_Sctaeniopterus_TP_2021-06-12_122722,6/25/2025 10:23,,/Users/aimeed/Desktop/BiteCounts/IV_Sctaeniopterus_TP_2021-06-12_122722_002.MP4,1203.1,23.98,No focal subject,Bite,Foraging,None|None|None,POINT,875.883,875.883,NA,,
IV_Sctaeniopterus_TP_2021-06-12_122722,6/25/2025 10:23,,/Users/aimeed/Desktop/BiteCounts/IV_Sctaeniopterus_TP_2021-06-12_122722_002.MP4,1203.1,23.98,No focal subject,Bite,Foraging,None|None|None,POINT,877.136,877.136,NA,,
IV_Sctaeniopterus_TP_2021-06-12_122722,6/25/2025 10:23,,/Users/aimeed/Desktop/BiteCounts/IV_Sctaeniopterus_TP_2021-06-12_122722_002.MP4,1203.1,23.98,No focal subject,Bite,Foraging,None|None|None,POINT,878.137,878.137,NA,,
IV_Sctaeniopterus_TP_2021-06-12_122722,6/25/2025 10:23,,/Users/aimeed/Desktop/BiteCounts/IV_Sctaeniopterus_TP_2021-06-12_122722_002.MP4,1203.1,23.98,No focal subject,Bite,Foraging,None|None|None,POINT,879.636,879.636,NA,,
IV_Sctaeniopterus_TP_2021-06-12_122722,6/25/2025 10:23,,/Users/aimeed/Desktop/BiteCounts/IV_Sctaeniopterus_TP_2021-06-12_122722_002.MP4,1203.1,23.98,No focal subject,Bite,Foraging,None|None|None,POINT,888.135,888.135,NA,,
IV_Sctaeniopterus_TP_2021-06-12_122722,6/25/2025 10:23,,/Users/aimeed/Desktop/BiteCounts/IV_Sctaeniopterus_TP_2021-06-12_122722_002.MP4,1203.1,23.98,No focal subject,Bite,Foraging,None|None|None,POINT,889.132,889.132,NA,,
IV_Sctaeniopterus_TP_2021-06-12_122722,6/25/2025 10:23,,/Users/aimeed/Desktop/BiteCounts/IV_Sctaeniopterus_TP_2021-06-12_122722_002.MP4,1203.1,23.98,No focal subject,Bite,Foraging,None|None|None,POINT,890.134,890.134,NA,,
IV_Sctaeniopterus_TP_2021-06-12_122722,6/25/2025 10:23,,/Users/aimeed/Desktop/BiteCounts/IV_Sctaeniopterus_TP_2021-06-12_122722_002.MP4,1203.1,23.98,No focal subject,Bite,Foraging,None|None|None,POINT,892.636,892.636,NA,,
IV_Sctaeniopterus_TP_2021-06-12_122722,6/25/2025 10:23,,/Users/aimeed/Desktop/BiteCounts/IV_Sctaeniopterus_TP_2021-06-12_122722_002.MP4,1203.1,23.98,No focal subject,Bite,Foraging,None|None|None,POINT,894.138,894.138,NA,,
IV_Sctaeniopterus_TP_2021-06-12_122722,6/25/2025 10:23,,/Users/aimeed/Desktop/BiteCounts/IV_Sctaeniopterus_TP_2021-06-12_122722_002.MP4,1203.1,23.98,No focal subject,Bite,Foraging,None|None|None,POINT,895.137,895.137,NA,,
IV_Sctaeniopterus_TP_2021-06-12_122722,6/25/2025 10:23,,/Users/aimeed/Desktop/BiteCounts/IV_Sctaeniopterus_TP_2021-06-12_122722_002.MP4,1203.1,23.98,No focal subject,Bite,Foraging,None|None|None,POINT,898.135,898.135,NA,,
IV_Sctaeniopterus_TP_2021-06-12_122722,6/25/2025 10:23,,/Users/aimeed/Desktop/BiteCounts/IV_Sctaeniopterus_TP_2021-06-12_122722_002.MP4,1203.1,23.98,No focal subject,Bite,Foraging,None|None|None,POINT,898.884,898.884,NA,,
IV_Sctaeniopterus_TP_2021-06-12_122722,6/25/2025 10:23,,/Users/aimeed/Desktop/BiteCounts/IV_Sctaeniopterus_TP_2021-06-12_122722_002.MP4,1203.1,23.98,No focal subject,Bite,Foraging,None|None|None,POINT,901.135,901.135,NA,,
IV_Sctaeniopterus_TP_2021-06-12_122722,6/25/2025 10:23,,/Users/aimeed/Desktop/BiteCounts/IV_Sctaeniopterus_TP_2021-06-12_122722_002.MP4,1203.1,23.98,No focal subject,Bite,Foraging,None|None|None,POINT,902.136,902.136,NA,,
IV_Sctaeniopterus_TP_2021-06-12_122722,6/25/2025 10:23,,/Users/aimeed/Desktop/BiteCounts/IV_Sctaeniopterus_TP_2021-06-12_122722_002.MP4,1203.1,23.98,No focal subject,Bite,Foraging,None|None|None,POINT,902.637,902.637,NA,,
IV_Sctaeniopterus_TP_2021-06-12_122722,6/25/2025 10:23,,/Users/aimeed/Desktop/BiteCounts/IV_Sctaeniopterus_TP_2021-06-12_122722_002.MP4,1203.1,23.98,No focal subject,Bite,Foraging,None|None|None,POINT,903.635,903.635,NA,,
IV_Sctaeniopterus_TP_2021-06-12_122722,6/25/2025 10:23,,/Users/aimeed/Desktop/BiteCounts/IV_Sctaeniopterus_TP_2021-06-12_122722_002.MP4,1203.1,23.98,No focal subject,Bite,Foraging,None|None|None,POINT,908.133,908.133,NA,,
IV_Sctaeniopterus_TP_2021-06-12_122722,6/25/2025 10:23,,/Users/aimeed/Desktop/BiteCounts/IV_Sctaeniopterus_TP_2021-06-12_122722_002.MP4,1203.1,23.98,No focal subject,Bite,Foraging,None|None|None,POINT,909.137,909.137,NA,,
IV_Sctaeniopterus_TP_2021-06-12_122722,6/25/2025 10:23,,/Users/aimeed/Desktop/BiteCounts/IV_Sctaeniopterus_TP_2021-06-12_122722_002.MP4,1203.1,23.98,No focal subject,Bite,Foraging,None|None|None,POINT,910.634,910.634,NA,,
IV_Sctaeniopterus_TP_2021-06-12_122722,6/25/2025 10:23,,/Users/aimeed/Desktop/BiteCounts/IV_Sctaeniopterus_TP_2021-06-12_122722_002.MP4,1203.1,23.98,No focal subject,Bite,Foraging,None|None|None,POINT,911.132,911.132,NA,,
IV_Sctaeniopterus_TP_2021-06-12_122722,6/25/2025 10:23,,/Users/aimeed/Desktop/BiteCounts/IV_Sctaeniopterus_TP_2021-06-12_122722_002.MP4,1203.1,23.98,No focal subject,Bite,Foraging,None|None|None,POINT,912.133,912.133,NA,,
IV_Sctaeniopterus_TP_2021-06-12_122722,6/25/2025 10:23,,/Users/aimeed/Desktop/BiteCounts/IV_Sctaeniopterus_TP_2021-06-12_122722_002.MP4,1203.1,23.98,No focal subject,Bite,Foraging,None|None|None,POINT,913.129,913.129,NA,,
IV_Sctaeniopterus_TP_2021-06-12_122722,6/25/2025 10:23,,/Users/aimeed/Desktop/BiteCounts/IV_Sctaeniopterus_TP_2021-06-12_122722_002.MP4,1203.1,23.98,No focal subject,Bite,Foraging,None|None|None,POINT,914.134,914.134,NA,,
IV_Sctaeniopterus_TP_2021-06-12_122722,6/25/2025 10:23,,/Users/aimeed/Desktop/BiteCounts/IV_Sctaeniopterus_TP_2021-06-12_122722_002.MP4,1203.1,23.98,No focal subject,Bite,Foraging,None|None|None,POINT,915.131,915.131,NA,,
IV_Sctaeniopterus_TP_2021-06-12_122722,6/25/2025 10:23,,/Users/aimeed/Desktop/BiteCounts/IV_Sctaeniopterus_TP_2021-06-12_122722_002.MP4,1203.1,23.98,No focal subject,Bite,Foraging,None|None|None,POINT,915.635,915.635,NA,,
IV_Sctaeniopterus_TP_2021-06-12_122722,6/25/2025 10:23,,/Users/aimeed/Desktop/BiteCounts/IV_Sctaeniopterus_TP_2021-06-12_122722_002.MP4,1203.1,23.98,No focal subject,Bite,Foraging,None|None|None,POINT,917.133,917.133,NA,,
IV_Sctaeniopterus_TP_2021-06-12_122722,6/25/2025 10:23,,/Users/aimeed/Desktop/BiteCounts/IV_Sctaeniopterus_TP_2021-06-12_122722_002.MP4,1203.1,23.98,No focal subject,Bite,Foraging,None|None|None,POINT,918.137,918.137,NA,,
IV_Sctaeniopterus_TP_2021-06-12_122722,6/25/2025 10:23,,/Users/aimeed/Desktop/BiteCounts/IV_Sctaeniopterus_TP_2021-06-12_122722_002.MP4,1203.1,23.98,No focal subject,Bite,Foraging,None|None|None,POINT,918.883,918.883,NA,,
IV_Sctaeniopterus_TP_2021-06-12_122722,6/25/2025 10:23,,/Users/aimeed/Desktop/BiteCounts/IV_Sctaeniopterus_TP_2021-06-12_122722_002.MP4,1203.1,23.98,No focal subject,Bite,Foraging,None|None|None,POINT,919.637,919.637,NA,,
IV_Sctaeniopterus_TP_2021-06-12_122722,6/25/2025 10:23,,/Users/aimeed/Desktop/BiteCounts/IV_Sctaeniopterus_TP_2021-06-12_122722_002.MP4,1203.1,23.98,No focal subject,Bite,Foraging,None|None|None,POINT,920.635,920.635,NA,,
IV_Sctaeniopterus_TP_2021-06-12_122722,6/25/2025 10:23,,/Users/aimeed/Desktop/BiteCounts/IV_Sctaeniopterus_TP_2021-06-12_122722_002.MP4,1203.1,23.98,No focal subject,Bite,Foraging,None|None|None,POINT,921.638,921.638,NA,,
IV_Sctaeniopterus_TP_2021-06-12_122722,6/25/2025 10:23,,/Users/aimeed/Desktop/BiteCounts/IV_Sctaeniopterus_TP_2021-06-12_122722_002.MP4,1203.1,23.98,No focal subject,Bite,Foraging,None|None|None,POINT,923.137,923.137,NA,,
IV_Sctaeniopterus_TP_2021-06-12_122722,6/25/2025 10:23,,/Users/aimeed/Desktop/BiteCounts/IV_Sctaeniopterus_TP_2021-06-12_122722_002.MP4,1203.1,23.98,No focal subject,Bite,Foraging,None|None|None,POINT,924.136,924.136,NA,,
IV_Sctaeniopterus_TP_2021-06-12_122722,6/25/2025 10:23,,/Users/aimeed/Desktop/BiteCounts/IV_Sctaeniopterus_TP_2021-06-12_122722_002.MP4,1203.1,23.98,No focal subject,Bite,Foraging,None|None|None,POINT,925.634,925.634,NA,,
IV_Sctaeniopterus_TP_2021-06-12_122722,6/25/2025 10:23,,/Users/aimeed/Desktop/BiteCounts/IV_Sctaeniopterus_TP_2021-06-12_122722_002.MP4,1203.1,23.98,No focal subject,Bite,Foraging,None|None|None,POINT,927.634,927.634,NA,,
IV_Sctaeniopterus_TP_2021-06-12_122722,6/25/2025 10:23,,/Users/aimeed/Desktop/BiteCounts/IV_Sctaeniopterus_TP_2021-06-12_122722_002.MP4,1203.1,23.98,No focal subject,Bite,Foraging,None|None|None,POINT,928.637,928.637,NA,,
IV_Sctaeniopterus_TP_2021-06-12_122722,6/25/2025 10:23,,/Users/aimeed/Desktop/BiteCounts/IV_Sctaeniopterus_TP_2021-06-12_122722_002.MP4,1203.1,23.98,No focal subject,Bite,Foraging,None|None|None,POINT,947.132,947.132,NA,,
IV_Sctaeniopterus_TP_2021-06-12_122722,6/25/2025 10:23,,/Users/aimeed/Desktop/BiteCounts/IV_Sctaeniopterus_TP_2021-06-12_122722_002.MP4,1203.1,23.98,No focal subject,Bite,Foraging,None|None|None,POINT,947.634,947.634,NA,,
IV_Sctaeniopterus_TP_2021-06-12_122722,6/25/2025 10:23,,/Users/aimeed/Desktop/BiteCounts/IV_Sctaeniopterus_TP_2021-06-12_122722_002.MP4,1203.1,23.98,No focal subject,Bite,Foraging,None|None|None,POINT,948.134,948.134,NA,,
IV_Sctaeniopterus_TP_2021-06-12_122722,6/25/2025 10:23,,/Users/aimeed/Desktop/BiteCounts/IV_Sctaeniopterus_TP_2021-06-12_122722_002.MP4,1203.1,23.98,No focal subject,Bite,Foraging,None|None|None,POINT,957.633,957.633,NA,,
IV_Sctaeniopterus_TP_2021-06-12_122722,6/25/2025 10:23,,/Users/aimeed/Desktop/BiteCounts/IV_Sctaeniopterus_TP_2021-06-12_122722_002.MP4,1203.1,23.98,No focal subject,Bite,Foraging,None|None|None,POINT,959.133,959.133,NA,,
IV_Sctaeniopterus_TP_2021-06-12_122722,6/25/2025 10:23,,/Users/aimeed/Desktop/BiteCounts/IV_Sctaeniopterus_TP_2021-06-12_122722_002.MP4,1203.1,23.98,No focal subject,Bite,Foraging,None|None|None,POINT,960.381,960.381,NA,,
IV_Sctaeniopterus_TP_2021-06-12_122722,6/25/2025 10:23,,/Users/aimeed/Desktop/BiteCounts/IV_Sctaeniopterus_TP_2021-06-12_122722_002.MP4,1203.1,23.98,No focal subject,Bite,Foraging,None|None|None,POINT,961.889,961.889,NA,,
IV_Sctaeniopterus_TP_2021-06-12_122722,6/25/2025 10:23,,/Users/aimeed/Desktop/BiteCounts/IV_Sctaeniopterus_TP_2021-06-12_122722_002.MP4,1203.1,23.98,No focal subject,Bite,Foraging,None|None|None,POINT,962.885,962.885,NA,,
IV_Sctaeniopterus_TP_2021-06-12_122722,6/25/2025 10:23,,/Users/aimeed/Desktop/BiteCounts/IV_Sctaeniopterus_TP_2021-06-12_122722_002.MP4,1203.1,23.98,No focal subject,Bite,Foraging,None|None|None,POINT,963.887,963.887,NA,,
IV_Sctaeniopterus_TP_2021-06-12_122722,6/25/2025 10:23,,/Users/aimeed/Desktop/BiteCounts/IV_Sctaeniopterus_TP_2021-06-12_122722_002.MP4,1203.1,23.98,No focal subject,Bite,Foraging,None|None|None,POINT,965.386,965.386,NA,,
IV_Sctaeniopterus_TP_2021-06-12_122722,6/25/2025 10:23,,/Users/aimeed/Desktop/BiteCounts/IV_Sctaeniopterus_TP_2021-06-12_122722_002.MP4,1203.1,23.98,No focal subject,Bite,Foraging,None|None|None,POINT,966.887,966.887,NA,,
IV_Sctaeniopterus_TP_2021-06-12_122722,6/25/2025 10:23,,/Users/aimeed/Desktop/BiteCounts/IV_Sctaeniopterus_TP_2021-06-12_122722_002.MP4,1203.1,23.98,No focal subject,Bite,Foraging,None|None|None,POINT,968.385,968.385,NA,,
IV_Sctaeniopterus_TP_2021-06-12_122722,6/25/2025 10:23,,/Users/aimeed/Desktop/BiteCounts/IV_Sctaeniopterus_TP_2021-06-12_122722_002.MP4,1203.1,23.98,No focal subject,Bite,Foraging,None|None|None,POINT,968.883,968.883,NA,,
IV_Sctaeniopterus_TP_2021-06-12_122722,6/25/2025 10:23,,/Users/aimeed/Desktop/BiteCounts/IV_Sctaeniopterus_TP_2021-06-12_122722_002.MP4,1203.1,23.98,No focal subject,Bite,Foraging,None|None|None,POINT,974.882,974.882,NA,,
IV_Sctaeniopterus_TP_2021-06-12_122722,6/25/2025 10:23,,/Users/aimeed/Desktop/BiteCounts/IV_Sctaeniopterus_TP_2021-06-12_122722_002.MP4,1203.1,23.98,No focal subject,Bite,Foraging,None|None|None,POINT,979.883,979.883,NA,,
IV_Sctaeniopterus_TP_2021-06-12_122722,6/25/2025 10:23,,/Users/aimeed/Desktop/BiteCounts/IV_Sctaeniopterus_TP_2021-06-12_122722_002.MP4,1203.1,23.98,No focal subject,Bite,Foraging,None|None|None,POINT,980.386,980.386,NA,,
IV_Sctaeniopterus_TP_2021-06-12_122722,6/25/2025 10:23,,/Users/aimeed/Desktop/BiteCounts/IV_Sctaeniopterus_TP_2021-06-12_122722_002.MP4,1203.1,23.98,No focal subject,Bite,Foraging,None|None|None,POINT,981.382,981.382,NA,,
IV_Sctaeniopterus_TP_2021-06-12_122722,6/25/2025 10:23,,/Users/aimeed/Desktop/BiteCounts/IV_Sctaeniopterus_TP_2021-06-12_122722_002.MP4,1203.1,23.98,No focal subject,Bite,Foraging,None|None|None,POINT,981.881,981.881,NA,,
IV_Sctaeniopterus_TP_2021-06-12_122722,6/25/2025 10:23,,/Users/aimeed/Desktop/BiteCounts/IV_Sctaeniopterus_TP_2021-06-12_122722_002.MP4,1203.1,23.98,No focal subject,Bite,Foraging,None|None|None,POINT,982.635,982.635,NA,,
IV_Sctaeniopterus_TP_2021-06-12_122722,6/25/2025 10:23,,/Users/aimeed/Desktop/BiteCounts/IV_Sctaeniopterus_TP_2021-06-12_122722_002.MP4,1203.1,23.98,No focal subject,Bite,Foraging,None|None|None,POINT,983.885,983.885,NA,,
IV_Sctaeniopterus_TP_2021-06-12_122722,6/25/2025 10:23,,/Users/aimeed/Desktop/BiteCounts/IV_Sctaeniopterus_TP_2021-06-12_122722_002.MP4,1203.1,23.98,No focal subject,Bite,Foraging,None|None|None,POINT,984.881,984.881,NA,,
IV_Sctaeniopterus_TP_2021-06-12_122722,6/25/2025 10:23,,/Users/aimeed/Desktop/BiteCounts/IV_Sctaeniopterus_TP_2021-06-12_122722_002.MP4,1203.1,23.98,No focal subject,Lost Time,Time Keeping,,STATE,989.904,991.406,1.502,,
IV_Sctaeniopterus_TP_2021-06-12_122722,6/25/2025 10:23,,/Users/aimeed/Desktop/BiteCounts/IV_Sctaeniopterus_TP_2021-06-12_122722_002.MP4,1203.1,23.98,No focal subject,Bite,Foraging,None|None|None,POINT,993.656,993.656,NA,,
IV_Sctaeniopterus_TP_2021-06-12_122722,6/25/2025 10:23,,/Users/aimeed/Desktop/BiteCounts/IV_Sctaeniopterus_TP_2021-06-12_122722_002.MP4,1203.1,23.98,No focal subject,Bite,Foraging,None|None|None,POINT,994.163,994.163,NA,,
IV_Sctaeniopterus_TP_2021-06-12_122722,6/25/2025 10:23,,/Users/aimeed/Desktop/BiteCounts/IV_Sctaeniopterus_TP_2021-06-12_122722_002.MP4,1203.1,23.98,No focal subject,Bite,Foraging,None|None|None,POINT,994.912,994.912,NA,,
IV_Sctaeniopterus_TP_2021-06-12_122722,6/25/2025 10:23,,/Users/aimeed/Desktop/BiteCounts/IV_Sctaeniopterus_TP_2021-06-12_122722_002.MP4,1203.1,23.98,No focal subject,Bite,Foraging,None|None|None,POINT,995.921,995.921,NA,,
IV_Sctaeniopterus_TP_2021-06-12_122722,6/25/2025 10:23,,/Users/aimeed/Desktop/BiteCounts/IV_Sctaeniopterus_TP_2021-06-12_122722_002.MP4,1203.1,23.98,No focal subject,Bite,Foraging,None|None|None,POINT,998.412,998.412,NA,,
IV_Sctaeniopterus_TP_2021-06-12_122722,6/25/2025 10:23,,/Users/aimeed/Desktop/BiteCounts/IV_Sctaeniopterus_TP_2021-06-12_122722_002.MP4,1203.1,23.98,No focal subject,Bite,Foraging,None|None|None,POINT,999.412,999.412,NA,,
IV_Sctaeniopterus_TP_2021-06-12_122722,6/25/2025 10:23,,/Users/aimeed/Desktop/BiteCounts/IV_Sctaeniopterus_TP_2021-06-12_122722_002.MP4,1203.1,23.98,No focal subject,Bite,Foraging,None|None|None,POINT,999.912,999.912,NA,,
IV_Sctaeniopterus_TP_2021-06-12_122722,6/25/2025 10:23,,/Users/aimeed/Desktop/BiteCounts/IV_Sctaeniopterus_TP_2021-06-12_122722_002.MP4,1203.1,23.98,No focal subject,Bite,Foraging,None|None|None,POINT,1001.407,1001.407,NA,,
IV_Sctaeniopterus_TP_2021-06-12_122722,6/25/2025 10:23,,/Users/aimeed/Desktop/BiteCounts/IV_Sctaeniopterus_TP_2021-06-12_122722_002.MP4,1203.1,23.98,No focal subject,Bite,Foraging,None|None|None,POINT,1002.412,1002.412,NA,,
IV_Sctaeniopterus_TP_2021-06-12_122722,6/25/2025 10:23,,/Users/aimeed/Desktop/BiteCounts/IV_Sctaeniopterus_TP_2021-06-12_122722_002.MP4,1203.1,23.98,No focal subject,Bite,Foraging,None|None|None,POINT,1005.912,1005.912,NA,,
IV_Sctaeniopterus_TP_2021-06-12_122722,6/25/2025 10:23,,/Users/aimeed/Desktop/BiteCounts/IV_Sctaeniopterus_TP_2021-06-12_122722_002.MP4,1203.1,23.98,No focal subject,Bite,Foraging,None|None|None,POINT,1008.407,1008.407,NA,,
IV_Sctaeniopterus_TP_2021-06-12_122722,6/25/2025 10:23,,/Users/aimeed/Desktop/BiteCounts/IV_Sctaeniopterus_TP_2021-06-12_122722_002.MP4,1203.1,23.98,No focal subject,Bite,Foraging,None|None|None,POINT,1008.908,1008.908,NA,,
IV_Sctaeniopterus_TP_2021-06-12_122722,6/25/2025 10:23,,/Users/aimeed/Desktop/BiteCounts/IV_Sctaeniopterus_TP_2021-06-12_122722_002.MP4,1203.1,23.98,No focal subject,Bite,Foraging,None|None|None,POINT,1009.66,1009.66,NA,,
IV_Sctaeniopterus_TP_2021-06-12_122722,6/25/2025 10:23,,/Users/aimeed/Desktop/BiteCounts/IV_Sctaeniopterus_TP_2021-06-12_122722_002.MP4,1203.1,23.98,No focal subject,Bite,Foraging,None|None|None,POINT,1010.159,1010.159,NA,,
IV_Sctaeniopterus_TP_2021-06-12_122722,6/25/2025 10:23,,/Users/aimeed/Desktop/BiteCounts/IV_Sctaeniopterus_TP_2021-06-12_122722_002.MP4,1203.1,23.98,No focal subject,Bite,Foraging,None|None|None,POINT,1011.16,1011.16,NA,,
IV_Sctaeniopterus_TP_2021-06-12_122722,6/25/2025 10:23,,/Users/aimeed/Desktop/BiteCounts/IV_Sctaeniopterus_TP_2021-06-12_122722_002.MP4,1203.1,23.98,No focal subject,Bite,Foraging,None|None|None,POINT,1012.159,1012.159,NA,,
IV_Sctaeniopterus_TP_2021-06-12_122722,6/25/2025 10:23,,/Users/aimeed/Desktop/BiteCounts/IV_Sctaeniopterus_TP_2021-06-12_122722_002.MP4,1203.1,23.98,No focal subject,Bite,Foraging,None|None|None,POINT,1012.912,1012.912,NA,,
IV_Sctaeniopterus_TP_2021-06-12_122722,6/25/2025 10:23,,/Users/aimeed/Desktop/BiteCounts/IV_Sctaeniopterus_TP_2021-06-12_122722_002.MP4,1203.1,23.98,No focal subject,Bite,Foraging,None|None|None,POINT,1013.411,1013.411,NA,,
IV_Sctaeniopterus_TP_2021-06-12_122722,6/25/2025 10:23,,/Users/aimeed/Desktop/BiteCounts/IV_Sctaeniopterus_TP_2021-06-12_122722_002.MP4,1203.1,23.98,No focal subject,Bite,Foraging,None|None|None,POINT,1014.414,1014.414,NA,,
IV_Sctaeniopterus_TP_2021-06-12_122722,6/25/2025 10:23,,/Users/aimeed/Desktop/BiteCounts/IV_Sctaeniopterus_TP_2021-06-12_122722_002.MP4,1203.1,23.98,No focal subject,Bite,Foraging,None|None|None,POINT,1015.659,1015.659,NA,,
IV_Sctaeniopterus_TP_2021-06-12_122722,6/25/2025 10:23,,/Users/aimeed/Desktop/BiteCounts/IV_Sctaeniopterus_TP_2021-06-12_122722_002.MP4,1203.1,23.98,No focal subject,Bite,Foraging,None|None|None,POINT,1017.412,1017.412,NA,,
IV_Sctaeniopterus_TP_2021-06-12_122722,6/25/2025 10:23,,/Users/aimeed/Desktop/BiteCounts/IV_Sctaeniopterus_TP_2021-06-12_122722_002.MP4,1203.1,23.98,No focal subject,Bite,Foraging,None|None|None,POINT,1019.413,1019.413,NA,,
IV_Sctaeniopterus_TP_2021-06-12_122722,6/25/2025 10:23,,/Users/aimeed/Desktop/BiteCounts/IV_Sctaeniopterus_TP_2021-06-12_122722_002.MP4,1203.1,23.98,No focal subject,Bite,Foraging,None|None|None,POINT,1019.91,1019.91,NA,,
IV_Sctaeniopterus_TP_2021-06-12_122722,6/25/2025 10:23,,/Users/aimeed/Desktop/BiteCounts/IV_Sctaeniopterus_TP_2021-06-12_122722_002.MP4,1203.1,23.98,No focal subject,Bite,Foraging,None|None|None,POINT,1020.661,1020.661,NA,,
IV_Sctaeniopterus_TP_2021-06-12_122722,6/25/2025 10:23,,/Users/aimeed/Desktop/BiteCounts/IV_Sctaeniopterus_TP_2021-06-12_122722_002.MP4,1203.1,23.98,No focal subject,Bite,Foraging,None|None|None,POINT,1021.161,1021.161,NA,,
IV_Sctaeniopterus_TP_2021-06-12_122722,6/25/2025 10:23,,/Users/aimeed/Desktop/BiteCounts/IV_Sctaeniopterus_TP_2021-06-12_122722_002.MP4,1203.1,23.98,No focal subject,Bite,Foraging,None|None|None,POINT,1021.909,1021.909,NA,,
IV_Sctaeniopterus_TP_2021-06-12_122722,6/25/2025 10:23,,/Users/aimeed/Desktop/BiteCounts/IV_Sctaeniopterus_TP_2021-06-12_122722_002.MP4,1203.1,23.98,No focal subject,Bite,Foraging,None|None|None,POINT,1022.659,1022.659,NA,,
IV_Sctaeniopterus_TP_2021-06-12_122722,6/25/2025 10:23,,/Users/aimeed/Desktop/BiteCounts/IV_Sctaeniopterus_TP_2021-06-12_122722_002.MP4,1203.1,23.98,No focal subject,Bite,Foraging,None|None|None,POINT,1023.659,1023.659,NA,,
IV_Sctaeniopterus_TP_2021-06-12_122722,6/25/2025 10:23,,/Users/aimeed/Desktop/BiteCounts/IV_Sctaeniopterus_TP_2021-06-12_122722_002.MP4,1203.1,23.98,No focal subject,Bite,Foraging,None|None|None,POINT,1023.908,1023.908,NA,,
IV_Sctaeniopterus_TP_2021-06-12_122722,6/25/2025 10:23,,/Users/aimeed/Desktop/BiteCounts/IV_Sctaeniopterus_TP_2021-06-12_122722_002.MP4,1203.1,23.98,No focal subject,Bite,Foraging,None|None|None,POINT,1024.91,1024.91,NA,,
IV_Sctaeniopterus_TP_2021-06-12_122722,6/25/2025 10:23,,/Users/aimeed/Desktop/BiteCounts/IV_Sctaeniopterus_TP_2021-06-12_122722_002.MP4,1203.1,23.98,No focal subject,Lost Time,Time Keeping,,STATE,1039.703,1040.955,1.252,,
IV_Sctaeniopterus_TP_2021-06-12_122722,6/25/2025 10:23,,/Users/aimeed/Desktop/BiteCounts/IV_Sctaeniopterus_TP_2021-06-12_122722_002.MP4,1203.1,23.98,No focal subject,Bite,Foraging,Feces|None|None,POINT,1044.451,1044.451,NA,,
IV_Sctaeniopterus_TP_2021-06-12_122722,6/25/2025 10:23,,/Users/aimeed/Desktop/BiteCounts/IV_Sctaeniopterus_TP_2021-06-12_122722_002.MP4,1203.1,23.98,No focal subject,Bite,Foraging,Feces|None|None,POINT,1048.708,1048.708,NA,,
IV_Sctaeniopterus_TP_2021-06-12_122722,6/25/2025 10:23,,/Users/aimeed/Desktop/BiteCounts/IV_Sctaeniopterus_TP_2021-06-12_122722_002.MP4,1203.1,23.98,No focal subject,Bite,Foraging,Feces|None|None,POINT,1051.96,1051.96,NA,,
IV_Sctaeniopterus_TP_2021-06-12_122722,6/25/2025 10:23,,/Users/aimeed/Desktop/BiteCounts/IV_Sctaeniopterus_TP_2021-06-12_122722_002.MP4,1203.1,23.98,No focal subject,Bite,Foraging,Feces|None|None,POINT,1053.46,1053.46,NA,,
IV_Sctaeniopterus_TP_2021-06-12_122722,6/25/2025 10:23,,/Users/aimeed/Desktop/BiteCounts/IV_Sctaeniopterus_TP_2021-06-12_122722_002.MP4,1203.1,23.98,No focal subject,Lost Time,Time Keeping,,STATE,1063.725,1065.725,2,,
IV_Sctaeniopterus_TP_2021-06-12_122722,6/25/2025 10:23,,/Users/aimeed/Desktop/BiteCounts/IV_Sctaeniopterus_TP_2021-06-12_122722_002.MP4,1203.1,23.98,No focal subject,Bite,Foraging,None|None|None,POINT,1069.976,1069.976,NA,,
IV_Sctaeniopterus_TP_2021-06-12_122722,6/25/2025 10:23,,/Users/aimeed/Desktop/BiteCounts/IV_Sctaeniopterus_TP_2021-06-12_122722_002.MP4,1203.1,23.98,No focal subject,Bite,Foraging,None|None|None,POINT,1070.975,1070.975,NA,,
IV_Sctaeniopterus_TP_2021-06-12_122722,6/25/2025 10:23,,/Users/aimeed/Desktop/BiteCounts/IV_Sctaeniopterus_TP_2021-06-12_122722_002.MP4,1203.1,23.98,No focal subject,Bite,Foraging,None|None|None,POINT,1072.977,1072.977,NA,,
IV_Sctaeniopterus_TP_2021-06-12_122722,6/25/2025 10:23,,/Users/aimeed/Desktop/BiteCounts/IV_Sctaeniopterus_TP_2021-06-12_122722_002.MP4,1203.1,23.98,No focal subject,Bite,Foraging,None|None|None,POINT,1074.977,1074.977,NA,,
IV_Sctaeniopterus_TP_2021-06-12_122722,6/25/2025 10:23,,/Users/aimeed/Desktop/BiteCounts/IV_Sctaeniopterus_TP_2021-06-12_122722_002.MP4,1203.1,23.98,No focal subject,Bite,Foraging,None|None|None,POINT,1075.727,1075.727,NA,,
IV_Sctaeniopterus_TP_2021-06-12_122722,6/25/2025 10:23,,/Users/aimeed/Desktop/BiteCounts/IV_Sctaeniopterus_TP_2021-06-12_122722_002.MP4,1203.1,23.98,No focal subject,Bite,Foraging,None|None|None,POINT,1076.727,1076.727,NA,,
IV_Sctaeniopterus_TP_2021-06-12_122722,6/25/2025 10:23,,/Users/aimeed/Desktop/BiteCounts/IV_Sctaeniopterus_TP_2021-06-12_122722_002.MP4,1203.1,23.98,No focal subject,Bite,Foraging,None|None|None,POINT,1077.726,1077.726,NA,,
IV_Sctaeniopterus_TP_2021-06-12_122722,6/25/2025 10:23,,/Users/aimeed/Desktop/BiteCounts/IV_Sctaeniopterus_TP_2021-06-12_122722_002.MP4,1203.1,23.98,No focal subject,Bite,Foraging,None|None|None,POINT,1078.226,1078.226,NA,,
IV_Sctaeniopterus_TP_2021-06-12_122722,6/25/2025 10:23,,/Users/aimeed/Desktop/BiteCounts/IV_Sctaeniopterus_TP_2021-06-12_122722_002.MP4,1203.1,23.98,No focal subject,Bite,Foraging,None|None|None,POINT,1079.725,1079.725,NA,,
IV_Sctaeniopterus_TP_2021-06-12_122722,6/25/2025 10:23,,/Users/aimeed/Desktop/BiteCounts/IV_Sctaeniopterus_TP_2021-06-12_122722_002.MP4,1203.1,23.98,No focal subject,Bite,Foraging,None|None|None,POINT,1081.224,1081.224,NA,,
IV_Sctaeniopterus_TP_2021-06-12_122722,6/25/2025 10:23,,/Users/aimeed/Desktop/BiteCounts/IV_Sctaeniopterus_TP_2021-06-12_122722_002.MP4,1203.1,23.98,No focal subject,Bite,Foraging,None|None|None,POINT,1082.223,1082.223,NA,,
IV_Sctaeniopterus_TP_2021-06-12_122722,6/25/2025 10:23,,/Users/aimeed/Desktop/BiteCounts/IV_Sctaeniopterus_TP_2021-06-12_122722_002.MP4,1203.1,23.98,No focal subject,Bite,Foraging,None|None|None,POINT,1083.476,1083.476,NA,,
IV_Sctaeniopterus_TP_2021-06-12_122722,6/25/2025 10:23,,/Users/aimeed/Desktop/BiteCounts/IV_Sctaeniopterus_TP_2021-06-12_122722_002.MP4,1203.1,23.98,No focal subject,Bite,Foraging,None|None|None,POINT,1084.475,1084.475,NA,,
IV_Sctaeniopterus_TP_2021-06-12_122722,6/25/2025 10:23,,/Users/aimeed/Desktop/BiteCounts/IV_Sctaeniopterus_TP_2021-06-12_122722_002.MP4,1203.1,23.98,No focal subject,Bite,Foraging,None|None|None,POINT,1085.477,1085.477,NA,,
IV_Sctaeniopterus_TP_2021-06-12_122722,6/25/2025 10:23,,/Users/aimeed/Desktop/BiteCounts/IV_Sctaeniopterus_TP_2021-06-12_122722_002.MP4,1203.1,23.98,No focal subject,Bite,Foraging,None|None|None,POINT,1087.476,1087.476,NA,,
IV_Sctaeniopterus_TP_2021-06-12_122722,6/25/2025 10:23,,/Users/aimeed/Desktop/BiteCounts/IV_Sctaeniopterus_TP_2021-06-12_122722_002.MP4,1203.1,23.98,No focal subject,Bite,Foraging,None|None|None,POINT,1087.977,1087.977,NA,,
IV_Sctaeniopterus_TP_2021-06-12_122722,6/25/2025 10:23,,/Users/aimeed/Desktop/BiteCounts/IV_Sctaeniopterus_TP_2021-06-12_122722_002.MP4,1203.1,23.98,No focal subject,Bite,Foraging,None|None|None,POINT,1088.477,1088.477,NA,,
IV_Sctaeniopterus_TP_2021-06-12_122722,6/25/2025 10:23,,/Users/aimeed/Desktop/BiteCounts/IV_Sctaeniopterus_TP_2021-06-12_122722_002.MP4,1203.1,23.98,No focal subject,Bite,Foraging,None|None|None,POINT,1089.477,1089.477,NA,,
IV_Sctaeniopterus_TP_2021-06-12_122722,6/25/2025 10:23,,/Users/aimeed/Desktop/BiteCounts/IV_Sctaeniopterus_TP_2021-06-12_122722_002.MP4,1203.1,23.98,No focal subject,Bite,Foraging,None|None|None,POINT,1093.226,1093.226,NA,,
IV_Sctaeniopterus_TP_2021-06-12_122722,6/25/2025 10:23,,/Users/aimeed/Desktop/BiteCounts/IV_Sctaeniopterus_TP_2021-06-12_122722_002.MP4,1203.1,23.98,No focal subject,Bite,Foraging,None|None|None,POINT,1095.227,1095.227,NA,,
IV_Sctaeniopterus_TP_2021-06-12_122722,6/25/2025 10:23,,/Users/aimeed/Desktop/BiteCounts/IV_Sctaeniopterus_TP_2021-06-12_122722_002.MP4,1203.1,23.98,No focal subject,Bite,Foraging,None|None|None,POINT,1096.227,1096.227,NA,,
IV_Sctaeniopterus_TP_2021-06-12_122722,6/25/2025 10:23,,/Users/aimeed/Desktop/BiteCounts/IV_Sctaeniopterus_TP_2021-06-12_122722_002.MP4,1203.1,23.98,No focal subject,Bite,Foraging,None|None|None,POINT,1097.226,1097.226,NA,,
IV_Sctaeniopterus_TP_2021-06-12_122722,6/25/2025 10:23,,/Users/aimeed/Desktop/BiteCounts/IV_Sctaeniopterus_TP_2021-06-12_122722_002.MP4,1203.1,23.98,No focal subject,Bite,Foraging,None|None|None,POINT,1098.474,1098.474,NA,,
IV_Sctaeniopterus_TP_2021-06-12_122722,6/25/2025 10:23,,/Users/aimeed/Desktop/BiteCounts/IV_Sctaeniopterus_TP_2021-06-12_122722_002.MP4,1203.1,23.98,No focal subject,Bite,Foraging,None|None|None,POINT,1099.723,1099.723,NA,,
IV_Sctaeniopterus_TP_2021-06-12_122722,6/25/2025 10:23,,/Users/aimeed/Desktop/BiteCounts/IV_Sctaeniopterus_TP_2021-06-12_122722_002.MP4,1203.1,23.98,No focal subject,Bite,Foraging,None|None|None,POINT,1100.226,1100.226,NA,,
IV_Sctaeniopterus_TP_2021-06-12_122722,6/25/2025 10:23,,/Users/aimeed/Desktop/BiteCounts/IV_Sctaeniopterus_TP_2021-06-12_122722_002.MP4,1203.1,23.98,No focal subject,Bite,Foraging,None|None|None,POINT,1107.984,1107.984,NA,,
IV_Sctaeniopterus_TP_2021-06-12_122722,6/25/2025 10:23,,/Users/aimeed/Desktop/BiteCounts/IV_Sctaeniopterus_TP_2021-06-12_122722_002.MP4,1203.1,23.98,No focal subject,Bite,Foraging,None|None|None,POINT,1117.482,1117.482,NA,,
IV_Sctaeniopterus_TP_2021-06-12_122722,6/25/2025 10:23,,/Users/aimeed/Desktop/BiteCounts/IV_Sctaeniopterus_TP_2021-06-12_122722_002.MP4,1203.1,23.98,No focal subject,Bite,Foraging,None|None|None,POINT,1117.984,1117.984,NA,,
IV_Sctaeniopterus_TP_2021-06-12_122722,6/25/2025 10:23,,/Users/aimeed/Desktop/BiteCounts/IV_Sctaeniopterus_TP_2021-06-12_122722_002.MP4,1203.1,23.98,No focal subject,Bite,Foraging,None|None|None,POINT,1119.484,1119.484,NA,,
IV_Sctaeniopterus_TP_2021-06-12_122722,6/25/2025 10:23,,/Users/aimeed/Desktop/BiteCounts/IV_Sctaeniopterus_TP_2021-06-12_122722_002.MP4,1203.1,23.98,No focal subject,Bite,Foraging,None|None|None,POINT,1120.482,1120.482,NA,,
IV_Sctaeniopterus_TP_2021-06-12_122722,6/25/2025 10:23,,/Users/aimeed/Desktop/BiteCounts/IV_Sctaeniopterus_TP_2021-06-12_122722_002.MP4,1203.1,23.98,No focal subject,Bite,Foraging,None|None|None,POINT,1121.482,1121.482,NA,,
IV_Sctaeniopterus_TP_2021-06-12_122722,6/25/2025 10:23,,/Users/aimeed/Desktop/BiteCounts/IV_Sctaeniopterus_TP_2021-06-12_122722_002.MP4,1203.1,23.98,No focal subject,Bite,Foraging,None|None|None,POINT,1122.23,1122.23,NA,,
IV_Sctaeniopterus_TP_2021-06-12_122722,6/25/2025 10:23,,/Users/aimeed/Desktop/BiteCounts/IV_Sctaeniopterus_TP_2021-06-12_122722_002.MP4,1203.1,23.98,No focal subject,Bite,Foraging,None|None|None,POINT,1143.986,1143.986,NA,,
IV_Sctaeniopterus_TP_2021-06-12_122722,6/25/2025 10:23,,/Users/aimeed/Desktop/BiteCounts/IV_Sctaeniopterus_TP_2021-06-12_122722_002.MP4,1203.1,23.98,No focal subject,Bite,Foraging,None|None|None,POINT,1144.483,1144.483,NA,,
IV_Sctaeniopterus_TP_2021-06-12_122722,6/25/2025 10:23,,/Users/aimeed/Desktop/BiteCounts/IV_Sctaeniopterus_TP_2021-06-12_122722_002.MP4,1203.1,23.98,No focal subject,Bite,Foraging,None|None|None,POINT,1144.981,1144.981,NA,,
IV_Sctaeniopterus_TP_2021-06-12_122722,6/25/2025 10:23,,/Users/aimeed/Desktop/BiteCounts/IV_Sctaeniopterus_TP_2021-06-12_122722_002.MP4,1203.1,23.98,No focal subject,Bite,Foraging,None|None|None,POINT,1145.984,1145.984,NA,,
IV_Sctaeniopterus_TP_2021-06-12_122722,6/25/2025 10:23,,/Users/aimeed/Desktop/BiteCounts/IV_Sctaeniopterus_TP_2021-06-12_122722_002.MP4,1203.1,23.98,No focal subject,Bite,Foraging,None|None|None,POINT,1147.231,1147.231,NA,,
IV_Sctaeniopterus_TP_2021-06-12_122722,6/25/2025 10:23,,/Users/aimeed/Desktop/BiteCounts/IV_Sctaeniopterus_TP_2021-06-12_122722_002.MP4,1203.1,23.98,No focal subject,Bite,Foraging,None|None|None,POINT,1147.983,1147.983,NA,,
IV_Sctaeniopterus_TP_2021-06-12_122722,6/25/2025 10:23,,/Users/aimeed/Desktop/BiteCounts/IV_Sctaeniopterus_TP_2021-06-12_122722_002.MP4,1203.1,23.98,No focal subject,Bite,Foraging,None|None|None,POINT,1149.23,1149.23,NA,,
IV_Sctaeniopterus_TP_2021-06-12_122722,6/25/2025 10:23,,/Users/aimeed/Desktop/BiteCounts/IV_Sctaeniopterus_TP_2021-06-12_122722_002.MP4,1203.1,23.98,No focal subject,Bite,Foraging,None|None|None,POINT,1149.983,1149.983,NA,,
IV_Sctaeniopterus_TP_2021-06-12_122722,6/25/2025 10:23,,/Users/aimeed/Desktop/BiteCounts/IV_Sctaeniopterus_TP_2021-06-12_122722_002.MP4,1203.1,23.98,No focal subject,Bite,Foraging,None|None|None,POINT,1151.477,1151.477,NA,,
IV_Sctaeniopterus_TP_2021-06-12_122722,6/25/2025 10:23,,/Users/aimeed/Desktop/BiteCounts/IV_Sctaeniopterus_TP_2021-06-12_122722_002.MP4,1203.1,23.98,No focal subject,Bite,Foraging,None|None|None,POINT,1153.483,1153.483,NA,,
IV_Sctaeniopterus_TP_2021-06-12_122722,6/25/2025 10:23,,/Users/aimeed/Desktop/BiteCounts/IV_Sctaeniopterus_TP_2021-06-12_122722_002.MP4,1203.1,23.98,No focal subject,Bite,Foraging,None|None|None,POINT,1153.725,1153.725,NA,,
IV_Sctaeniopterus_TP_2021-06-12_122722,6/25/2025 10:23,,/Users/aimeed/Desktop/BiteCounts/IV_Sctaeniopterus_TP_2021-06-12_122722_002.MP4,1203.1,23.98,No focal subject,Bite,Foraging,None|None|None,POINT,1154.48,1154.48,NA,,
IV_Sctaeniopterus_TP_2021-06-12_122722,6/25/2025 10:23,,/Users/aimeed/Desktop/BiteCounts/IV_Sctaeniopterus_TP_2021-06-12_122722_002.MP4,1203.1,23.98,No focal subject,Bite,Foraging,None|None|None,POINT,1154.983,1154.983,NA,,
IV_Sctaeniopterus_TP_2021-06-12_122722,6/25/2025 10:23,,/Users/aimeed/Desktop/BiteCounts/IV_Sctaeniopterus_TP_2021-06-12_122722_002.MP4,1203.1,23.98,No focal subject,Bite,Foraging,None|None|None,POINT,1155.484,1155.484,NA,,
IV_Sctaeniopterus_TP_2021-06-12_122722,6/25/2025 10:23,,/Users/aimeed/Desktop/BiteCounts/IV_Sctaeniopterus_TP_2021-06-12_122722_002.MP4,1203.1,23.98,No focal subject,Bite,Foraging,None|None|None,POINT,1156.481,1156.481,NA,,
IV_Sctaeniopterus_TP_2021-06-12_122722,6/25/2025 10:23,,/Users/aimeed/Desktop/BiteCounts/IV_Sctaeniopterus_TP_2021-06-12_122722_002.MP4,1203.1,23.98,No focal subject,Bite,Foraging,None|None|None,POINT,1156.979,1156.979,NA,,
IV_Sctaeniopterus_TP_2021-06-12_122722,6/25/2025 10:23,,/Users/aimeed/Desktop/BiteCounts/IV_Sctaeniopterus_TP_2021-06-12_122722_002.MP4,1203.1,23.98,No focal subject,Bite,Foraging,None|None|None,POINT,1157.48,1157.48,NA,,
IV_Sctaeniopterus_TP_2021-06-12_122722,6/25/2025 10:23,,/Users/aimeed/Desktop/BiteCounts/IV_Sctaeniopterus_TP_2021-06-12_122722_002.MP4,1203.1,23.98,No focal subject,Bite,Foraging,None|None|None,POINT,1157.981,1157.981,NA,,
IV_Sctaeniopterus_TP_2021-06-12_122722,6/25/2025 10:23,,/Users/aimeed/Desktop/BiteCounts/IV_Sctaeniopterus_TP_2021-06-12_122722_002.MP4,1203.1,23.98,No focal subject,Bite,Foraging,None|None|None,POINT,1158.227,1158.227,NA,,
IV_Sctaeniopterus_TP_2021-06-12_122722,6/25/2025 10:23,,/Users/aimeed/Desktop/BiteCounts/IV_Sctaeniopterus_TP_2021-06-12_122722_002.MP4,1203.1,23.98,No focal subject,Bite,Foraging,None|None|None,POINT,1158.732,1158.732,NA,,
IV_Sctaeniopterus_TP_2021-06-12_122722,6/25/2025 10:23,,/Users/aimeed/Desktop/BiteCounts/IV_Sctaeniopterus_TP_2021-06-12_122722_002.MP4,1203.1,23.98,No focal subject,Bite,Foraging,None|None|None,POINT,1159.482,1159.482,NA,,
IV_Sctaeniopterus_TP_2021-06-12_122722,6/25/2025 10:23,,/Users/aimeed/Desktop/BiteCounts/IV_Sctaeniopterus_TP_2021-06-12_122722_002.MP4,1203.1,23.98,No focal subject,Bite,Foraging,None|None|None,POINT,1160.229,1160.229,NA,,
IV_Sctaeniopterus_TP_2021-06-12_122722,6/25/2025 10:23,,/Users/aimeed/Desktop/BiteCounts/IV_Sctaeniopterus_TP_2021-06-12_122722_002.MP4,1203.1,23.98,No focal subject,Bite,Foraging,None|None|None,POINT,1160.983,1160.983,NA,,
IV_Sctaeniopterus_TP_2021-06-12_122722,6/25/2025 10:23,,/Users/aimeed/Desktop/BiteCounts/IV_Sctaeniopterus_TP_2021-06-12_122722_002.MP4,1203.1,23.98,No focal subject,Bite,Foraging,None|None|None,POINT,1161.729,1161.729,NA,,
IV_Sctaeniopterus_TP_2021-06-12_122722,6/25/2025 10:23,,/Users/aimeed/Desktop/BiteCounts/IV_Sctaeniopterus_TP_2021-06-12_122722_002.MP4,1203.1,23.98,No focal subject,Lost Time,Time Keeping,,STATE,1167.582,1168.082,0.5,,
IV_Sctaeniopterus_TP_2021-06-12_122722,6/25/2025 10:23,,/Users/aimeed/Desktop/BiteCounts/IV_Sctaeniopterus_TP_2021-06-12_122722_002.MP4,1203.1,23.98,No focal subject,Bite,Foraging,None|None|None,POINT,1181.588,1181.588,NA,,
IV_Sctaeniopterus_TP_2021-06-12_122722,6/25/2025 10:23,,/Users/aimeed/Desktop/BiteCounts/IV_Sctaeniopterus_TP_2021-06-12_122722_002.MP4,1203.1,23.98,No focal subject,Bite,Foraging,None|None|None,POINT,1182.589,1182.589,NA,,
IV_Sctaeniopterus_TP_2021-06-12_122722,6/25/2025 10:23,,/Users/aimeed/Desktop/BiteCounts/IV_Sctaeniopterus_TP_2021-06-12_122722_002.MP4,1203.1,23.98,No focal subject,Bite,Foraging,None|None|None,POINT,1183.339,1183.339,NA,,
IV_Sctaeniopterus_TP_2021-06-12_122722,6/25/2025 10:23,,/Users/aimeed/Desktop/BiteCounts/IV_Sctaeniopterus_TP_2021-06-12_122722_002.MP4,1203.1,23.98,No focal subject,Bite,Foraging,None|None|None,POINT,1185.338,1185.338,NA,,
IV_Sctaeniopterus_TP_2021-06-12_122722,6/25/2025 10:23,,/Users/aimeed/Desktop/BiteCounts/IV_Sctaeniopterus_TP_2021-06-12_122722_002.MP4,1203.1,23.98,No focal subject,Bite,Foraging,None|None|None,POINT,1187.836,1187.836,NA,,
IV_Sctaeniopterus_TP_2021-06-12_122722,6/25/2025 10:23,,/Users/aimeed/Desktop/BiteCounts/IV_Sctaeniopterus_TP_2021-06-12_122722_002.MP4,1203.1,23.98,No focal subject,Bite,Foraging,None|None|None,POINT,1189.588,1189.588,NA,,
IV_Sctaeniopterus_TP_2021-06-12_122722,6/25/2025 10:23,,/Users/aimeed/Desktop/BiteCounts/IV_Sctaeniopterus_TP_2021-06-12_122722_002.MP4,1203.1,23.98,No focal subject,Watch Time,Time Keeping,122708,POINT,1199.335,1199.335,NA,,
