Observation id,Observation date,Description,Media file,Total length,FPS,Subject,Behavior,Behavioral category,Modifiers,Behavior type,Start (s),Stop (s),Duration (s),Comment start,Comment stop
IV_Sctaeniopterus_TP_2021-06-12_145254,6/25/2025 11:36,,/Users/aimeed/Desktop/BiteCounts/IV_Sctaeniopterus_TP_2021-06-12_145254_001.MP4,1146.45,23.98,No focal subject,Watch Time,Time Keeping,143337,POINT,1.916,1.916,NA,,
IV_Sctaeniopterus_TP_2021-06-12_145254,6/25/2025 11:36,,/Users/aimeed/Desktop/BiteCounts/IV_Sctaeniopterus_TP_2021-06-12_145254_001.MP4,1146.45,23.98,No focal subject,START/STOP,Time Keeping,,STATE,5.414,1141.549,1136.135,,
IV_Sctaeniopterus_TP_2021-06-12_145254,6/25/2025 11:36,,/Users/aimeed/Desktop/BiteCounts/IV_Sctaeniopterus_TP_2021-06-12_145254_001.MP4,1146.45,23.98,No focal subject,Bite,Foraging,None|None|None,POINT,12.413,12.413,NA,,
IV_Sctaeniopterus_TP_2021-06-12_145254,6/25/2025 11:36,,/Users/aimeed/Desktop/BiteCounts/IV_Sctaeniopterus_TP_2021-06-12_145254_001.MP4,1146.45,23.98,No focal subject,Bite,Foraging,None|None|None,POINT,13.413,13.413,NA,,
IV_Sctaeniopterus_TP_2021-06-12_145254,6/25/2025 11:36,,/Users/aimeed/Desktop/BiteCounts/IV_Sctaeniopterus_TP_2021-06-12_145254_001.MP4,1146.45,23.98,No focal subject,Bite,Foraging,None|None|None,POINT,13.912,13.912,NA,,
IV_Sctaeniopterus_TP_2021-06-12_145254,6/25/2025 11:36,,/Users/aimeed/Desktop/BiteCounts/IV_Sctaeniopterus_TP_2021-06-12_145254_001.MP4,1146.45,23.98,No focal subject,Bite,Foraging,None|None|None,POINT,17.415,17.415,NA,,
IV_Sctaeniopterus_TP_2021-06-12_145254,6/25/2025 11:36,,/Users/aimeed/Desktop/BiteCounts/IV_Sctaeniopterus_TP_2021-06-12_145254_001.MP4,1146.45,23.98,No focal subject,Bite,Foraging,None|None|None,POINT,18.163,18.163,NA,,
IV_Sctaeniopterus_TP_2021-06-12_145254,6/25/2025 11:36,,/Users/aimeed/Desktop/BiteCounts/IV_Sctaeniopterus_TP_2021-06-12_145254_001.MP4,1146.45,23.98,No focal subject,Bite,Foraging,None|None|None,POINT,19.915,19.915,NA,,
IV_Sctaeniopterus_TP_2021-06-12_145254,6/25/2025 11:36,,/Users/aimeed/Desktop/BiteCounts/IV_Sctaeniopterus_TP_2021-06-12_145254_001.MP4,1146.45,23.98,No focal subject,Bite,Foraging,None|None|None,POINT,20.914,20.914,NA,,
IV_Sctaeniopterus_TP_2021-06-12_145254,6/25/2025 11:36,,/Users/aimeed/Desktop/BiteCounts/IV_Sctaeniopterus_TP_2021-06-12_145254_001.MP4,1146.45,23.98,No focal subject,Bite,Foraging,None|None|None,POINT,21.66,21.66,NA,,
IV_Sctaeniopterus_TP_2021-06-12_145254,6/25/2025 11:36,,/Users/aimeed/Desktop/BiteCounts/IV_Sctaeniopterus_TP_2021-06-12_145254_001.MP4,1146.45,23.98,No focal subject,Bite,Foraging,None|None|None,POINT,22.912,22.912,NA,,
IV_Sctaeniopterus_TP_2021-06-12_145254,6/25/2025 11:36,,/Users/aimeed/Desktop/BiteCounts/IV_Sctaeniopterus_TP_2021-06-12_145254_001.MP4,1146.45,23.98,No focal subject,Bite,Foraging,None|None|None,POINT,23.661,23.661,NA,,
IV_Sctaeniopterus_TP_2021-06-12_145254,6/25/2025 11:36,,/Users/aimeed/Desktop/BiteCounts/IV_Sctaeniopterus_TP_2021-06-12_145254_001.MP4,1146.45,23.98,No focal subject,Bite,Foraging,None|None|None,POINT,26.412,26.412,NA,,
IV_Sctaeniopterus_TP_2021-06-12_145254,6/25/2025 11:36,,/Users/aimeed/Desktop/BiteCounts/IV_Sctaeniopterus_TP_2021-06-12_145254_001.MP4,1146.45,23.98,No focal subject,Bite,Foraging,None|None|None,POINT,27.912,27.912,NA,,
IV_Sctaeniopterus_TP_2021-06-12_145254,6/25/2025 11:36,,/Users/aimeed/Desktop/BiteCounts/IV_Sctaeniopterus_TP_2021-06-12_145254_001.MP4,1146.45,23.98,No focal subject,Bite,Foraging,None|None|None,POINT,31.917,31.917,NA,,
IV_Sctaeniopterus_TP_2021-06-12_145254,6/25/2025 11:36,,/Users/aimeed/Desktop/BiteCounts/IV_Sctaeniopterus_TP_2021-06-12_145254_001.MP4,1146.45,23.98,No focal subject,Bite,Foraging,None|None|None,POINT,32.916,32.916,NA,,
IV_Sctaeniopterus_TP_2021-06-12_145254,6/25/2025 11:36,,/Users/aimeed/Desktop/BiteCounts/IV_Sctaeniopterus_TP_2021-06-12_145254_001.MP4,1146.45,23.98,No focal subject,Bite,Foraging,None|None|None,POINT,36.413,36.413,NA,,
IV_Sctaeniopterus_TP_2021-06-12_145254,6/25/2025 11:36,,/Users/aimeed/Desktop/BiteCounts/IV_Sctaeniopterus_TP_2021-06-12_145254_001.MP4,1146.45,23.98,No focal subject,Bite,Foraging,None|None|None,POINT,36.913,36.913,NA,,
IV_Sctaeniopterus_TP_2021-06-12_145254,6/25/2025 11:36,,/Users/aimeed/Desktop/BiteCounts/IV_Sctaeniopterus_TP_2021-06-12_145254_001.MP4,1146.45,23.98,No focal subject,Bite,Foraging,None|None|None,POINT,37.918,37.918,NA,,
IV_Sctaeniopterus_TP_2021-06-12_145254,6/25/2025 11:36,,/Users/aimeed/Desktop/BiteCounts/IV_Sctaeniopterus_TP_2021-06-12_145254_001.MP4,1146.45,23.98,No focal subject,Bite,Foraging,None|None|None,POINT,38.913,38.913,NA,,
IV_Sctaeniopterus_TP_2021-06-12_145254,6/25/2025 11:36,,/Users/aimeed/Desktop/BiteCounts/IV_Sctaeniopterus_TP_2021-06-12_145254_001.MP4,1146.45,23.98,No focal subject,Bite,Foraging,None|None|None,POINT,39.908,39.908,NA,,
IV_Sctaeniopterus_TP_2021-06-12_145254,6/25/2025 11:36,,/Users/aimeed/Desktop/BiteCounts/IV_Sctaeniopterus_TP_2021-06-12_145254_001.MP4,1146.45,23.98,No focal subject,Bite,Foraging,None|None|None,POINT,48.914,48.914,NA,,
IV_Sctaeniopterus_TP_2021-06-12_145254,6/25/2025 11:36,,/Users/aimeed/Desktop/BiteCounts/IV_Sctaeniopterus_TP_2021-06-12_145254_001.MP4,1146.45,23.98,No focal subject,Bite,Foraging,None|None|None,POINT,49.415,49.415,NA,,
IV_Sctaeniopterus_TP_2021-06-12_145254,6/25/2025 11:36,,/Users/aimeed/Desktop/BiteCounts/IV_Sctaeniopterus_TP_2021-06-12_145254_001.MP4,1146.45,23.98,No focal subject,Bite,Foraging,None|None|None,POINT,50.412,50.412,NA,,
IV_Sctaeniopterus_TP_2021-06-12_145254,6/25/2025 11:36,,/Users/aimeed/Desktop/BiteCounts/IV_Sctaeniopterus_TP_2021-06-12_145254_001.MP4,1146.45,23.98,No focal subject,Bite,Foraging,None|None|None,POINT,50.914,50.914,NA,,
IV_Sctaeniopterus_TP_2021-06-12_145254,6/25/2025 11:36,,/Users/aimeed/Desktop/BiteCounts/IV_Sctaeniopterus_TP_2021-06-12_145254_001.MP4,1146.45,23.98,No focal subject,Bite,Foraging,None|None|None,POINT,51.414,51.414,NA,,
IV_Sctaeniopterus_TP_2021-06-12_145254,6/25/2025 11:36,,/Users/aimeed/Desktop/BiteCounts/IV_Sctaeniopterus_TP_2021-06-12_145254_001.MP4,1146.45,23.98,No focal subject,Bite,Foraging,None|None|None,POINT,52.416,52.416,NA,,
IV_Sctaeniopterus_TP_2021-06-12_145254,6/25/2025 11:36,,/Users/aimeed/Desktop/BiteCounts/IV_Sctaeniopterus_TP_2021-06-12_145254_001.MP4,1146.45,23.98,No focal subject,Bite,Foraging,None|None|None,POINT,53.416,53.416,NA,,
IV_Sctaeniopterus_TP_2021-06-12_145254,6/25/2025 11:36,,/Users/aimeed/Desktop/BiteCounts/IV_Sctaeniopterus_TP_2021-06-12_145254_001.MP4,1146.45,23.98,No focal subject,Bite,Foraging,None|None|None,POINT,53.913,53.913,NA,,
IV_Sctaeniopterus_TP_2021-06-12_145254,6/25/2025 11:36,,/Users/aimeed/Desktop/BiteCounts/IV_Sctaeniopterus_TP_2021-06-12_145254_001.MP4,1146.45,23.98,No focal subject,Bite,Foraging,None|None|None,POINT,57.416,57.416,NA,,
IV_Sctaeniopterus_TP_2021-06-12_145254,6/25/2025 11:36,,/Users/aimeed/Desktop/BiteCounts/IV_Sctaeniopterus_TP_2021-06-12_145254_001.MP4,1146.45,23.98,No focal subject,Bite,Foraging,None|None|None,POINT,58.417,58.417,NA,,
IV_Sctaeniopterus_TP_2021-06-12_145254,6/25/2025 11:36,,/Users/aimeed/Desktop/BiteCounts/IV_Sctaeniopterus_TP_2021-06-12_145254_001.MP4,1146.45,23.98,No focal subject,Bite,Foraging,None|None|None,POINT,59.163,59.163,NA,,
IV_Sctaeniopterus_TP_2021-06-12_145254,6/25/2025 11:36,,/Users/aimeed/Desktop/BiteCounts/IV_Sctaeniopterus_TP_2021-06-12_145254_001.MP4,1146.45,23.98,No focal subject,Bite,Foraging,None|None|None,POINT,61.412,61.412,NA,,
IV_Sctaeniopterus_TP_2021-06-12_145254,6/25/2025 11:36,,/Users/aimeed/Desktop/BiteCounts/IV_Sctaeniopterus_TP_2021-06-12_145254_001.MP4,1146.45,23.98,No focal subject,Bite,Foraging,None|None|None,POINT,61.912,61.912,NA,,
IV_Sctaeniopterus_TP_2021-06-12_145254,6/25/2025 11:36,,/Users/aimeed/Desktop/BiteCounts/IV_Sctaeniopterus_TP_2021-06-12_145254_001.MP4,1146.45,23.98,No focal subject,Bite,Foraging,None|None|None,POINT,62.662,62.662,NA,,
IV_Sctaeniopterus_TP_2021-06-12_145254,6/25/2025 11:36,,/Users/aimeed/Desktop/BiteCounts/IV_Sctaeniopterus_TP_2021-06-12_145254_001.MP4,1146.45,23.98,No focal subject,Bite,Foraging,None|None|None,POINT,63.416,63.416,NA,,
IV_Sctaeniopterus_TP_2021-06-12_145254,6/25/2025 11:36,,/Users/aimeed/Desktop/BiteCounts/IV_Sctaeniopterus_TP_2021-06-12_145254_001.MP4,1146.45,23.98,No focal subject,Bite,Foraging,None|None|None,POINT,64.161,64.161,NA,,
IV_Sctaeniopterus_TP_2021-06-12_145254,6/25/2025 11:36,,/Users/aimeed/Desktop/BiteCounts/IV_Sctaeniopterus_TP_2021-06-12_145254_001.MP4,1146.45,23.98,No focal subject,Bite,Foraging,None|None|None,POINT,64.908,64.908,NA,,
IV_Sctaeniopterus_TP_2021-06-12_145254,6/25/2025 11:36,,/Users/aimeed/Desktop/BiteCounts/IV_Sctaeniopterus_TP_2021-06-12_145254_001.MP4,1146.45,23.98,No focal subject,Bite,Foraging,None|None|None,POINT,65.656,65.656,NA,,
IV_Sctaeniopterus_TP_2021-06-12_145254,6/25/2025 11:36,,/Users/aimeed/Desktop/BiteCounts/IV_Sctaeniopterus_TP_2021-06-12_145254_001.MP4,1146.45,23.98,No focal subject,Bite,Foraging,None|None|None,POINT,67.412,67.412,NA,,
IV_Sctaeniopterus_TP_2021-06-12_145254,6/25/2025 11:36,,/Users/aimeed/Desktop/BiteCounts/IV_Sctaeniopterus_TP_2021-06-12_145254_001.MP4,1146.45,23.98,No focal subject,Bite,Foraging,None|None|None,POINT,68.913,68.913,NA,,
IV_Sctaeniopterus_TP_2021-06-12_145254,6/25/2025 11:36,,/Users/aimeed/Desktop/BiteCounts/IV_Sctaeniopterus_TP_2021-06-12_145254_001.MP4,1146.45,23.98,No focal subject,Bite,Foraging,None|None|None,POINT,69.416,69.416,NA,,
IV_Sctaeniopterus_TP_2021-06-12_145254,6/25/2025 11:36,,/Users/aimeed/Desktop/BiteCounts/IV_Sctaeniopterus_TP_2021-06-12_145254_001.MP4,1146.45,23.98,No focal subject,Bite,Foraging,None|None|None,POINT,69.913,69.913,NA,,
IV_Sctaeniopterus_TP_2021-06-12_145254,6/25/2025 11:36,,/Users/aimeed/Desktop/BiteCounts/IV_Sctaeniopterus_TP_2021-06-12_145254_001.MP4,1146.45,23.98,No focal subject,Bite,Foraging,None|None|None,POINT,70.662,70.662,NA,,
IV_Sctaeniopterus_TP_2021-06-12_145254,6/25/2025 11:36,,/Users/aimeed/Desktop/BiteCounts/IV_Sctaeniopterus_TP_2021-06-12_145254_001.MP4,1146.45,23.98,No focal subject,Bite,Foraging,None|None|None,POINT,79.915,79.915,NA,,
IV_Sctaeniopterus_TP_2021-06-12_145254,6/25/2025 11:36,,/Users/aimeed/Desktop/BiteCounts/IV_Sctaeniopterus_TP_2021-06-12_145254_001.MP4,1146.45,23.98,No focal subject,Bite,Foraging,None|None|None,POINT,80.918,80.918,NA,,
IV_Sctaeniopterus_TP_2021-06-12_145254,6/25/2025 11:36,,/Users/aimeed/Desktop/BiteCounts/IV_Sctaeniopterus_TP_2021-06-12_145254_001.MP4,1146.45,23.98,No focal subject,Bite,Foraging,None|None|None,POINT,81.415,81.415,NA,,
IV_Sctaeniopterus_TP_2021-06-12_145254,6/25/2025 11:36,,/Users/aimeed/Desktop/BiteCounts/IV_Sctaeniopterus_TP_2021-06-12_145254_001.MP4,1146.45,23.98,No focal subject,Bite,Foraging,None|None|None,POINT,81.912,81.912,NA,,
IV_Sctaeniopterus_TP_2021-06-12_145254,6/25/2025 11:36,,/Users/aimeed/Desktop/BiteCounts/IV_Sctaeniopterus_TP_2021-06-12_145254_001.MP4,1146.45,23.98,No focal subject,Bite,Foraging,None|None|None,POINT,82.414,82.414,NA,,
IV_Sctaeniopterus_TP_2021-06-12_145254,6/25/2025 11:36,,/Users/aimeed/Desktop/BiteCounts/IV_Sctaeniopterus_TP_2021-06-12_145254_001.MP4,1146.45,23.98,No focal subject,Bite,Foraging,None|None|None,POINT,83.162,83.162,NA,,
IV_Sctaeniopterus_TP_2021-06-12_145254,6/25/2025 11:36,,/Users/aimeed/Desktop/BiteCounts/IV_Sctaeniopterus_TP_2021-06-12_145254_001.MP4,1146.45,23.98,No focal subject,Bite,Foraging,None|None|None,POINT,84.415,84.415,NA,,
IV_Sctaeniopterus_TP_2021-06-12_145254,6/25/2025 11:36,,/Users/aimeed/Desktop/BiteCounts/IV_Sctaeniopterus_TP_2021-06-12_145254_001.MP4,1146.45,23.98,No focal subject,Bite,Foraging,None|None|None,POINT,84.659,84.659,NA,,
IV_Sctaeniopterus_TP_2021-06-12_145254,6/25/2025 11:36,,/Users/aimeed/Desktop/BiteCounts/IV_Sctaeniopterus_TP_2021-06-12_145254_001.MP4,1146.45,23.98,No focal subject,Bite,Foraging,None|None|None,POINT,85.415,85.415,NA,,
IV_Sctaeniopterus_TP_2021-06-12_145254,6/25/2025 11:36,,/Users/aimeed/Desktop/BiteCounts/IV_Sctaeniopterus_TP_2021-06-12_145254_001.MP4,1146.45,23.98,No focal subject,Bite,Foraging,None|None|None,POINT,85.913,85.913,NA,,
IV_Sctaeniopterus_TP_2021-06-12_145254,6/25/2025 11:36,,/Users/aimeed/Desktop/BiteCounts/IV_Sctaeniopterus_TP_2021-06-12_145254_001.MP4,1146.45,23.98,No focal subject,Bite,Foraging,None|None|None,POINT,86.412,86.412,NA,,
IV_Sctaeniopterus_TP_2021-06-12_145254,6/25/2025 11:36,,/Users/aimeed/Desktop/BiteCounts/IV_Sctaeniopterus_TP_2021-06-12_145254_001.MP4,1146.45,23.98,No focal subject,Bite,Foraging,None|None|None,POINT,87.414,87.414,NA,,
IV_Sctaeniopterus_TP_2021-06-12_145254,6/25/2025 11:36,,/Users/aimeed/Desktop/BiteCounts/IV_Sctaeniopterus_TP_2021-06-12_145254_001.MP4,1146.45,23.98,No focal subject,Bite,Foraging,None|None|None,POINT,88.416,88.416,NA,,
IV_Sctaeniopterus_TP_2021-06-12_145254,6/25/2025 11:36,,/Users/aimeed/Desktop/BiteCounts/IV_Sctaeniopterus_TP_2021-06-12_145254_001.MP4,1146.45,23.98,No focal subject,Bite,Foraging,None|None|None,POINT,88.914,88.914,NA,,
IV_Sctaeniopterus_TP_2021-06-12_145254,6/25/2025 11:36,,/Users/aimeed/Desktop/BiteCounts/IV_Sctaeniopterus_TP_2021-06-12_145254_001.MP4,1146.45,23.98,No focal subject,Bite,Foraging,None|None|None,POINT,89.913,89.913,NA,,
IV_Sctaeniopterus_TP_2021-06-12_145254,6/25/2025 11:36,,/Users/aimeed/Desktop/BiteCounts/IV_Sctaeniopterus_TP_2021-06-12_145254_001.MP4,1146.45,23.98,No focal subject,Bite,Foraging,None|None|None,POINT,90.914,90.914,NA,,
IV_Sctaeniopterus_TP_2021-06-12_145254,6/25/2025 11:36,,/Users/aimeed/Desktop/BiteCounts/IV_Sctaeniopterus_TP_2021-06-12_145254_001.MP4,1146.45,23.98,No focal subject,Bite,Foraging,None|None|None,POINT,91.916,91.916,NA,,
IV_Sctaeniopterus_TP_2021-06-12_145254,6/25/2025 11:36,,/Users/aimeed/Desktop/BiteCounts/IV_Sctaeniopterus_TP_2021-06-12_145254_001.MP4,1146.45,23.98,No focal subject,Bite,Foraging,None|None|None,POINT,92.914,92.914,NA,,
IV_Sctaeniopterus_TP_2021-06-12_145254,6/25/2025 11:36,,/Users/aimeed/Desktop/BiteCounts/IV_Sctaeniopterus_TP_2021-06-12_145254_001.MP4,1146.45,23.98,No focal subject,Bite,Foraging,None|None|None,POINT,93.912,93.912,NA,,
IV_Sctaeniopterus_TP_2021-06-12_145254,6/25/2025 11:36,,/Users/aimeed/Desktop/BiteCounts/IV_Sctaeniopterus_TP_2021-06-12_145254_001.MP4,1146.45,23.98,No focal subject,Bite,Foraging,None|None|None,POINT,94.412,94.412,NA,,
IV_Sctaeniopterus_TP_2021-06-12_145254,6/25/2025 11:36,,/Users/aimeed/Desktop/BiteCounts/IV_Sctaeniopterus_TP_2021-06-12_145254_001.MP4,1146.45,23.98,No focal subject,Bite,Foraging,None|None|None,POINT,115.916,115.916,NA,,
IV_Sctaeniopterus_TP_2021-06-12_145254,6/25/2025 11:36,,/Users/aimeed/Desktop/BiteCounts/IV_Sctaeniopterus_TP_2021-06-12_145254_001.MP4,1146.45,23.98,No focal subject,Bite,Foraging,None|None|None,POINT,117.416,117.416,NA,,
IV_Sctaeniopterus_TP_2021-06-12_145254,6/25/2025 11:36,,/Users/aimeed/Desktop/BiteCounts/IV_Sctaeniopterus_TP_2021-06-12_145254_001.MP4,1146.45,23.98,No focal subject,Bite,Foraging,None|None|None,POINT,119.416,119.416,NA,,
IV_Sctaeniopterus_TP_2021-06-12_145254,6/25/2025 11:36,,/Users/aimeed/Desktop/BiteCounts/IV_Sctaeniopterus_TP_2021-06-12_145254_001.MP4,1146.45,23.98,No focal subject,Bite,Foraging,None|None|None,POINT,127.915,127.915,NA,,
IV_Sctaeniopterus_TP_2021-06-12_145254,6/25/2025 11:36,,/Users/aimeed/Desktop/BiteCounts/IV_Sctaeniopterus_TP_2021-06-12_145254_001.MP4,1146.45,23.98,No focal subject,Bite,Foraging,None|None|None,POINT,128.916,128.916,NA,,
IV_Sctaeniopterus_TP_2021-06-12_145254,6/25/2025 11:36,,/Users/aimeed/Desktop/BiteCounts/IV_Sctaeniopterus_TP_2021-06-12_145254_001.MP4,1146.45,23.98,No focal subject,Bite,Foraging,None|None|None,POINT,129.413,129.413,NA,,
IV_Sctaeniopterus_TP_2021-06-12_145254,6/25/2025 11:36,,/Users/aimeed/Desktop/BiteCounts/IV_Sctaeniopterus_TP_2021-06-12_145254_001.MP4,1146.45,23.98,No focal subject,Bite,Foraging,None|None|None,POINT,131.917,131.917,NA,,
IV_Sctaeniopterus_TP_2021-06-12_145254,6/25/2025 11:36,,/Users/aimeed/Desktop/BiteCounts/IV_Sctaeniopterus_TP_2021-06-12_145254_001.MP4,1146.45,23.98,No focal subject,Bite,Foraging,None|None|None,POINT,132.414,132.414,NA,,
IV_Sctaeniopterus_TP_2021-06-12_145254,6/25/2025 11:36,,/Users/aimeed/Desktop/BiteCounts/IV_Sctaeniopterus_TP_2021-06-12_145254_001.MP4,1146.45,23.98,No focal subject,Bite,Foraging,None|None|None,POINT,136.659,136.659,NA,,
IV_Sctaeniopterus_TP_2021-06-12_145254,6/25/2025 11:36,,/Users/aimeed/Desktop/BiteCounts/IV_Sctaeniopterus_TP_2021-06-12_145254_001.MP4,1146.45,23.98,No focal subject,Bite,Foraging,None|None|None,POINT,138.159,138.159,NA,,
IV_Sctaeniopterus_TP_2021-06-12_145254,6/25/2025 11:36,,/Users/aimeed/Desktop/BiteCounts/IV_Sctaeniopterus_TP_2021-06-12_145254_001.MP4,1146.45,23.98,No focal subject,Bite,Foraging,None|None|None,POINT,138.411,138.411,NA,,
IV_Sctaeniopterus_TP_2021-06-12_145254,6/25/2025 11:36,,/Users/aimeed/Desktop/BiteCounts/IV_Sctaeniopterus_TP_2021-06-12_145254_001.MP4,1146.45,23.98,No focal subject,Bite,Foraging,None|None|None,POINT,139.161,139.161,NA,,
IV_Sctaeniopterus_TP_2021-06-12_145254,6/25/2025 11:36,,/Users/aimeed/Desktop/BiteCounts/IV_Sctaeniopterus_TP_2021-06-12_145254_001.MP4,1146.45,23.98,No focal subject,Bite,Foraging,None|None|None,POINT,139.914,139.914,NA,,
IV_Sctaeniopterus_TP_2021-06-12_145254,6/25/2025 11:36,,/Users/aimeed/Desktop/BiteCounts/IV_Sctaeniopterus_TP_2021-06-12_145254_001.MP4,1146.45,23.98,No focal subject,Bite,Foraging,None|None|None,POINT,140.916,140.916,NA,,
IV_Sctaeniopterus_TP_2021-06-12_145254,6/25/2025 11:36,,/Users/aimeed/Desktop/BiteCounts/IV_Sctaeniopterus_TP_2021-06-12_145254_001.MP4,1146.45,23.98,No focal subject,Bite,Foraging,None|None|None,POINT,141.414,141.414,NA,,
IV_Sctaeniopterus_TP_2021-06-12_145254,6/25/2025 11:36,,/Users/aimeed/Desktop/BiteCounts/IV_Sctaeniopterus_TP_2021-06-12_145254_001.MP4,1146.45,23.98,No focal subject,Bite,Foraging,None|None|None,POINT,143.411,143.411,NA,,
IV_Sctaeniopterus_TP_2021-06-12_145254,6/25/2025 11:36,,/Users/aimeed/Desktop/BiteCounts/IV_Sctaeniopterus_TP_2021-06-12_145254_001.MP4,1146.45,23.98,No focal subject,Bite,Foraging,None|None|None,POINT,143.913,143.913,NA,,
IV_Sctaeniopterus_TP_2021-06-12_145254,6/25/2025 11:36,,/Users/aimeed/Desktop/BiteCounts/IV_Sctaeniopterus_TP_2021-06-12_145254_001.MP4,1146.45,23.98,No focal subject,Bite,Foraging,None|None|None,POINT,145.414,145.414,NA,,
IV_Sctaeniopterus_TP_2021-06-12_145254,6/25/2025 11:36,,/Users/aimeed/Desktop/BiteCounts/IV_Sctaeniopterus_TP_2021-06-12_145254_001.MP4,1146.45,23.98,No focal subject,Bite,Foraging,None|None|None,POINT,146.664,146.664,NA,,
IV_Sctaeniopterus_TP_2021-06-12_145254,6/25/2025 11:36,,/Users/aimeed/Desktop/BiteCounts/IV_Sctaeniopterus_TP_2021-06-12_145254_001.MP4,1146.45,23.98,No focal subject,Bite,Foraging,None|None|None,POINT,151.412,151.412,NA,,
IV_Sctaeniopterus_TP_2021-06-12_145254,6/25/2025 11:36,,/Users/aimeed/Desktop/BiteCounts/IV_Sctaeniopterus_TP_2021-06-12_145254_001.MP4,1146.45,23.98,No focal subject,Bite,Foraging,None|None|None,POINT,152.415,152.415,NA,,
IV_Sctaeniopterus_TP_2021-06-12_145254,6/25/2025 11:36,,/Users/aimeed/Desktop/BiteCounts/IV_Sctaeniopterus_TP_2021-06-12_145254_001.MP4,1146.45,23.98,No focal subject,Bite,Foraging,None|None|None,POINT,153.915,153.915,NA,,
IV_Sctaeniopterus_TP_2021-06-12_145254,6/25/2025 11:36,,/Users/aimeed/Desktop/BiteCounts/IV_Sctaeniopterus_TP_2021-06-12_145254_001.MP4,1146.45,23.98,No focal subject,Bite,Foraging,None|None|None,POINT,154.411,154.411,NA,,
IV_Sctaeniopterus_TP_2021-06-12_145254,6/25/2025 11:36,,/Users/aimeed/Desktop/BiteCounts/IV_Sctaeniopterus_TP_2021-06-12_145254_001.MP4,1146.45,23.98,No focal subject,Bite,Foraging,None|None|None,POINT,155.415,155.415,NA,,
IV_Sctaeniopterus_TP_2021-06-12_145254,6/25/2025 11:36,,/Users/aimeed/Desktop/BiteCounts/IV_Sctaeniopterus_TP_2021-06-12_145254_001.MP4,1146.45,23.98,No focal subject,Bite,Foraging,None|None|None,POINT,157.414,157.414,NA,,
IV_Sctaeniopterus_TP_2021-06-12_145254,6/25/2025 11:36,,/Users/aimeed/Desktop/BiteCounts/IV_Sctaeniopterus_TP_2021-06-12_145254_001.MP4,1146.45,23.98,No focal subject,Bite,Foraging,None|None|None,POINT,160.414,160.414,NA,,
IV_Sctaeniopterus_TP_2021-06-12_145254,6/25/2025 11:36,,/Users/aimeed/Desktop/BiteCounts/IV_Sctaeniopterus_TP_2021-06-12_145254_001.MP4,1146.45,23.98,No focal subject,Bite,Foraging,None|None|None,POINT,161.913,161.913,NA,,
IV_Sctaeniopterus_TP_2021-06-12_145254,6/25/2025 11:36,,/Users/aimeed/Desktop/BiteCounts/IV_Sctaeniopterus_TP_2021-06-12_145254_001.MP4,1146.45,23.98,No focal subject,Bite,Foraging,None|None|None,POINT,162.91,162.91,NA,,
IV_Sctaeniopterus_TP_2021-06-12_145254,6/25/2025 11:36,,/Users/aimeed/Desktop/BiteCounts/IV_Sctaeniopterus_TP_2021-06-12_145254_001.MP4,1146.45,23.98,No focal subject,Bite,Foraging,None|None|None,POINT,163.412,163.412,NA,,
IV_Sctaeniopterus_TP_2021-06-12_145254,6/25/2025 11:36,,/Users/aimeed/Desktop/BiteCounts/IV_Sctaeniopterus_TP_2021-06-12_145254_001.MP4,1146.45,23.98,No focal subject,Bite,Foraging,None|None|None,POINT,163.914,163.914,NA,,
IV_Sctaeniopterus_TP_2021-06-12_145254,6/25/2025 11:36,,/Users/aimeed/Desktop/BiteCounts/IV_Sctaeniopterus_TP_2021-06-12_145254_001.MP4,1146.45,23.98,No focal subject,Bite,Foraging,None|None|None,POINT,164.411,164.411,NA,,
IV_Sctaeniopterus_TP_2021-06-12_145254,6/25/2025 11:36,,/Users/aimeed/Desktop/BiteCounts/IV_Sctaeniopterus_TP_2021-06-12_145254_001.MP4,1146.45,23.98,No focal subject,Bite,Foraging,None|None|None,POINT,165.161,165.161,NA,,
IV_Sctaeniopterus_TP_2021-06-12_145254,6/25/2025 11:36,,/Users/aimeed/Desktop/BiteCounts/IV_Sctaeniopterus_TP_2021-06-12_145254_001.MP4,1146.45,23.98,No focal subject,Bite,Foraging,None|None|None,POINT,165.911,165.911,NA,,
IV_Sctaeniopterus_TP_2021-06-12_145254,6/25/2025 11:36,,/Users/aimeed/Desktop/BiteCounts/IV_Sctaeniopterus_TP_2021-06-12_145254_001.MP4,1146.45,23.98,No focal subject,Bite,Foraging,None|None|None,POINT,168.911,168.911,NA,,
IV_Sctaeniopterus_TP_2021-06-12_145254,6/25/2025 11:36,,/Users/aimeed/Desktop/BiteCounts/IV_Sctaeniopterus_TP_2021-06-12_145254_001.MP4,1146.45,23.98,No focal subject,Bite,Foraging,None|None|None,POINT,169.661,169.661,NA,,
IV_Sctaeniopterus_TP_2021-06-12_145254,6/25/2025 11:36,,/Users/aimeed/Desktop/BiteCounts/IV_Sctaeniopterus_TP_2021-06-12_145254_001.MP4,1146.45,23.98,No focal subject,Bite,Foraging,None|None|None,POINT,170.913,170.913,NA,,
IV_Sctaeniopterus_TP_2021-06-12_145254,6/25/2025 11:36,,/Users/aimeed/Desktop/BiteCounts/IV_Sctaeniopterus_TP_2021-06-12_145254_001.MP4,1146.45,23.98,No focal subject,Bite,Foraging,None|None|None,POINT,171.412,171.412,NA,,
IV_Sctaeniopterus_TP_2021-06-12_145254,6/25/2025 11:36,,/Users/aimeed/Desktop/BiteCounts/IV_Sctaeniopterus_TP_2021-06-12_145254_001.MP4,1146.45,23.98,No focal subject,Bite,Foraging,None|None|None,POINT,173.413,173.413,NA,,
IV_Sctaeniopterus_TP_2021-06-12_145254,6/25/2025 11:36,,/Users/aimeed/Desktop/BiteCounts/IV_Sctaeniopterus_TP_2021-06-12_145254_001.MP4,1146.45,23.98,No focal subject,Bite,Foraging,None|None|None,POINT,174.412,174.412,NA,,
IV_Sctaeniopterus_TP_2021-06-12_145254,6/25/2025 11:36,,/Users/aimeed/Desktop/BiteCounts/IV_Sctaeniopterus_TP_2021-06-12_145254_001.MP4,1146.45,23.98,No focal subject,Bite,Foraging,None|None|None,POINT,174.912,174.912,NA,,
IV_Sctaeniopterus_TP_2021-06-12_145254,6/25/2025 11:36,,/Users/aimeed/Desktop/BiteCounts/IV_Sctaeniopterus_TP_2021-06-12_145254_001.MP4,1146.45,23.98,No focal subject,Bite,Foraging,None|None|None,POINT,175.912,175.912,NA,,
IV_Sctaeniopterus_TP_2021-06-12_145254,6/25/2025 11:36,,/Users/aimeed/Desktop/BiteCounts/IV_Sctaeniopterus_TP_2021-06-12_145254_001.MP4,1146.45,23.98,No focal subject,Bite,Foraging,None|None|None,POINT,176.415,176.415,NA,,
IV_Sctaeniopterus_TP_2021-06-12_145254,6/25/2025 11:36,,/Users/aimeed/Desktop/BiteCounts/IV_Sctaeniopterus_TP_2021-06-12_145254_001.MP4,1146.45,23.98,No focal subject,Bite,Foraging,None|None|None,POINT,176.913,176.913,NA,,
IV_Sctaeniopterus_TP_2021-06-12_145254,6/25/2025 11:36,,/Users/aimeed/Desktop/BiteCounts/IV_Sctaeniopterus_TP_2021-06-12_145254_001.MP4,1146.45,23.98,No focal subject,Bite,Foraging,None|None|None,POINT,194.413,194.413,NA,,
IV_Sctaeniopterus_TP_2021-06-12_145254,6/25/2025 11:36,,/Users/aimeed/Desktop/BiteCounts/IV_Sctaeniopterus_TP_2021-06-12_145254_001.MP4,1146.45,23.98,No focal subject,Bite,Foraging,None|None|None,POINT,194.661,194.661,NA,,
IV_Sctaeniopterus_TP_2021-06-12_145254,6/25/2025 11:36,,/Users/aimeed/Desktop/BiteCounts/IV_Sctaeniopterus_TP_2021-06-12_145254_001.MP4,1146.45,23.98,No focal subject,Bite,Foraging,None|None|None,POINT,195.413,195.413,NA,,
IV_Sctaeniopterus_TP_2021-06-12_145254,6/25/2025 11:36,,/Users/aimeed/Desktop/BiteCounts/IV_Sctaeniopterus_TP_2021-06-12_145254_001.MP4,1146.45,23.98,No focal subject,Bite,Foraging,None|None|None,POINT,200.916,200.916,NA,,
IV_Sctaeniopterus_TP_2021-06-12_145254,6/25/2025 11:36,,/Users/aimeed/Desktop/BiteCounts/IV_Sctaeniopterus_TP_2021-06-12_145254_001.MP4,1146.45,23.98,No focal subject,Bite,Foraging,None|None|None,POINT,201.916,201.916,NA,,
IV_Sctaeniopterus_TP_2021-06-12_145254,6/25/2025 11:36,,/Users/aimeed/Desktop/BiteCounts/IV_Sctaeniopterus_TP_2021-06-12_145254_001.MP4,1146.45,23.98,No focal subject,Bite,Foraging,None|None|None,POINT,202.662,202.662,NA,,
IV_Sctaeniopterus_TP_2021-06-12_145254,6/25/2025 11:36,,/Users/aimeed/Desktop/BiteCounts/IV_Sctaeniopterus_TP_2021-06-12_145254_001.MP4,1146.45,23.98,No focal subject,Bite,Foraging,None|None|None,POINT,203.413,203.413,NA,,
IV_Sctaeniopterus_TP_2021-06-12_145254,6/25/2025 11:36,,/Users/aimeed/Desktop/BiteCounts/IV_Sctaeniopterus_TP_2021-06-12_145254_001.MP4,1146.45,23.98,No focal subject,Bite,Foraging,None|None|None,POINT,203.911,203.911,NA,,
IV_Sctaeniopterus_TP_2021-06-12_145254,6/25/2025 11:36,,/Users/aimeed/Desktop/BiteCounts/IV_Sctaeniopterus_TP_2021-06-12_145254_001.MP4,1146.45,23.98,No focal subject,Bite,Foraging,None|None|None,POINT,204.66,204.66,NA,,
IV_Sctaeniopterus_TP_2021-06-12_145254,6/25/2025 11:36,,/Users/aimeed/Desktop/BiteCounts/IV_Sctaeniopterus_TP_2021-06-12_145254_001.MP4,1146.45,23.98,No focal subject,Bite,Foraging,None|None|None,POINT,208.413,208.413,NA,,
IV_Sctaeniopterus_TP_2021-06-12_145254,6/25/2025 11:36,,/Users/aimeed/Desktop/BiteCounts/IV_Sctaeniopterus_TP_2021-06-12_145254_001.MP4,1146.45,23.98,No focal subject,Bite,Foraging,None|None|None,POINT,208.914,208.914,NA,,
IV_Sctaeniopterus_TP_2021-06-12_145254,6/25/2025 11:36,,/Users/aimeed/Desktop/BiteCounts/IV_Sctaeniopterus_TP_2021-06-12_145254_001.MP4,1146.45,23.98,No focal subject,Bite,Foraging,None|None|None,POINT,210.162,210.162,NA,,
IV_Sctaeniopterus_TP_2021-06-12_145254,6/25/2025 11:36,,/Users/aimeed/Desktop/BiteCounts/IV_Sctaeniopterus_TP_2021-06-12_145254_001.MP4,1146.45,23.98,No focal subject,Bite,Foraging,None|None|None,POINT,210.912,210.912,NA,,
IV_Sctaeniopterus_TP_2021-06-12_145254,6/25/2025 11:36,,/Users/aimeed/Desktop/BiteCounts/IV_Sctaeniopterus_TP_2021-06-12_145254_001.MP4,1146.45,23.98,No focal subject,Bite,Foraging,None|None|None,POINT,211.412,211.412,NA,,
IV_Sctaeniopterus_TP_2021-06-12_145254,6/25/2025 11:36,,/Users/aimeed/Desktop/BiteCounts/IV_Sctaeniopterus_TP_2021-06-12_145254_001.MP4,1146.45,23.98,No focal subject,Bite,Foraging,None|None|None,POINT,212.413,212.413,NA,,
IV_Sctaeniopterus_TP_2021-06-12_145254,6/25/2025 11:36,,/Users/aimeed/Desktop/BiteCounts/IV_Sctaeniopterus_TP_2021-06-12_145254_001.MP4,1146.45,23.98,No focal subject,Bite,Foraging,None|None|None,POINT,213.914,213.914,NA,,
IV_Sctaeniopterus_TP_2021-06-12_145254,6/25/2025 11:36,,/Users/aimeed/Desktop/BiteCounts/IV_Sctaeniopterus_TP_2021-06-12_145254_001.MP4,1146.45,23.98,No focal subject,Bite,Foraging,None|None|None,POINT,214.412,214.412,NA,,
IV_Sctaeniopterus_TP_2021-06-12_145254,6/25/2025 11:36,,/Users/aimeed/Desktop/BiteCounts/IV_Sctaeniopterus_TP_2021-06-12_145254_001.MP4,1146.45,23.98,No focal subject,Bite,Foraging,None|None|None,POINT,242.916,242.916,NA,,
IV_Sctaeniopterus_TP_2021-06-12_145254,6/25/2025 11:36,,/Users/aimeed/Desktop/BiteCounts/IV_Sctaeniopterus_TP_2021-06-12_145254_001.MP4,1146.45,23.98,No focal subject,Bite,Foraging,None|None|None,POINT,243.914,243.914,NA,,
IV_Sctaeniopterus_TP_2021-06-12_145254,6/25/2025 11:36,,/Users/aimeed/Desktop/BiteCounts/IV_Sctaeniopterus_TP_2021-06-12_145254_001.MP4,1146.45,23.98,No focal subject,Bite,Foraging,None|None|None,POINT,244.413,244.413,NA,,
IV_Sctaeniopterus_TP_2021-06-12_145254,6/25/2025 11:36,,/Users/aimeed/Desktop/BiteCounts/IV_Sctaeniopterus_TP_2021-06-12_145254_001.MP4,1146.45,23.98,No focal subject,Bite,Foraging,None|None|None,POINT,257.165,257.165,NA,,
IV_Sctaeniopterus_TP_2021-06-12_145254,6/25/2025 11:36,,/Users/aimeed/Desktop/BiteCounts/IV_Sctaeniopterus_TP_2021-06-12_145254_001.MP4,1146.45,23.98,No focal subject,Bite,Foraging,None|None|None,POINT,258.41,258.41,NA,,
IV_Sctaeniopterus_TP_2021-06-12_145254,6/25/2025 11:36,,/Users/aimeed/Desktop/BiteCounts/IV_Sctaeniopterus_TP_2021-06-12_145254_001.MP4,1146.45,23.98,No focal subject,Bite,Foraging,None|None|None,POINT,259.91,259.91,NA,,
IV_Sctaeniopterus_TP_2021-06-12_145254,6/25/2025 11:36,,/Users/aimeed/Desktop/BiteCounts/IV_Sctaeniopterus_TP_2021-06-12_145254_001.MP4,1146.45,23.98,No focal subject,Bite,Foraging,None|None|None,POINT,260.663,260.663,NA,,
IV_Sctaeniopterus_TP_2021-06-12_145254,6/25/2025 11:36,,/Users/aimeed/Desktop/BiteCounts/IV_Sctaeniopterus_TP_2021-06-12_145254_001.MP4,1146.45,23.98,No focal subject,Bite,Foraging,None|None|None,POINT,261.412,261.412,NA,,
IV_Sctaeniopterus_TP_2021-06-12_145254,6/25/2025 11:36,,/Users/aimeed/Desktop/BiteCounts/IV_Sctaeniopterus_TP_2021-06-12_145254_001.MP4,1146.45,23.98,No focal subject,Bite,Foraging,None|None|None,POINT,262.665,262.665,NA,,
IV_Sctaeniopterus_TP_2021-06-12_145254,6/25/2025 11:36,,/Users/aimeed/Desktop/BiteCounts/IV_Sctaeniopterus_TP_2021-06-12_145254_001.MP4,1146.45,23.98,No focal subject,Bite,Foraging,None|None|None,POINT,272.166,272.166,NA,,
IV_Sctaeniopterus_TP_2021-06-12_145254,6/25/2025 11:36,,/Users/aimeed/Desktop/BiteCounts/IV_Sctaeniopterus_TP_2021-06-12_145254_001.MP4,1146.45,23.98,No focal subject,Bite,Foraging,None|None|None,POINT,283.165,283.165,NA,,
IV_Sctaeniopterus_TP_2021-06-12_145254,6/25/2025 11:36,,/Users/aimeed/Desktop/BiteCounts/IV_Sctaeniopterus_TP_2021-06-12_145254_001.MP4,1146.45,23.98,No focal subject,Bite,Foraging,None|None|None,POINT,294.664,294.664,NA,,
IV_Sctaeniopterus_TP_2021-06-12_145254,6/25/2025 11:36,,/Users/aimeed/Desktop/BiteCounts/IV_Sctaeniopterus_TP_2021-06-12_145254_001.MP4,1146.45,23.98,No focal subject,Bite,Foraging,None|None|None,POINT,302.165,302.165,NA,,
IV_Sctaeniopterus_TP_2021-06-12_145254,6/25/2025 11:36,,/Users/aimeed/Desktop/BiteCounts/IV_Sctaeniopterus_TP_2021-06-12_145254_001.MP4,1146.45,23.98,No focal subject,Bite,Foraging,None|None|None,POINT,303.163,303.163,NA,,
IV_Sctaeniopterus_TP_2021-06-12_145254,6/25/2025 11:36,,/Users/aimeed/Desktop/BiteCounts/IV_Sctaeniopterus_TP_2021-06-12_145254_001.MP4,1146.45,23.98,No focal subject,Bite,Foraging,None|None|None,POINT,303.662,303.662,NA,,
IV_Sctaeniopterus_TP_2021-06-12_145254,6/25/2025 11:36,,/Users/aimeed/Desktop/BiteCounts/IV_Sctaeniopterus_TP_2021-06-12_145254_001.MP4,1146.45,23.98,No focal subject,Bite,Foraging,None|None|None,POINT,305.663,305.663,NA,,
IV_Sctaeniopterus_TP_2021-06-12_145254,6/25/2025 11:36,,/Users/aimeed/Desktop/BiteCounts/IV_Sctaeniopterus_TP_2021-06-12_145254_001.MP4,1146.45,23.98,No focal subject,Lost Time,Time Keeping,,STATE,307.212,308.961,1.749,,
IV_Sctaeniopterus_TP_2021-06-12_145254,6/25/2025 11:36,,/Users/aimeed/Desktop/BiteCounts/IV_Sctaeniopterus_TP_2021-06-12_145254_001.MP4,1146.45,23.98,No focal subject,Bite,Foraging,None|None|None,POINT,314.722,314.722,NA,,
IV_Sctaeniopterus_TP_2021-06-12_145254,6/25/2025 11:36,,/Users/aimeed/Desktop/BiteCounts/IV_Sctaeniopterus_TP_2021-06-12_145254_001.MP4,1146.45,23.98,No focal subject,Bite,Foraging,None|None|None,POINT,315.719,315.719,NA,,
IV_Sctaeniopterus_TP_2021-06-12_145254,6/25/2025 11:36,,/Users/aimeed/Desktop/BiteCounts/IV_Sctaeniopterus_TP_2021-06-12_145254_001.MP4,1146.45,23.98,No focal subject,Bite,Foraging,None|None|None,POINT,316.716,316.716,NA,,
IV_Sctaeniopterus_TP_2021-06-12_145254,6/25/2025 11:36,,/Users/aimeed/Desktop/BiteCounts/IV_Sctaeniopterus_TP_2021-06-12_145254_001.MP4,1146.45,23.98,No focal subject,Bite,Foraging,None|None|None,POINT,317.719,317.719,NA,,
IV_Sctaeniopterus_TP_2021-06-12_145254,6/25/2025 11:36,,/Users/aimeed/Desktop/BiteCounts/IV_Sctaeniopterus_TP_2021-06-12_145254_001.MP4,1146.45,23.98,No focal subject,Bite,Foraging,None|None|None,POINT,320.22,320.22,NA,,
IV_Sctaeniopterus_TP_2021-06-12_145254,6/25/2025 11:36,,/Users/aimeed/Desktop/BiteCounts/IV_Sctaeniopterus_TP_2021-06-12_145254_001.MP4,1146.45,23.98,No focal subject,Bite,Foraging,None|None|None,POINT,321.217,321.217,NA,,
IV_Sctaeniopterus_TP_2021-06-12_145254,6/25/2025 11:36,,/Users/aimeed/Desktop/BiteCounts/IV_Sctaeniopterus_TP_2021-06-12_145254_001.MP4,1146.45,23.98,No focal subject,Bite,Foraging,None|None|None,POINT,322.467,322.467,NA,,
IV_Sctaeniopterus_TP_2021-06-12_145254,6/25/2025 11:36,,/Users/aimeed/Desktop/BiteCounts/IV_Sctaeniopterus_TP_2021-06-12_145254_001.MP4,1146.45,23.98,No focal subject,Bite,Foraging,None|None|None,POINT,322.715,322.715,NA,,
IV_Sctaeniopterus_TP_2021-06-12_145254,6/25/2025 11:36,,/Users/aimeed/Desktop/BiteCounts/IV_Sctaeniopterus_TP_2021-06-12_145254_001.MP4,1146.45,23.98,No focal subject,Bite,Foraging,None|None|None,POINT,324.219,324.219,NA,,
IV_Sctaeniopterus_TP_2021-06-12_145254,6/25/2025 11:36,,/Users/aimeed/Desktop/BiteCounts/IV_Sctaeniopterus_TP_2021-06-12_145254_001.MP4,1146.45,23.98,No focal subject,Bite,Foraging,None|None|None,POINT,324.964,324.964,NA,,
IV_Sctaeniopterus_TP_2021-06-12_145254,6/25/2025 11:36,,/Users/aimeed/Desktop/BiteCounts/IV_Sctaeniopterus_TP_2021-06-12_145254_001.MP4,1146.45,23.98,No focal subject,Bite,Foraging,None|None|None,POINT,325.965,325.965,NA,,
IV_Sctaeniopterus_TP_2021-06-12_145254,6/25/2025 11:36,,/Users/aimeed/Desktop/BiteCounts/IV_Sctaeniopterus_TP_2021-06-12_145254_001.MP4,1146.45,23.98,No focal subject,Bite,Foraging,None|None|None,POINT,326.967,326.967,NA,,
IV_Sctaeniopterus_TP_2021-06-12_145254,6/25/2025 11:36,,/Users/aimeed/Desktop/BiteCounts/IV_Sctaeniopterus_TP_2021-06-12_145254_001.MP4,1146.45,23.98,No focal subject,Bite,Foraging,None|None|None,POINT,327.718,327.718,NA,,
IV_Sctaeniopterus_TP_2021-06-12_145254,6/25/2025 11:36,,/Users/aimeed/Desktop/BiteCounts/IV_Sctaeniopterus_TP_2021-06-12_145254_001.MP4,1146.45,23.98,No focal subject,Bite,Foraging,None|None|None,POINT,328.218,328.218,NA,,
IV_Sctaeniopterus_TP_2021-06-12_145254,6/25/2025 11:36,,/Users/aimeed/Desktop/BiteCounts/IV_Sctaeniopterus_TP_2021-06-12_145254_001.MP4,1146.45,23.98,No focal subject,Bite,Foraging,None|None|None,POINT,328.964,328.964,NA,,
IV_Sctaeniopterus_TP_2021-06-12_145254,6/25/2025 11:36,,/Users/aimeed/Desktop/BiteCounts/IV_Sctaeniopterus_TP_2021-06-12_145254_001.MP4,1146.45,23.98,No focal subject,Bite,Foraging,None|None|None,POINT,329.714,329.714,NA,,
IV_Sctaeniopterus_TP_2021-06-12_145254,6/25/2025 11:36,,/Users/aimeed/Desktop/BiteCounts/IV_Sctaeniopterus_TP_2021-06-12_145254_001.MP4,1146.45,23.98,No focal subject,Bite,Foraging,None|None|None,POINT,332.221,332.221,NA,,
IV_Sctaeniopterus_TP_2021-06-12_145254,6/25/2025 11:36,,/Users/aimeed/Desktop/BiteCounts/IV_Sctaeniopterus_TP_2021-06-12_145254_001.MP4,1146.45,23.98,No focal subject,Bite,Foraging,None|None|None,POINT,332.716,332.716,NA,,
IV_Sctaeniopterus_TP_2021-06-12_145254,6/25/2025 11:36,,/Users/aimeed/Desktop/BiteCounts/IV_Sctaeniopterus_TP_2021-06-12_145254_001.MP4,1146.45,23.98,No focal subject,Bite,Foraging,None|None|None,POINT,333.721,333.721,NA,,
IV_Sctaeniopterus_TP_2021-06-12_145254,6/25/2025 11:36,,/Users/aimeed/Desktop/BiteCounts/IV_Sctaeniopterus_TP_2021-06-12_145254_001.MP4,1146.45,23.98,No focal subject,Bite,Foraging,None|None|None,POINT,334.221,334.221,NA,,
IV_Sctaeniopterus_TP_2021-06-12_145254,6/25/2025 11:36,,/Users/aimeed/Desktop/BiteCounts/IV_Sctaeniopterus_TP_2021-06-12_145254_001.MP4,1146.45,23.98,No focal subject,Bite,Foraging,None|None|None,POINT,336.213,336.213,NA,,
IV_Sctaeniopterus_TP_2021-06-12_145254,6/25/2025 11:36,,/Users/aimeed/Desktop/BiteCounts/IV_Sctaeniopterus_TP_2021-06-12_145254_001.MP4,1146.45,23.98,No focal subject,Bite,Foraging,None|None|None,POINT,336.967,336.967,NA,,
IV_Sctaeniopterus_TP_2021-06-12_145254,6/25/2025 11:36,,/Users/aimeed/Desktop/BiteCounts/IV_Sctaeniopterus_TP_2021-06-12_145254_001.MP4,1146.45,23.98,No focal subject,Bite,Foraging,None|None|None,POINT,337.716,337.716,NA,,
IV_Sctaeniopterus_TP_2021-06-12_145254,6/25/2025 11:36,,/Users/aimeed/Desktop/BiteCounts/IV_Sctaeniopterus_TP_2021-06-12_145254_001.MP4,1146.45,23.98,No focal subject,Bite,Foraging,None|None|None,POINT,339.219,339.219,NA,,
IV_Sctaeniopterus_TP_2021-06-12_145254,6/25/2025 11:36,,/Users/aimeed/Desktop/BiteCounts/IV_Sctaeniopterus_TP_2021-06-12_145254_001.MP4,1146.45,23.98,No focal subject,Bite,Foraging,None|None|None,POINT,339.715,339.715,NA,,
IV_Sctaeniopterus_TP_2021-06-12_145254,6/25/2025 11:36,,/Users/aimeed/Desktop/BiteCounts/IV_Sctaeniopterus_TP_2021-06-12_145254_001.MP4,1146.45,23.98,No focal subject,Bite,Foraging,None|None|None,POINT,364.214,364.214,NA,,
IV_Sctaeniopterus_TP_2021-06-12_145254,6/25/2025 11:36,,/Users/aimeed/Desktop/BiteCounts/IV_Sctaeniopterus_TP_2021-06-12_145254_001.MP4,1146.45,23.98,No focal subject,Bite,Foraging,None|None|None,POINT,364.716,364.716,NA,,
IV_Sctaeniopterus_TP_2021-06-12_145254,6/25/2025 11:36,,/Users/aimeed/Desktop/BiteCounts/IV_Sctaeniopterus_TP_2021-06-12_145254_001.MP4,1146.45,23.98,No focal subject,Bite,Foraging,None|None|None,POINT,365.719,365.719,NA,,
IV_Sctaeniopterus_TP_2021-06-12_145254,6/25/2025 11:36,,/Users/aimeed/Desktop/BiteCounts/IV_Sctaeniopterus_TP_2021-06-12_145254_001.MP4,1146.45,23.98,No focal subject,Bite,Foraging,None|None|None,POINT,366.221,366.221,NA,,
IV_Sctaeniopterus_TP_2021-06-12_145254,6/25/2025 11:36,,/Users/aimeed/Desktop/BiteCounts/IV_Sctaeniopterus_TP_2021-06-12_145254_001.MP4,1146.45,23.98,No focal subject,Bite,Foraging,None|None|None,POINT,367.716,367.716,NA,,
IV_Sctaeniopterus_TP_2021-06-12_145254,6/25/2025 11:36,,/Users/aimeed/Desktop/BiteCounts/IV_Sctaeniopterus_TP_2021-06-12_145254_001.MP4,1146.45,23.98,No focal subject,Bite,Foraging,None|None|None,POINT,368.219,368.219,NA,,
IV_Sctaeniopterus_TP_2021-06-12_145254,6/25/2025 11:36,,/Users/aimeed/Desktop/BiteCounts/IV_Sctaeniopterus_TP_2021-06-12_145254_001.MP4,1146.45,23.98,No focal subject,Bite,Foraging,None|None|None,POINT,373.218,373.218,NA,,
IV_Sctaeniopterus_TP_2021-06-12_145254,6/25/2025 11:36,,/Users/aimeed/Desktop/BiteCounts/IV_Sctaeniopterus_TP_2021-06-12_145254_001.MP4,1146.45,23.98,No focal subject,Bite,Foraging,None|None|None,POINT,374.721,374.721,NA,,
IV_Sctaeniopterus_TP_2021-06-12_145254,6/25/2025 11:36,,/Users/aimeed/Desktop/BiteCounts/IV_Sctaeniopterus_TP_2021-06-12_145254_001.MP4,1146.45,23.98,No focal subject,Bite,Foraging,None|None|None,POINT,378.714,378.714,NA,,
IV_Sctaeniopterus_TP_2021-06-12_145254,6/25/2025 11:36,,/Users/aimeed/Desktop/BiteCounts/IV_Sctaeniopterus_TP_2021-06-12_145254_001.MP4,1146.45,23.98,No focal subject,Bite,Foraging,None|None|None,POINT,385.72,385.72,NA,,
IV_Sctaeniopterus_TP_2021-06-12_145254,6/25/2025 11:36,,/Users/aimeed/Desktop/BiteCounts/IV_Sctaeniopterus_TP_2021-06-12_145254_001.MP4,1146.45,23.98,No focal subject,Bite,Foraging,None|None|None,POINT,386.717,386.717,NA,,
IV_Sctaeniopterus_TP_2021-06-12_145254,6/25/2025 11:36,,/Users/aimeed/Desktop/BiteCounts/IV_Sctaeniopterus_TP_2021-06-12_145254_001.MP4,1146.45,23.98,No focal subject,Bite,Foraging,None|None|None,POINT,395.465,395.465,NA,,
IV_Sctaeniopterus_TP_2021-06-12_145254,6/25/2025 11:36,,/Users/aimeed/Desktop/BiteCounts/IV_Sctaeniopterus_TP_2021-06-12_145254_001.MP4,1146.45,23.98,No focal subject,Bite,Foraging,None|None|None,POINT,396.216,396.216,NA,,
IV_Sctaeniopterus_TP_2021-06-12_145254,6/25/2025 11:36,,/Users/aimeed/Desktop/BiteCounts/IV_Sctaeniopterus_TP_2021-06-12_145254_001.MP4,1146.45,23.98,No focal subject,Bite,Foraging,None|None|None,POINT,396.721,396.721,NA,,
IV_Sctaeniopterus_TP_2021-06-12_145254,6/25/2025 11:36,,/Users/aimeed/Desktop/BiteCounts/IV_Sctaeniopterus_TP_2021-06-12_145254_001.MP4,1146.45,23.98,No focal subject,Bite,Foraging,None|None|None,POINT,397.466,397.466,NA,,
IV_Sctaeniopterus_TP_2021-06-12_145254,6/25/2025 11:36,,/Users/aimeed/Desktop/BiteCounts/IV_Sctaeniopterus_TP_2021-06-12_145254_001.MP4,1146.45,23.98,No focal subject,Bite,Foraging,None|None|None,POINT,398.467,398.467,NA,,
IV_Sctaeniopterus_TP_2021-06-12_145254,6/25/2025 11:36,,/Users/aimeed/Desktop/BiteCounts/IV_Sctaeniopterus_TP_2021-06-12_145254_001.MP4,1146.45,23.98,No focal subject,Bite,Foraging,None|None|None,POINT,407.217,407.217,NA,,
IV_Sctaeniopterus_TP_2021-06-12_145254,6/25/2025 11:36,,/Users/aimeed/Desktop/BiteCounts/IV_Sctaeniopterus_TP_2021-06-12_145254_001.MP4,1146.45,23.98,No focal subject,Bite,Foraging,None|None|None,POINT,407.717,407.717,NA,,
IV_Sctaeniopterus_TP_2021-06-12_145254,6/25/2025 11:36,,/Users/aimeed/Desktop/BiteCounts/IV_Sctaeniopterus_TP_2021-06-12_145254_001.MP4,1146.45,23.98,No focal subject,Bite,Foraging,None|None|None,POINT,408.719,408.719,NA,,
IV_Sctaeniopterus_TP_2021-06-12_145254,6/25/2025 11:36,,/Users/aimeed/Desktop/BiteCounts/IV_Sctaeniopterus_TP_2021-06-12_145254_001.MP4,1146.45,23.98,No focal subject,Bite,Foraging,None|None|None,POINT,410.221,410.221,NA,,
IV_Sctaeniopterus_TP_2021-06-12_145254,6/25/2025 11:36,,/Users/aimeed/Desktop/BiteCounts/IV_Sctaeniopterus_TP_2021-06-12_145254_001.MP4,1146.45,23.98,No focal subject,Bite,Foraging,None|None|None,POINT,410.718,410.718,NA,,
IV_Sctaeniopterus_TP_2021-06-12_145254,6/25/2025 11:36,,/Users/aimeed/Desktop/BiteCounts/IV_Sctaeniopterus_TP_2021-06-12_145254_001.MP4,1146.45,23.98,No focal subject,Bite,Foraging,None|None|None,POINT,411.215,411.215,NA,,
IV_Sctaeniopterus_TP_2021-06-12_145254,6/25/2025 11:36,,/Users/aimeed/Desktop/BiteCounts/IV_Sctaeniopterus_TP_2021-06-12_145254_001.MP4,1146.45,23.98,No focal subject,Bite,Foraging,None|None|None,POINT,412.217,412.217,NA,,
IV_Sctaeniopterus_TP_2021-06-12_145254,6/25/2025 11:36,,/Users/aimeed/Desktop/BiteCounts/IV_Sctaeniopterus_TP_2021-06-12_145254_001.MP4,1146.45,23.98,No focal subject,Bite,Foraging,None|None|None,POINT,412.719,412.719,NA,,
IV_Sctaeniopterus_TP_2021-06-12_145254,6/25/2025 11:36,,/Users/aimeed/Desktop/BiteCounts/IV_Sctaeniopterus_TP_2021-06-12_145254_001.MP4,1146.45,23.98,No focal subject,Bite,Foraging,None|None|None,POINT,413.216,413.216,NA,,
IV_Sctaeniopterus_TP_2021-06-12_145254,6/25/2025 11:36,,/Users/aimeed/Desktop/BiteCounts/IV_Sctaeniopterus_TP_2021-06-12_145254_001.MP4,1146.45,23.98,No focal subject,Bite,Foraging,None|None|None,POINT,413.715,413.715,NA,,
IV_Sctaeniopterus_TP_2021-06-12_145254,6/25/2025 11:36,,/Users/aimeed/Desktop/BiteCounts/IV_Sctaeniopterus_TP_2021-06-12_145254_001.MP4,1146.45,23.98,No focal subject,Bite,Foraging,None|None|None,POINT,415.716,415.716,NA,,
IV_Sctaeniopterus_TP_2021-06-12_145254,6/25/2025 11:36,,/Users/aimeed/Desktop/BiteCounts/IV_Sctaeniopterus_TP_2021-06-12_145254_001.MP4,1146.45,23.98,No focal subject,Bite,Foraging,None|None|None,POINT,416.718,416.718,NA,,
IV_Sctaeniopterus_TP_2021-06-12_145254,6/25/2025 11:36,,/Users/aimeed/Desktop/BiteCounts/IV_Sctaeniopterus_TP_2021-06-12_145254_001.MP4,1146.45,23.98,No focal subject,Bite,Foraging,None|None|None,POINT,417.721,417.721,NA,,
IV_Sctaeniopterus_TP_2021-06-12_145254,6/25/2025 11:36,,/Users/aimeed/Desktop/BiteCounts/IV_Sctaeniopterus_TP_2021-06-12_145254_001.MP4,1146.45,23.98,No focal subject,Bite,Foraging,None|None|None,POINT,418.466,418.466,NA,,
IV_Sctaeniopterus_TP_2021-06-12_145254,6/25/2025 11:36,,/Users/aimeed/Desktop/BiteCounts/IV_Sctaeniopterus_TP_2021-06-12_145254_001.MP4,1146.45,23.98,No focal subject,Bite,Foraging,None|None|None,POINT,419.219,419.219,NA,,
IV_Sctaeniopterus_TP_2021-06-12_145254,6/25/2025 11:36,,/Users/aimeed/Desktop/BiteCounts/IV_Sctaeniopterus_TP_2021-06-12_145254_001.MP4,1146.45,23.98,No focal subject,Bite,Foraging,None|None|None,POINT,419.718,419.718,NA,,
IV_Sctaeniopterus_TP_2021-06-12_145254,6/25/2025 11:36,,/Users/aimeed/Desktop/BiteCounts/IV_Sctaeniopterus_TP_2021-06-12_145254_001.MP4,1146.45,23.98,No focal subject,Bite,Foraging,None|None|None,POINT,420.215,420.215,NA,,
IV_Sctaeniopterus_TP_2021-06-12_145254,6/25/2025 11:36,,/Users/aimeed/Desktop/BiteCounts/IV_Sctaeniopterus_TP_2021-06-12_145254_001.MP4,1146.45,23.98,No focal subject,Bite,Foraging,None|None|None,POINT,421.72,421.72,NA,,
IV_Sctaeniopterus_TP_2021-06-12_145254,6/25/2025 11:36,,/Users/aimeed/Desktop/BiteCounts/IV_Sctaeniopterus_TP_2021-06-12_145254_001.MP4,1146.45,23.98,No focal subject,Bite,Foraging,None|None|None,POINT,422.218,422.218,NA,,
IV_Sctaeniopterus_TP_2021-06-12_145254,6/25/2025 11:36,,/Users/aimeed/Desktop/BiteCounts/IV_Sctaeniopterus_TP_2021-06-12_145254_001.MP4,1146.45,23.98,No focal subject,Bite,Foraging,None|None|None,POINT,437.712,437.712,NA,,
IV_Sctaeniopterus_TP_2021-06-12_145254,6/25/2025 11:36,,/Users/aimeed/Desktop/BiteCounts/IV_Sctaeniopterus_TP_2021-06-12_145254_001.MP4,1146.45,23.98,No focal subject,Bite,Foraging,None|None|None,POINT,438.218,438.218,NA,,
IV_Sctaeniopterus_TP_2021-06-12_145254,6/25/2025 11:36,,/Users/aimeed/Desktop/BiteCounts/IV_Sctaeniopterus_TP_2021-06-12_145254_001.MP4,1146.45,23.98,No focal subject,Bite,Foraging,None|None|None,POINT,439.718,439.718,NA,,
IV_Sctaeniopterus_TP_2021-06-12_145254,6/25/2025 11:36,,/Users/aimeed/Desktop/BiteCounts/IV_Sctaeniopterus_TP_2021-06-12_145254_001.MP4,1146.45,23.98,No focal subject,Bite,Foraging,None|None|None,POINT,440.717,440.717,NA,,
IV_Sctaeniopterus_TP_2021-06-12_145254,6/25/2025 11:36,,/Users/aimeed/Desktop/BiteCounts/IV_Sctaeniopterus_TP_2021-06-12_145254_001.MP4,1146.45,23.98,No focal subject,Bite,Foraging,None|None|None,POINT,442.218,442.218,NA,,
IV_Sctaeniopterus_TP_2021-06-12_145254,6/25/2025 11:36,,/Users/aimeed/Desktop/BiteCounts/IV_Sctaeniopterus_TP_2021-06-12_145254_001.MP4,1146.45,23.98,No focal subject,Bite,Foraging,None|None|None,POINT,443.219,443.219,NA,,
IV_Sctaeniopterus_TP_2021-06-12_145254,6/25/2025 11:36,,/Users/aimeed/Desktop/BiteCounts/IV_Sctaeniopterus_TP_2021-06-12_145254_001.MP4,1146.45,23.98,No focal subject,Bite,Foraging,None|None|None,POINT,443.966,443.966,NA,,
IV_Sctaeniopterus_TP_2021-06-12_145254,6/25/2025 11:36,,/Users/aimeed/Desktop/BiteCounts/IV_Sctaeniopterus_TP_2021-06-12_145254_001.MP4,1146.45,23.98,No focal subject,Bite,Foraging,None|None|None,POINT,444.718,444.718,NA,,
IV_Sctaeniopterus_TP_2021-06-12_145254,6/25/2025 11:36,,/Users/aimeed/Desktop/BiteCounts/IV_Sctaeniopterus_TP_2021-06-12_145254_001.MP4,1146.45,23.98,No focal subject,Cleaning,Social Interactions,,STATE,468.87,471.37,2.5,,
IV_Sctaeniopterus_TP_2021-06-12_145254,6/25/2025 11:36,,/Users/aimeed/Desktop/BiteCounts/IV_Sctaeniopterus_TP_2021-06-12_145254_001.MP4,1146.45,23.98,No focal subject,Bite,Foraging,None|None|None,POINT,496.376,496.376,NA,,
IV_Sctaeniopterus_TP_2021-06-12_145254,6/25/2025 11:36,,/Users/aimeed/Desktop/BiteCounts/IV_Sctaeniopterus_TP_2021-06-12_145254_001.MP4,1146.45,23.98,No focal subject,Bite,Foraging,None|None|None,POINT,499.378,499.378,NA,,
IV_Sctaeniopterus_TP_2021-06-12_145254,6/25/2025 11:36,,/Users/aimeed/Desktop/BiteCounts/IV_Sctaeniopterus_TP_2021-06-12_145254_001.MP4,1146.45,23.98,No focal subject,Bite,Foraging,None|None|None,POINT,502.877,502.877,NA,,
IV_Sctaeniopterus_TP_2021-06-12_145254,6/25/2025 11:36,,/Users/aimeed/Desktop/BiteCounts/IV_Sctaeniopterus_TP_2021-06-12_145254_001.MP4,1146.45,23.98,No focal subject,Bite,Foraging,None|None|None,POINT,503.374,503.374,NA,,
IV_Sctaeniopterus_TP_2021-06-12_145254,6/25/2025 11:36,,/Users/aimeed/Desktop/BiteCounts/IV_Sctaeniopterus_TP_2021-06-12_145254_001.MP4,1146.45,23.98,No focal subject,Bite,Foraging,None|None|None,POINT,504.377,504.377,NA,,
IV_Sctaeniopterus_TP_2021-06-12_145254,6/25/2025 11:36,,/Users/aimeed/Desktop/BiteCounts/IV_Sctaeniopterus_TP_2021-06-12_145254_001.MP4,1146.45,23.98,No focal subject,Bite,Foraging,None|None|None,POINT,504.87,504.87,NA,,
IV_Sctaeniopterus_TP_2021-06-12_145254,6/25/2025 11:36,,/Users/aimeed/Desktop/BiteCounts/IV_Sctaeniopterus_TP_2021-06-12_145254_001.MP4,1146.45,23.98,No focal subject,Bite,Foraging,None|None|None,POINT,505.375,505.375,NA,,
IV_Sctaeniopterus_TP_2021-06-12_145254,6/25/2025 11:36,,/Users/aimeed/Desktop/BiteCounts/IV_Sctaeniopterus_TP_2021-06-12_145254_001.MP4,1146.45,23.98,No focal subject,Bite,Foraging,None|None|None,POINT,505.874,505.874,NA,,
IV_Sctaeniopterus_TP_2021-06-12_145254,6/25/2025 11:36,,/Users/aimeed/Desktop/BiteCounts/IV_Sctaeniopterus_TP_2021-06-12_145254_001.MP4,1146.45,23.98,No focal subject,Bite,Foraging,None|None|None,POINT,508.374,508.374,NA,,
IV_Sctaeniopterus_TP_2021-06-12_145254,6/25/2025 11:36,,/Users/aimeed/Desktop/BiteCounts/IV_Sctaeniopterus_TP_2021-06-12_145254_001.MP4,1146.45,23.98,No focal subject,Bite,Foraging,None|None|None,POINT,509.878,509.878,NA,,
IV_Sctaeniopterus_TP_2021-06-12_145254,6/25/2025 11:36,,/Users/aimeed/Desktop/BiteCounts/IV_Sctaeniopterus_TP_2021-06-12_145254_001.MP4,1146.45,23.98,No focal subject,Bite,Foraging,None|None|None,POINT,511.375,511.375,NA,,
IV_Sctaeniopterus_TP_2021-06-12_145254,6/25/2025 11:36,,/Users/aimeed/Desktop/BiteCounts/IV_Sctaeniopterus_TP_2021-06-12_145254_001.MP4,1146.45,23.98,No focal subject,Bite,Foraging,None|None|None,POINT,511.877,511.877,NA,,
IV_Sctaeniopterus_TP_2021-06-12_145254,6/25/2025 11:36,,/Users/aimeed/Desktop/BiteCounts/IV_Sctaeniopterus_TP_2021-06-12_145254_001.MP4,1146.45,23.98,No focal subject,Bite,Foraging,None|None|None,POINT,512.374,512.374,NA,,
IV_Sctaeniopterus_TP_2021-06-12_145254,6/25/2025 11:36,,/Users/aimeed/Desktop/BiteCounts/IV_Sctaeniopterus_TP_2021-06-12_145254_001.MP4,1146.45,23.98,No focal subject,Bite,Foraging,None|None|None,POINT,515.377,515.377,NA,,
IV_Sctaeniopterus_TP_2021-06-12_145254,6/25/2025 11:36,,/Users/aimeed/Desktop/BiteCounts/IV_Sctaeniopterus_TP_2021-06-12_145254_001.MP4,1146.45,23.98,No focal subject,Bite,Foraging,None|None|None,POINT,516.376,516.376,NA,,
IV_Sctaeniopterus_TP_2021-06-12_145254,6/25/2025 11:36,,/Users/aimeed/Desktop/BiteCounts/IV_Sctaeniopterus_TP_2021-06-12_145254_001.MP4,1146.45,23.98,No focal subject,Bite,Foraging,None|None|None,POINT,517.375,517.375,NA,,
IV_Sctaeniopterus_TP_2021-06-12_145254,6/25/2025 11:36,,/Users/aimeed/Desktop/BiteCounts/IV_Sctaeniopterus_TP_2021-06-12_145254_001.MP4,1146.45,23.98,No focal subject,Bite,Foraging,None|None|None,POINT,523.877,523.877,NA,,
IV_Sctaeniopterus_TP_2021-06-12_145254,6/25/2025 11:36,,/Users/aimeed/Desktop/BiteCounts/IV_Sctaeniopterus_TP_2021-06-12_145254_001.MP4,1146.45,23.98,No focal subject,Bite,Foraging,None|None|None,POINT,524.879,524.879,NA,,
IV_Sctaeniopterus_TP_2021-06-12_145254,6/25/2025 11:36,,/Users/aimeed/Desktop/BiteCounts/IV_Sctaeniopterus_TP_2021-06-12_145254_001.MP4,1146.45,23.98,No focal subject,Bite,Foraging,None|None|None,POINT,525.374,525.374,NA,,
IV_Sctaeniopterus_TP_2021-06-12_145254,6/25/2025 11:36,,/Users/aimeed/Desktop/BiteCounts/IV_Sctaeniopterus_TP_2021-06-12_145254_001.MP4,1146.45,23.98,No focal subject,Bite,Foraging,None|None|None,POINT,525.874,525.874,NA,,
IV_Sctaeniopterus_TP_2021-06-12_145254,6/25/2025 11:36,,/Users/aimeed/Desktop/BiteCounts/IV_Sctaeniopterus_TP_2021-06-12_145254_001.MP4,1146.45,23.98,No focal subject,Bite,Foraging,None|None|None,POINT,526.625,526.625,NA,,
IV_Sctaeniopterus_TP_2021-06-12_145254,6/25/2025 11:36,,/Users/aimeed/Desktop/BiteCounts/IV_Sctaeniopterus_TP_2021-06-12_145254_001.MP4,1146.45,23.98,No focal subject,Bite,Foraging,None|None|None,POINT,527.375,527.375,NA,,
IV_Sctaeniopterus_TP_2021-06-12_145254,6/25/2025 11:36,,/Users/aimeed/Desktop/BiteCounts/IV_Sctaeniopterus_TP_2021-06-12_145254_001.MP4,1146.45,23.98,No focal subject,Bite,Foraging,None|None|None,POINT,528.374,528.374,NA,,
IV_Sctaeniopterus_TP_2021-06-12_145254,6/25/2025 11:36,,/Users/aimeed/Desktop/BiteCounts/IV_Sctaeniopterus_TP_2021-06-12_145254_001.MP4,1146.45,23.98,No focal subject,Bite,Foraging,None|None|None,POINT,528.875,528.875,NA,,
IV_Sctaeniopterus_TP_2021-06-12_145254,6/25/2025 11:36,,/Users/aimeed/Desktop/BiteCounts/IV_Sctaeniopterus_TP_2021-06-12_145254_001.MP4,1146.45,23.98,No focal subject,Bite,Foraging,None|None|None,POINT,531.377,531.377,NA,,
IV_Sctaeniopterus_TP_2021-06-12_145254,6/25/2025 11:36,,/Users/aimeed/Desktop/BiteCounts/IV_Sctaeniopterus_TP_2021-06-12_145254_001.MP4,1146.45,23.98,No focal subject,Bite,Foraging,None|None|None,POINT,532.126,532.126,NA,,
IV_Sctaeniopterus_TP_2021-06-12_145254,6/25/2025 11:36,,/Users/aimeed/Desktop/BiteCounts/IV_Sctaeniopterus_TP_2021-06-12_145254_001.MP4,1146.45,23.98,No focal subject,Bite,Foraging,None|None|None,POINT,532.374,532.374,NA,,
IV_Sctaeniopterus_TP_2021-06-12_145254,6/25/2025 11:36,,/Users/aimeed/Desktop/BiteCounts/IV_Sctaeniopterus_TP_2021-06-12_145254_001.MP4,1146.45,23.98,No focal subject,Bite,Foraging,None|None|None,POINT,532.875,532.875,NA,,
IV_Sctaeniopterus_TP_2021-06-12_145254,6/25/2025 11:36,,/Users/aimeed/Desktop/BiteCounts/IV_Sctaeniopterus_TP_2021-06-12_145254_001.MP4,1146.45,23.98,No focal subject,Bite,Foraging,None|None|None,POINT,534.379,534.379,NA,,
IV_Sctaeniopterus_TP_2021-06-12_145254,6/25/2025 11:36,,/Users/aimeed/Desktop/BiteCounts/IV_Sctaeniopterus_TP_2021-06-12_145254_001.MP4,1146.45,23.98,No focal subject,Bite,Foraging,None|None|None,POINT,534.878,534.878,NA,,
IV_Sctaeniopterus_TP_2021-06-12_145254,6/25/2025 11:36,,/Users/aimeed/Desktop/BiteCounts/IV_Sctaeniopterus_TP_2021-06-12_145254_001.MP4,1146.45,23.98,No focal subject,Bite,Foraging,None|None|None,POINT,535.375,535.375,NA,,
IV_Sctaeniopterus_TP_2021-06-12_145254,6/25/2025 11:36,,/Users/aimeed/Desktop/BiteCounts/IV_Sctaeniopterus_TP_2021-06-12_145254_001.MP4,1146.45,23.98,No focal subject,Bite,Foraging,None|None|None,POINT,536.878,536.878,NA,,
IV_Sctaeniopterus_TP_2021-06-12_145254,6/25/2025 11:36,,/Users/aimeed/Desktop/BiteCounts/IV_Sctaeniopterus_TP_2021-06-12_145254_001.MP4,1146.45,23.98,No focal subject,Bite,Foraging,None|None|None,POINT,537.373,537.373,NA,,
IV_Sctaeniopterus_TP_2021-06-12_145254,6/25/2025 11:36,,/Users/aimeed/Desktop/BiteCounts/IV_Sctaeniopterus_TP_2021-06-12_145254_001.MP4,1146.45,23.98,No focal subject,Bite,Foraging,None|None|None,POINT,537.621,537.621,NA,,
IV_Sctaeniopterus_TP_2021-06-12_145254,6/25/2025 11:36,,/Users/aimeed/Desktop/BiteCounts/IV_Sctaeniopterus_TP_2021-06-12_145254_001.MP4,1146.45,23.98,No focal subject,Bite,Foraging,None|None|None,POINT,538.378,538.378,NA,,
IV_Sctaeniopterus_TP_2021-06-12_145254,6/25/2025 11:36,,/Users/aimeed/Desktop/BiteCounts/IV_Sctaeniopterus_TP_2021-06-12_145254_001.MP4,1146.45,23.98,No focal subject,Bite,Foraging,None|None|None,POINT,538.874,538.874,NA,,
IV_Sctaeniopterus_TP_2021-06-12_145254,6/25/2025 11:36,,/Users/aimeed/Desktop/BiteCounts/IV_Sctaeniopterus_TP_2021-06-12_145254_001.MP4,1146.45,23.98,No focal subject,Bite,Foraging,None|None|None,POINT,539.626,539.626,NA,,
IV_Sctaeniopterus_TP_2021-06-12_145254,6/25/2025 11:36,,/Users/aimeed/Desktop/BiteCounts/IV_Sctaeniopterus_TP_2021-06-12_145254_001.MP4,1146.45,23.98,No focal subject,Bite,Foraging,None|None|None,POINT,540.376,540.376,NA,,
IV_Sctaeniopterus_TP_2021-06-12_145254,6/25/2025 11:36,,/Users/aimeed/Desktop/BiteCounts/IV_Sctaeniopterus_TP_2021-06-12_145254_001.MP4,1146.45,23.98,No focal subject,Bite,Foraging,None|None|None,POINT,540.875,540.875,NA,,
IV_Sctaeniopterus_TP_2021-06-12_145254,6/25/2025 11:36,,/Users/aimeed/Desktop/BiteCounts/IV_Sctaeniopterus_TP_2021-06-12_145254_001.MP4,1146.45,23.98,No focal subject,Bite,Foraging,None|None|None,POINT,541.123,541.123,NA,,
IV_Sctaeniopterus_TP_2021-06-12_145254,6/25/2025 11:36,,/Users/aimeed/Desktop/BiteCounts/IV_Sctaeniopterus_TP_2021-06-12_145254_001.MP4,1146.45,23.98,No focal subject,Bite,Foraging,None|None|None,POINT,541.624,541.624,NA,,
IV_Sctaeniopterus_TP_2021-06-12_145254,6/25/2025 11:36,,/Users/aimeed/Desktop/BiteCounts/IV_Sctaeniopterus_TP_2021-06-12_145254_001.MP4,1146.45,23.98,No focal subject,Bite,Foraging,None|None|None,POINT,542.124,542.124,NA,,
IV_Sctaeniopterus_TP_2021-06-12_145254,6/25/2025 11:36,,/Users/aimeed/Desktop/BiteCounts/IV_Sctaeniopterus_TP_2021-06-12_145254_001.MP4,1146.45,23.98,No focal subject,Bite,Foraging,None|None|None,POINT,542.368,542.368,NA,,
IV_Sctaeniopterus_TP_2021-06-12_145254,6/25/2025 11:36,,/Users/aimeed/Desktop/BiteCounts/IV_Sctaeniopterus_TP_2021-06-12_145254_001.MP4,1146.45,23.98,No focal subject,Bite,Foraging,None|None|None,POINT,542.875,542.875,NA,,
IV_Sctaeniopterus_TP_2021-06-12_145254,6/25/2025 11:36,,/Users/aimeed/Desktop/BiteCounts/IV_Sctaeniopterus_TP_2021-06-12_145254_001.MP4,1146.45,23.98,No focal subject,Bite,Foraging,None|None|None,POINT,544.374,544.374,NA,,
IV_Sctaeniopterus_TP_2021-06-12_145254,6/25/2025 11:36,,/Users/aimeed/Desktop/BiteCounts/IV_Sctaeniopterus_TP_2021-06-12_145254_001.MP4,1146.45,23.98,No focal subject,Bite,Foraging,None|None|None,POINT,578.875,578.875,NA,,
IV_Sctaeniopterus_TP_2021-06-12_145254,6/25/2025 11:36,,/Users/aimeed/Desktop/BiteCounts/IV_Sctaeniopterus_TP_2021-06-12_145254_001.MP4,1146.45,23.98,No focal subject,Bite,Foraging,None|None|None,POINT,579.875,579.875,NA,,
IV_Sctaeniopterus_TP_2021-06-12_145254,6/25/2025 11:36,,/Users/aimeed/Desktop/BiteCounts/IV_Sctaeniopterus_TP_2021-06-12_145254_001.MP4,1146.45,23.98,No focal subject,Bite,Foraging,None|None|None,POINT,583.376,583.376,NA,,
IV_Sctaeniopterus_TP_2021-06-12_145254,6/25/2025 11:36,,/Users/aimeed/Desktop/BiteCounts/IV_Sctaeniopterus_TP_2021-06-12_145254_001.MP4,1146.45,23.98,No focal subject,Bite,Foraging,None|None|None,POINT,584.874,584.874,NA,,
IV_Sctaeniopterus_TP_2021-06-12_145254,6/25/2025 11:36,,/Users/aimeed/Desktop/BiteCounts/IV_Sctaeniopterus_TP_2021-06-12_145254_001.MP4,1146.45,23.98,No focal subject,Bite,Foraging,None|None|None,POINT,585.879,585.879,NA,,
IV_Sctaeniopterus_TP_2021-06-12_145254,6/25/2025 11:36,,/Users/aimeed/Desktop/BiteCounts/IV_Sctaeniopterus_TP_2021-06-12_145254_001.MP4,1146.45,23.98,No focal subject,Bite,Foraging,None|None|None,POINT,586.376,586.376,NA,,
IV_Sctaeniopterus_TP_2021-06-12_145254,6/25/2025 11:36,,/Users/aimeed/Desktop/BiteCounts/IV_Sctaeniopterus_TP_2021-06-12_145254_001.MP4,1146.45,23.98,No focal subject,Bite,Foraging,None|None|None,POINT,587.871,587.871,NA,,
IV_Sctaeniopterus_TP_2021-06-12_145254,6/25/2025 11:36,,/Users/aimeed/Desktop/BiteCounts/IV_Sctaeniopterus_TP_2021-06-12_145254_001.MP4,1146.45,23.98,No focal subject,Bite,Foraging,None|None|None,POINT,588.374,588.374,NA,,
IV_Sctaeniopterus_TP_2021-06-12_145254,6/25/2025 11:36,,/Users/aimeed/Desktop/BiteCounts/IV_Sctaeniopterus_TP_2021-06-12_145254_001.MP4,1146.45,23.98,No focal subject,Bite,Foraging,None|None|None,POINT,588.876,588.876,NA,,
IV_Sctaeniopterus_TP_2021-06-12_145254,6/25/2025 11:36,,/Users/aimeed/Desktop/BiteCounts/IV_Sctaeniopterus_TP_2021-06-12_145254_001.MP4,1146.45,23.98,No focal subject,Bite,Foraging,None|None|None,POINT,590.377,590.377,NA,,
IV_Sctaeniopterus_TP_2021-06-12_145254,6/25/2025 11:36,,/Users/aimeed/Desktop/BiteCounts/IV_Sctaeniopterus_TP_2021-06-12_145254_001.MP4,1146.45,23.98,No focal subject,Bite,Foraging,None|None|None,POINT,590.875,590.875,NA,,
IV_Sctaeniopterus_TP_2021-06-12_145254,6/25/2025 11:36,,/Users/aimeed/Desktop/BiteCounts/IV_Sctaeniopterus_TP_2021-06-12_145254_001.MP4,1146.45,23.98,No focal subject,Bite,Foraging,None|None|None,POINT,591.876,591.876,NA,,
IV_Sctaeniopterus_TP_2021-06-12_145254,6/25/2025 11:36,,/Users/aimeed/Desktop/BiteCounts/IV_Sctaeniopterus_TP_2021-06-12_145254_001.MP4,1146.45,23.98,No focal subject,Bite,Foraging,None|None|None,POINT,592.876,592.876,NA,,
IV_Sctaeniopterus_TP_2021-06-12_145254,6/25/2025 11:36,,/Users/aimeed/Desktop/BiteCounts/IV_Sctaeniopterus_TP_2021-06-12_145254_001.MP4,1146.45,23.98,No focal subject,Bite,Foraging,None|None|None,POINT,594.877,594.877,NA,,
IV_Sctaeniopterus_TP_2021-06-12_145254,6/25/2025 11:36,,/Users/aimeed/Desktop/BiteCounts/IV_Sctaeniopterus_TP_2021-06-12_145254_001.MP4,1146.45,23.98,No focal subject,Bite,Foraging,None|None|None,POINT,596.376,596.376,NA,,
IV_Sctaeniopterus_TP_2021-06-12_145254,6/25/2025 11:36,,/Users/aimeed/Desktop/BiteCounts/IV_Sctaeniopterus_TP_2021-06-12_145254_001.MP4,1146.45,23.98,No focal subject,Bite,Foraging,None|None|None,POINT,596.875,596.875,NA,,
IV_Sctaeniopterus_TP_2021-06-12_145254,6/25/2025 11:36,,/Users/aimeed/Desktop/BiteCounts/IV_Sctaeniopterus_TP_2021-06-12_145254_001.MP4,1146.45,23.98,No focal subject,Bite,Foraging,None|None|None,POINT,601.375,601.375,NA,,
IV_Sctaeniopterus_TP_2021-06-12_145254,6/25/2025 11:36,,/Users/aimeed/Desktop/BiteCounts/IV_Sctaeniopterus_TP_2021-06-12_145254_001.MP4,1146.45,23.98,No focal subject,Bite,Foraging,None|None|None,POINT,601.872,601.872,NA,,
IV_Sctaeniopterus_TP_2021-06-12_145254,6/25/2025 11:36,,/Users/aimeed/Desktop/BiteCounts/IV_Sctaeniopterus_TP_2021-06-12_145254_001.MP4,1146.45,23.98,No focal subject,Bite,Foraging,None|None|None,POINT,602.876,602.876,NA,,
IV_Sctaeniopterus_TP_2021-06-12_145254,6/25/2025 11:36,,/Users/aimeed/Desktop/BiteCounts/IV_Sctaeniopterus_TP_2021-06-12_145254_001.MP4,1146.45,23.98,No focal subject,Bite,Foraging,None|None|None,POINT,603.374,603.374,NA,,
IV_Sctaeniopterus_TP_2021-06-12_145254,6/25/2025 11:36,,/Users/aimeed/Desktop/BiteCounts/IV_Sctaeniopterus_TP_2021-06-12_145254_001.MP4,1146.45,23.98,No focal subject,Bite,Foraging,None|None|None,POINT,603.876,603.876,NA,,
IV_Sctaeniopterus_TP_2021-06-12_145254,6/25/2025 11:36,,/Users/aimeed/Desktop/BiteCounts/IV_Sctaeniopterus_TP_2021-06-12_145254_001.MP4,1146.45,23.98,No focal subject,Bite,Foraging,None|None|None,POINT,604.875,604.875,NA,,
IV_Sctaeniopterus_TP_2021-06-12_145254,6/25/2025 11:36,,/Users/aimeed/Desktop/BiteCounts/IV_Sctaeniopterus_TP_2021-06-12_145254_001.MP4,1146.45,23.98,No focal subject,Bite,Foraging,None|None|None,POINT,616.877,616.877,NA,,
IV_Sctaeniopterus_TP_2021-06-12_145254,6/25/2025 11:36,,/Users/aimeed/Desktop/BiteCounts/IV_Sctaeniopterus_TP_2021-06-12_145254_001.MP4,1146.45,23.98,No focal subject,Bite,Foraging,None|None|None,POINT,617.875,617.875,NA,,
IV_Sctaeniopterus_TP_2021-06-12_145254,6/25/2025 11:36,,/Users/aimeed/Desktop/BiteCounts/IV_Sctaeniopterus_TP_2021-06-12_145254_001.MP4,1146.45,23.98,No focal subject,Bite,Foraging,None|None|None,POINT,618.881,618.881,NA,,
IV_Sctaeniopterus_TP_2021-06-12_145254,6/25/2025 11:36,,/Users/aimeed/Desktop/BiteCounts/IV_Sctaeniopterus_TP_2021-06-12_145254_001.MP4,1146.45,23.98,No focal subject,Bite,Foraging,None|None|None,POINT,619.122,619.122,NA,,
IV_Sctaeniopterus_TP_2021-06-12_145254,6/25/2025 11:36,,/Users/aimeed/Desktop/BiteCounts/IV_Sctaeniopterus_TP_2021-06-12_145254_001.MP4,1146.45,23.98,No focal subject,Bite,Foraging,None|None|None,POINT,619.879,619.879,NA,,
IV_Sctaeniopterus_TP_2021-06-12_145254,6/25/2025 11:36,,/Users/aimeed/Desktop/BiteCounts/IV_Sctaeniopterus_TP_2021-06-12_145254_001.MP4,1146.45,23.98,No focal subject,Bite,Foraging,None|None|None,POINT,620.626,620.626,NA,,
IV_Sctaeniopterus_TP_2021-06-12_145254,6/25/2025 11:36,,/Users/aimeed/Desktop/BiteCounts/IV_Sctaeniopterus_TP_2021-06-12_145254_001.MP4,1146.45,23.98,No focal subject,Bite,Foraging,None|None|None,POINT,621.879,621.879,NA,,
IV_Sctaeniopterus_TP_2021-06-12_145254,6/25/2025 11:36,,/Users/aimeed/Desktop/BiteCounts/IV_Sctaeniopterus_TP_2021-06-12_145254_001.MP4,1146.45,23.98,No focal subject,Bite,Foraging,None|None|None,POINT,623.378,623.378,NA,,
IV_Sctaeniopterus_TP_2021-06-12_145254,6/25/2025 11:36,,/Users/aimeed/Desktop/BiteCounts/IV_Sctaeniopterus_TP_2021-06-12_145254_001.MP4,1146.45,23.98,No focal subject,Bite,Foraging,None|None|None,POINT,623.873,623.873,NA,,
IV_Sctaeniopterus_TP_2021-06-12_145254,6/25/2025 11:36,,/Users/aimeed/Desktop/BiteCounts/IV_Sctaeniopterus_TP_2021-06-12_145254_001.MP4,1146.45,23.98,No focal subject,Bite,Foraging,None|None|None,POINT,624.374,624.374,NA,,
IV_Sctaeniopterus_TP_2021-06-12_145254,6/25/2025 11:36,,/Users/aimeed/Desktop/BiteCounts/IV_Sctaeniopterus_TP_2021-06-12_145254_001.MP4,1146.45,23.98,No focal subject,Bite,Foraging,None|None|None,POINT,624.874,624.874,NA,,
IV_Sctaeniopterus_TP_2021-06-12_145254,6/25/2025 11:36,,/Users/aimeed/Desktop/BiteCounts/IV_Sctaeniopterus_TP_2021-06-12_145254_001.MP4,1146.45,23.98,No focal subject,Bite,Foraging,None|None|None,POINT,625.374,625.374,NA,,
IV_Sctaeniopterus_TP_2021-06-12_145254,6/25/2025 11:36,,/Users/aimeed/Desktop/BiteCounts/IV_Sctaeniopterus_TP_2021-06-12_145254_001.MP4,1146.45,23.98,No focal subject,Bite,Foraging,None|None|None,POINT,625.876,625.876,NA,,
IV_Sctaeniopterus_TP_2021-06-12_145254,6/25/2025 11:36,,/Users/aimeed/Desktop/BiteCounts/IV_Sctaeniopterus_TP_2021-06-12_145254_001.MP4,1146.45,23.98,No focal subject,Bite,Foraging,None|None|None,POINT,626.877,626.877,NA,,
IV_Sctaeniopterus_TP_2021-06-12_145254,6/25/2025 11:36,,/Users/aimeed/Desktop/BiteCounts/IV_Sctaeniopterus_TP_2021-06-12_145254_001.MP4,1146.45,23.98,No focal subject,Bite,Foraging,None|None|None,POINT,627.376,627.376,NA,,
IV_Sctaeniopterus_TP_2021-06-12_145254,6/25/2025 11:36,,/Users/aimeed/Desktop/BiteCounts/IV_Sctaeniopterus_TP_2021-06-12_145254_001.MP4,1146.45,23.98,No focal subject,Bite,Foraging,Feces|None|None,POINT,651.625,651.625,NA,,
IV_Sctaeniopterus_TP_2021-06-12_145254,6/25/2025 11:36,,/Users/aimeed/Desktop/BiteCounts/IV_Sctaeniopterus_TP_2021-06-12_145254_001.MP4,1146.45,23.98,No focal subject,Bite,Foraging,Feces|None|None,POINT,653.875,653.875,NA,,
IV_Sctaeniopterus_TP_2021-06-12_145254,6/25/2025 11:36,,/Users/aimeed/Desktop/BiteCounts/IV_Sctaeniopterus_TP_2021-06-12_145254_001.MP4,1146.45,23.98,No focal subject,Bite,Foraging,None|None|None,POINT,672.871,672.871,NA,,
IV_Sctaeniopterus_TP_2021-06-12_145254,6/25/2025 11:36,,/Users/aimeed/Desktop/BiteCounts/IV_Sctaeniopterus_TP_2021-06-12_145254_001.MP4,1146.45,23.98,No focal subject,Bite,Foraging,None|None|None,POINT,673.875,673.875,NA,,
IV_Sctaeniopterus_TP_2021-06-12_145254,6/25/2025 11:36,,/Users/aimeed/Desktop/BiteCounts/IV_Sctaeniopterus_TP_2021-06-12_145254_001.MP4,1146.45,23.98,No focal subject,Bite,Foraging,None|None|None,POINT,674.876,674.876,NA,,
IV_Sctaeniopterus_TP_2021-06-12_145254,6/25/2025 11:36,,/Users/aimeed/Desktop/BiteCounts/IV_Sctaeniopterus_TP_2021-06-12_145254_001.MP4,1146.45,23.98,No focal subject,Bite,Foraging,None|None|None,POINT,676.876,676.876,NA,,
IV_Sctaeniopterus_TP_2021-06-12_145254,6/25/2025 11:36,,/Users/aimeed/Desktop/BiteCounts/IV_Sctaeniopterus_TP_2021-06-12_145254_001.MP4,1146.45,23.98,No focal subject,Bite,Foraging,None|None|None,POINT,678.375,678.375,NA,,
IV_Sctaeniopterus_TP_2021-06-12_145254,6/25/2025 11:36,,/Users/aimeed/Desktop/BiteCounts/IV_Sctaeniopterus_TP_2021-06-12_145254_001.MP4,1146.45,23.98,No focal subject,Bite,Foraging,None|None|None,POINT,679.37,679.37,NA,,
IV_Sctaeniopterus_TP_2021-06-12_145254,6/25/2025 11:36,,/Users/aimeed/Desktop/BiteCounts/IV_Sctaeniopterus_TP_2021-06-12_145254_001.MP4,1146.45,23.98,No focal subject,Bite,Foraging,None|None|None,POINT,681.622,681.622,NA,,
IV_Sctaeniopterus_TP_2021-06-12_145254,6/25/2025 11:36,,/Users/aimeed/Desktop/BiteCounts/IV_Sctaeniopterus_TP_2021-06-12_145254_001.MP4,1146.45,23.98,No focal subject,Bite,Foraging,None|None|None,POINT,683.874,683.874,NA,,
IV_Sctaeniopterus_TP_2021-06-12_145254,6/25/2025 11:36,,/Users/aimeed/Desktop/BiteCounts/IV_Sctaeniopterus_TP_2021-06-12_145254_001.MP4,1146.45,23.98,No focal subject,Bite,Foraging,None|None|None,POINT,684.622,684.622,NA,,
IV_Sctaeniopterus_TP_2021-06-12_145254,6/25/2025 11:36,,/Users/aimeed/Desktop/BiteCounts/IV_Sctaeniopterus_TP_2021-06-12_145254_001.MP4,1146.45,23.98,No focal subject,Bite,Foraging,None|None|None,POINT,691.376,691.376,NA,,
IV_Sctaeniopterus_TP_2021-06-12_145254,6/25/2025 11:36,,/Users/aimeed/Desktop/BiteCounts/IV_Sctaeniopterus_TP_2021-06-12_145254_001.MP4,1146.45,23.98,No focal subject,Bite,Foraging,None|None|None,POINT,691.872,691.872,NA,,
IV_Sctaeniopterus_TP_2021-06-12_145254,6/25/2025 11:36,,/Users/aimeed/Desktop/BiteCounts/IV_Sctaeniopterus_TP_2021-06-12_145254_001.MP4,1146.45,23.98,No focal subject,Bite,Foraging,None|None|None,POINT,692.871,692.871,NA,,
IV_Sctaeniopterus_TP_2021-06-12_145254,6/25/2025 11:36,,/Users/aimeed/Desktop/BiteCounts/IV_Sctaeniopterus_TP_2021-06-12_145254_001.MP4,1146.45,23.98,No focal subject,Bite,Foraging,None|None|None,POINT,693.624,693.624,NA,,
IV_Sctaeniopterus_TP_2021-06-12_145254,6/25/2025 11:36,,/Users/aimeed/Desktop/BiteCounts/IV_Sctaeniopterus_TP_2021-06-12_145254_001.MP4,1146.45,23.98,No focal subject,Bite,Foraging,None|None|None,POINT,694.374,694.374,NA,,
IV_Sctaeniopterus_TP_2021-06-12_145254,6/25/2025 11:36,,/Users/aimeed/Desktop/BiteCounts/IV_Sctaeniopterus_TP_2021-06-12_145254_001.MP4,1146.45,23.98,No focal subject,Bite,Foraging,None|None|None,POINT,694.874,694.874,NA,,
IV_Sctaeniopterus_TP_2021-06-12_145254,6/25/2025 11:36,,/Users/aimeed/Desktop/BiteCounts/IV_Sctaeniopterus_TP_2021-06-12_145254_001.MP4,1146.45,23.98,No focal subject,Bite,Foraging,None|None|None,POINT,696.124,696.124,NA,,
IV_Sctaeniopterus_TP_2021-06-12_145254,6/25/2025 11:36,,/Users/aimeed/Desktop/BiteCounts/IV_Sctaeniopterus_TP_2021-06-12_145254_001.MP4,1146.45,23.98,No focal subject,Bite,Foraging,None|None|None,POINT,697.124,697.124,NA,,
IV_Sctaeniopterus_TP_2021-06-12_145254,6/25/2025 11:36,,/Users/aimeed/Desktop/BiteCounts/IV_Sctaeniopterus_TP_2021-06-12_145254_001.MP4,1146.45,23.98,No focal subject,Bite,Foraging,None|None|None,POINT,698.124,698.124,NA,,
IV_Sctaeniopterus_TP_2021-06-12_145254,6/25/2025 11:36,,/Users/aimeed/Desktop/BiteCounts/IV_Sctaeniopterus_TP_2021-06-12_145254_001.MP4,1146.45,23.98,No focal subject,Bite,Foraging,None|None|None,POINT,699.376,699.376,NA,,
IV_Sctaeniopterus_TP_2021-06-12_145254,6/25/2025 11:36,,/Users/aimeed/Desktop/BiteCounts/IV_Sctaeniopterus_TP_2021-06-12_145254_001.MP4,1146.45,23.98,No focal subject,Bite,Foraging,None|None|None,POINT,700.876,700.876,NA,,
IV_Sctaeniopterus_TP_2021-06-12_145254,6/25/2025 11:36,,/Users/aimeed/Desktop/BiteCounts/IV_Sctaeniopterus_TP_2021-06-12_145254_001.MP4,1146.45,23.98,No focal subject,Bite,Foraging,None|None|None,POINT,703.123,703.123,NA,,
IV_Sctaeniopterus_TP_2021-06-12_145254,6/25/2025 11:36,,/Users/aimeed/Desktop/BiteCounts/IV_Sctaeniopterus_TP_2021-06-12_145254_001.MP4,1146.45,23.98,No focal subject,Bite,Foraging,None|None|None,POINT,704.877,704.877,NA,,
IV_Sctaeniopterus_TP_2021-06-12_145254,6/25/2025 11:36,,/Users/aimeed/Desktop/BiteCounts/IV_Sctaeniopterus_TP_2021-06-12_145254_002.MP4,1146.45,23.98,No focal subject,Lost Time,Time Keeping,,STATE,732.898,735.405,2.507,,
IV_Sctaeniopterus_TP_2021-06-12_145254,6/25/2025 11:36,,/Users/aimeed/Desktop/BiteCounts/IV_Sctaeniopterus_TP_2021-06-12_145254_002.MP4,1146.45,23.98,No focal subject,Bite,Foraging,None|None|None,POINT,746.153,746.153,NA,,
IV_Sctaeniopterus_TP_2021-06-12_145254,6/25/2025 11:36,,/Users/aimeed/Desktop/BiteCounts/IV_Sctaeniopterus_TP_2021-06-12_145254_002.MP4,1146.45,23.98,No focal subject,Bite,Foraging,None|None|None,POINT,747.153,747.153,NA,,
IV_Sctaeniopterus_TP_2021-06-12_145254,6/25/2025 11:36,,/Users/aimeed/Desktop/BiteCounts/IV_Sctaeniopterus_TP_2021-06-12_145254_002.MP4,1146.45,23.98,No focal subject,Bite,Foraging,None|None|None,POINT,747.652,747.652,NA,,
IV_Sctaeniopterus_TP_2021-06-12_145254,6/25/2025 11:36,,/Users/aimeed/Desktop/BiteCounts/IV_Sctaeniopterus_TP_2021-06-12_145254_002.MP4,1146.45,23.98,No focal subject,Bite,Foraging,None|None|None,POINT,748.402,748.402,NA,,
IV_Sctaeniopterus_TP_2021-06-12_145254,6/25/2025 11:36,,/Users/aimeed/Desktop/BiteCounts/IV_Sctaeniopterus_TP_2021-06-12_145254_002.MP4,1146.45,23.98,No focal subject,Bite,Foraging,None|None|None,POINT,749.156,749.156,NA,,
IV_Sctaeniopterus_TP_2021-06-12_145254,6/25/2025 11:36,,/Users/aimeed/Desktop/BiteCounts/IV_Sctaeniopterus_TP_2021-06-12_145254_002.MP4,1146.45,23.98,No focal subject,Bite,Foraging,None|None|None,POINT,749.903,749.903,NA,,
IV_Sctaeniopterus_TP_2021-06-12_145254,6/25/2025 11:36,,/Users/aimeed/Desktop/BiteCounts/IV_Sctaeniopterus_TP_2021-06-12_145254_002.MP4,1146.45,23.98,No focal subject,Bite,Foraging,None|None|None,POINT,751.151,751.151,NA,,
IV_Sctaeniopterus_TP_2021-06-12_145254,6/25/2025 11:36,,/Users/aimeed/Desktop/BiteCounts/IV_Sctaeniopterus_TP_2021-06-12_145254_002.MP4,1146.45,23.98,No focal subject,Bite,Foraging,None|None|None,POINT,752.155,752.155,NA,,
IV_Sctaeniopterus_TP_2021-06-12_145254,6/25/2025 11:36,,/Users/aimeed/Desktop/BiteCounts/IV_Sctaeniopterus_TP_2021-06-12_145254_002.MP4,1146.45,23.98,No focal subject,Bite,Foraging,None|None|None,POINT,753.155,753.155,NA,,
IV_Sctaeniopterus_TP_2021-06-12_145254,6/25/2025 11:36,,/Users/aimeed/Desktop/BiteCounts/IV_Sctaeniopterus_TP_2021-06-12_145254_002.MP4,1146.45,23.98,No focal subject,Bite,Foraging,None|None|None,POINT,753.904,753.904,NA,,
IV_Sctaeniopterus_TP_2021-06-12_145254,6/25/2025 11:36,,/Users/aimeed/Desktop/BiteCounts/IV_Sctaeniopterus_TP_2021-06-12_145254_002.MP4,1146.45,23.98,No focal subject,Bite,Foraging,None|None|None,POINT,755.155,755.155,NA,,
IV_Sctaeniopterus_TP_2021-06-12_145254,6/25/2025 11:36,,/Users/aimeed/Desktop/BiteCounts/IV_Sctaeniopterus_TP_2021-06-12_145254_002.MP4,1146.45,23.98,No focal subject,Bite,Foraging,None|None|None,POINT,755.653,755.653,NA,,
IV_Sctaeniopterus_TP_2021-06-12_145254,6/25/2025 11:36,,/Users/aimeed/Desktop/BiteCounts/IV_Sctaeniopterus_TP_2021-06-12_145254_002.MP4,1146.45,23.98,No focal subject,Bite,Foraging,None|None|None,POINT,756.654,756.654,NA,,
IV_Sctaeniopterus_TP_2021-06-12_145254,6/25/2025 11:36,,/Users/aimeed/Desktop/BiteCounts/IV_Sctaeniopterus_TP_2021-06-12_145254_002.MP4,1146.45,23.98,No focal subject,Bite,Foraging,None|None|None,POINT,757.153,757.153,NA,,
IV_Sctaeniopterus_TP_2021-06-12_145254,6/25/2025 11:36,,/Users/aimeed/Desktop/BiteCounts/IV_Sctaeniopterus_TP_2021-06-12_145254_002.MP4,1146.45,23.98,No focal subject,Bite,Foraging,None|None|None,POINT,758.152,758.152,NA,,
IV_Sctaeniopterus_TP_2021-06-12_145254,6/25/2025 11:36,,/Users/aimeed/Desktop/BiteCounts/IV_Sctaeniopterus_TP_2021-06-12_145254_002.MP4,1146.45,23.98,No focal subject,Bite,Foraging,None|None|None,POINT,758.655,758.655,NA,,
IV_Sctaeniopterus_TP_2021-06-12_145254,6/25/2025 11:36,,/Users/aimeed/Desktop/BiteCounts/IV_Sctaeniopterus_TP_2021-06-12_145254_002.MP4,1146.45,23.98,No focal subject,Bite,Foraging,None|None|None,POINT,759.654,759.654,NA,,
IV_Sctaeniopterus_TP_2021-06-12_145254,6/25/2025 11:36,,/Users/aimeed/Desktop/BiteCounts/IV_Sctaeniopterus_TP_2021-06-12_145254_002.MP4,1146.45,23.98,No focal subject,Bite,Foraging,None|None|None,POINT,762.157,762.157,NA,,
IV_Sctaeniopterus_TP_2021-06-12_145254,6/25/2025 11:36,,/Users/aimeed/Desktop/BiteCounts/IV_Sctaeniopterus_TP_2021-06-12_145254_002.MP4,1146.45,23.98,No focal subject,Bite,Foraging,None|None|None,POINT,763.656,763.656,NA,,
IV_Sctaeniopterus_TP_2021-06-12_145254,6/25/2025 11:36,,/Users/aimeed/Desktop/BiteCounts/IV_Sctaeniopterus_TP_2021-06-12_145254_002.MP4,1146.45,23.98,No focal subject,Bite,Foraging,None|None|None,POINT,764.401,764.401,NA,,
IV_Sctaeniopterus_TP_2021-06-12_145254,6/25/2025 11:36,,/Users/aimeed/Desktop/BiteCounts/IV_Sctaeniopterus_TP_2021-06-12_145254_002.MP4,1146.45,23.98,No focal subject,Bite,Foraging,None|None|None,POINT,765.153,765.153,NA,,
IV_Sctaeniopterus_TP_2021-06-12_145254,6/25/2025 11:36,,/Users/aimeed/Desktop/BiteCounts/IV_Sctaeniopterus_TP_2021-06-12_145254_002.MP4,1146.45,23.98,No focal subject,Bite,Foraging,None|None|None,POINT,766.153,766.153,NA,,
IV_Sctaeniopterus_TP_2021-06-12_145254,6/25/2025 11:36,,/Users/aimeed/Desktop/BiteCounts/IV_Sctaeniopterus_TP_2021-06-12_145254_002.MP4,1146.45,23.98,No focal subject,Lost Time,Time Keeping,,STATE,770.687,772.687,2,,
IV_Sctaeniopterus_TP_2021-06-12_145254,6/25/2025 11:36,,/Users/aimeed/Desktop/BiteCounts/IV_Sctaeniopterus_TP_2021-06-12_145254_002.MP4,1146.45,23.98,No focal subject,Bite,Foraging,None|None|None,POINT,776.943,776.943,NA,,
IV_Sctaeniopterus_TP_2021-06-12_145254,6/25/2025 11:36,,/Users/aimeed/Desktop/BiteCounts/IV_Sctaeniopterus_TP_2021-06-12_145254_002.MP4,1146.45,23.98,No focal subject,Bite,Foraging,None|None|None,POINT,788.69,788.69,NA,,
IV_Sctaeniopterus_TP_2021-06-12_145254,6/25/2025 11:36,,/Users/aimeed/Desktop/BiteCounts/IV_Sctaeniopterus_TP_2021-06-12_145254_002.MP4,1146.45,23.98,No focal subject,Bite,Foraging,None|None|None,POINT,793.188,793.188,NA,,
IV_Sctaeniopterus_TP_2021-06-12_145254,6/25/2025 11:36,,/Users/aimeed/Desktop/BiteCounts/IV_Sctaeniopterus_TP_2021-06-12_145254_002.MP4,1146.45,23.98,No focal subject,Bite,Foraging,None|None|None,POINT,795.691,795.691,NA,,
IV_Sctaeniopterus_TP_2021-06-12_145254,6/25/2025 11:36,,/Users/aimeed/Desktop/BiteCounts/IV_Sctaeniopterus_TP_2021-06-12_145254_002.MP4,1146.45,23.98,No focal subject,Bite,Foraging,None|None|None,POINT,796.693,796.693,NA,,
IV_Sctaeniopterus_TP_2021-06-12_145254,6/25/2025 11:36,,/Users/aimeed/Desktop/BiteCounts/IV_Sctaeniopterus_TP_2021-06-12_145254_002.MP4,1146.45,23.98,No focal subject,Bite,Foraging,None|None|None,POINT,799.194,799.194,NA,,
IV_Sctaeniopterus_TP_2021-06-12_145254,6/25/2025 11:36,,/Users/aimeed/Desktop/BiteCounts/IV_Sctaeniopterus_TP_2021-06-12_145254_002.MP4,1146.45,23.98,No focal subject,Bite,Foraging,None|None|None,POINT,800.69,800.69,NA,,
IV_Sctaeniopterus_TP_2021-06-12_145254,6/25/2025 11:36,,/Users/aimeed/Desktop/BiteCounts/IV_Sctaeniopterus_TP_2021-06-12_145254_002.MP4,1146.45,23.98,No focal subject,Bite,Foraging,None|None|None,POINT,802.191,802.191,NA,,
IV_Sctaeniopterus_TP_2021-06-12_145254,6/25/2025 11:36,,/Users/aimeed/Desktop/BiteCounts/IV_Sctaeniopterus_TP_2021-06-12_145254_002.MP4,1146.45,23.98,No focal subject,Bite,Foraging,None|None|None,POINT,803.192,803.192,NA,,
IV_Sctaeniopterus_TP_2021-06-12_145254,6/25/2025 11:36,,/Users/aimeed/Desktop/BiteCounts/IV_Sctaeniopterus_TP_2021-06-12_145254_002.MP4,1146.45,23.98,No focal subject,Bite,Foraging,None|None|None,POINT,804.195,804.195,NA,,
IV_Sctaeniopterus_TP_2021-06-12_145254,6/25/2025 11:36,,/Users/aimeed/Desktop/BiteCounts/IV_Sctaeniopterus_TP_2021-06-12_145254_002.MP4,1146.45,23.98,No focal subject,Bite,Foraging,None|None|None,POINT,805.469,805.469,NA,,
IV_Sctaeniopterus_TP_2021-06-12_145254,6/25/2025 11:36,,/Users/aimeed/Desktop/BiteCounts/IV_Sctaeniopterus_TP_2021-06-12_145254_002.MP4,1146.45,23.98,No focal subject,Bite,Foraging,None|None|None,POINT,806.477,806.477,NA,,
IV_Sctaeniopterus_TP_2021-06-12_145254,6/25/2025 11:36,,/Users/aimeed/Desktop/BiteCounts/IV_Sctaeniopterus_TP_2021-06-12_145254_002.MP4,1146.45,23.98,No focal subject,Bite,Foraging,None|None|None,POINT,810.227,810.227,NA,,
IV_Sctaeniopterus_TP_2021-06-12_145254,6/25/2025 11:36,,/Users/aimeed/Desktop/BiteCounts/IV_Sctaeniopterus_TP_2021-06-12_145254_002.MP4,1146.45,23.98,No focal subject,Bite,Foraging,None|None|None,POINT,812.225,812.225,NA,,
IV_Sctaeniopterus_TP_2021-06-12_145254,6/25/2025 11:36,,/Users/aimeed/Desktop/BiteCounts/IV_Sctaeniopterus_TP_2021-06-12_145254_002.MP4,1146.45,23.98,No focal subject,Bite,Foraging,None|None|None,POINT,812.729,812.729,NA,,
IV_Sctaeniopterus_TP_2021-06-12_145254,6/25/2025 11:36,,/Users/aimeed/Desktop/BiteCounts/IV_Sctaeniopterus_TP_2021-06-12_145254_002.MP4,1146.45,23.98,No focal subject,Bite,Foraging,None|None|None,POINT,813.726,813.726,NA,,
IV_Sctaeniopterus_TP_2021-06-12_145254,6/25/2025 11:36,,/Users/aimeed/Desktop/BiteCounts/IV_Sctaeniopterus_TP_2021-06-12_145254_002.MP4,1146.45,23.98,No focal subject,Bite,Foraging,None|None|None,POINT,815.231,815.231,NA,,
IV_Sctaeniopterus_TP_2021-06-12_145254,6/25/2025 11:36,,/Users/aimeed/Desktop/BiteCounts/IV_Sctaeniopterus_TP_2021-06-12_145254_002.MP4,1146.45,23.98,No focal subject,Bite,Foraging,None|None|None,POINT,821.234,821.234,NA,,
IV_Sctaeniopterus_TP_2021-06-12_145254,6/25/2025 11:36,,/Users/aimeed/Desktop/BiteCounts/IV_Sctaeniopterus_TP_2021-06-12_145254_002.MP4,1146.45,23.98,No focal subject,Bite,Foraging,None|None|None,POINT,826.227,826.227,NA,,
IV_Sctaeniopterus_TP_2021-06-12_145254,6/25/2025 11:36,,/Users/aimeed/Desktop/BiteCounts/IV_Sctaeniopterus_TP_2021-06-12_145254_002.MP4,1146.45,23.98,No focal subject,Bite,Foraging,None|None|None,POINT,826.468,826.468,NA,,
IV_Sctaeniopterus_TP_2021-06-12_145254,6/25/2025 11:36,,/Users/aimeed/Desktop/BiteCounts/IV_Sctaeniopterus_TP_2021-06-12_145254_002.MP4,1146.45,23.98,No focal subject,Bite,Foraging,None|None|None,POINT,828.478,828.478,NA,,
IV_Sctaeniopterus_TP_2021-06-12_145254,6/25/2025 11:36,,/Users/aimeed/Desktop/BiteCounts/IV_Sctaeniopterus_TP_2021-06-12_145254_002.MP4,1146.45,23.98,No focal subject,Bite,Foraging,None|None|None,POINT,828.974,828.974,NA,,
IV_Sctaeniopterus_TP_2021-06-12_145254,6/25/2025 11:36,,/Users/aimeed/Desktop/BiteCounts/IV_Sctaeniopterus_TP_2021-06-12_145254_002.MP4,1146.45,23.98,No focal subject,Bite,Foraging,None|None|None,POINT,830.729,830.729,NA,,
IV_Sctaeniopterus_TP_2021-06-12_145254,6/25/2025 11:36,,/Users/aimeed/Desktop/BiteCounts/IV_Sctaeniopterus_TP_2021-06-12_145254_002.MP4,1146.45,23.98,No focal subject,Bite,Foraging,None|None|None,POINT,832.23,832.23,NA,,
IV_Sctaeniopterus_TP_2021-06-12_145254,6/25/2025 11:36,,/Users/aimeed/Desktop/BiteCounts/IV_Sctaeniopterus_TP_2021-06-12_145254_002.MP4,1146.45,23.98,No focal subject,Bite,Foraging,None|None|None,POINT,834.725,834.725,NA,,
IV_Sctaeniopterus_TP_2021-06-12_145254,6/25/2025 11:36,,/Users/aimeed/Desktop/BiteCounts/IV_Sctaeniopterus_TP_2021-06-12_145254_002.MP4,1146.45,23.98,No focal subject,Bite,Foraging,None|None|None,POINT,835.976,835.976,NA,,
IV_Sctaeniopterus_TP_2021-06-12_145254,6/25/2025 11:36,,/Users/aimeed/Desktop/BiteCounts/IV_Sctaeniopterus_TP_2021-06-12_145254_002.MP4,1146.45,23.98,No focal subject,Bite,Foraging,None|None|None,POINT,837.228,837.228,NA,,
IV_Sctaeniopterus_TP_2021-06-12_145254,6/25/2025 11:36,,/Users/aimeed/Desktop/BiteCounts/IV_Sctaeniopterus_TP_2021-06-12_145254_002.MP4,1146.45,23.98,No focal subject,Bite,Foraging,None|None|None,POINT,838.229,838.229,NA,,
IV_Sctaeniopterus_TP_2021-06-12_145254,6/25/2025 11:36,,/Users/aimeed/Desktop/BiteCounts/IV_Sctaeniopterus_TP_2021-06-12_145254_002.MP4,1146.45,23.98,No focal subject,Bite,Foraging,None|None|None,POINT,838.725,838.725,NA,,
IV_Sctaeniopterus_TP_2021-06-12_145254,6/25/2025 11:36,,/Users/aimeed/Desktop/BiteCounts/IV_Sctaeniopterus_TP_2021-06-12_145254_002.MP4,1146.45,23.98,No focal subject,Bite,Foraging,None|None|None,POINT,839.228,839.228,NA,,
IV_Sctaeniopterus_TP_2021-06-12_145254,6/25/2025 11:36,,/Users/aimeed/Desktop/BiteCounts/IV_Sctaeniopterus_TP_2021-06-12_145254_002.MP4,1146.45,23.98,No focal subject,Bite,Foraging,None|None|None,POINT,840.475,840.475,NA,,
IV_Sctaeniopterus_TP_2021-06-12_145254,6/25/2025 11:36,,/Users/aimeed/Desktop/BiteCounts/IV_Sctaeniopterus_TP_2021-06-12_145254_002.MP4,1146.45,23.98,No focal subject,Bite,Foraging,None|None|None,POINT,841.473,841.473,NA,,
IV_Sctaeniopterus_TP_2021-06-12_145254,6/25/2025 11:36,,/Users/aimeed/Desktop/BiteCounts/IV_Sctaeniopterus_TP_2021-06-12_145254_002.MP4,1146.45,23.98,No focal subject,Bite,Foraging,None|None|None,POINT,842.225,842.225,NA,,
IV_Sctaeniopterus_TP_2021-06-12_145254,6/25/2025 11:36,,/Users/aimeed/Desktop/BiteCounts/IV_Sctaeniopterus_TP_2021-06-12_145254_002.MP4,1146.45,23.98,No focal subject,Bite,Foraging,None|None|None,POINT,842.725,842.725,NA,,
IV_Sctaeniopterus_TP_2021-06-12_145254,6/25/2025 11:36,,/Users/aimeed/Desktop/BiteCounts/IV_Sctaeniopterus_TP_2021-06-12_145254_002.MP4,1146.45,23.98,No focal subject,Bite,Foraging,None|None|None,POINT,843.725,843.725,NA,,
IV_Sctaeniopterus_TP_2021-06-12_145254,6/25/2025 11:36,,/Users/aimeed/Desktop/BiteCounts/IV_Sctaeniopterus_TP_2021-06-12_145254_002.MP4,1146.45,23.98,No focal subject,Bite,Foraging,None|None|None,POINT,844.229,844.229,NA,,
IV_Sctaeniopterus_TP_2021-06-12_145254,6/25/2025 11:36,,/Users/aimeed/Desktop/BiteCounts/IV_Sctaeniopterus_TP_2021-06-12_145254_002.MP4,1146.45,23.98,No focal subject,Bite,Foraging,None|None|None,POINT,845.235,845.235,NA,,
IV_Sctaeniopterus_TP_2021-06-12_145254,6/25/2025 11:36,,/Users/aimeed/Desktop/BiteCounts/IV_Sctaeniopterus_TP_2021-06-12_145254_002.MP4,1146.45,23.98,No focal subject,Bite,Foraging,None|None|None,POINT,845.73,845.73,NA,,
IV_Sctaeniopterus_TP_2021-06-12_145254,6/25/2025 11:36,,/Users/aimeed/Desktop/BiteCounts/IV_Sctaeniopterus_TP_2021-06-12_145254_002.MP4,1146.45,23.98,No focal subject,Bite,Foraging,None|None|None,POINT,861.723,861.723,NA,,
IV_Sctaeniopterus_TP_2021-06-12_145254,6/25/2025 11:36,,/Users/aimeed/Desktop/BiteCounts/IV_Sctaeniopterus_TP_2021-06-12_145254_002.MP4,1146.45,23.98,No focal subject,Bite,Foraging,None|None|None,POINT,867.727,867.727,NA,,
IV_Sctaeniopterus_TP_2021-06-12_145254,6/25/2025 11:36,,/Users/aimeed/Desktop/BiteCounts/IV_Sctaeniopterus_TP_2021-06-12_145254_002.MP4,1146.45,23.98,No focal subject,Bite,Foraging,None|None|None,POINT,869.22,869.22,NA,,
IV_Sctaeniopterus_TP_2021-06-12_145254,6/25/2025 11:36,,/Users/aimeed/Desktop/BiteCounts/IV_Sctaeniopterus_TP_2021-06-12_145254_002.MP4,1146.45,23.98,No focal subject,Bite,Foraging,None|None|None,POINT,870.728,870.728,NA,,
IV_Sctaeniopterus_TP_2021-06-12_145254,6/25/2025 11:36,,/Users/aimeed/Desktop/BiteCounts/IV_Sctaeniopterus_TP_2021-06-12_145254_002.MP4,1146.45,23.98,No focal subject,Bite,Foraging,None|None|None,POINT,871.224,871.224,NA,,
IV_Sctaeniopterus_TP_2021-06-12_145254,6/25/2025 11:36,,/Users/aimeed/Desktop/BiteCounts/IV_Sctaeniopterus_TP_2021-06-12_145254_002.MP4,1146.45,23.98,No focal subject,Bite,Foraging,None|None|None,POINT,872.728,872.728,NA,,
IV_Sctaeniopterus_TP_2021-06-12_145254,6/25/2025 11:36,,/Users/aimeed/Desktop/BiteCounts/IV_Sctaeniopterus_TP_2021-06-12_145254_002.MP4,1146.45,23.98,No focal subject,Bite,Foraging,None|None|None,POINT,873.474,873.474,NA,,
IV_Sctaeniopterus_TP_2021-06-12_145254,6/25/2025 11:36,,/Users/aimeed/Desktop/BiteCounts/IV_Sctaeniopterus_TP_2021-06-12_145254_002.MP4,1146.45,23.98,No focal subject,Bite,Foraging,None|None|None,POINT,874.23,874.23,NA,,
IV_Sctaeniopterus_TP_2021-06-12_145254,6/25/2025 11:36,,/Users/aimeed/Desktop/BiteCounts/IV_Sctaeniopterus_TP_2021-06-12_145254_002.MP4,1146.45,23.98,No focal subject,Bite,Foraging,None|None|None,POINT,881.228,881.228,NA,,
IV_Sctaeniopterus_TP_2021-06-12_145254,6/25/2025 11:36,,/Users/aimeed/Desktop/BiteCounts/IV_Sctaeniopterus_TP_2021-06-12_145254_002.MP4,1146.45,23.98,No focal subject,Bite,Foraging,None|None|None,POINT,881.728,881.728,NA,,
IV_Sctaeniopterus_TP_2021-06-12_145254,6/25/2025 11:36,,/Users/aimeed/Desktop/BiteCounts/IV_Sctaeniopterus_TP_2021-06-12_145254_002.MP4,1146.45,23.98,No focal subject,Bite,Foraging,None|None|None,POINT,882.474,882.474,NA,,
IV_Sctaeniopterus_TP_2021-06-12_145254,6/25/2025 11:36,,/Users/aimeed/Desktop/BiteCounts/IV_Sctaeniopterus_TP_2021-06-12_145254_002.MP4,1146.45,23.98,No focal subject,Bite,Foraging,None|None|None,POINT,885.726,885.726,NA,,
IV_Sctaeniopterus_TP_2021-06-12_145254,6/25/2025 11:36,,/Users/aimeed/Desktop/BiteCounts/IV_Sctaeniopterus_TP_2021-06-12_145254_002.MP4,1146.45,23.98,No focal subject,Bite,Foraging,None|None|None,POINT,886.224,886.224,NA,,
IV_Sctaeniopterus_TP_2021-06-12_145254,6/25/2025 11:36,,/Users/aimeed/Desktop/BiteCounts/IV_Sctaeniopterus_TP_2021-06-12_145254_002.MP4,1146.45,23.98,No focal subject,Bite,Foraging,None|None|None,POINT,887.23,887.23,NA,,
IV_Sctaeniopterus_TP_2021-06-12_145254,6/25/2025 11:36,,/Users/aimeed/Desktop/BiteCounts/IV_Sctaeniopterus_TP_2021-06-12_145254_002.MP4,1146.45,23.98,No focal subject,Bite,Foraging,None|None|None,POINT,887.726,887.726,NA,,
IV_Sctaeniopterus_TP_2021-06-12_145254,6/25/2025 11:36,,/Users/aimeed/Desktop/BiteCounts/IV_Sctaeniopterus_TP_2021-06-12_145254_002.MP4,1146.45,23.98,No focal subject,Bite,Foraging,None|None|None,POINT,888.227,888.227,NA,,
IV_Sctaeniopterus_TP_2021-06-12_145254,6/25/2025 11:36,,/Users/aimeed/Desktop/BiteCounts/IV_Sctaeniopterus_TP_2021-06-12_145254_002.MP4,1146.45,23.98,No focal subject,Bite,Foraging,None|None|None,POINT,888.473,888.473,NA,,
IV_Sctaeniopterus_TP_2021-06-12_145254,6/25/2025 11:36,,/Users/aimeed/Desktop/BiteCounts/IV_Sctaeniopterus_TP_2021-06-12_145254_002.MP4,1146.45,23.98,No focal subject,Bite,Foraging,None|None|None,POINT,889.733,889.733,NA,,
IV_Sctaeniopterus_TP_2021-06-12_145254,6/25/2025 11:36,,/Users/aimeed/Desktop/BiteCounts/IV_Sctaeniopterus_TP_2021-06-12_145254_002.MP4,1146.45,23.98,No focal subject,Bite,Foraging,None|None|None,POINT,890.227,890.227,NA,,
IV_Sctaeniopterus_TP_2021-06-12_145254,6/25/2025 11:36,,/Users/aimeed/Desktop/BiteCounts/IV_Sctaeniopterus_TP_2021-06-12_145254_002.MP4,1146.45,23.98,No focal subject,Bite,Foraging,None|None|None,POINT,890.725,890.725,NA,,
IV_Sctaeniopterus_TP_2021-06-12_145254,6/25/2025 11:36,,/Users/aimeed/Desktop/BiteCounts/IV_Sctaeniopterus_TP_2021-06-12_145254_002.MP4,1146.45,23.98,No focal subject,Bite,Foraging,None|None|None,POINT,891.726,891.726,NA,,
IV_Sctaeniopterus_TP_2021-06-12_145254,6/25/2025 11:36,,/Users/aimeed/Desktop/BiteCounts/IV_Sctaeniopterus_TP_2021-06-12_145254_002.MP4,1146.45,23.98,No focal subject,Bite,Foraging,None|None|None,POINT,892.227,892.227,NA,,
IV_Sctaeniopterus_TP_2021-06-12_145254,6/25/2025 11:36,,/Users/aimeed/Desktop/BiteCounts/IV_Sctaeniopterus_TP_2021-06-12_145254_002.MP4,1146.45,23.98,No focal subject,Bite,Foraging,None|None|None,POINT,892.728,892.728,NA,,
IV_Sctaeniopterus_TP_2021-06-12_145254,6/25/2025 11:36,,/Users/aimeed/Desktop/BiteCounts/IV_Sctaeniopterus_TP_2021-06-12_145254_002.MP4,1146.45,23.98,No focal subject,Bite,Foraging,None|None|None,POINT,893.228,893.228,NA,,
IV_Sctaeniopterus_TP_2021-06-12_145254,6/25/2025 11:36,,/Users/aimeed/Desktop/BiteCounts/IV_Sctaeniopterus_TP_2021-06-12_145254_002.MP4,1146.45,23.98,No focal subject,Bite,Foraging,None|None|None,POINT,894.23,894.23,NA,,
IV_Sctaeniopterus_TP_2021-06-12_145254,6/25/2025 11:36,,/Users/aimeed/Desktop/BiteCounts/IV_Sctaeniopterus_TP_2021-06-12_145254_002.MP4,1146.45,23.98,No focal subject,Bite,Foraging,None|None|None,POINT,894.73,894.73,NA,,
IV_Sctaeniopterus_TP_2021-06-12_145254,6/25/2025 11:36,,/Users/aimeed/Desktop/BiteCounts/IV_Sctaeniopterus_TP_2021-06-12_145254_002.MP4,1146.45,23.98,No focal subject,Bite,Foraging,None|None|None,POINT,895.726,895.726,NA,,
IV_Sctaeniopterus_TP_2021-06-12_145254,6/25/2025 11:36,,/Users/aimeed/Desktop/BiteCounts/IV_Sctaeniopterus_TP_2021-06-12_145254_002.MP4,1146.45,23.98,No focal subject,Bite,Foraging,None|None|None,POINT,896.974,896.974,NA,,
IV_Sctaeniopterus_TP_2021-06-12_145254,6/25/2025 11:36,,/Users/aimeed/Desktop/BiteCounts/IV_Sctaeniopterus_TP_2021-06-12_145254_002.MP4,1146.45,23.98,No focal subject,Bite,Foraging,None|None|None,POINT,897.223,897.223,NA,,
IV_Sctaeniopterus_TP_2021-06-12_145254,6/25/2025 11:36,,/Users/aimeed/Desktop/BiteCounts/IV_Sctaeniopterus_TP_2021-06-12_145254_002.MP4,1146.45,23.98,No focal subject,Bite,Foraging,None|None|None,POINT,897.724,897.724,NA,,
IV_Sctaeniopterus_TP_2021-06-12_145254,6/25/2025 11:36,,/Users/aimeed/Desktop/BiteCounts/IV_Sctaeniopterus_TP_2021-06-12_145254_002.MP4,1146.45,23.98,No focal subject,Bite,Foraging,None|None|None,POINT,898.227,898.227,NA,,
IV_Sctaeniopterus_TP_2021-06-12_145254,6/25/2025 11:36,,/Users/aimeed/Desktop/BiteCounts/IV_Sctaeniopterus_TP_2021-06-12_145254_002.MP4,1146.45,23.98,No focal subject,Bite,Foraging,None|None|None,POINT,898.726,898.726,NA,,
IV_Sctaeniopterus_TP_2021-06-12_145254,6/25/2025 11:36,,/Users/aimeed/Desktop/BiteCounts/IV_Sctaeniopterus_TP_2021-06-12_145254_002.MP4,1146.45,23.98,No focal subject,Bite,Foraging,None|None|None,POINT,899.227,899.227,NA,,
IV_Sctaeniopterus_TP_2021-06-12_145254,6/25/2025 11:36,,/Users/aimeed/Desktop/BiteCounts/IV_Sctaeniopterus_TP_2021-06-12_145254_002.MP4,1146.45,23.98,No focal subject,Bite,Foraging,None|None|None,POINT,899.976,899.976,NA,,
IV_Sctaeniopterus_TP_2021-06-12_145254,6/25/2025 11:36,,/Users/aimeed/Desktop/BiteCounts/IV_Sctaeniopterus_TP_2021-06-12_145254_002.MP4,1146.45,23.98,No focal subject,Bite,Foraging,None|None|None,POINT,900.474,900.474,NA,,
IV_Sctaeniopterus_TP_2021-06-12_145254,6/25/2025 11:36,,/Users/aimeed/Desktop/BiteCounts/IV_Sctaeniopterus_TP_2021-06-12_145254_002.MP4,1146.45,23.98,No focal subject,Bite,Foraging,None|None|None,POINT,901.229,901.229,NA,,
IV_Sctaeniopterus_TP_2021-06-12_145254,6/25/2025 11:36,,/Users/aimeed/Desktop/BiteCounts/IV_Sctaeniopterus_TP_2021-06-12_145254_002.MP4,1146.45,23.98,No focal subject,Bite,Foraging,None|None|None,POINT,902.225,902.225,NA,,
IV_Sctaeniopterus_TP_2021-06-12_145254,6/25/2025 11:36,,/Users/aimeed/Desktop/BiteCounts/IV_Sctaeniopterus_TP_2021-06-12_145254_002.MP4,1146.45,23.98,No focal subject,Bite,Foraging,None|None|None,POINT,902.974,902.974,NA,,
IV_Sctaeniopterus_TP_2021-06-12_145254,6/25/2025 11:36,,/Users/aimeed/Desktop/BiteCounts/IV_Sctaeniopterus_TP_2021-06-12_145254_002.MP4,1146.45,23.98,No focal subject,Bite,Foraging,None|None|None,POINT,903.729,903.729,NA,,
IV_Sctaeniopterus_TP_2021-06-12_145254,6/25/2025 11:36,,/Users/aimeed/Desktop/BiteCounts/IV_Sctaeniopterus_TP_2021-06-12_145254_002.MP4,1146.45,23.98,No focal subject,Bite,Foraging,None|None|None,POINT,904.975,904.975,NA,,
IV_Sctaeniopterus_TP_2021-06-12_145254,6/25/2025 11:36,,/Users/aimeed/Desktop/BiteCounts/IV_Sctaeniopterus_TP_2021-06-12_145254_002.MP4,1146.45,23.98,No focal subject,Bite,Foraging,None|None|None,POINT,911.723,911.723,NA,,
IV_Sctaeniopterus_TP_2021-06-12_145254,6/25/2025 11:36,,/Users/aimeed/Desktop/BiteCounts/IV_Sctaeniopterus_TP_2021-06-12_145254_002.MP4,1146.45,23.98,No focal subject,Bite,Foraging,None|None|None,POINT,912.724,912.724,NA,,
IV_Sctaeniopterus_TP_2021-06-12_145254,6/25/2025 11:36,,/Users/aimeed/Desktop/BiteCounts/IV_Sctaeniopterus_TP_2021-06-12_145254_002.MP4,1146.45,23.98,No focal subject,Bite,Foraging,None|None|None,POINT,912.969,912.969,NA,,
IV_Sctaeniopterus_TP_2021-06-12_145254,6/25/2025 11:36,,/Users/aimeed/Desktop/BiteCounts/IV_Sctaeniopterus_TP_2021-06-12_145254_002.MP4,1146.45,23.98,No focal subject,Bite,Foraging,None|None|None,POINT,914.222,914.222,NA,,
IV_Sctaeniopterus_TP_2021-06-12_145254,6/25/2025 11:36,,/Users/aimeed/Desktop/BiteCounts/IV_Sctaeniopterus_TP_2021-06-12_145254_002.MP4,1146.45,23.98,No focal subject,Bite,Foraging,None|None|None,POINT,915.225,915.225,NA,,
IV_Sctaeniopterus_TP_2021-06-12_145254,6/25/2025 11:36,,/Users/aimeed/Desktop/BiteCounts/IV_Sctaeniopterus_TP_2021-06-12_145254_002.MP4,1146.45,23.98,No focal subject,Bite,Foraging,None|None|None,POINT,916.229,916.229,NA,,
IV_Sctaeniopterus_TP_2021-06-12_145254,6/25/2025 11:36,,/Users/aimeed/Desktop/BiteCounts/IV_Sctaeniopterus_TP_2021-06-12_145254_002.MP4,1146.45,23.98,No focal subject,Bite,Foraging,None|None|None,POINT,916.724,916.724,NA,,
IV_Sctaeniopterus_TP_2021-06-12_145254,6/25/2025 11:36,,/Users/aimeed/Desktop/BiteCounts/IV_Sctaeniopterus_TP_2021-06-12_145254_002.MP4,1146.45,23.98,No focal subject,Bite,Foraging,None|None|None,POINT,917.225,917.225,NA,,
IV_Sctaeniopterus_TP_2021-06-12_145254,6/25/2025 11:36,,/Users/aimeed/Desktop/BiteCounts/IV_Sctaeniopterus_TP_2021-06-12_145254_002.MP4,1146.45,23.98,No focal subject,Bite,Foraging,None|None|None,POINT,917.977,917.977,NA,,
IV_Sctaeniopterus_TP_2021-06-12_145254,6/25/2025 11:36,,/Users/aimeed/Desktop/BiteCounts/IV_Sctaeniopterus_TP_2021-06-12_145254_002.MP4,1146.45,23.98,No focal subject,Bite,Foraging,None|None|None,POINT,918.725,918.725,NA,,
IV_Sctaeniopterus_TP_2021-06-12_145254,6/25/2025 11:36,,/Users/aimeed/Desktop/BiteCounts/IV_Sctaeniopterus_TP_2021-06-12_145254_002.MP4,1146.45,23.98,No focal subject,Bite,Foraging,None|None|None,POINT,919.226,919.226,NA,,
IV_Sctaeniopterus_TP_2021-06-12_145254,6/25/2025 11:36,,/Users/aimeed/Desktop/BiteCounts/IV_Sctaeniopterus_TP_2021-06-12_145254_002.MP4,1146.45,23.98,No focal subject,Bite,Foraging,None|None|None,POINT,920.226,920.226,NA,,
IV_Sctaeniopterus_TP_2021-06-12_145254,6/25/2025 11:36,,/Users/aimeed/Desktop/BiteCounts/IV_Sctaeniopterus_TP_2021-06-12_145254_002.MP4,1146.45,23.98,No focal subject,Bite,Foraging,None|None|None,POINT,920.727,920.727,NA,,
IV_Sctaeniopterus_TP_2021-06-12_145254,6/25/2025 11:36,,/Users/aimeed/Desktop/BiteCounts/IV_Sctaeniopterus_TP_2021-06-12_145254_002.MP4,1146.45,23.98,No focal subject,Bite,Foraging,None|None|None,POINT,922.23,922.23,NA,,
IV_Sctaeniopterus_TP_2021-06-12_145254,6/25/2025 11:36,,/Users/aimeed/Desktop/BiteCounts/IV_Sctaeniopterus_TP_2021-06-12_145254_002.MP4,1146.45,23.98,No focal subject,Bite,Foraging,None|None|None,POINT,922.729,922.729,NA,,
IV_Sctaeniopterus_TP_2021-06-12_145254,6/25/2025 11:36,,/Users/aimeed/Desktop/BiteCounts/IV_Sctaeniopterus_TP_2021-06-12_145254_002.MP4,1146.45,23.98,No focal subject,Bite,Foraging,None|None|None,POINT,924.226,924.226,NA,,
IV_Sctaeniopterus_TP_2021-06-12_145254,6/25/2025 11:36,,/Users/aimeed/Desktop/BiteCounts/IV_Sctaeniopterus_TP_2021-06-12_145254_002.MP4,1146.45,23.98,No focal subject,Lost Time,Time Keeping,,STATE,946.864,948.871,2.007,,
IV_Sctaeniopterus_TP_2021-06-12_145254,6/25/2025 11:36,,/Users/aimeed/Desktop/BiteCounts/IV_Sctaeniopterus_TP_2021-06-12_145254_002.MP4,1146.45,23.98,No focal subject,Cleaning,Social Interactions,,STATE,951.868,958.376,6.508,,
IV_Sctaeniopterus_TP_2021-06-12_145254,6/25/2025 11:36,,/Users/aimeed/Desktop/BiteCounts/IV_Sctaeniopterus_TP_2021-06-12_145254_002.MP4,1146.45,23.98,No focal subject,Bite,Foraging,None|None|None,POINT,971.875,971.875,NA,,
IV_Sctaeniopterus_TP_2021-06-12_145254,6/25/2025 11:36,,/Users/aimeed/Desktop/BiteCounts/IV_Sctaeniopterus_TP_2021-06-12_145254_002.MP4,1146.45,23.98,No focal subject,Bite,Foraging,None|None|None,POINT,972.874,972.874,NA,,
IV_Sctaeniopterus_TP_2021-06-12_145254,6/25/2025 11:36,,/Users/aimeed/Desktop/BiteCounts/IV_Sctaeniopterus_TP_2021-06-12_145254_002.MP4,1146.45,23.98,No focal subject,Bite,Foraging,None|None|None,POINT,973.371,973.371,NA,,
IV_Sctaeniopterus_TP_2021-06-12_145254,6/25/2025 11:36,,/Users/aimeed/Desktop/BiteCounts/IV_Sctaeniopterus_TP_2021-06-12_145254_002.MP4,1146.45,23.98,No focal subject,Bite,Foraging,None|None|None,POINT,974.371,974.371,NA,,
IV_Sctaeniopterus_TP_2021-06-12_145254,6/25/2025 11:36,,/Users/aimeed/Desktop/BiteCounts/IV_Sctaeniopterus_TP_2021-06-12_145254_002.MP4,1146.45,23.98,No focal subject,Bite,Foraging,None|None|None,POINT,975.874,975.874,NA,,
IV_Sctaeniopterus_TP_2021-06-12_145254,6/25/2025 11:36,,/Users/aimeed/Desktop/BiteCounts/IV_Sctaeniopterus_TP_2021-06-12_145254_002.MP4,1146.45,23.98,No focal subject,Bite,Foraging,None|None|None,POINT,985.872,985.872,NA,,
IV_Sctaeniopterus_TP_2021-06-12_145254,6/25/2025 11:36,,/Users/aimeed/Desktop/BiteCounts/IV_Sctaeniopterus_TP_2021-06-12_145254_002.MP4,1146.45,23.98,No focal subject,Bite,Foraging,None|None|None,POINT,986.875,986.875,NA,,
IV_Sctaeniopterus_TP_2021-06-12_145254,6/25/2025 11:36,,/Users/aimeed/Desktop/BiteCounts/IV_Sctaeniopterus_TP_2021-06-12_145254_002.MP4,1146.45,23.98,No focal subject,Bite,Foraging,None|None|None,POINT,987.623,987.623,NA,,
IV_Sctaeniopterus_TP_2021-06-12_145254,6/25/2025 11:36,,/Users/aimeed/Desktop/BiteCounts/IV_Sctaeniopterus_TP_2021-06-12_145254_002.MP4,1146.45,23.98,No focal subject,Bite,Foraging,None|None|None,POINT,988.874,988.874,NA,,
IV_Sctaeniopterus_TP_2021-06-12_145254,6/25/2025 11:36,,/Users/aimeed/Desktop/BiteCounts/IV_Sctaeniopterus_TP_2021-06-12_145254_002.MP4,1146.45,23.98,No focal subject,Bite,Foraging,None|None|None,POINT,989.372,989.372,NA,,
IV_Sctaeniopterus_TP_2021-06-12_145254,6/25/2025 11:36,,/Users/aimeed/Desktop/BiteCounts/IV_Sctaeniopterus_TP_2021-06-12_145254_002.MP4,1146.45,23.98,No focal subject,Bite,Foraging,None|None|None,POINT,990.873,990.873,NA,,
IV_Sctaeniopterus_TP_2021-06-12_145254,6/25/2025 11:36,,/Users/aimeed/Desktop/BiteCounts/IV_Sctaeniopterus_TP_2021-06-12_145254_002.MP4,1146.45,23.98,No focal subject,Bite,Foraging,None|None|None,POINT,991.374,991.374,NA,,
IV_Sctaeniopterus_TP_2021-06-12_145254,6/25/2025 11:36,,/Users/aimeed/Desktop/BiteCounts/IV_Sctaeniopterus_TP_2021-06-12_145254_002.MP4,1146.45,23.98,No focal subject,Bite,Foraging,None|None|None,POINT,992.126,992.126,NA,,
IV_Sctaeniopterus_TP_2021-06-12_145254,6/25/2025 11:36,,/Users/aimeed/Desktop/BiteCounts/IV_Sctaeniopterus_TP_2021-06-12_145254_002.MP4,1146.45,23.98,No focal subject,Bite,Foraging,None|None|None,POINT,993.374,993.374,NA,,
IV_Sctaeniopterus_TP_2021-06-12_145254,6/25/2025 11:36,,/Users/aimeed/Desktop/BiteCounts/IV_Sctaeniopterus_TP_2021-06-12_145254_002.MP4,1146.45,23.98,No focal subject,Bite,Foraging,None|None|None,POINT,993.873,993.873,NA,,
IV_Sctaeniopterus_TP_2021-06-12_145254,6/25/2025 11:36,,/Users/aimeed/Desktop/BiteCounts/IV_Sctaeniopterus_TP_2021-06-12_145254_002.MP4,1146.45,23.98,No focal subject,Bite,Foraging,None|None|None,POINT,994.878,994.878,NA,,
IV_Sctaeniopterus_TP_2021-06-12_145254,6/25/2025 11:36,,/Users/aimeed/Desktop/BiteCounts/IV_Sctaeniopterus_TP_2021-06-12_145254_002.MP4,1146.45,23.98,No focal subject,Bite,Foraging,None|None|None,POINT,995.372,995.372,NA,,
IV_Sctaeniopterus_TP_2021-06-12_145254,6/25/2025 11:36,,/Users/aimeed/Desktop/BiteCounts/IV_Sctaeniopterus_TP_2021-06-12_145254_002.MP4,1146.45,23.98,No focal subject,Bite,Foraging,None|None|None,POINT,996.877,996.877,NA,,
IV_Sctaeniopterus_TP_2021-06-12_145254,6/25/2025 11:36,,/Users/aimeed/Desktop/BiteCounts/IV_Sctaeniopterus_TP_2021-06-12_145254_002.MP4,1146.45,23.98,No focal subject,Bite,Foraging,None|None|None,POINT,997.373,997.373,NA,,
IV_Sctaeniopterus_TP_2021-06-12_145254,6/25/2025 11:36,,/Users/aimeed/Desktop/BiteCounts/IV_Sctaeniopterus_TP_2021-06-12_145254_002.MP4,1146.45,23.98,No focal subject,Bite,Foraging,None|None|None,POINT,998.373,998.373,NA,,
IV_Sctaeniopterus_TP_2021-06-12_145254,6/25/2025 11:36,,/Users/aimeed/Desktop/BiteCounts/IV_Sctaeniopterus_TP_2021-06-12_145254_002.MP4,1146.45,23.98,No focal subject,Bite,Foraging,None|None|None,POINT,1030.877,1030.877,NA,,
IV_Sctaeniopterus_TP_2021-06-12_145254,6/25/2025 11:36,,/Users/aimeed/Desktop/BiteCounts/IV_Sctaeniopterus_TP_2021-06-12_145254_002.MP4,1146.45,23.98,No focal subject,Bite,Foraging,None|None|None,POINT,1032.378,1032.378,NA,,
IV_Sctaeniopterus_TP_2021-06-12_145254,6/25/2025 11:36,,/Users/aimeed/Desktop/BiteCounts/IV_Sctaeniopterus_TP_2021-06-12_145254_002.MP4,1146.45,23.98,No focal subject,Bite,Foraging,None|None|None,POINT,1033.877,1033.877,NA,,
IV_Sctaeniopterus_TP_2021-06-12_145254,6/25/2025 11:36,,/Users/aimeed/Desktop/BiteCounts/IV_Sctaeniopterus_TP_2021-06-12_145254_002.MP4,1146.45,23.98,No focal subject,Bite,Foraging,None|None|None,POINT,1034.374,1034.374,NA,,
IV_Sctaeniopterus_TP_2021-06-12_145254,6/25/2025 11:36,,/Users/aimeed/Desktop/BiteCounts/IV_Sctaeniopterus_TP_2021-06-12_145254_002.MP4,1146.45,23.98,No focal subject,Bite,Foraging,None|None|None,POINT,1035.376,1035.376,NA,,
IV_Sctaeniopterus_TP_2021-06-12_145254,6/25/2025 11:36,,/Users/aimeed/Desktop/BiteCounts/IV_Sctaeniopterus_TP_2021-06-12_145254_002.MP4,1146.45,23.98,No focal subject,Bite,Foraging,None|None|None,POINT,1036.376,1036.376,NA,,
IV_Sctaeniopterus_TP_2021-06-12_145254,6/25/2025 11:36,,/Users/aimeed/Desktop/BiteCounts/IV_Sctaeniopterus_TP_2021-06-12_145254_002.MP4,1146.45,23.98,No focal subject,Bite,Foraging,None|None|None,POINT,1040.371,1040.371,NA,,
IV_Sctaeniopterus_TP_2021-06-12_145254,6/25/2025 11:36,,/Users/aimeed/Desktop/BiteCounts/IV_Sctaeniopterus_TP_2021-06-12_145254_002.MP4,1146.45,23.98,No focal subject,Bite,Foraging,None|None|None,POINT,1041.375,1041.375,NA,,
IV_Sctaeniopterus_TP_2021-06-12_145254,6/25/2025 11:36,,/Users/aimeed/Desktop/BiteCounts/IV_Sctaeniopterus_TP_2021-06-12_145254_002.MP4,1146.45,23.98,No focal subject,Bite,Foraging,None|None|None,POINT,1042.875,1042.875,NA,,
IV_Sctaeniopterus_TP_2021-06-12_145254,6/25/2025 11:36,,/Users/aimeed/Desktop/BiteCounts/IV_Sctaeniopterus_TP_2021-06-12_145254_002.MP4,1146.45,23.98,No focal subject,Bite,Foraging,None|None|None,POINT,1043.875,1043.875,NA,,
IV_Sctaeniopterus_TP_2021-06-12_145254,6/25/2025 11:36,,/Users/aimeed/Desktop/BiteCounts/IV_Sctaeniopterus_TP_2021-06-12_145254_002.MP4,1146.45,23.98,No focal subject,Bite,Foraging,None|None|None,POINT,1044.374,1044.374,NA,,
IV_Sctaeniopterus_TP_2021-06-12_145254,6/25/2025 11:36,,/Users/aimeed/Desktop/BiteCounts/IV_Sctaeniopterus_TP_2021-06-12_145254_002.MP4,1146.45,23.98,No focal subject,Bite,Foraging,None|None|None,POINT,1045.374,1045.374,NA,,
IV_Sctaeniopterus_TP_2021-06-12_145254,6/25/2025 11:36,,/Users/aimeed/Desktop/BiteCounts/IV_Sctaeniopterus_TP_2021-06-12_145254_002.MP4,1146.45,23.98,No focal subject,Bite,Foraging,None|None|None,POINT,1048.874,1048.874,NA,,
IV_Sctaeniopterus_TP_2021-06-12_145254,6/25/2025 11:36,,/Users/aimeed/Desktop/BiteCounts/IV_Sctaeniopterus_TP_2021-06-12_145254_002.MP4,1146.45,23.98,No focal subject,Bite,Foraging,None|None|None,POINT,1049.875,1049.875,NA,,
IV_Sctaeniopterus_TP_2021-06-12_145254,6/25/2025 11:36,,/Users/aimeed/Desktop/BiteCounts/IV_Sctaeniopterus_TP_2021-06-12_145254_002.MP4,1146.45,23.98,No focal subject,Bite,Foraging,None|None|None,POINT,1050.372,1050.372,NA,,
IV_Sctaeniopterus_TP_2021-06-12_145254,6/25/2025 11:36,,/Users/aimeed/Desktop/BiteCounts/IV_Sctaeniopterus_TP_2021-06-12_145254_002.MP4,1146.45,23.98,No focal subject,Bite,Foraging,None|None|None,POINT,1050.875,1050.875,NA,,
IV_Sctaeniopterus_TP_2021-06-12_145254,6/25/2025 11:36,,/Users/aimeed/Desktop/BiteCounts/IV_Sctaeniopterus_TP_2021-06-12_145254_002.MP4,1146.45,23.98,No focal subject,Bite,Foraging,None|None|None,POINT,1051.872,1051.872,NA,,
IV_Sctaeniopterus_TP_2021-06-12_145254,6/25/2025 11:36,,/Users/aimeed/Desktop/BiteCounts/IV_Sctaeniopterus_TP_2021-06-12_145254_002.MP4,1146.45,23.98,No focal subject,Bite,Foraging,None|None|None,POINT,1052.874,1052.874,NA,,
IV_Sctaeniopterus_TP_2021-06-12_145254,6/25/2025 11:36,,/Users/aimeed/Desktop/BiteCounts/IV_Sctaeniopterus_TP_2021-06-12_145254_002.MP4,1146.45,23.98,No focal subject,Bite,Foraging,None|None|None,POINT,1054.373,1054.373,NA,,
IV_Sctaeniopterus_TP_2021-06-12_145254,6/25/2025 11:36,,/Users/aimeed/Desktop/BiteCounts/IV_Sctaeniopterus_TP_2021-06-12_145254_002.MP4,1146.45,23.98,No focal subject,Bite,Foraging,None|None|None,POINT,1054.872,1054.872,NA,,
IV_Sctaeniopterus_TP_2021-06-12_145254,6/25/2025 11:36,,/Users/aimeed/Desktop/BiteCounts/IV_Sctaeniopterus_TP_2021-06-12_145254_002.MP4,1146.45,23.98,No focal subject,Bite,Foraging,None|None|None,POINT,1055.376,1055.376,NA,,
IV_Sctaeniopterus_TP_2021-06-12_145254,6/25/2025 11:36,,/Users/aimeed/Desktop/BiteCounts/IV_Sctaeniopterus_TP_2021-06-12_145254_002.MP4,1146.45,23.98,No focal subject,Bite,Foraging,None|None|None,POINT,1055.872,1055.872,NA,,
IV_Sctaeniopterus_TP_2021-06-12_145254,6/25/2025 11:36,,/Users/aimeed/Desktop/BiteCounts/IV_Sctaeniopterus_TP_2021-06-12_145254_002.MP4,1146.45,23.98,No focal subject,Bite,Foraging,None|None|None,POINT,1070.873,1070.873,NA,,
IV_Sctaeniopterus_TP_2021-06-12_145254,6/25/2025 11:36,,/Users/aimeed/Desktop/BiteCounts/IV_Sctaeniopterus_TP_2021-06-12_145254_002.MP4,1146.45,23.98,No focal subject,Bite,Foraging,None|None|None,POINT,1071.374,1071.374,NA,,
IV_Sctaeniopterus_TP_2021-06-12_145254,6/25/2025 11:36,,/Users/aimeed/Desktop/BiteCounts/IV_Sctaeniopterus_TP_2021-06-12_145254_002.MP4,1146.45,23.98,No focal subject,Bite,Foraging,None|None|None,POINT,1071.872,1071.872,NA,,
IV_Sctaeniopterus_TP_2021-06-12_145254,6/25/2025 11:36,,/Users/aimeed/Desktop/BiteCounts/IV_Sctaeniopterus_TP_2021-06-12_145254_002.MP4,1146.45,23.98,No focal subject,Bite,Foraging,None|None|None,POINT,1072.874,1072.874,NA,,
IV_Sctaeniopterus_TP_2021-06-12_145254,6/25/2025 11:36,,/Users/aimeed/Desktop/BiteCounts/IV_Sctaeniopterus_TP_2021-06-12_145254_002.MP4,1146.45,23.98,No focal subject,Bite,Foraging,None|None|None,POINT,1073.374,1073.374,NA,,
IV_Sctaeniopterus_TP_2021-06-12_145254,6/25/2025 11:36,,/Users/aimeed/Desktop/BiteCounts/IV_Sctaeniopterus_TP_2021-06-12_145254_002.MP4,1146.45,23.98,No focal subject,Bite,Foraging,None|None|None,POINT,1073.871,1073.871,NA,,
IV_Sctaeniopterus_TP_2021-06-12_145254,6/25/2025 11:36,,/Users/aimeed/Desktop/BiteCounts/IV_Sctaeniopterus_TP_2021-06-12_145254_002.MP4,1146.45,23.98,No focal subject,Bite,Foraging,None|None|None,POINT,1074.621,1074.621,NA,,
IV_Sctaeniopterus_TP_2021-06-12_145254,6/25/2025 11:36,,/Users/aimeed/Desktop/BiteCounts/IV_Sctaeniopterus_TP_2021-06-12_145254_002.MP4,1146.45,23.98,No focal subject,Bite,Foraging,None|None|None,POINT,1077.881,1077.881,NA,,
IV_Sctaeniopterus_TP_2021-06-12_145254,6/25/2025 11:36,,/Users/aimeed/Desktop/BiteCounts/IV_Sctaeniopterus_TP_2021-06-12_145254_002.MP4,1146.45,23.98,No focal subject,Bite,Foraging,None|None|None,POINT,1078.625,1078.625,NA,,
IV_Sctaeniopterus_TP_2021-06-12_145254,6/25/2025 11:36,,/Users/aimeed/Desktop/BiteCounts/IV_Sctaeniopterus_TP_2021-06-12_145254_002.MP4,1146.45,23.98,No focal subject,Bite,Foraging,None|None|None,POINT,1079.122,1079.122,NA,,
IV_Sctaeniopterus_TP_2021-06-12_145254,6/25/2025 11:36,,/Users/aimeed/Desktop/BiteCounts/IV_Sctaeniopterus_TP_2021-06-12_145254_002.MP4,1146.45,23.98,No focal subject,Bite,Foraging,None|None|None,POINT,1079.373,1079.373,NA,,
IV_Sctaeniopterus_TP_2021-06-12_145254,6/25/2025 11:36,,/Users/aimeed/Desktop/BiteCounts/IV_Sctaeniopterus_TP_2021-06-12_145254_002.MP4,1146.45,23.98,No focal subject,Bite,Foraging,None|None|None,POINT,1079.871,1079.871,NA,,
IV_Sctaeniopterus_TP_2021-06-12_145254,6/25/2025 11:36,,/Users/aimeed/Desktop/BiteCounts/IV_Sctaeniopterus_TP_2021-06-12_145254_002.MP4,1146.45,23.98,No focal subject,Bite,Foraging,None|None|None,POINT,1080.623,1080.623,NA,,
IV_Sctaeniopterus_TP_2021-06-12_145254,6/25/2025 11:36,,/Users/aimeed/Desktop/BiteCounts/IV_Sctaeniopterus_TP_2021-06-12_145254_002.MP4,1146.45,23.98,No focal subject,Bite,Foraging,None|None|None,POINT,1081.375,1081.375,NA,,
IV_Sctaeniopterus_TP_2021-06-12_145254,6/25/2025 11:36,,/Users/aimeed/Desktop/BiteCounts/IV_Sctaeniopterus_TP_2021-06-12_145254_002.MP4,1146.45,23.98,No focal subject,Bite,Foraging,None|None|None,POINT,1081.873,1081.873,NA,,
IV_Sctaeniopterus_TP_2021-06-12_145254,6/25/2025 11:36,,/Users/aimeed/Desktop/BiteCounts/IV_Sctaeniopterus_TP_2021-06-12_145254_002.MP4,1146.45,23.98,No focal subject,Bite,Foraging,None|None|None,POINT,1082.874,1082.874,NA,,
IV_Sctaeniopterus_TP_2021-06-12_145254,6/25/2025 11:36,,/Users/aimeed/Desktop/BiteCounts/IV_Sctaeniopterus_TP_2021-06-12_145254_002.MP4,1146.45,23.98,No focal subject,Bite,Foraging,None|None|None,POINT,1083.877,1083.877,NA,,
IV_Sctaeniopterus_TP_2021-06-12_145254,6/25/2025 11:36,,/Users/aimeed/Desktop/BiteCounts/IV_Sctaeniopterus_TP_2021-06-12_145254_002.MP4,1146.45,23.98,No focal subject,Bite,Foraging,None|None|None,POINT,1084.875,1084.875,NA,,
IV_Sctaeniopterus_TP_2021-06-12_145254,6/25/2025 11:36,,/Users/aimeed/Desktop/BiteCounts/IV_Sctaeniopterus_TP_2021-06-12_145254_002.MP4,1146.45,23.98,No focal subject,Bite,Foraging,None|None|None,POINT,1085.873,1085.873,NA,,
IV_Sctaeniopterus_TP_2021-06-12_145254,6/25/2025 11:36,,/Users/aimeed/Desktop/BiteCounts/IV_Sctaeniopterus_TP_2021-06-12_145254_002.MP4,1146.45,23.98,No focal subject,Bite,Foraging,None|None|None,POINT,1087.876,1087.876,NA,,
IV_Sctaeniopterus_TP_2021-06-12_145254,6/25/2025 11:36,,/Users/aimeed/Desktop/BiteCounts/IV_Sctaeniopterus_TP_2021-06-12_145254_002.MP4,1146.45,23.98,No focal subject,Bite,Foraging,None|None|None,POINT,1088.372,1088.372,NA,,
IV_Sctaeniopterus_TP_2021-06-12_145254,6/25/2025 11:36,,/Users/aimeed/Desktop/BiteCounts/IV_Sctaeniopterus_TP_2021-06-12_145254_002.MP4,1146.45,23.98,No focal subject,Bite,Foraging,None|None|None,POINT,1089.872,1089.872,NA,,
IV_Sctaeniopterus_TP_2021-06-12_145254,6/25/2025 11:36,,/Users/aimeed/Desktop/BiteCounts/IV_Sctaeniopterus_TP_2021-06-12_145254_002.MP4,1146.45,23.98,No focal subject,Bite,Foraging,None|None|None,POINT,1090.119,1090.119,NA,,
IV_Sctaeniopterus_TP_2021-06-12_145254,6/25/2025 11:36,,/Users/aimeed/Desktop/BiteCounts/IV_Sctaeniopterus_TP_2021-06-12_145254_002.MP4,1146.45,23.98,No focal subject,Bite,Foraging,None|None|None,POINT,1091.372,1091.372,NA,,
IV_Sctaeniopterus_TP_2021-06-12_145254,6/25/2025 11:36,,/Users/aimeed/Desktop/BiteCounts/IV_Sctaeniopterus_TP_2021-06-12_145254_002.MP4,1146.45,23.98,No focal subject,Bite,Foraging,None|None|None,POINT,1092.121,1092.121,NA,,
IV_Sctaeniopterus_TP_2021-06-12_145254,6/25/2025 11:36,,/Users/aimeed/Desktop/BiteCounts/IV_Sctaeniopterus_TP_2021-06-12_145254_002.MP4,1146.45,23.98,No focal subject,Bite,Foraging,None|None|None,POINT,1093.121,1093.121,NA,,
IV_Sctaeniopterus_TP_2021-06-12_145254,6/25/2025 11:36,,/Users/aimeed/Desktop/BiteCounts/IV_Sctaeniopterus_TP_2021-06-12_145254_002.MP4,1146.45,23.98,No focal subject,Bite,Foraging,None|None|None,POINT,1094.123,1094.123,NA,,
IV_Sctaeniopterus_TP_2021-06-12_145254,6/25/2025 11:36,,/Users/aimeed/Desktop/BiteCounts/IV_Sctaeniopterus_TP_2021-06-12_145254_002.MP4,1146.45,23.98,No focal subject,Bite,Foraging,None|None|None,POINT,1095.375,1095.375,NA,,
IV_Sctaeniopterus_TP_2021-06-12_145254,6/25/2025 11:36,,/Users/aimeed/Desktop/BiteCounts/IV_Sctaeniopterus_TP_2021-06-12_145254_002.MP4,1146.45,23.98,No focal subject,Bite,Foraging,None|None|None,POINT,1095.873,1095.873,NA,,
IV_Sctaeniopterus_TP_2021-06-12_145254,6/25/2025 11:36,,/Users/aimeed/Desktop/BiteCounts/IV_Sctaeniopterus_TP_2021-06-12_145254_002.MP4,1146.45,23.98,No focal subject,Bite,Foraging,None|None|None,POINT,1096.871,1096.871,NA,,
IV_Sctaeniopterus_TP_2021-06-12_145254,6/25/2025 11:36,,/Users/aimeed/Desktop/BiteCounts/IV_Sctaeniopterus_TP_2021-06-12_145254_002.MP4,1146.45,23.98,No focal subject,Bite,Foraging,None|None|None,POINT,1097.874,1097.874,NA,,
IV_Sctaeniopterus_TP_2021-06-12_145254,6/25/2025 11:36,,/Users/aimeed/Desktop/BiteCounts/IV_Sctaeniopterus_TP_2021-06-12_145254_002.MP4,1146.45,23.98,No focal subject,Bite,Foraging,None|None|None,POINT,1098.373,1098.373,NA,,
IV_Sctaeniopterus_TP_2021-06-12_145254,6/25/2025 11:36,,/Users/aimeed/Desktop/BiteCounts/IV_Sctaeniopterus_TP_2021-06-12_145254_002.MP4,1146.45,23.98,No focal subject,Bite,Foraging,None|None|None,POINT,1099.375,1099.375,NA,,
IV_Sctaeniopterus_TP_2021-06-12_145254,6/25/2025 11:36,,/Users/aimeed/Desktop/BiteCounts/IV_Sctaeniopterus_TP_2021-06-12_145254_002.MP4,1146.45,23.98,No focal subject,Bite,Foraging,None|None|None,POINT,1099.872,1099.872,NA,,
IV_Sctaeniopterus_TP_2021-06-12_145254,6/25/2025 11:36,,/Users/aimeed/Desktop/BiteCounts/IV_Sctaeniopterus_TP_2021-06-12_145254_002.MP4,1146.45,23.98,No focal subject,Bite,Foraging,None|None|None,POINT,1100.873,1100.873,NA,,
IV_Sctaeniopterus_TP_2021-06-12_145254,6/25/2025 11:36,,/Users/aimeed/Desktop/BiteCounts/IV_Sctaeniopterus_TP_2021-06-12_145254_002.MP4,1146.45,23.98,No focal subject,Bite,Foraging,None|None|None,POINT,1101.875,1101.875,NA,,
IV_Sctaeniopterus_TP_2021-06-12_145254,6/25/2025 11:36,,/Users/aimeed/Desktop/BiteCounts/IV_Sctaeniopterus_TP_2021-06-12_145254_002.MP4,1146.45,23.98,No focal subject,Bite,Foraging,None|None|None,POINT,1103.375,1103.375,NA,,
IV_Sctaeniopterus_TP_2021-06-12_145254,6/25/2025 11:36,,/Users/aimeed/Desktop/BiteCounts/IV_Sctaeniopterus_TP_2021-06-12_145254_002.MP4,1146.45,23.98,No focal subject,Bite,Foraging,None|None|None,POINT,1103.872,1103.872,NA,,
IV_Sctaeniopterus_TP_2021-06-12_145254,6/25/2025 11:36,,/Users/aimeed/Desktop/BiteCounts/IV_Sctaeniopterus_TP_2021-06-12_145254_002.MP4,1146.45,23.98,No focal subject,Bite,Foraging,None|None|None,POINT,1104.621,1104.621,NA,,
IV_Sctaeniopterus_TP_2021-06-12_145254,6/25/2025 11:36,,/Users/aimeed/Desktop/BiteCounts/IV_Sctaeniopterus_TP_2021-06-12_145254_002.MP4,1146.45,23.98,No focal subject,Cleaning,Social Interactions,,STATE,1130.047,1138.052,8.005,,
IV_Sctaeniopterus_TP_2021-06-12_145254,6/25/2025 11:36,,/Users/aimeed/Desktop/BiteCounts/IV_Sctaeniopterus_TP_2021-06-12_145254_002.MP4,1146.45,23.98,No focal subject,Watch Time,Time Keeping,145237,POINT,1142.05,1142.05,NA,,
