Observation id,Observation date,Description,Media file,Total length,FPS,Subject,Behavior,Behavioral category,Modifiers,Behavior type,Start (s),Stop (s),Duration (s),Comment start,Comment stop
IV_Sctaeniopterus_TP_2021-06-10_144925,6/20/2025 9:19,,/Volumes/Pillar/Manning_Bonaire2021_FishFollows/IV/Sctaeniopterus/IV_Sctaeniopterus_TP_2021-06-10_144925_001.MP4,1224.53,23.98,No focal subject,Watch Time,Time Keeping,142854,POINT,0.454,0.454,NA,,
IV_Sctaeniopterus_TP_2021-06-10_144925,6/20/2025 9:19,,/Volumes/Pillar/Manning_Bonaire2021_FishFollows/IV/Sctaeniopterus/IV_Sctaeniopterus_TP_2021-06-10_144925_001.MP4,1224.53,23.98,No focal subject,START/STOP,Time Keeping,,STATE,9.668,1219.134,1209.466,,
IV_Sctaeniopterus_TP_2021-06-10_144925,6/20/2025 9:19,,/Volumes/Pillar/Manning_Bonaire2021_FishFollows/IV/Sctaeniopterus/IV_Sctaeniopterus_TP_2021-06-10_144925_001.MP4,1224.53,23.98,No focal subject,Bite,Foraging,None|None|None,POINT,16.423,16.423,NA,,
IV_Sctaeniopterus_TP_2021-06-10_144925,6/20/2025 9:19,,/Volumes/Pillar/Manning_Bonaire2021_FishFollows/IV/Sctaeniopterus/IV_Sctaeniopterus_TP_2021-06-10_144925_001.MP4,1224.53,23.98,No focal subject,Bite,Foraging,None|None|None,POINT,17.921,17.921,NA,,
IV_Sctaeniopterus_TP_2021-06-10_144925,6/20/2025 9:19,,/Volumes/Pillar/Manning_Bonaire2021_FishFollows/IV/Sctaeniopterus/IV_Sctaeniopterus_TP_2021-06-10_144925_001.MP4,1224.53,23.98,No focal subject,Bite,Foraging,None|None|None,POINT,18.917,18.917,NA,,
IV_Sctaeniopterus_TP_2021-06-10_144925,6/20/2025 9:19,,/Volumes/Pillar/Manning_Bonaire2021_FishFollows/IV/Sctaeniopterus/IV_Sctaeniopterus_TP_2021-06-10_144925_001.MP4,1224.53,23.98,No focal subject,Bite,Foraging,None|None|None,POINT,19.266,19.266,NA,,
IV_Sctaeniopterus_TP_2021-06-10_144925,6/20/2025 9:19,,/Volumes/Pillar/Manning_Bonaire2021_FishFollows/IV/Sctaeniopterus/IV_Sctaeniopterus_TP_2021-06-10_144925_001.MP4,1224.53,23.98,No focal subject,Bite,Foraging,None|None|None,POINT,20.025,20.025,NA,,
IV_Sctaeniopterus_TP_2021-06-10_144925,6/20/2025 9:19,,/Volumes/Pillar/Manning_Bonaire2021_FishFollows/IV/Sctaeniopterus/IV_Sctaeniopterus_TP_2021-06-10_144925_001.MP4,1224.53,23.98,No focal subject,Bite,Foraging,None|None|None,POINT,21.432,21.432,NA,,
IV_Sctaeniopterus_TP_2021-06-10_144925,6/20/2025 9:19,,/Volumes/Pillar/Manning_Bonaire2021_FishFollows/IV/Sctaeniopterus/IV_Sctaeniopterus_TP_2021-06-10_144925_001.MP4,1224.53,23.98,No focal subject,Bite,Foraging,None|None|None,POINT,22.241,22.241,NA,,
IV_Sctaeniopterus_TP_2021-06-10_144925,6/20/2025 9:19,,/Volumes/Pillar/Manning_Bonaire2021_FishFollows/IV/Sctaeniopterus/IV_Sctaeniopterus_TP_2021-06-10_144925_001.MP4,1224.53,23.98,No focal subject,Bite,Foraging,None|None|None,POINT,22.671,22.671,NA,,
IV_Sctaeniopterus_TP_2021-06-10_144925,6/20/2025 9:19,,/Volumes/Pillar/Manning_Bonaire2021_FishFollows/IV/Sctaeniopterus/IV_Sctaeniopterus_TP_2021-06-10_144925_001.MP4,1224.53,23.98,No focal subject,Bite,Foraging,None|None|None,POINT,23.663,23.663,NA,,
IV_Sctaeniopterus_TP_2021-06-10_144925,6/20/2025 9:19,,/Volumes/Pillar/Manning_Bonaire2021_FishFollows/IV/Sctaeniopterus/IV_Sctaeniopterus_TP_2021-06-10_144925_001.MP4,1224.53,23.98,No focal subject,Bite,Foraging,None|None|None,POINT,24.015,24.015,NA,,
IV_Sctaeniopterus_TP_2021-06-10_144925,6/20/2025 9:19,,/Volumes/Pillar/Manning_Bonaire2021_FishFollows/IV/Sctaeniopterus/IV_Sctaeniopterus_TP_2021-06-10_144925_001.MP4,1224.53,23.98,No focal subject,Bite,Foraging,None|None|None,POINT,24.765,24.765,NA,,
IV_Sctaeniopterus_TP_2021-06-10_144925,6/20/2025 9:19,,/Volumes/Pillar/Manning_Bonaire2021_FishFollows/IV/Sctaeniopterus/IV_Sctaeniopterus_TP_2021-06-10_144925_001.MP4,1224.53,23.98,No focal subject,Bite,Foraging,None|None|None,POINT,25.516,25.516,NA,,
IV_Sctaeniopterus_TP_2021-06-10_144925,6/20/2025 9:19,,/Volumes/Pillar/Manning_Bonaire2021_FishFollows/IV/Sctaeniopterus/IV_Sctaeniopterus_TP_2021-06-10_144925_001.MP4,1224.53,23.98,No focal subject,Bite,Foraging,None|None|None,POINT,26.664,26.664,NA,,
IV_Sctaeniopterus_TP_2021-06-10_144925,6/20/2025 9:19,,/Volumes/Pillar/Manning_Bonaire2021_FishFollows/IV/Sctaeniopterus/IV_Sctaeniopterus_TP_2021-06-10_144925_001.MP4,1224.53,23.98,No focal subject,Bite,Foraging,None|None|None,POINT,27.031,27.031,NA,,
IV_Sctaeniopterus_TP_2021-06-10_144925,6/20/2025 9:19,,/Volumes/Pillar/Manning_Bonaire2021_FishFollows/IV/Sctaeniopterus/IV_Sctaeniopterus_TP_2021-06-10_144925_001.MP4,1224.53,23.98,No focal subject,Bite,Foraging,None|None|None,POINT,28.168,28.168,NA,,
IV_Sctaeniopterus_TP_2021-06-10_144925,6/20/2025 9:19,,/Volumes/Pillar/Manning_Bonaire2021_FishFollows/IV/Sctaeniopterus/IV_Sctaeniopterus_TP_2021-06-10_144925_001.MP4,1224.53,23.98,No focal subject,Bite,Foraging,None|None|None,POINT,28.929,28.929,NA,,
IV_Sctaeniopterus_TP_2021-06-10_144925,6/20/2025 9:19,,/Volumes/Pillar/Manning_Bonaire2021_FishFollows/IV/Sctaeniopterus/IV_Sctaeniopterus_TP_2021-06-10_144925_001.MP4,1224.53,23.98,No focal subject,Bite,Foraging,None|None|None,POINT,31.167,31.167,NA,,
IV_Sctaeniopterus_TP_2021-06-10_144925,6/20/2025 9:19,,/Volumes/Pillar/Manning_Bonaire2021_FishFollows/IV/Sctaeniopterus/IV_Sctaeniopterus_TP_2021-06-10_144925_001.MP4,1224.53,23.98,No focal subject,Bite,Foraging,None|None|None,POINT,31.524,31.524,NA,,
IV_Sctaeniopterus_TP_2021-06-10_144925,6/20/2025 9:19,,/Volumes/Pillar/Manning_Bonaire2021_FishFollows/IV/Sctaeniopterus/IV_Sctaeniopterus_TP_2021-06-10_144925_001.MP4,1224.53,23.98,No focal subject,Bite,Foraging,None|None|None,POINT,32.262,32.262,NA,,
IV_Sctaeniopterus_TP_2021-06-10_144925,6/20/2025 9:19,,/Volumes/Pillar/Manning_Bonaire2021_FishFollows/IV/Sctaeniopterus/IV_Sctaeniopterus_TP_2021-06-10_144925_001.MP4,1224.53,23.98,No focal subject,Bite,Foraging,None|None|None,POINT,32.756,32.756,NA,,
IV_Sctaeniopterus_TP_2021-06-10_144925,6/20/2025 9:19,,/Volumes/Pillar/Manning_Bonaire2021_FishFollows/IV/Sctaeniopterus/IV_Sctaeniopterus_TP_2021-06-10_144925_001.MP4,1224.53,23.98,No focal subject,Bite,Foraging,None|None|None,POINT,34.015,34.015,NA,,
IV_Sctaeniopterus_TP_2021-06-10_144925,6/20/2025 9:19,,/Volumes/Pillar/Manning_Bonaire2021_FishFollows/IV/Sctaeniopterus/IV_Sctaeniopterus_TP_2021-06-10_144925_001.MP4,1224.53,23.98,No focal subject,Bite,Foraging,None|None|None,POINT,35.182,35.182,NA,,
IV_Sctaeniopterus_TP_2021-06-10_144925,6/20/2025 9:19,,/Volumes/Pillar/Manning_Bonaire2021_FishFollows/IV/Sctaeniopterus/IV_Sctaeniopterus_TP_2021-06-10_144925_001.MP4,1224.53,23.98,No focal subject,Bite,Foraging,None|None|None,POINT,52.921,52.921,NA,,
IV_Sctaeniopterus_TP_2021-06-10_144925,6/20/2025 9:19,,/Volumes/Pillar/Manning_Bonaire2021_FishFollows/IV/Sctaeniopterus/IV_Sctaeniopterus_TP_2021-06-10_144925_001.MP4,1224.53,23.98,No focal subject,Bite,Foraging,None|None|None,POINT,54.414,54.414,NA,,
IV_Sctaeniopterus_TP_2021-06-10_144925,6/20/2025 9:19,,/Volumes/Pillar/Manning_Bonaire2021_FishFollows/IV/Sctaeniopterus/IV_Sctaeniopterus_TP_2021-06-10_144925_001.MP4,1224.53,23.98,No focal subject,Bite,Foraging,None|None|None,POINT,54.747,54.747,NA,,
IV_Sctaeniopterus_TP_2021-06-10_144925,6/20/2025 9:19,,/Volumes/Pillar/Manning_Bonaire2021_FishFollows/IV/Sctaeniopterus/IV_Sctaeniopterus_TP_2021-06-10_144925_001.MP4,1224.53,23.98,No focal subject,Bite,Foraging,Feces|None|None,POINT,81.663,81.663,NA,,
IV_Sctaeniopterus_TP_2021-06-10_144925,6/20/2025 9:19,,/Volumes/Pillar/Manning_Bonaire2021_FishFollows/IV/Sctaeniopterus/IV_Sctaeniopterus_TP_2021-06-10_144925_001.MP4,1224.53,23.98,No focal subject,Bite,Foraging,None|None|None,POINT,99.943,99.943,NA,,
IV_Sctaeniopterus_TP_2021-06-10_144925,6/20/2025 9:19,,/Volumes/Pillar/Manning_Bonaire2021_FishFollows/IV/Sctaeniopterus/IV_Sctaeniopterus_TP_2021-06-10_144925_001.MP4,1224.53,23.98,No focal subject,Bite,Foraging,None|None|None,POINT,101.161,101.161,NA,,
IV_Sctaeniopterus_TP_2021-06-10_144925,6/20/2025 9:19,,/Volumes/Pillar/Manning_Bonaire2021_FishFollows/IV/Sctaeniopterus/IV_Sctaeniopterus_TP_2021-06-10_144925_001.MP4,1224.53,23.98,No focal subject,Bite,Foraging,None|None|None,POINT,102.991,102.991,NA,,
IV_Sctaeniopterus_TP_2021-06-10_144925,6/20/2025 9:19,,/Volumes/Pillar/Manning_Bonaire2021_FishFollows/IV/Sctaeniopterus/IV_Sctaeniopterus_TP_2021-06-10_144925_001.MP4,1224.53,23.98,No focal subject,Bite,Foraging,None|None|None,POINT,120.66,120.66,NA,,
IV_Sctaeniopterus_TP_2021-06-10_144925,6/20/2025 9:19,,/Volumes/Pillar/Manning_Bonaire2021_FishFollows/IV/Sctaeniopterus/IV_Sctaeniopterus_TP_2021-06-10_144925_001.MP4,1224.53,23.98,No focal subject,Bite,Foraging,None|None|None,POINT,121.745,121.745,NA,,
IV_Sctaeniopterus_TP_2021-06-10_144925,6/20/2025 9:19,,/Volumes/Pillar/Manning_Bonaire2021_FishFollows/IV/Sctaeniopterus/IV_Sctaeniopterus_TP_2021-06-10_144925_001.MP4,1224.53,23.98,No focal subject,Bite,Foraging,None|None|None,POINT,122.502,122.502,NA,,
IV_Sctaeniopterus_TP_2021-06-10_144925,6/20/2025 9:19,,/Volumes/Pillar/Manning_Bonaire2021_FishFollows/IV/Sctaeniopterus/IV_Sctaeniopterus_TP_2021-06-10_144925_001.MP4,1224.53,23.98,No focal subject,Bite,Foraging,None|None|None,POINT,125.161,125.161,NA,,
IV_Sctaeniopterus_TP_2021-06-10_144925,6/20/2025 9:19,,/Volumes/Pillar/Manning_Bonaire2021_FishFollows/IV/Sctaeniopterus/IV_Sctaeniopterus_TP_2021-06-10_144925_001.MP4,1224.53,23.98,No focal subject,Bite,Foraging,None|None|None,POINT,125.499,125.499,NA,,
IV_Sctaeniopterus_TP_2021-06-10_144925,6/20/2025 9:19,,/Volumes/Pillar/Manning_Bonaire2021_FishFollows/IV/Sctaeniopterus/IV_Sctaeniopterus_TP_2021-06-10_144925_001.MP4,1224.53,23.98,No focal subject,Bite,Foraging,None|None|None,POINT,126.994,126.994,NA,,
IV_Sctaeniopterus_TP_2021-06-10_144925,6/20/2025 9:19,,/Volumes/Pillar/Manning_Bonaire2021_FishFollows/IV/Sctaeniopterus/IV_Sctaeniopterus_TP_2021-06-10_144925_001.MP4,1224.53,23.98,No focal subject,Bite,Foraging,None|None|None,POINT,129.915,129.915,NA,,
IV_Sctaeniopterus_TP_2021-06-10_144925,6/20/2025 9:19,,/Volumes/Pillar/Manning_Bonaire2021_FishFollows/IV/Sctaeniopterus/IV_Sctaeniopterus_TP_2021-06-10_144925_001.MP4,1224.53,23.98,No focal subject,Lost Time,Time Keeping,,STATE,138.49,139.66,1.17,,
IV_Sctaeniopterus_TP_2021-06-10_144925,6/20/2025 9:19,,/Volumes/Pillar/Manning_Bonaire2021_FishFollows/IV/Sctaeniopterus/IV_Sctaeniopterus_TP_2021-06-10_144925_001.MP4,1224.53,23.98,No focal subject,Bite,Foraging,None|None|None,POINT,145.246,145.246,NA,,
IV_Sctaeniopterus_TP_2021-06-10_144925,6/20/2025 9:19,,/Volumes/Pillar/Manning_Bonaire2021_FishFollows/IV/Sctaeniopterus/IV_Sctaeniopterus_TP_2021-06-10_144925_001.MP4,1224.53,23.98,No focal subject,Bite,Foraging,None|None|None,POINT,146.049,146.049,NA,,
IV_Sctaeniopterus_TP_2021-06-10_144925,6/20/2025 9:19,,/Volumes/Pillar/Manning_Bonaire2021_FishFollows/IV/Sctaeniopterus/IV_Sctaeniopterus_TP_2021-06-10_144925_001.MP4,1224.53,23.98,No focal subject,Bite,Foraging,None|None|None,POINT,147.302,147.302,NA,,
IV_Sctaeniopterus_TP_2021-06-10_144925,6/20/2025 9:19,,/Volumes/Pillar/Manning_Bonaire2021_FishFollows/IV/Sctaeniopterus/IV_Sctaeniopterus_TP_2021-06-10_144925_001.MP4,1224.53,23.98,No focal subject,Bite,Foraging,None|None|None,POINT,148.163,148.163,NA,,
IV_Sctaeniopterus_TP_2021-06-10_144925,6/20/2025 9:19,,/Volumes/Pillar/Manning_Bonaire2021_FishFollows/IV/Sctaeniopterus/IV_Sctaeniopterus_TP_2021-06-10_144925_001.MP4,1224.53,23.98,No focal subject,Bite,Foraging,None|None|None,POINT,149.302,149.302,NA,,
IV_Sctaeniopterus_TP_2021-06-10_144925,6/20/2025 9:19,,/Volumes/Pillar/Manning_Bonaire2021_FishFollows/IV/Sctaeniopterus/IV_Sctaeniopterus_TP_2021-06-10_144925_001.MP4,1224.53,23.98,No focal subject,Bite,Foraging,None|None|None,POINT,149.63,149.63,NA,,
IV_Sctaeniopterus_TP_2021-06-10_144925,6/20/2025 9:19,,/Volumes/Pillar/Manning_Bonaire2021_FishFollows/IV/Sctaeniopterus/IV_Sctaeniopterus_TP_2021-06-10_144925_001.MP4,1224.53,23.98,No focal subject,Bite,Foraging,None|None|None,POINT,150.392,150.392,NA,,
IV_Sctaeniopterus_TP_2021-06-10_144925,6/20/2025 9:19,,/Volumes/Pillar/Manning_Bonaire2021_FishFollows/IV/Sctaeniopterus/IV_Sctaeniopterus_TP_2021-06-10_144925_001.MP4,1224.53,23.98,No focal subject,Bite,Foraging,None|None|None,POINT,151.902,151.902,NA,,
IV_Sctaeniopterus_TP_2021-06-10_144925,6/20/2025 9:19,,/Volumes/Pillar/Manning_Bonaire2021_FishFollows/IV/Sctaeniopterus/IV_Sctaeniopterus_TP_2021-06-10_144925_001.MP4,1224.53,23.98,No focal subject,Bite,Foraging,None|None|None,POINT,152.302,152.302,NA,,
IV_Sctaeniopterus_TP_2021-06-10_144925,6/20/2025 9:19,,/Volumes/Pillar/Manning_Bonaire2021_FishFollows/IV/Sctaeniopterus/IV_Sctaeniopterus_TP_2021-06-10_144925_001.MP4,1224.53,23.98,No focal subject,Bite,Foraging,None|None|None,POINT,153.052,153.052,NA,,
IV_Sctaeniopterus_TP_2021-06-10_144925,6/20/2025 9:19,,/Volumes/Pillar/Manning_Bonaire2021_FishFollows/IV/Sctaeniopterus/IV_Sctaeniopterus_TP_2021-06-10_144925_001.MP4,1224.53,23.98,No focal subject,Bite,Foraging,None|None|None,POINT,153.802,153.802,NA,,
IV_Sctaeniopterus_TP_2021-06-10_144925,6/20/2025 9:19,,/Volumes/Pillar/Manning_Bonaire2021_FishFollows/IV/Sctaeniopterus/IV_Sctaeniopterus_TP_2021-06-10_144925_001.MP4,1224.53,23.98,No focal subject,Bite,Foraging,None|None|None,POINT,154.556,154.556,NA,,
IV_Sctaeniopterus_TP_2021-06-10_144925,6/20/2025 9:19,,/Volumes/Pillar/Manning_Bonaire2021_FishFollows/IV/Sctaeniopterus/IV_Sctaeniopterus_TP_2021-06-10_144925_001.MP4,1224.53,23.98,No focal subject,Bite,Foraging,None|None|None,POINT,154.895,154.895,NA,,
IV_Sctaeniopterus_TP_2021-06-10_144925,6/20/2025 9:19,,/Volumes/Pillar/Manning_Bonaire2021_FishFollows/IV/Sctaeniopterus/IV_Sctaeniopterus_TP_2021-06-10_144925_001.MP4,1224.53,23.98,No focal subject,Bite,Foraging,None|None|None,POINT,156.052,156.052,NA,,
IV_Sctaeniopterus_TP_2021-06-10_144925,6/20/2025 9:19,,/Volumes/Pillar/Manning_Bonaire2021_FishFollows/IV/Sctaeniopterus/IV_Sctaeniopterus_TP_2021-06-10_144925_001.MP4,1224.53,23.98,No focal subject,Bite,Foraging,None|None|None,POINT,159.051,159.051,NA,,
IV_Sctaeniopterus_TP_2021-06-10_144925,6/20/2025 9:19,,/Volumes/Pillar/Manning_Bonaire2021_FishFollows/IV/Sctaeniopterus/IV_Sctaeniopterus_TP_2021-06-10_144925_001.MP4,1224.53,23.98,No focal subject,Bite,Foraging,None|None|None,POINT,159.798,159.798,NA,,
IV_Sctaeniopterus_TP_2021-06-10_144925,6/20/2025 9:19,,/Volumes/Pillar/Manning_Bonaire2021_FishFollows/IV/Sctaeniopterus/IV_Sctaeniopterus_TP_2021-06-10_144925_001.MP4,1224.53,23.98,No focal subject,Bite,Foraging,None|None|None,POINT,160.551,160.551,NA,,
IV_Sctaeniopterus_TP_2021-06-10_144925,6/20/2025 9:19,,/Volumes/Pillar/Manning_Bonaire2021_FishFollows/IV/Sctaeniopterus/IV_Sctaeniopterus_TP_2021-06-10_144925_001.MP4,1224.53,23.98,No focal subject,Bite,Foraging,None|None|None,POINT,161.301,161.301,NA,,
IV_Sctaeniopterus_TP_2021-06-10_144925,6/20/2025 9:19,,/Volumes/Pillar/Manning_Bonaire2021_FishFollows/IV/Sctaeniopterus/IV_Sctaeniopterus_TP_2021-06-10_144925_001.MP4,1224.53,23.98,No focal subject,Bite,Foraging,None|None|None,POINT,161.63,161.63,NA,,
IV_Sctaeniopterus_TP_2021-06-10_144925,6/20/2025 9:19,,/Volumes/Pillar/Manning_Bonaire2021_FishFollows/IV/Sctaeniopterus/IV_Sctaeniopterus_TP_2021-06-10_144925_001.MP4,1224.53,23.98,No focal subject,Bite,Foraging,None|None|None,POINT,162.557,162.557,NA,,
IV_Sctaeniopterus_TP_2021-06-10_144925,6/20/2025 9:19,,/Volumes/Pillar/Manning_Bonaire2021_FishFollows/IV/Sctaeniopterus/IV_Sctaeniopterus_TP_2021-06-10_144925_001.MP4,1224.53,23.98,No focal subject,Bite,Foraging,None|None|None,POINT,163.628,163.628,NA,,
IV_Sctaeniopterus_TP_2021-06-10_144925,6/20/2025 9:19,,/Volumes/Pillar/Manning_Bonaire2021_FishFollows/IV/Sctaeniopterus/IV_Sctaeniopterus_TP_2021-06-10_144925_001.MP4,1224.53,23.98,No focal subject,Bite,Foraging,None|None|None,POINT,164.148,164.148,NA,,
IV_Sctaeniopterus_TP_2021-06-10_144925,6/20/2025 9:19,,/Volumes/Pillar/Manning_Bonaire2021_FishFollows/IV/Sctaeniopterus/IV_Sctaeniopterus_TP_2021-06-10_144925_001.MP4,1224.53,23.98,No focal subject,Bite,Foraging,None|None|None,POINT,166.802,166.802,NA,,
IV_Sctaeniopterus_TP_2021-06-10_144925,6/20/2025 9:19,,/Volumes/Pillar/Manning_Bonaire2021_FishFollows/IV/Sctaeniopterus/IV_Sctaeniopterus_TP_2021-06-10_144925_001.MP4,1224.53,23.98,No focal subject,Bite,Foraging,None|None|None,POINT,167.877,167.877,NA,,
IV_Sctaeniopterus_TP_2021-06-10_144925,6/20/2025 9:19,,/Volumes/Pillar/Manning_Bonaire2021_FishFollows/IV/Sctaeniopterus/IV_Sctaeniopterus_TP_2021-06-10_144925_001.MP4,1224.53,23.98,No focal subject,Bite,Foraging,None|None|None,POINT,168.636,168.636,NA,,
IV_Sctaeniopterus_TP_2021-06-10_144925,6/20/2025 9:19,,/Volumes/Pillar/Manning_Bonaire2021_FishFollows/IV/Sctaeniopterus/IV_Sctaeniopterus_TP_2021-06-10_144925_001.MP4,1224.53,23.98,No focal subject,Bite,Foraging,None|None|None,POINT,169.888,169.888,NA,,
IV_Sctaeniopterus_TP_2021-06-10_144925,6/20/2025 9:19,,/Volumes/Pillar/Manning_Bonaire2021_FishFollows/IV/Sctaeniopterus/IV_Sctaeniopterus_TP_2021-06-10_144925_001.MP4,1224.53,23.98,No focal subject,Bite,Foraging,None|None|None,POINT,170.627,170.627,NA,,
IV_Sctaeniopterus_TP_2021-06-10_144925,6/20/2025 9:19,,/Volumes/Pillar/Manning_Bonaire2021_FishFollows/IV/Sctaeniopterus/IV_Sctaeniopterus_TP_2021-06-10_144925_001.MP4,1224.53,23.98,No focal subject,Bite,Foraging,None|None|None,POINT,172.052,172.052,NA,,
IV_Sctaeniopterus_TP_2021-06-10_144925,6/20/2025 9:19,,/Volumes/Pillar/Manning_Bonaire2021_FishFollows/IV/Sctaeniopterus/IV_Sctaeniopterus_TP_2021-06-10_144925_001.MP4,1224.53,23.98,No focal subject,Bite,Foraging,None|None|None,POINT,172.643,172.643,NA,,
IV_Sctaeniopterus_TP_2021-06-10_144925,6/20/2025 9:19,,/Volumes/Pillar/Manning_Bonaire2021_FishFollows/IV/Sctaeniopterus/IV_Sctaeniopterus_TP_2021-06-10_144925_001.MP4,1224.53,23.98,No focal subject,Bite,Foraging,None|None|None,POINT,173.051,173.051,NA,,
IV_Sctaeniopterus_TP_2021-06-10_144925,6/20/2025 9:19,,/Volumes/Pillar/Manning_Bonaire2021_FishFollows/IV/Sctaeniopterus/IV_Sctaeniopterus_TP_2021-06-10_144925_001.MP4,1224.53,23.98,No focal subject,Bite,Foraging,None|None|None,POINT,188.63,188.63,NA,,
IV_Sctaeniopterus_TP_2021-06-10_144925,6/20/2025 9:19,,/Volumes/Pillar/Manning_Bonaire2021_FishFollows/IV/Sctaeniopterus/IV_Sctaeniopterus_TP_2021-06-10_144925_001.MP4,1224.53,23.98,No focal subject,Bite,Foraging,None|None|None,POINT,190.302,190.302,NA,,
IV_Sctaeniopterus_TP_2021-06-10_144925,6/20/2025 9:19,,/Volumes/Pillar/Manning_Bonaire2021_FishFollows/IV/Sctaeniopterus/IV_Sctaeniopterus_TP_2021-06-10_144925_001.MP4,1224.53,23.98,No focal subject,Bite,Foraging,None|None|None,POINT,191.797,191.797,NA,,
IV_Sctaeniopterus_TP_2021-06-10_144925,6/20/2025 9:19,,/Volumes/Pillar/Manning_Bonaire2021_FishFollows/IV/Sctaeniopterus/IV_Sctaeniopterus_TP_2021-06-10_144925_001.MP4,1224.53,23.98,No focal subject,Bite,Foraging,None|None|None,POINT,192.552,192.552,NA,,
IV_Sctaeniopterus_TP_2021-06-10_144925,6/20/2025 9:19,,/Volumes/Pillar/Manning_Bonaire2021_FishFollows/IV/Sctaeniopterus/IV_Sctaeniopterus_TP_2021-06-10_144925_001.MP4,1224.53,23.98,No focal subject,Bite,Foraging,None|None|None,POINT,193.655,193.655,NA,,
IV_Sctaeniopterus_TP_2021-06-10_144925,6/20/2025 9:19,,/Volumes/Pillar/Manning_Bonaire2021_FishFollows/IV/Sctaeniopterus/IV_Sctaeniopterus_TP_2021-06-10_144925_001.MP4,1224.53,23.98,No focal subject,Bite,Foraging,None|None|None,POINT,196.883,196.883,NA,,
IV_Sctaeniopterus_TP_2021-06-10_144925,6/20/2025 9:19,,/Volumes/Pillar/Manning_Bonaire2021_FishFollows/IV/Sctaeniopterus/IV_Sctaeniopterus_TP_2021-06-10_144925_001.MP4,1224.53,23.98,No focal subject,Bite,Foraging,None|None|None,POINT,198.88,198.88,NA,,
IV_Sctaeniopterus_TP_2021-06-10_144925,6/20/2025 9:19,,/Volumes/Pillar/Manning_Bonaire2021_FishFollows/IV/Sctaeniopterus/IV_Sctaeniopterus_TP_2021-06-10_144925_001.MP4,1224.53,23.98,No focal subject,Bite,Foraging,None|None|None,POINT,200.167,200.167,NA,,
IV_Sctaeniopterus_TP_2021-06-10_144925,6/20/2025 9:19,,/Volumes/Pillar/Manning_Bonaire2021_FishFollows/IV/Sctaeniopterus/IV_Sctaeniopterus_TP_2021-06-10_144925_001.MP4,1224.53,23.98,No focal subject,Bite,Foraging,None|None|None,POINT,200.885,200.885,NA,,
IV_Sctaeniopterus_TP_2021-06-10_144925,6/20/2025 9:19,,/Volumes/Pillar/Manning_Bonaire2021_FishFollows/IV/Sctaeniopterus/IV_Sctaeniopterus_TP_2021-06-10_144925_001.MP4,1224.53,23.98,No focal subject,Bite,Foraging,None|None|None,POINT,201.802,201.802,NA,,
IV_Sctaeniopterus_TP_2021-06-10_144925,6/20/2025 9:19,,/Volumes/Pillar/Manning_Bonaire2021_FishFollows/IV/Sctaeniopterus/IV_Sctaeniopterus_TP_2021-06-10_144925_001.MP4,1224.53,23.98,No focal subject,Bite,Foraging,None|None|None,POINT,202.898,202.898,NA,,
IV_Sctaeniopterus_TP_2021-06-10_144925,6/20/2025 9:19,,/Volumes/Pillar/Manning_Bonaire2021_FishFollows/IV/Sctaeniopterus/IV_Sctaeniopterus_TP_2021-06-10_144925_001.MP4,1224.53,23.98,No focal subject,Bite,Foraging,None|None|None,POINT,203.643,203.643,NA,,
IV_Sctaeniopterus_TP_2021-06-10_144925,6/20/2025 9:19,,/Volumes/Pillar/Manning_Bonaire2021_FishFollows/IV/Sctaeniopterus/IV_Sctaeniopterus_TP_2021-06-10_144925_001.MP4,1224.53,23.98,No focal subject,Bite,Foraging,None|None|None,POINT,235.644,235.644,NA,,
IV_Sctaeniopterus_TP_2021-06-10_144925,6/20/2025 9:19,,/Volumes/Pillar/Manning_Bonaire2021_FishFollows/IV/Sctaeniopterus/IV_Sctaeniopterus_TP_2021-06-10_144925_001.MP4,1224.53,23.98,No focal subject,Bite,Foraging,None|None|None,POINT,236.397,236.397,NA,,
IV_Sctaeniopterus_TP_2021-06-10_144925,6/20/2025 9:19,,/Volumes/Pillar/Manning_Bonaire2021_FishFollows/IV/Sctaeniopterus/IV_Sctaeniopterus_TP_2021-06-10_144925_001.MP4,1224.53,23.98,No focal subject,Bite,Foraging,None|None|None,POINT,237.552,237.552,NA,,
IV_Sctaeniopterus_TP_2021-06-10_144925,6/20/2025 9:19,,/Volumes/Pillar/Manning_Bonaire2021_FishFollows/IV/Sctaeniopterus/IV_Sctaeniopterus_TP_2021-06-10_144925_001.MP4,1224.53,23.98,No focal subject,Bite,Foraging,None|None|None,POINT,239.394,239.394,NA,,
IV_Sctaeniopterus_TP_2021-06-10_144925,6/20/2025 9:19,,/Volumes/Pillar/Manning_Bonaire2021_FishFollows/IV/Sctaeniopterus/IV_Sctaeniopterus_TP_2021-06-10_144925_001.MP4,1224.53,23.98,No focal subject,Bite,Foraging,None|None|None,POINT,240.551,240.551,NA,,
IV_Sctaeniopterus_TP_2021-06-10_144925,6/20/2025 9:19,,/Volumes/Pillar/Manning_Bonaire2021_FishFollows/IV/Sctaeniopterus/IV_Sctaeniopterus_TP_2021-06-10_144925_001.MP4,1224.53,23.98,No focal subject,Bite,Foraging,None|None|None,POINT,241.298,241.298,NA,,
IV_Sctaeniopterus_TP_2021-06-10_144925,6/20/2025 9:19,,/Volumes/Pillar/Manning_Bonaire2021_FishFollows/IV/Sctaeniopterus/IV_Sctaeniopterus_TP_2021-06-10_144925_001.MP4,1224.53,23.98,No focal subject,Bite,Foraging,None|None|None,POINT,241.648,241.648,NA,,
IV_Sctaeniopterus_TP_2021-06-10_144925,6/20/2025 9:19,,/Volumes/Pillar/Manning_Bonaire2021_FishFollows/IV/Sctaeniopterus/IV_Sctaeniopterus_TP_2021-06-10_144925_001.MP4,1224.53,23.98,No focal subject,Bite,Foraging,None|None|None,POINT,242.05,242.05,NA,,
IV_Sctaeniopterus_TP_2021-06-10_144925,6/20/2025 9:19,,/Volumes/Pillar/Manning_Bonaire2021_FishFollows/IV/Sctaeniopterus/IV_Sctaeniopterus_TP_2021-06-10_144925_001.MP4,1224.53,23.98,No focal subject,Bite,Foraging,None|None|None,POINT,242.798,242.798,NA,,
IV_Sctaeniopterus_TP_2021-06-10_144925,6/20/2025 9:19,,/Volumes/Pillar/Manning_Bonaire2021_FishFollows/IV/Sctaeniopterus/IV_Sctaeniopterus_TP_2021-06-10_144925_001.MP4,1224.53,23.98,No focal subject,Bite,Foraging,None|None|None,POINT,243.552,243.552,NA,,
IV_Sctaeniopterus_TP_2021-06-10_144925,6/20/2025 9:19,,/Volumes/Pillar/Manning_Bonaire2021_FishFollows/IV/Sctaeniopterus/IV_Sctaeniopterus_TP_2021-06-10_144925_001.MP4,1224.53,23.98,No focal subject,Bite,Foraging,None|None|None,POINT,243.893,243.893,NA,,
IV_Sctaeniopterus_TP_2021-06-10_144925,6/20/2025 9:19,,/Volumes/Pillar/Manning_Bonaire2021_FishFollows/IV/Sctaeniopterus/IV_Sctaeniopterus_TP_2021-06-10_144925_001.MP4,1224.53,23.98,No focal subject,Bite,Foraging,None|None|None,POINT,244.641,244.641,NA,,
IV_Sctaeniopterus_TP_2021-06-10_144925,6/20/2025 9:19,,/Volumes/Pillar/Manning_Bonaire2021_FishFollows/IV/Sctaeniopterus/IV_Sctaeniopterus_TP_2021-06-10_144925_001.MP4,1224.53,23.98,No focal subject,Bite,Foraging,None|None|None,POINT,245.379,245.379,NA,,
IV_Sctaeniopterus_TP_2021-06-10_144925,6/20/2025 9:19,,/Volumes/Pillar/Manning_Bonaire2021_FishFollows/IV/Sctaeniopterus/IV_Sctaeniopterus_TP_2021-06-10_144925_001.MP4,1224.53,23.98,No focal subject,Bite,Foraging,None|None|None,POINT,249.147,249.147,NA,,
IV_Sctaeniopterus_TP_2021-06-10_144925,6/20/2025 9:19,,/Volumes/Pillar/Manning_Bonaire2021_FishFollows/IV/Sctaeniopterus/IV_Sctaeniopterus_TP_2021-06-10_144925_001.MP4,1224.53,23.98,No focal subject,Bite,Foraging,None|None|None,POINT,286.3,286.3,NA,,
IV_Sctaeniopterus_TP_2021-06-10_144925,6/20/2025 9:19,,/Volumes/Pillar/Manning_Bonaire2021_FishFollows/IV/Sctaeniopterus/IV_Sctaeniopterus_TP_2021-06-10_144925_001.MP4,1224.53,23.98,No focal subject,Bite,Foraging,None|None|None,POINT,288.63,288.63,NA,,
IV_Sctaeniopterus_TP_2021-06-10_144925,6/20/2025 9:19,,/Volumes/Pillar/Manning_Bonaire2021_FishFollows/IV/Sctaeniopterus/IV_Sctaeniopterus_TP_2021-06-10_144925_001.MP4,1224.53,23.98,No focal subject,Bite,Foraging,None|None|None,POINT,289.889,289.889,NA,,
IV_Sctaeniopterus_TP_2021-06-10_144925,6/20/2025 9:19,,/Volumes/Pillar/Manning_Bonaire2021_FishFollows/IV/Sctaeniopterus/IV_Sctaeniopterus_TP_2021-06-10_144925_001.MP4,1224.53,23.98,No focal subject,Bite,Foraging,None|None|None,POINT,290.365,290.365,NA,,
IV_Sctaeniopterus_TP_2021-06-10_144925,6/20/2025 9:19,,/Volumes/Pillar/Manning_Bonaire2021_FishFollows/IV/Sctaeniopterus/IV_Sctaeniopterus_TP_2021-06-10_144925_001.MP4,1224.53,23.98,No focal subject,Bite,Foraging,None|None|None,POINT,291.874,291.874,NA,,
IV_Sctaeniopterus_TP_2021-06-10_144925,6/20/2025 9:19,,/Volumes/Pillar/Manning_Bonaire2021_FishFollows/IV/Sctaeniopterus/IV_Sctaeniopterus_TP_2021-06-10_144925_001.MP4,1224.53,23.98,No focal subject,Bite,Foraging,None|None|None,POINT,293.875,293.875,NA,,
IV_Sctaeniopterus_TP_2021-06-10_144925,6/20/2025 9:19,,/Volumes/Pillar/Manning_Bonaire2021_FishFollows/IV/Sctaeniopterus/IV_Sctaeniopterus_TP_2021-06-10_144925_001.MP4,1224.53,23.98,No focal subject,Bite,Foraging,None|None|None,POINT,294.382,294.382,NA,,
IV_Sctaeniopterus_TP_2021-06-10_144925,6/20/2025 9:19,,/Volumes/Pillar/Manning_Bonaire2021_FishFollows/IV/Sctaeniopterus/IV_Sctaeniopterus_TP_2021-06-10_144925_001.MP4,1224.53,23.98,No focal subject,Bite,Foraging,None|None|None,POINT,295.887,295.887,NA,,
IV_Sctaeniopterus_TP_2021-06-10_144925,6/20/2025 9:19,,/Volumes/Pillar/Manning_Bonaire2021_FishFollows/IV/Sctaeniopterus/IV_Sctaeniopterus_TP_2021-06-10_144925_001.MP4,1224.53,23.98,No focal subject,Bite,Foraging,None|None|None,POINT,296.802,296.802,NA,,
IV_Sctaeniopterus_TP_2021-06-10_144925,6/20/2025 9:19,,/Volumes/Pillar/Manning_Bonaire2021_FishFollows/IV/Sctaeniopterus/IV_Sctaeniopterus_TP_2021-06-10_144925_001.MP4,1224.53,23.98,No focal subject,Bite,Foraging,None|None|None,POINT,297.552,297.552,NA,,
IV_Sctaeniopterus_TP_2021-06-10_144925,6/20/2025 9:19,,/Volumes/Pillar/Manning_Bonaire2021_FishFollows/IV/Sctaeniopterus/IV_Sctaeniopterus_TP_2021-06-10_144925_001.MP4,1224.53,23.98,No focal subject,Bite,Foraging,None|None|None,POINT,298.394,298.394,NA,,
IV_Sctaeniopterus_TP_2021-06-10_144925,6/20/2025 9:19,,/Volumes/Pillar/Manning_Bonaire2021_FishFollows/IV/Sctaeniopterus/IV_Sctaeniopterus_TP_2021-06-10_144925_001.MP4,1224.53,23.98,No focal subject,Cleaning,Social Interactions,,STATE,318.722,319.472,0.75,,
IV_Sctaeniopterus_TP_2021-06-10_144925,6/20/2025 9:19,,/Volumes/Pillar/Manning_Bonaire2021_FishFollows/IV/Sctaeniopterus/IV_Sctaeniopterus_TP_2021-06-10_144925_001.MP4,1224.53,23.98,No focal subject,Bite,Foraging,None|None|None,POINT,336.229,336.229,NA,,
IV_Sctaeniopterus_TP_2021-06-10_144925,6/20/2025 9:19,,/Volumes/Pillar/Manning_Bonaire2021_FishFollows/IV/Sctaeniopterus/IV_Sctaeniopterus_TP_2021-06-10_144925_001.MP4,1224.53,23.98,No focal subject,Bite,Foraging,None|None|None,POINT,336.979,336.979,NA,,
IV_Sctaeniopterus_TP_2021-06-10_144925,6/20/2025 9:19,,/Volumes/Pillar/Manning_Bonaire2021_FishFollows/IV/Sctaeniopterus/IV_Sctaeniopterus_TP_2021-06-10_144925_001.MP4,1224.53,23.98,No focal subject,Bite,Foraging,None|None|None,POINT,338.477,338.477,NA,,
IV_Sctaeniopterus_TP_2021-06-10_144925,6/20/2025 9:19,,/Volumes/Pillar/Manning_Bonaire2021_FishFollows/IV/Sctaeniopterus/IV_Sctaeniopterus_TP_2021-06-10_144925_001.MP4,1224.53,23.98,No focal subject,Bite,Foraging,None|None|None,POINT,344.229,344.229,NA,,
IV_Sctaeniopterus_TP_2021-06-10_144925,6/20/2025 9:19,,/Volumes/Pillar/Manning_Bonaire2021_FishFollows/IV/Sctaeniopterus/IV_Sctaeniopterus_TP_2021-06-10_144925_001.MP4,1224.53,23.98,No focal subject,Bite,Foraging,None|None|None,POINT,345.562,345.562,NA,,
IV_Sctaeniopterus_TP_2021-06-10_144925,6/20/2025 9:19,,/Volumes/Pillar/Manning_Bonaire2021_FishFollows/IV/Sctaeniopterus/IV_Sctaeniopterus_TP_2021-06-10_144925_001.MP4,1224.53,23.98,No focal subject,Bite,Foraging,None|None|None,POINT,347.057,347.057,NA,,
IV_Sctaeniopterus_TP_2021-06-10_144925,6/20/2025 9:19,,/Volumes/Pillar/Manning_Bonaire2021_FishFollows/IV/Sctaeniopterus/IV_Sctaeniopterus_TP_2021-06-10_144925_001.MP4,1224.53,23.98,No focal subject,Bite,Foraging,None|None|None,POINT,350.054,350.054,NA,,
IV_Sctaeniopterus_TP_2021-06-10_144925,6/20/2025 9:19,,/Volumes/Pillar/Manning_Bonaire2021_FishFollows/IV/Sctaeniopterus/IV_Sctaeniopterus_TP_2021-06-10_144925_001.MP4,1224.53,23.98,No focal subject,Bite,Foraging,None|None|None,POINT,356.475,356.475,NA,,
IV_Sctaeniopterus_TP_2021-06-10_144925,6/20/2025 9:19,,/Volumes/Pillar/Manning_Bonaire2021_FishFollows/IV/Sctaeniopterus/IV_Sctaeniopterus_TP_2021-06-10_144925_001.MP4,1224.53,23.98,No focal subject,Bite,Foraging,None|None|None,POINT,357.977,357.977,NA,,
IV_Sctaeniopterus_TP_2021-06-10_144925,6/20/2025 9:19,,/Volumes/Pillar/Manning_Bonaire2021_FishFollows/IV/Sctaeniopterus/IV_Sctaeniopterus_TP_2021-06-10_144925_001.MP4,1224.53,23.98,No focal subject,Bite,Foraging,None|None|None,POINT,358.318,358.318,NA,,
IV_Sctaeniopterus_TP_2021-06-10_144925,6/20/2025 9:19,,/Volumes/Pillar/Manning_Bonaire2021_FishFollows/IV/Sctaeniopterus/IV_Sctaeniopterus_TP_2021-06-10_144925_001.MP4,1224.53,23.98,No focal subject,Bite,Foraging,None|None|None,POINT,359.81,359.81,NA,,
IV_Sctaeniopterus_TP_2021-06-10_144925,6/20/2025 9:19,,/Volumes/Pillar/Manning_Bonaire2021_FishFollows/IV/Sctaeniopterus/IV_Sctaeniopterus_TP_2021-06-10_144925_001.MP4,1224.53,23.98,No focal subject,Bite,Foraging,None|None|None,POINT,360.237,360.237,NA,,
IV_Sctaeniopterus_TP_2021-06-10_144925,6/20/2025 9:19,,/Volumes/Pillar/Manning_Bonaire2021_FishFollows/IV/Sctaeniopterus/IV_Sctaeniopterus_TP_2021-06-10_144925_001.MP4,1224.53,23.98,No focal subject,Bite,Foraging,None|None|None,POINT,360.978,360.978,NA,,
IV_Sctaeniopterus_TP_2021-06-10_144925,6/20/2025 9:19,,/Volumes/Pillar/Manning_Bonaire2021_FishFollows/IV/Sctaeniopterus/IV_Sctaeniopterus_TP_2021-06-10_144925_001.MP4,1224.53,23.98,No focal subject,Bite,Foraging,None|None|None,POINT,361.73,361.73,NA,,
IV_Sctaeniopterus_TP_2021-06-10_144925,6/20/2025 9:19,,/Volumes/Pillar/Manning_Bonaire2021_FishFollows/IV/Sctaeniopterus/IV_Sctaeniopterus_TP_2021-06-10_144925_001.MP4,1224.53,23.98,No focal subject,Bite,Foraging,None|None|None,POINT,362.238,362.238,NA,,
IV_Sctaeniopterus_TP_2021-06-10_144925,6/20/2025 9:19,,/Volumes/Pillar/Manning_Bonaire2021_FishFollows/IV/Sctaeniopterus/IV_Sctaeniopterus_TP_2021-06-10_144925_001.MP4,1224.53,23.98,No focal subject,Bite,Foraging,None|None|None,POINT,363.55,363.55,NA,,
IV_Sctaeniopterus_TP_2021-06-10_144925,6/20/2025 9:19,,/Volumes/Pillar/Manning_Bonaire2021_FishFollows/IV/Sctaeniopterus/IV_Sctaeniopterus_TP_2021-06-10_144925_001.MP4,1224.53,23.98,No focal subject,Bite,Foraging,None|None|None,POINT,365.479,365.479,NA,,
IV_Sctaeniopterus_TP_2021-06-10_144925,6/20/2025 9:19,,/Volumes/Pillar/Manning_Bonaire2021_FishFollows/IV/Sctaeniopterus/IV_Sctaeniopterus_TP_2021-06-10_144925_001.MP4,1224.53,23.98,No focal subject,Bite,Foraging,None|None|None,POINT,366.233,366.233,NA,,
IV_Sctaeniopterus_TP_2021-06-10_144925,6/20/2025 9:19,,/Volumes/Pillar/Manning_Bonaire2021_FishFollows/IV/Sctaeniopterus/IV_Sctaeniopterus_TP_2021-06-10_144925_001.MP4,1224.53,23.98,No focal subject,Bite,Foraging,None|None|None,POINT,367.733,367.733,NA,,
IV_Sctaeniopterus_TP_2021-06-10_144925,6/20/2025 9:19,,/Volumes/Pillar/Manning_Bonaire2021_FishFollows/IV/Sctaeniopterus/IV_Sctaeniopterus_TP_2021-06-10_144925_001.MP4,1224.53,23.98,No focal subject,Bite,Foraging,None|None|None,POINT,369.235,369.235,NA,,
IV_Sctaeniopterus_TP_2021-06-10_144925,6/20/2025 9:19,,/Volumes/Pillar/Manning_Bonaire2021_FishFollows/IV/Sctaeniopterus/IV_Sctaeniopterus_TP_2021-06-10_144925_001.MP4,1224.53,23.98,No focal subject,Bite,Foraging,None|None|None,POINT,369.978,369.978,NA,,
IV_Sctaeniopterus_TP_2021-06-10_144925,6/20/2025 9:19,,/Volumes/Pillar/Manning_Bonaire2021_FishFollows/IV/Sctaeniopterus/IV_Sctaeniopterus_TP_2021-06-10_144925_001.MP4,1224.53,23.98,No focal subject,Bite,Foraging,None|None|None,POINT,370.734,370.734,NA,,
IV_Sctaeniopterus_TP_2021-06-10_144925,6/20/2025 9:19,,/Volumes/Pillar/Manning_Bonaire2021_FishFollows/IV/Sctaeniopterus/IV_Sctaeniopterus_TP_2021-06-10_144925_001.MP4,1224.53,23.98,No focal subject,Bite,Foraging,None|None|None,POINT,371.811,371.811,NA,,
IV_Sctaeniopterus_TP_2021-06-10_144925,6/20/2025 9:19,,/Volumes/Pillar/Manning_Bonaire2021_FishFollows/IV/Sctaeniopterus/IV_Sctaeniopterus_TP_2021-06-10_144925_001.MP4,1224.53,23.98,No focal subject,Bite,Foraging,None|None|None,POINT,395.056,395.056,NA,,
IV_Sctaeniopterus_TP_2021-06-10_144925,6/20/2025 9:19,,/Volumes/Pillar/Manning_Bonaire2021_FishFollows/IV/Sctaeniopterus/IV_Sctaeniopterus_TP_2021-06-10_144925_001.MP4,1224.53,23.98,No focal subject,Bite,Foraging,None|None|None,POINT,398.231,398.231,NA,,
IV_Sctaeniopterus_TP_2021-06-10_144925,6/20/2025 9:19,,/Volumes/Pillar/Manning_Bonaire2021_FishFollows/IV/Sctaeniopterus/IV_Sctaeniopterus_TP_2021-06-10_144925_001.MP4,1224.53,23.98,No focal subject,Bite,Foraging,None|None|None,POINT,398.978,398.978,NA,,
IV_Sctaeniopterus_TP_2021-06-10_144925,6/20/2025 9:19,,/Volumes/Pillar/Manning_Bonaire2021_FishFollows/IV/Sctaeniopterus/IV_Sctaeniopterus_TP_2021-06-10_144925_001.MP4,1224.53,23.98,No focal subject,Bite,Foraging,None|None|None,POINT,399.997,399.997,NA,,
IV_Sctaeniopterus_TP_2021-06-10_144925,6/20/2025 9:19,,/Volumes/Pillar/Manning_Bonaire2021_FishFollows/IV/Sctaeniopterus/IV_Sctaeniopterus_TP_2021-06-10_144925_001.MP4,1224.53,23.98,No focal subject,Bite,Foraging,None|None|None,POINT,400.742,400.742,NA,,
IV_Sctaeniopterus_TP_2021-06-10_144925,6/20/2025 9:19,,/Volumes/Pillar/Manning_Bonaire2021_FishFollows/IV/Sctaeniopterus/IV_Sctaeniopterus_TP_2021-06-10_144925_001.MP4,1224.53,23.98,No focal subject,Bite,Foraging,None|None|None,POINT,404.759,404.759,NA,,
IV_Sctaeniopterus_TP_2021-06-10_144925,6/20/2025 9:19,,/Volumes/Pillar/Manning_Bonaire2021_FishFollows/IV/Sctaeniopterus/IV_Sctaeniopterus_TP_2021-06-10_144925_001.MP4,1224.53,23.98,No focal subject,Bite,Foraging,None|None|None,POINT,404.976,404.976,NA,,
IV_Sctaeniopterus_TP_2021-06-10_144925,6/20/2025 9:19,,/Volumes/Pillar/Manning_Bonaire2021_FishFollows/IV/Sctaeniopterus/IV_Sctaeniopterus_TP_2021-06-10_144925_001.MP4,1224.53,23.98,No focal subject,Bite,Foraging,None|None|None,POINT,407.756,407.756,NA,,
IV_Sctaeniopterus_TP_2021-06-10_144925,6/20/2025 9:19,,/Volumes/Pillar/Manning_Bonaire2021_FishFollows/IV/Sctaeniopterus/IV_Sctaeniopterus_TP_2021-06-10_144925_001.MP4,1224.53,23.98,No focal subject,Bite,Foraging,None|None|None,POINT,408.782,408.782,NA,,
IV_Sctaeniopterus_TP_2021-06-10_144925,6/20/2025 9:19,,/Volumes/Pillar/Manning_Bonaire2021_FishFollows/IV/Sctaeniopterus/IV_Sctaeniopterus_TP_2021-06-10_144925_001.MP4,1224.53,23.98,No focal subject,Bite,Foraging,None|None|None,POINT,409.983,409.983,NA,,
IV_Sctaeniopterus_TP_2021-06-10_144925,6/20/2025 9:19,,/Volumes/Pillar/Manning_Bonaire2021_FishFollows/IV/Sctaeniopterus/IV_Sctaeniopterus_TP_2021-06-10_144925_001.MP4,1224.53,23.98,No focal subject,Bite,Foraging,None|None|None,POINT,411.231,411.231,NA,,
IV_Sctaeniopterus_TP_2021-06-10_144925,6/20/2025 9:19,,/Volumes/Pillar/Manning_Bonaire2021_FishFollows/IV/Sctaeniopterus/IV_Sctaeniopterus_TP_2021-06-10_144925_001.MP4,1224.53,23.98,No focal subject,Bite,Foraging,None|None|None,POINT,412.978,412.978,NA,,
IV_Sctaeniopterus_TP_2021-06-10_144925,6/20/2025 9:19,,/Volumes/Pillar/Manning_Bonaire2021_FishFollows/IV/Sctaeniopterus/IV_Sctaeniopterus_TP_2021-06-10_144925_001.MP4,1224.53,23.98,No focal subject,Bite,Foraging,None|None|None,POINT,417.476,417.476,NA,,
IV_Sctaeniopterus_TP_2021-06-10_144925,6/20/2025 9:19,,/Volumes/Pillar/Manning_Bonaire2021_FishFollows/IV/Sctaeniopterus/IV_Sctaeniopterus_TP_2021-06-10_144925_001.MP4,1224.53,23.98,No focal subject,Bite,Foraging,None|None|None,POINT,418.977,418.977,NA,,
IV_Sctaeniopterus_TP_2021-06-10_144925,6/20/2025 9:19,,/Volumes/Pillar/Manning_Bonaire2021_FishFollows/IV/Sctaeniopterus/IV_Sctaeniopterus_TP_2021-06-10_144925_001.MP4,1224.53,23.98,No focal subject,Bite,Foraging,None|None|None,POINT,419.987,419.987,NA,,
IV_Sctaeniopterus_TP_2021-06-10_144925,6/20/2025 9:19,,/Volumes/Pillar/Manning_Bonaire2021_FishFollows/IV/Sctaeniopterus/IV_Sctaeniopterus_TP_2021-06-10_144925_001.MP4,1224.53,23.98,No focal subject,Bite,Foraging,None|None|None,POINT,421.477,421.477,NA,,
IV_Sctaeniopterus_TP_2021-06-10_144925,6/20/2025 9:19,,/Volumes/Pillar/Manning_Bonaire2021_FishFollows/IV/Sctaeniopterus/IV_Sctaeniopterus_TP_2021-06-10_144925_001.MP4,1224.53,23.98,No focal subject,Bite,Foraging,None|None|None,POINT,422.226,422.226,NA,,
IV_Sctaeniopterus_TP_2021-06-10_144925,6/20/2025 9:19,,/Volumes/Pillar/Manning_Bonaire2021_FishFollows/IV/Sctaeniopterus/IV_Sctaeniopterus_TP_2021-06-10_144925_001.MP4,1224.53,23.98,No focal subject,Bite,Foraging,None|None|None,POINT,423.987,423.987,NA,,
IV_Sctaeniopterus_TP_2021-06-10_144925,6/20/2025 9:19,,/Volumes/Pillar/Manning_Bonaire2021_FishFollows/IV/Sctaeniopterus/IV_Sctaeniopterus_TP_2021-06-10_144925_001.MP4,1224.53,23.98,No focal subject,Bite,Foraging,None|None|None,POINT,426.975,426.975,NA,,
IV_Sctaeniopterus_TP_2021-06-10_144925,6/20/2025 9:19,,/Volumes/Pillar/Manning_Bonaire2021_FishFollows/IV/Sctaeniopterus/IV_Sctaeniopterus_TP_2021-06-10_144925_001.MP4,1224.53,23.98,No focal subject,Bite,Foraging,None|None|None,POINT,432.229,432.229,NA,,
IV_Sctaeniopterus_TP_2021-06-10_144925,6/20/2025 9:19,,/Volumes/Pillar/Manning_Bonaire2021_FishFollows/IV/Sctaeniopterus/IV_Sctaeniopterus_TP_2021-06-10_144925_001.MP4,1224.53,23.98,No focal subject,Bite,Foraging,None|None|None,POINT,432.978,432.978,NA,,
IV_Sctaeniopterus_TP_2021-06-10_144925,6/20/2025 9:19,,/Volumes/Pillar/Manning_Bonaire2021_FishFollows/IV/Sctaeniopterus/IV_Sctaeniopterus_TP_2021-06-10_144925_001.MP4,1224.53,23.98,No focal subject,Bite,Foraging,None|None|None,POINT,433.729,433.729,NA,,
IV_Sctaeniopterus_TP_2021-06-10_144925,6/20/2025 9:19,,/Volumes/Pillar/Manning_Bonaire2021_FishFollows/IV/Sctaeniopterus/IV_Sctaeniopterus_TP_2021-06-10_144925_001.MP4,1224.53,23.98,No focal subject,Bite,Foraging,None|None|None,POINT,434.976,434.976,NA,,
IV_Sctaeniopterus_TP_2021-06-10_144925,6/20/2025 9:19,,/Volumes/Pillar/Manning_Bonaire2021_FishFollows/IV/Sctaeniopterus/IV_Sctaeniopterus_TP_2021-06-10_144925_001.MP4,1224.53,23.98,No focal subject,Bite,Foraging,None|None|None,POINT,435.998,435.998,NA,,
IV_Sctaeniopterus_TP_2021-06-10_144925,6/20/2025 9:19,,/Volumes/Pillar/Manning_Bonaire2021_FishFollows/IV/Sctaeniopterus/IV_Sctaeniopterus_TP_2021-06-10_144925_001.MP4,1224.53,23.98,No focal subject,Bite,Foraging,None|None|None,POINT,437.504,437.504,NA,,
IV_Sctaeniopterus_TP_2021-06-10_144925,6/20/2025 9:19,,/Volumes/Pillar/Manning_Bonaire2021_FishFollows/IV/Sctaeniopterus/IV_Sctaeniopterus_TP_2021-06-10_144925_001.MP4,1224.53,23.98,No focal subject,Bite,Foraging,None|None|None,POINT,438.228,438.228,NA,,
IV_Sctaeniopterus_TP_2021-06-10_144925,6/20/2025 9:19,,/Volumes/Pillar/Manning_Bonaire2021_FishFollows/IV/Sctaeniopterus/IV_Sctaeniopterus_TP_2021-06-10_144925_001.MP4,1224.53,23.98,No focal subject,Bite,Foraging,None|None|None,POINT,439.476,439.476,NA,,
IV_Sctaeniopterus_TP_2021-06-10_144925,6/20/2025 9:19,,/Volumes/Pillar/Manning_Bonaire2021_FishFollows/IV/Sctaeniopterus/IV_Sctaeniopterus_TP_2021-06-10_144925_001.MP4,1224.53,23.98,No focal subject,Bite,Foraging,None|None|None,POINT,439.995,439.995,NA,,
IV_Sctaeniopterus_TP_2021-06-10_144925,6/20/2025 9:19,,/Volumes/Pillar/Manning_Bonaire2021_FishFollows/IV/Sctaeniopterus/IV_Sctaeniopterus_TP_2021-06-10_144925_001.MP4,1224.53,23.98,No focal subject,Bite,Foraging,None|None|None,POINT,440.995,440.995,NA,,
IV_Sctaeniopterus_TP_2021-06-10_144925,6/20/2025 9:19,,/Volumes/Pillar/Manning_Bonaire2021_FishFollows/IV/Sctaeniopterus/IV_Sctaeniopterus_TP_2021-06-10_144925_001.MP4,1224.53,23.98,No focal subject,Bite,Foraging,None|None|None,POINT,442.728,442.728,NA,,
IV_Sctaeniopterus_TP_2021-06-10_144925,6/20/2025 9:19,,/Volumes/Pillar/Manning_Bonaire2021_FishFollows/IV/Sctaeniopterus/IV_Sctaeniopterus_TP_2021-06-10_144925_001.MP4,1224.53,23.98,No focal subject,Bite,Foraging,None|None|None,POINT,443.246,443.246,NA,,
IV_Sctaeniopterus_TP_2021-06-10_144925,6/20/2025 9:19,,/Volumes/Pillar/Manning_Bonaire2021_FishFollows/IV/Sctaeniopterus/IV_Sctaeniopterus_TP_2021-06-10_144925_001.MP4,1224.53,23.98,No focal subject,Bite,Foraging,None|None|None,POINT,461.73,461.73,NA,,
IV_Sctaeniopterus_TP_2021-06-10_144925,6/20/2025 9:19,,/Volumes/Pillar/Manning_Bonaire2021_FishFollows/IV/Sctaeniopterus/IV_Sctaeniopterus_TP_2021-06-10_144925_001.MP4,1224.53,23.98,No focal subject,Bite,Foraging,None|None|None,POINT,462.978,462.978,NA,,
IV_Sctaeniopterus_TP_2021-06-10_144925,6/20/2025 9:19,,/Volumes/Pillar/Manning_Bonaire2021_FishFollows/IV/Sctaeniopterus/IV_Sctaeniopterus_TP_2021-06-10_144925_001.MP4,1224.53,23.98,No focal subject,Bite,Foraging,None|None|None,POINT,493.477,493.477,NA,,
IV_Sctaeniopterus_TP_2021-06-10_144925,6/20/2025 9:19,,/Volumes/Pillar/Manning_Bonaire2021_FishFollows/IV/Sctaeniopterus/IV_Sctaeniopterus_TP_2021-06-10_144925_001.MP4,1224.53,23.98,No focal subject,Bite,Foraging,None|None|None,POINT,494.229,494.229,NA,,
IV_Sctaeniopterus_TP_2021-06-10_144925,6/20/2025 9:19,,/Volumes/Pillar/Manning_Bonaire2021_FishFollows/IV/Sctaeniopterus/IV_Sctaeniopterus_TP_2021-06-10_144925_001.MP4,1224.53,23.98,No focal subject,Bite,Foraging,None|None|None,POINT,495.266,495.266,NA,,
IV_Sctaeniopterus_TP_2021-06-10_144925,6/20/2025 9:19,,/Volumes/Pillar/Manning_Bonaire2021_FishFollows/IV/Sctaeniopterus/IV_Sctaeniopterus_TP_2021-06-10_144925_001.MP4,1224.53,23.98,No focal subject,Bite,Foraging,None|None|None,POINT,496.733,496.733,NA,,
IV_Sctaeniopterus_TP_2021-06-10_144925,6/20/2025 9:19,,/Volumes/Pillar/Manning_Bonaire2021_FishFollows/IV/Sctaeniopterus/IV_Sctaeniopterus_TP_2021-06-10_144925_001.MP4,1224.53,23.98,No focal subject,Bite,Foraging,None|None|None,POINT,497.476,497.476,NA,,
IV_Sctaeniopterus_TP_2021-06-10_144925,6/20/2025 9:19,,/Volumes/Pillar/Manning_Bonaire2021_FishFollows/IV/Sctaeniopterus/IV_Sctaeniopterus_TP_2021-06-10_144925_001.MP4,1224.53,23.98,No focal subject,Bite,Foraging,None|None|None,POINT,497.978,497.978,NA,,
IV_Sctaeniopterus_TP_2021-06-10_144925,6/20/2025 9:19,,/Volumes/Pillar/Manning_Bonaire2021_FishFollows/IV/Sctaeniopterus/IV_Sctaeniopterus_TP_2021-06-10_144925_001.MP4,1224.53,23.98,No focal subject,Bite,Foraging,None|None|None,POINT,499.003,499.003,NA,,
IV_Sctaeniopterus_TP_2021-06-10_144925,6/20/2025 9:19,,/Volumes/Pillar/Manning_Bonaire2021_FishFollows/IV/Sctaeniopterus/IV_Sctaeniopterus_TP_2021-06-10_144925_001.MP4,1224.53,23.98,No focal subject,Bite,Foraging,None|None|None,POINT,499.734,499.734,NA,,
IV_Sctaeniopterus_TP_2021-06-10_144925,6/20/2025 9:19,,/Volumes/Pillar/Manning_Bonaire2021_FishFollows/IV/Sctaeniopterus/IV_Sctaeniopterus_TP_2021-06-10_144925_001.MP4,1224.53,23.98,No focal subject,Bite,Foraging,None|None|None,POINT,500.815,500.815,NA,,
IV_Sctaeniopterus_TP_2021-06-10_144925,6/20/2025 9:19,,/Volumes/Pillar/Manning_Bonaire2021_FishFollows/IV/Sctaeniopterus/IV_Sctaeniopterus_TP_2021-06-10_144925_001.MP4,1224.53,23.98,No focal subject,Bite,Foraging,None|None|None,POINT,503.063,503.063,NA,,
IV_Sctaeniopterus_TP_2021-06-10_144925,6/20/2025 9:19,,/Volumes/Pillar/Manning_Bonaire2021_FishFollows/IV/Sctaeniopterus/IV_Sctaeniopterus_TP_2021-06-10_144925_001.MP4,1224.53,23.98,No focal subject,Bite,Foraging,None|None|None,POINT,503.487,503.487,NA,,
IV_Sctaeniopterus_TP_2021-06-10_144925,6/20/2025 9:19,,/Volumes/Pillar/Manning_Bonaire2021_FishFollows/IV/Sctaeniopterus/IV_Sctaeniopterus_TP_2021-06-10_144925_001.MP4,1224.53,23.98,No focal subject,Bite,Foraging,None|None|None,POINT,504.231,504.231,NA,,
IV_Sctaeniopterus_TP_2021-06-10_144925,6/20/2025 9:19,,/Volumes/Pillar/Manning_Bonaire2021_FishFollows/IV/Sctaeniopterus/IV_Sctaeniopterus_TP_2021-06-10_144925_001.MP4,1224.53,23.98,No focal subject,Bite,Foraging,None|None|None,POINT,504.542,504.542,NA,,
IV_Sctaeniopterus_TP_2021-06-10_144925,6/20/2025 9:19,,/Volumes/Pillar/Manning_Bonaire2021_FishFollows/IV/Sctaeniopterus/IV_Sctaeniopterus_TP_2021-06-10_144925_001.MP4,1224.53,23.98,No focal subject,Bite,Foraging,None|None|None,POINT,505.73,505.73,NA,,
IV_Sctaeniopterus_TP_2021-06-10_144925,6/20/2025 9:19,,/Volumes/Pillar/Manning_Bonaire2021_FishFollows/IV/Sctaeniopterus/IV_Sctaeniopterus_TP_2021-06-10_144925_001.MP4,1224.53,23.98,No focal subject,Bite,Foraging,None|None|None,POINT,533.82,533.82,NA,,
IV_Sctaeniopterus_TP_2021-06-10_144925,6/20/2025 9:19,,/Volumes/Pillar/Manning_Bonaire2021_FishFollows/IV/Sctaeniopterus/IV_Sctaeniopterus_TP_2021-06-10_144925_001.MP4,1224.53,23.98,No focal subject,Bite,Foraging,None|None|None,POINT,534.976,534.976,NA,,
IV_Sctaeniopterus_TP_2021-06-10_144925,6/20/2025 9:19,,/Volumes/Pillar/Manning_Bonaire2021_FishFollows/IV/Sctaeniopterus/IV_Sctaeniopterus_TP_2021-06-10_144925_001.MP4,1224.53,23.98,No focal subject,Bite,Foraging,None|None|None,POINT,536.475,536.475,NA,,
IV_Sctaeniopterus_TP_2021-06-10_144925,6/20/2025 9:19,,/Volumes/Pillar/Manning_Bonaire2021_FishFollows/IV/Sctaeniopterus/IV_Sctaeniopterus_TP_2021-06-10_144925_001.MP4,1224.53,23.98,No focal subject,Bite,Foraging,None|None|None,POINT,537.561,537.561,NA,,
IV_Sctaeniopterus_TP_2021-06-10_144925,6/20/2025 9:19,,/Volumes/Pillar/Manning_Bonaire2021_FishFollows/IV/Sctaeniopterus/IV_Sctaeniopterus_TP_2021-06-10_144925_001.MP4,1224.53,23.98,No focal subject,Bite,Foraging,None|None|None,POINT,540.975,540.975,NA,,
IV_Sctaeniopterus_TP_2021-06-10_144925,6/20/2025 9:19,,/Volumes/Pillar/Manning_Bonaire2021_FishFollows/IV/Sctaeniopterus/IV_Sctaeniopterus_TP_2021-06-10_144925_001.MP4,1224.53,23.98,No focal subject,Bite,Foraging,None|None|None,POINT,542.23,542.23,NA,,
IV_Sctaeniopterus_TP_2021-06-10_144925,6/20/2025 9:19,,/Volumes/Pillar/Manning_Bonaire2021_FishFollows/IV/Sctaeniopterus/IV_Sctaeniopterus_TP_2021-06-10_144925_001.MP4,1224.53,23.98,No focal subject,Bite,Foraging,None|None|None,POINT,543.552,543.552,NA,,
IV_Sctaeniopterus_TP_2021-06-10_144925,6/20/2025 9:19,,/Volumes/Pillar/Manning_Bonaire2021_FishFollows/IV/Sctaeniopterus/IV_Sctaeniopterus_TP_2021-06-10_144925_001.MP4,1224.53,23.98,No focal subject,Bite,Foraging,None|None|None,POINT,549.56,549.56,NA,,
IV_Sctaeniopterus_TP_2021-06-10_144925,6/20/2025 9:19,,/Volumes/Pillar/Manning_Bonaire2021_FishFollows/IV/Sctaeniopterus/IV_Sctaeniopterus_TP_2021-06-10_144925_001.MP4,1224.53,23.98,No focal subject,Bite,Foraging,None|None|None,POINT,551.056,551.056,NA,,
IV_Sctaeniopterus_TP_2021-06-10_144925,6/20/2025 9:19,,/Volumes/Pillar/Manning_Bonaire2021_FishFollows/IV/Sctaeniopterus/IV_Sctaeniopterus_TP_2021-06-10_144925_001.MP4,1224.53,23.98,No focal subject,Bite,Foraging,None|None|None,POINT,552.231,552.231,NA,,
IV_Sctaeniopterus_TP_2021-06-10_144925,6/20/2025 9:19,,/Volumes/Pillar/Manning_Bonaire2021_FishFollows/IV/Sctaeniopterus/IV_Sctaeniopterus_TP_2021-06-10_144925_001.MP4,1224.53,23.98,No focal subject,Bite,Foraging,Feces|None|None,POINT,580.314,580.314,NA,,
IV_Sctaeniopterus_TP_2021-06-10_144925,6/20/2025 9:19,,/Volumes/Pillar/Manning_Bonaire2021_FishFollows/IV/Sctaeniopterus/IV_Sctaeniopterus_TP_2021-06-10_144925_001.MP4,1224.53,23.98,No focal subject,Bite,Foraging,Feces|None|None,POINT,581.81,581.81,NA,,
IV_Sctaeniopterus_TP_2021-06-10_144925,6/20/2025 9:19,,/Volumes/Pillar/Manning_Bonaire2021_FishFollows/IV/Sctaeniopterus/IV_Sctaeniopterus_TP_2021-06-10_144925_001.MP4,1224.53,23.98,No focal subject,Bite,Foraging,None|None|None,POINT,598.228,598.228,NA,,
IV_Sctaeniopterus_TP_2021-06-10_144925,6/20/2025 9:19,,/Volumes/Pillar/Manning_Bonaire2021_FishFollows/IV/Sctaeniopterus/IV_Sctaeniopterus_TP_2021-06-10_144925_001.MP4,1224.53,23.98,No focal subject,Bite,Foraging,None|None|None,POINT,599.302,599.302,NA,,
IV_Sctaeniopterus_TP_2021-06-10_144925,6/20/2025 9:19,,/Volumes/Pillar/Manning_Bonaire2021_FishFollows/IV/Sctaeniopterus/IV_Sctaeniopterus_TP_2021-06-10_144925_001.MP4,1224.53,23.98,No focal subject,Bite,Foraging,None|None|None,POINT,600.481,600.481,NA,,
IV_Sctaeniopterus_TP_2021-06-10_144925,6/20/2025 9:19,,/Volumes/Pillar/Manning_Bonaire2021_FishFollows/IV/Sctaeniopterus/IV_Sctaeniopterus_TP_2021-06-10_144925_001.MP4,1224.53,23.98,No focal subject,Bite,Foraging,None|None|None,POINT,600.803,600.803,NA,,
IV_Sctaeniopterus_TP_2021-06-10_144925,6/20/2025 9:19,,/Volumes/Pillar/Manning_Bonaire2021_FishFollows/IV/Sctaeniopterus/IV_Sctaeniopterus_TP_2021-06-10_144925_001.MP4,1224.53,23.98,No focal subject,Bite,Foraging,None|None|None,POINT,601.56,601.56,NA,,
IV_Sctaeniopterus_TP_2021-06-10_144925,6/20/2025 9:19,,/Volumes/Pillar/Manning_Bonaire2021_FishFollows/IV/Sctaeniopterus/IV_Sctaeniopterus_TP_2021-06-10_144925_001.MP4,1224.53,23.98,No focal subject,Bite,Foraging,None|None|None,POINT,602.31,602.31,NA,,
IV_Sctaeniopterus_TP_2021-06-10_144925,6/20/2025 9:19,,/Volumes/Pillar/Manning_Bonaire2021_FishFollows/IV/Sctaeniopterus/IV_Sctaeniopterus_TP_2021-06-10_144925_001.MP4,1224.53,23.98,No focal subject,Bite,Foraging,None|None|None,POINT,603.053,603.053,NA,,
IV_Sctaeniopterus_TP_2021-06-10_144925,6/20/2025 9:19,,/Volumes/Pillar/Manning_Bonaire2021_FishFollows/IV/Sctaeniopterus/IV_Sctaeniopterus_TP_2021-06-10_144925_001.MP4,1224.53,23.98,No focal subject,Bite,Foraging,None|None|None,POINT,603.814,603.814,NA,,
IV_Sctaeniopterus_TP_2021-06-10_144925,6/20/2025 9:19,,/Volumes/Pillar/Manning_Bonaire2021_FishFollows/IV/Sctaeniopterus/IV_Sctaeniopterus_TP_2021-06-10_144925_001.MP4,1224.53,23.98,No focal subject,Bite,Foraging,None|None|None,POINT,604.566,604.566,NA,,
IV_Sctaeniopterus_TP_2021-06-10_144925,6/20/2025 9:19,,/Volumes/Pillar/Manning_Bonaire2021_FishFollows/IV/Sctaeniopterus/IV_Sctaeniopterus_TP_2021-06-10_144925_001.MP4,1224.53,23.98,No focal subject,Bite,Foraging,None|None|None,POINT,604.989,604.989,NA,,
IV_Sctaeniopterus_TP_2021-06-10_144925,6/20/2025 9:19,,/Volumes/Pillar/Manning_Bonaire2021_FishFollows/IV/Sctaeniopterus/IV_Sctaeniopterus_TP_2021-06-10_144925_001.MP4,1224.53,23.98,No focal subject,Bite,Foraging,None|None|None,POINT,605.734,605.734,NA,,
IV_Sctaeniopterus_TP_2021-06-10_144925,6/20/2025 9:19,,/Volumes/Pillar/Manning_Bonaire2021_FishFollows/IV/Sctaeniopterus/IV_Sctaeniopterus_TP_2021-06-10_144925_001.MP4,1224.53,23.98,No focal subject,Bite,Foraging,None|None|None,POINT,628.229,628.229,NA,,
IV_Sctaeniopterus_TP_2021-06-10_144925,6/20/2025 9:19,,/Volumes/Pillar/Manning_Bonaire2021_FishFollows/IV/Sctaeniopterus/IV_Sctaeniopterus_TP_2021-06-10_144925_001.MP4,1224.53,23.98,No focal subject,Bite,Foraging,None|None|None,POINT,629.311,629.311,NA,,
IV_Sctaeniopterus_TP_2021-06-10_144925,6/20/2025 9:19,,/Volumes/Pillar/Manning_Bonaire2021_FishFollows/IV/Sctaeniopterus/IV_Sctaeniopterus_TP_2021-06-10_144925_001.MP4,1224.53,23.98,No focal subject,Bite,Foraging,None|None|None,POINT,629.73,629.73,NA,,
IV_Sctaeniopterus_TP_2021-06-10_144925,6/20/2025 9:19,,/Volumes/Pillar/Manning_Bonaire2021_FishFollows/IV/Sctaeniopterus/IV_Sctaeniopterus_TP_2021-06-10_144925_001.MP4,1224.53,23.98,No focal subject,Bite,Foraging,None|None|None,POINT,631.58,631.58,NA,,
IV_Sctaeniopterus_TP_2021-06-10_144925,6/20/2025 9:19,,/Volumes/Pillar/Manning_Bonaire2021_FishFollows/IV/Sctaeniopterus/IV_Sctaeniopterus_TP_2021-06-10_144925_001.MP4,1224.53,23.98,No focal subject,Bite,Foraging,None|None|None,POINT,632.292,632.292,NA,,
IV_Sctaeniopterus_TP_2021-06-10_144925,6/20/2025 9:19,,/Volumes/Pillar/Manning_Bonaire2021_FishFollows/IV/Sctaeniopterus/IV_Sctaeniopterus_TP_2021-06-10_144925_001.MP4,1224.53,23.98,No focal subject,Bite,Foraging,None|None|None,POINT,632.732,632.732,NA,,
IV_Sctaeniopterus_TP_2021-06-10_144925,6/20/2025 9:19,,/Volumes/Pillar/Manning_Bonaire2021_FishFollows/IV/Sctaeniopterus/IV_Sctaeniopterus_TP_2021-06-10_144925_001.MP4,1224.53,23.98,No focal subject,Bite,Foraging,None|None|None,POINT,634.227,634.227,NA,,
IV_Sctaeniopterus_TP_2021-06-10_144925,6/20/2025 9:19,,/Volumes/Pillar/Manning_Bonaire2021_FishFollows/IV/Sctaeniopterus/IV_Sctaeniopterus_TP_2021-06-10_144925_001.MP4,1224.53,23.98,No focal subject,Bite,Foraging,None|None|None,POINT,642.482,642.482,NA,,
IV_Sctaeniopterus_TP_2021-06-10_144925,6/20/2025 9:19,,/Volumes/Pillar/Manning_Bonaire2021_FishFollows/IV/Sctaeniopterus/IV_Sctaeniopterus_TP_2021-06-10_144925_001.MP4,1224.53,23.98,No focal subject,Bite,Foraging,None|None|None,POINT,643.238,643.238,NA,,
IV_Sctaeniopterus_TP_2021-06-10_144925,6/20/2025 9:19,,/Volumes/Pillar/Manning_Bonaire2021_FishFollows/IV/Sctaeniopterus/IV_Sctaeniopterus_TP_2021-06-10_144925_001.MP4,1224.53,23.98,No focal subject,Bite,Foraging,None|None|None,POINT,643.73,643.73,NA,,
IV_Sctaeniopterus_TP_2021-06-10_144925,6/20/2025 9:19,,/Volumes/Pillar/Manning_Bonaire2021_FishFollows/IV/Sctaeniopterus/IV_Sctaeniopterus_TP_2021-06-10_144925_001.MP4,1224.53,23.98,No focal subject,Bite,Foraging,None|None|None,POINT,644.306,644.306,NA,,
IV_Sctaeniopterus_TP_2021-06-10_144925,6/20/2025 9:19,,/Volumes/Pillar/Manning_Bonaire2021_FishFollows/IV/Sctaeniopterus/IV_Sctaeniopterus_TP_2021-06-10_144925_001.MP4,1224.53,23.98,No focal subject,Bite,Foraging,None|None|None,POINT,645.062,645.062,NA,,
IV_Sctaeniopterus_TP_2021-06-10_144925,6/20/2025 9:19,,/Volumes/Pillar/Manning_Bonaire2021_FishFollows/IV/Sctaeniopterus/IV_Sctaeniopterus_TP_2021-06-10_144925_001.MP4,1224.53,23.98,No focal subject,Bite,Foraging,None|None|None,POINT,659.293,659.293,NA,,
IV_Sctaeniopterus_TP_2021-06-10_144925,6/20/2025 9:19,,/Volumes/Pillar/Manning_Bonaire2021_FishFollows/IV/Sctaeniopterus/IV_Sctaeniopterus_TP_2021-06-10_144925_001.MP4,1224.53,23.98,No focal subject,Bite,Foraging,None|None|None,POINT,660.069,660.069,NA,,
IV_Sctaeniopterus_TP_2021-06-10_144925,6/20/2025 9:19,,/Volumes/Pillar/Manning_Bonaire2021_FishFollows/IV/Sctaeniopterus/IV_Sctaeniopterus_TP_2021-06-10_144925_001.MP4,1224.53,23.98,No focal subject,Bite,Foraging,None|None|None,POINT,660.808,660.808,NA,,
IV_Sctaeniopterus_TP_2021-06-10_144925,6/20/2025 9:19,,/Volumes/Pillar/Manning_Bonaire2021_FishFollows/IV/Sctaeniopterus/IV_Sctaeniopterus_TP_2021-06-10_144925_001.MP4,1224.53,23.98,No focal subject,Bite,Foraging,None|None|None,POINT,661.562,661.562,NA,,
IV_Sctaeniopterus_TP_2021-06-10_144925,6/20/2025 9:19,,/Volumes/Pillar/Manning_Bonaire2021_FishFollows/IV/Sctaeniopterus/IV_Sctaeniopterus_TP_2021-06-10_144925_001.MP4,1224.53,23.98,No focal subject,Bite,Foraging,None|None|None,POINT,663.482,663.482,NA,,
IV_Sctaeniopterus_TP_2021-06-10_144925,6/20/2025 9:19,,/Volumes/Pillar/Manning_Bonaire2021_FishFollows/IV/Sctaeniopterus/IV_Sctaeniopterus_TP_2021-06-10_144925_001.MP4,1224.53,23.98,No focal subject,Bite,Foraging,None|None|None,POINT,667.227,667.227,NA,,
IV_Sctaeniopterus_TP_2021-06-10_144925,6/20/2025 9:19,,/Volumes/Pillar/Manning_Bonaire2021_FishFollows/IV/Sctaeniopterus/IV_Sctaeniopterus_TP_2021-06-10_144925_001.MP4,1224.53,23.98,No focal subject,Bite,Foraging,None|None|None,POINT,672.805,672.805,NA,,
IV_Sctaeniopterus_TP_2021-06-10_144925,6/20/2025 9:19,,/Volumes/Pillar/Manning_Bonaire2021_FishFollows/IV/Sctaeniopterus/IV_Sctaeniopterus_TP_2021-06-10_144925_001.MP4,1224.53,23.98,No focal subject,Bite,Foraging,None|None|None,POINT,673.977,673.977,NA,,
IV_Sctaeniopterus_TP_2021-06-10_144925,6/20/2025 9:19,,/Volumes/Pillar/Manning_Bonaire2021_FishFollows/IV/Sctaeniopterus/IV_Sctaeniopterus_TP_2021-06-10_144925_001.MP4,1224.53,23.98,No focal subject,Bite,Foraging,None|None|None,POINT,674.732,674.732,NA,,
IV_Sctaeniopterus_TP_2021-06-10_144925,6/20/2025 9:19,,/Volumes/Pillar/Manning_Bonaire2021_FishFollows/IV/Sctaeniopterus/IV_Sctaeniopterus_TP_2021-06-10_144925_001.MP4,1224.53,23.98,No focal subject,Bite,Foraging,None|None|None,POINT,675.486,675.486,NA,,
IV_Sctaeniopterus_TP_2021-06-10_144925,6/20/2025 9:19,,/Volumes/Pillar/Manning_Bonaire2021_FishFollows/IV/Sctaeniopterus/IV_Sctaeniopterus_TP_2021-06-10_144925_001.MP4,1224.53,23.98,No focal subject,Bite,Foraging,None|None|None,POINT,676.501,676.501,NA,,
IV_Sctaeniopterus_TP_2021-06-10_144925,6/20/2025 9:19,,/Volumes/Pillar/Manning_Bonaire2021_FishFollows/IV/Sctaeniopterus/IV_Sctaeniopterus_TP_2021-06-10_144925_001.MP4,1224.53,23.98,No focal subject,Bite,Foraging,None|None|None,POINT,676.99,676.99,NA,,
IV_Sctaeniopterus_TP_2021-06-10_144925,6/20/2025 9:19,,/Volumes/Pillar/Manning_Bonaire2021_FishFollows/IV/Sctaeniopterus/IV_Sctaeniopterus_TP_2021-06-10_144925_001.MP4,1224.53,23.98,No focal subject,Bite,Foraging,None|None|None,POINT,677.302,677.302,NA,,
IV_Sctaeniopterus_TP_2021-06-10_144925,6/20/2025 9:19,,/Volumes/Pillar/Manning_Bonaire2021_FishFollows/IV/Sctaeniopterus/IV_Sctaeniopterus_TP_2021-06-10_144925_001.MP4,1224.53,23.98,No focal subject,Bite,Foraging,None|None|None,POINT,678.059,678.059,NA,,
IV_Sctaeniopterus_TP_2021-06-10_144925,6/20/2025 9:19,,/Volumes/Pillar/Manning_Bonaire2021_FishFollows/IV/Sctaeniopterus/IV_Sctaeniopterus_TP_2021-06-10_144925_001.MP4,1224.53,23.98,No focal subject,Bite,Foraging,None|None|None,POINT,678.81,678.81,NA,,
IV_Sctaeniopterus_TP_2021-06-10_144925,6/20/2025 9:19,,/Volumes/Pillar/Manning_Bonaire2021_FishFollows/IV/Sctaeniopterus/IV_Sctaeniopterus_TP_2021-06-10_144925_001.MP4,1224.53,23.98,No focal subject,Bite,Foraging,None|None|None,POINT,679.982,679.982,NA,,
IV_Sctaeniopterus_TP_2021-06-10_144925,6/20/2025 9:19,,/Volumes/Pillar/Manning_Bonaire2021_FishFollows/IV/Sctaeniopterus/IV_Sctaeniopterus_TP_2021-06-10_144925_001.MP4,1224.53,23.98,No focal subject,Bite,Foraging,None|None|None,POINT,680.727,680.727,NA,,
IV_Sctaeniopterus_TP_2021-06-10_144925,6/20/2025 9:19,,/Volumes/Pillar/Manning_Bonaire2021_FishFollows/IV/Sctaeniopterus/IV_Sctaeniopterus_TP_2021-06-10_144925_001.MP4,1224.53,23.98,No focal subject,Bite,Foraging,None|None|None,POINT,681.808,681.808,NA,,
IV_Sctaeniopterus_TP_2021-06-10_144925,6/20/2025 9:19,,/Volumes/Pillar/Manning_Bonaire2021_FishFollows/IV/Sctaeniopterus/IV_Sctaeniopterus_TP_2021-06-10_144925_001.MP4,1224.53,23.98,No focal subject,Bite,Foraging,None|None|None,POINT,687.805,687.805,NA,,
IV_Sctaeniopterus_TP_2021-06-10_144925,6/20/2025 9:19,,/Volumes/Pillar/Manning_Bonaire2021_FishFollows/IV/Sctaeniopterus/IV_Sctaeniopterus_TP_2021-06-10_144925_001.MP4,1224.53,23.98,No focal subject,Bite,Foraging,None|None|None,POINT,691.726,691.726,NA,,
IV_Sctaeniopterus_TP_2021-06-10_144925,6/20/2025 9:19,,/Volumes/Pillar/Manning_Bonaire2021_FishFollows/IV/Sctaeniopterus/IV_Sctaeniopterus_TP_2021-06-10_144925_001.MP4,1224.53,23.98,No focal subject,Bite,Foraging,None|None|None,POINT,693.561,693.561,NA,,
IV_Sctaeniopterus_TP_2021-06-10_144925,6/20/2025 9:19,,/Volumes/Pillar/Manning_Bonaire2021_FishFollows/IV/Sctaeniopterus/IV_Sctaeniopterus_TP_2021-06-10_144925_002.MP4,1224.53,23.98,No focal subject,Bite,Foraging,None|None|None,POINT,710.471,710.471,NA,,
IV_Sctaeniopterus_TP_2021-06-10_144925,6/20/2025 9:19,,/Volumes/Pillar/Manning_Bonaire2021_FishFollows/IV/Sctaeniopterus/IV_Sctaeniopterus_TP_2021-06-10_144925_002.MP4,1224.53,23.98,No focal subject,Bite,Foraging,None|None|None,POINT,711.656,711.656,NA,,
IV_Sctaeniopterus_TP_2021-06-10_144925,6/20/2025 9:19,,/Volumes/Pillar/Manning_Bonaire2021_FishFollows/IV/Sctaeniopterus/IV_Sctaeniopterus_TP_2021-06-10_144925_002.MP4,1224.53,23.98,No focal subject,Bite,Foraging,None|None|None,POINT,713.154,713.154,NA,,
IV_Sctaeniopterus_TP_2021-06-10_144925,6/20/2025 9:19,,/Volumes/Pillar/Manning_Bonaire2021_FishFollows/IV/Sctaeniopterus/IV_Sctaeniopterus_TP_2021-06-10_144925_002.MP4,1224.53,23.98,No focal subject,Bite,Foraging,None|None|None,POINT,716.153,716.153,NA,,
IV_Sctaeniopterus_TP_2021-06-10_144925,6/20/2025 9:19,,/Volumes/Pillar/Manning_Bonaire2021_FishFollows/IV/Sctaeniopterus/IV_Sctaeniopterus_TP_2021-06-10_144925_002.MP4,1224.53,23.98,No focal subject,Bite,Foraging,None|None|None,POINT,720.384,720.384,NA,,
IV_Sctaeniopterus_TP_2021-06-10_144925,6/20/2025 9:19,,/Volumes/Pillar/Manning_Bonaire2021_FishFollows/IV/Sctaeniopterus/IV_Sctaeniopterus_TP_2021-06-10_144925_002.MP4,1224.53,23.98,No focal subject,Bite,Foraging,None|None|None,POINT,723.664,723.664,NA,,
IV_Sctaeniopterus_TP_2021-06-10_144925,6/20/2025 9:19,,/Volumes/Pillar/Manning_Bonaire2021_FishFollows/IV/Sctaeniopterus/IV_Sctaeniopterus_TP_2021-06-10_144925_002.MP4,1224.53,23.98,No focal subject,Bite,Foraging,None|None|None,POINT,724.462,724.462,NA,,
IV_Sctaeniopterus_TP_2021-06-10_144925,6/20/2025 9:19,,/Volumes/Pillar/Manning_Bonaire2021_FishFollows/IV/Sctaeniopterus/IV_Sctaeniopterus_TP_2021-06-10_144925_002.MP4,1224.53,23.98,No focal subject,Bite,Foraging,None|None|None,POINT,729.881,729.881,NA,,
IV_Sctaeniopterus_TP_2021-06-10_144925,6/20/2025 9:19,,/Volumes/Pillar/Manning_Bonaire2021_FishFollows/IV/Sctaeniopterus/IV_Sctaeniopterus_TP_2021-06-10_144925_002.MP4,1224.53,23.98,No focal subject,Bite,Foraging,None|None|None,POINT,732.714,732.714,NA,,
IV_Sctaeniopterus_TP_2021-06-10_144925,6/20/2025 9:19,,/Volumes/Pillar/Manning_Bonaire2021_FishFollows/IV/Sctaeniopterus/IV_Sctaeniopterus_TP_2021-06-10_144925_002.MP4,1224.53,23.98,No focal subject,Bite,Foraging,None|None|None,POINT,733.469,733.469,NA,,
IV_Sctaeniopterus_TP_2021-06-10_144925,6/20/2025 9:19,,/Volumes/Pillar/Manning_Bonaire2021_FishFollows/IV/Sctaeniopterus/IV_Sctaeniopterus_TP_2021-06-10_144925_002.MP4,1224.53,23.98,No focal subject,Bite,Foraging,None|None|None,POINT,734.64,734.64,NA,,
IV_Sctaeniopterus_TP_2021-06-10_144925,6/20/2025 9:19,,/Volumes/Pillar/Manning_Bonaire2021_FishFollows/IV/Sctaeniopterus/IV_Sctaeniopterus_TP_2021-06-10_144925_002.MP4,1224.53,23.98,No focal subject,Bite,Foraging,None|None|None,POINT,735.88,735.88,NA,,
IV_Sctaeniopterus_TP_2021-06-10_144925,6/20/2025 9:19,,/Volumes/Pillar/Manning_Bonaire2021_FishFollows/IV/Sctaeniopterus/IV_Sctaeniopterus_TP_2021-06-10_144925_002.MP4,1224.53,23.98,No focal subject,Bite,Foraging,None|None|None,POINT,745.381,745.381,NA,,
IV_Sctaeniopterus_TP_2021-06-10_144925,6/20/2025 9:19,,/Volumes/Pillar/Manning_Bonaire2021_FishFollows/IV/Sctaeniopterus/IV_Sctaeniopterus_TP_2021-06-10_144925_002.MP4,1224.53,23.98,No focal subject,Bite,Foraging,None|None|None,POINT,747.165,747.165,NA,,
IV_Sctaeniopterus_TP_2021-06-10_144925,6/20/2025 9:19,,/Volumes/Pillar/Manning_Bonaire2021_FishFollows/IV/Sctaeniopterus/IV_Sctaeniopterus_TP_2021-06-10_144925_002.MP4,1224.53,23.98,No focal subject,Bite,Foraging,None|None|None,POINT,748.88,748.88,NA,,
IV_Sctaeniopterus_TP_2021-06-10_144925,6/20/2025 9:19,,/Volumes/Pillar/Manning_Bonaire2021_FishFollows/IV/Sctaeniopterus/IV_Sctaeniopterus_TP_2021-06-10_144925_002.MP4,1224.53,23.98,No focal subject,Bite,Foraging,None|None|None,POINT,750.638,750.638,NA,,
IV_Sctaeniopterus_TP_2021-06-10_144925,6/20/2025 9:19,,/Volumes/Pillar/Manning_Bonaire2021_FishFollows/IV/Sctaeniopterus/IV_Sctaeniopterus_TP_2021-06-10_144925_002.MP4,1224.53,23.98,No focal subject,Bite,Foraging,None|None|None,POINT,759.402,759.402,NA,,
IV_Sctaeniopterus_TP_2021-06-10_144925,6/20/2025 9:19,,/Volumes/Pillar/Manning_Bonaire2021_FishFollows/IV/Sctaeniopterus/IV_Sctaeniopterus_TP_2021-06-10_144925_002.MP4,1224.53,23.98,No focal subject,Bite,Foraging,None|None|None,POINT,762.136,762.136,NA,,
IV_Sctaeniopterus_TP_2021-06-10_144925,6/20/2025 9:19,,/Volumes/Pillar/Manning_Bonaire2021_FishFollows/IV/Sctaeniopterus/IV_Sctaeniopterus_TP_2021-06-10_144925_002.MP4,1224.53,23.98,No focal subject,Bite,Foraging,None|None|None,POINT,762.639,762.639,NA,,
IV_Sctaeniopterus_TP_2021-06-10_144925,6/20/2025 9:19,,/Volumes/Pillar/Manning_Bonaire2021_FishFollows/IV/Sctaeniopterus/IV_Sctaeniopterus_TP_2021-06-10_144925_002.MP4,1224.53,23.98,No focal subject,Bite,Foraging,None|None|None,POINT,763.385,763.385,NA,,
IV_Sctaeniopterus_TP_2021-06-10_144925,6/20/2025 9:19,,/Volumes/Pillar/Manning_Bonaire2021_FishFollows/IV/Sctaeniopterus/IV_Sctaeniopterus_TP_2021-06-10_144925_002.MP4,1224.53,23.98,No focal subject,Bite,Foraging,None|None|None,POINT,764.139,764.139,NA,,
IV_Sctaeniopterus_TP_2021-06-10_144925,6/20/2025 9:19,,/Volumes/Pillar/Manning_Bonaire2021_FishFollows/IV/Sctaeniopterus/IV_Sctaeniopterus_TP_2021-06-10_144925_002.MP4,1224.53,23.98,No focal subject,Bite,Foraging,None|None|None,POINT,765.139,765.139,NA,,
IV_Sctaeniopterus_TP_2021-06-10_144925,6/20/2025 9:19,,/Volumes/Pillar/Manning_Bonaire2021_FishFollows/IV/Sctaeniopterus/IV_Sctaeniopterus_TP_2021-06-10_144925_002.MP4,1224.53,23.98,No focal subject,Bite,Foraging,None|None|None,POINT,765.639,765.639,NA,,
IV_Sctaeniopterus_TP_2021-06-10_144925,6/20/2025 9:19,,/Volumes/Pillar/Manning_Bonaire2021_FishFollows/IV/Sctaeniopterus/IV_Sctaeniopterus_TP_2021-06-10_144925_002.MP4,1224.53,23.98,No focal subject,Bite,Foraging,None|None|None,POINT,766.637,766.637,NA,,
IV_Sctaeniopterus_TP_2021-06-10_144925,6/20/2025 9:19,,/Volumes/Pillar/Manning_Bonaire2021_FishFollows/IV/Sctaeniopterus/IV_Sctaeniopterus_TP_2021-06-10_144925_002.MP4,1224.53,23.98,No focal subject,Bite,Foraging,None|None|None,POINT,767.156,767.156,NA,,
IV_Sctaeniopterus_TP_2021-06-10_144925,6/20/2025 9:19,,/Volumes/Pillar/Manning_Bonaire2021_FishFollows/IV/Sctaeniopterus/IV_Sctaeniopterus_TP_2021-06-10_144925_002.MP4,1224.53,23.98,No focal subject,Bite,Foraging,None|None|None,POINT,767.638,767.638,NA,,
IV_Sctaeniopterus_TP_2021-06-10_144925,6/20/2025 9:19,,/Volumes/Pillar/Manning_Bonaire2021_FishFollows/IV/Sctaeniopterus/IV_Sctaeniopterus_TP_2021-06-10_144925_002.MP4,1224.53,23.98,No focal subject,Bite,Foraging,None|None|None,POINT,768.381,768.381,NA,,
IV_Sctaeniopterus_TP_2021-06-10_144925,6/20/2025 9:19,,/Volumes/Pillar/Manning_Bonaire2021_FishFollows/IV/Sctaeniopterus/IV_Sctaeniopterus_TP_2021-06-10_144925_002.MP4,1224.53,23.98,No focal subject,Bite,Foraging,None|None|None,POINT,769.386,769.386,NA,,
IV_Sctaeniopterus_TP_2021-06-10_144925,6/20/2025 9:19,,/Volumes/Pillar/Manning_Bonaire2021_FishFollows/IV/Sctaeniopterus/IV_Sctaeniopterus_TP_2021-06-10_144925_002.MP4,1224.53,23.98,No focal subject,Bite,Foraging,None|None|None,POINT,770.882,770.882,NA,,
IV_Sctaeniopterus_TP_2021-06-10_144925,6/20/2025 9:19,,/Volumes/Pillar/Manning_Bonaire2021_FishFollows/IV/Sctaeniopterus/IV_Sctaeniopterus_TP_2021-06-10_144925_002.MP4,1224.53,23.98,No focal subject,Bite,Foraging,None|None|None,POINT,771.884,771.884,NA,,
IV_Sctaeniopterus_TP_2021-06-10_144925,6/20/2025 9:19,,/Volumes/Pillar/Manning_Bonaire2021_FishFollows/IV/Sctaeniopterus/IV_Sctaeniopterus_TP_2021-06-10_144925_002.MP4,1224.53,23.98,No focal subject,Bite,Foraging,None|None|None,POINT,772.89,772.89,NA,,
IV_Sctaeniopterus_TP_2021-06-10_144925,6/20/2025 9:19,,/Volumes/Pillar/Manning_Bonaire2021_FishFollows/IV/Sctaeniopterus/IV_Sctaeniopterus_TP_2021-06-10_144925_002.MP4,1224.53,23.98,No focal subject,Bite,Foraging,None|None|None,POINT,773.631,773.631,NA,,
IV_Sctaeniopterus_TP_2021-06-10_144925,6/20/2025 9:19,,/Volumes/Pillar/Manning_Bonaire2021_FishFollows/IV/Sctaeniopterus/IV_Sctaeniopterus_TP_2021-06-10_144925_002.MP4,1224.53,23.98,No focal subject,Bite,Foraging,None|None|None,POINT,775.662,775.662,NA,,
IV_Sctaeniopterus_TP_2021-06-10_144925,6/20/2025 9:19,,/Volumes/Pillar/Manning_Bonaire2021_FishFollows/IV/Sctaeniopterus/IV_Sctaeniopterus_TP_2021-06-10_144925_002.MP4,1224.53,23.98,No focal subject,Bite,Foraging,None|None|None,POINT,778.689,778.689,NA,,
IV_Sctaeniopterus_TP_2021-06-10_144925,6/20/2025 9:19,,/Volumes/Pillar/Manning_Bonaire2021_FishFollows/IV/Sctaeniopterus/IV_Sctaeniopterus_TP_2021-06-10_144925_002.MP4,1224.53,23.98,No focal subject,Bite,Foraging,None|None|None,POINT,789.23,789.23,NA,,
IV_Sctaeniopterus_TP_2021-06-10_144925,6/20/2025 9:19,,/Volumes/Pillar/Manning_Bonaire2021_FishFollows/IV/Sctaeniopterus/IV_Sctaeniopterus_TP_2021-06-10_144925_002.MP4,1224.53,23.98,No focal subject,Bite,Foraging,None|None|None,POINT,789.938,789.938,NA,,
IV_Sctaeniopterus_TP_2021-06-10_144925,6/20/2025 9:19,,/Volumes/Pillar/Manning_Bonaire2021_FishFollows/IV/Sctaeniopterus/IV_Sctaeniopterus_TP_2021-06-10_144925_002.MP4,1224.53,23.98,No focal subject,Bite,Foraging,None|None|None,POINT,793.479,793.479,NA,,
IV_Sctaeniopterus_TP_2021-06-10_144925,6/20/2025 9:19,,/Volumes/Pillar/Manning_Bonaire2021_FishFollows/IV/Sctaeniopterus/IV_Sctaeniopterus_TP_2021-06-10_144925_002.MP4,1224.53,23.98,No focal subject,Bite,Foraging,None|None|None,POINT,794.942,794.942,NA,,
IV_Sctaeniopterus_TP_2021-06-10_144925,6/20/2025 9:19,,/Volumes/Pillar/Manning_Bonaire2021_FishFollows/IV/Sctaeniopterus/IV_Sctaeniopterus_TP_2021-06-10_144925_002.MP4,1224.53,23.98,No focal subject,Bite,Foraging,None|None|None,POINT,796.484,796.484,NA,,
IV_Sctaeniopterus_TP_2021-06-10_144925,6/20/2025 9:19,,/Volumes/Pillar/Manning_Bonaire2021_FishFollows/IV/Sctaeniopterus/IV_Sctaeniopterus_TP_2021-06-10_144925_002.MP4,1224.53,23.98,No focal subject,Bite,Foraging,None|None|None,POINT,796.748,796.748,NA,,
IV_Sctaeniopterus_TP_2021-06-10_144925,6/20/2025 9:19,,/Volumes/Pillar/Manning_Bonaire2021_FishFollows/IV/Sctaeniopterus/IV_Sctaeniopterus_TP_2021-06-10_144925_002.MP4,1224.53,23.98,No focal subject,Bite,Foraging,None|None|None,POINT,797.739,797.739,NA,,
IV_Sctaeniopterus_TP_2021-06-10_144925,6/20/2025 9:19,,/Volumes/Pillar/Manning_Bonaire2021_FishFollows/IV/Sctaeniopterus/IV_Sctaeniopterus_TP_2021-06-10_144925_002.MP4,1224.53,23.98,No focal subject,Bite,Foraging,None|None|None,POINT,805.938,805.938,NA,,
IV_Sctaeniopterus_TP_2021-06-10_144925,6/20/2025 9:19,,/Volumes/Pillar/Manning_Bonaire2021_FishFollows/IV/Sctaeniopterus/IV_Sctaeniopterus_TP_2021-06-10_144925_002.MP4,1224.53,23.98,No focal subject,Bite,Foraging,None|None|None,POINT,809.189,809.189,NA,,
IV_Sctaeniopterus_TP_2021-06-10_144925,6/20/2025 9:19,,/Volumes/Pillar/Manning_Bonaire2021_FishFollows/IV/Sctaeniopterus/IV_Sctaeniopterus_TP_2021-06-10_144925_002.MP4,1224.53,23.98,No focal subject,Bite,Foraging,None|None|None,POINT,809.984,809.984,NA,,
IV_Sctaeniopterus_TP_2021-06-10_144925,6/20/2025 9:19,,/Volumes/Pillar/Manning_Bonaire2021_FishFollows/IV/Sctaeniopterus/IV_Sctaeniopterus_TP_2021-06-10_144925_002.MP4,1224.53,23.98,No focal subject,Bite,Foraging,None|None|None,POINT,810.994,810.994,NA,,
IV_Sctaeniopterus_TP_2021-06-10_144925,6/20/2025 9:19,,/Volumes/Pillar/Manning_Bonaire2021_FishFollows/IV/Sctaeniopterus/IV_Sctaeniopterus_TP_2021-06-10_144925_002.MP4,1224.53,23.98,No focal subject,Bite,Foraging,None|None|None,POINT,812.938,812.938,NA,,
IV_Sctaeniopterus_TP_2021-06-10_144925,6/20/2025 9:19,,/Volumes/Pillar/Manning_Bonaire2021_FishFollows/IV/Sctaeniopterus/IV_Sctaeniopterus_TP_2021-06-10_144925_002.MP4,1224.53,23.98,No focal subject,Bite,Foraging,None|None|None,POINT,839.226,839.226,NA,,
IV_Sctaeniopterus_TP_2021-06-10_144925,6/20/2025 9:19,,/Volumes/Pillar/Manning_Bonaire2021_FishFollows/IV/Sctaeniopterus/IV_Sctaeniopterus_TP_2021-06-10_144925_002.MP4,1224.53,23.98,No focal subject,Bite,Foraging,None|None|None,POINT,839.96,839.96,NA,,
IV_Sctaeniopterus_TP_2021-06-10_144925,6/20/2025 9:19,,/Volumes/Pillar/Manning_Bonaire2021_FishFollows/IV/Sctaeniopterus/IV_Sctaeniopterus_TP_2021-06-10_144925_002.MP4,1224.53,23.98,No focal subject,Bite,Foraging,None|None|None,POINT,842.446,842.446,NA,,
IV_Sctaeniopterus_TP_2021-06-10_144925,6/20/2025 9:19,,/Volumes/Pillar/Manning_Bonaire2021_FishFollows/IV/Sctaeniopterus/IV_Sctaeniopterus_TP_2021-06-10_144925_002.MP4,1224.53,23.98,No focal subject,Bite,Foraging,None|None|None,POINT,843.461,843.461,NA,,
IV_Sctaeniopterus_TP_2021-06-10_144925,6/20/2025 9:19,,/Volumes/Pillar/Manning_Bonaire2021_FishFollows/IV/Sctaeniopterus/IV_Sctaeniopterus_TP_2021-06-10_144925_002.MP4,1224.53,23.98,No focal subject,Bite,Foraging,None|None|None,POINT,844.702,844.702,NA,,
IV_Sctaeniopterus_TP_2021-06-10_144925,6/20/2025 9:19,,/Volumes/Pillar/Manning_Bonaire2021_FishFollows/IV/Sctaeniopterus/IV_Sctaeniopterus_TP_2021-06-10_144925_002.MP4,1224.53,23.98,No focal subject,Bite,Foraging,None|None|None,POINT,850.961,850.961,NA,,
IV_Sctaeniopterus_TP_2021-06-10_144925,6/20/2025 9:19,,/Volumes/Pillar/Manning_Bonaire2021_FishFollows/IV/Sctaeniopterus/IV_Sctaeniopterus_TP_2021-06-10_144925_002.MP4,1224.53,23.98,No focal subject,Bite,Foraging,None|None|None,POINT,852.457,852.457,NA,,
IV_Sctaeniopterus_TP_2021-06-10_144925,6/20/2025 9:19,,/Volumes/Pillar/Manning_Bonaire2021_FishFollows/IV/Sctaeniopterus/IV_Sctaeniopterus_TP_2021-06-10_144925_002.MP4,1224.53,23.98,No focal subject,Bite,Foraging,None|None|None,POINT,854.197,854.197,NA,,
IV_Sctaeniopterus_TP_2021-06-10_144925,6/20/2025 9:19,,/Volumes/Pillar/Manning_Bonaire2021_FishFollows/IV/Sctaeniopterus/IV_Sctaeniopterus_TP_2021-06-10_144925_002.MP4,1224.53,23.98,No focal subject,Bite,Foraging,None|None|None,POINT,855.446,855.446,NA,,
IV_Sctaeniopterus_TP_2021-06-10_144925,6/20/2025 9:19,,/Volumes/Pillar/Manning_Bonaire2021_FishFollows/IV/Sctaeniopterus/IV_Sctaeniopterus_TP_2021-06-10_144925_002.MP4,1224.53,23.98,No focal subject,Bite,Foraging,None|None|None,POINT,857.205,857.205,NA,,
IV_Sctaeniopterus_TP_2021-06-10_144925,6/20/2025 9:19,,/Volumes/Pillar/Manning_Bonaire2021_FishFollows/IV/Sctaeniopterus/IV_Sctaeniopterus_TP_2021-06-10_144925_002.MP4,1224.53,23.98,No focal subject,Bite,Foraging,None|None|None,POINT,857.949,857.949,NA,,
IV_Sctaeniopterus_TP_2021-06-10_144925,6/20/2025 9:19,,/Volumes/Pillar/Manning_Bonaire2021_FishFollows/IV/Sctaeniopterus/IV_Sctaeniopterus_TP_2021-06-10_144925_002.MP4,1224.53,23.98,No focal subject,Bite,Foraging,None|None|None,POINT,858.704,858.704,NA,,
IV_Sctaeniopterus_TP_2021-06-10_144925,6/20/2025 9:19,,/Volumes/Pillar/Manning_Bonaire2021_FishFollows/IV/Sctaeniopterus/IV_Sctaeniopterus_TP_2021-06-10_144925_002.MP4,1224.53,23.98,No focal subject,Bite,Foraging,None|None|None,POINT,859.95,859.95,NA,,
IV_Sctaeniopterus_TP_2021-06-10_144925,6/20/2025 9:19,,/Volumes/Pillar/Manning_Bonaire2021_FishFollows/IV/Sctaeniopterus/IV_Sctaeniopterus_TP_2021-06-10_144925_002.MP4,1224.53,23.98,No focal subject,Bite,Foraging,None|None|None,POINT,860.708,860.708,NA,,
IV_Sctaeniopterus_TP_2021-06-10_144925,6/20/2025 9:19,,/Volumes/Pillar/Manning_Bonaire2021_FishFollows/IV/Sctaeniopterus/IV_Sctaeniopterus_TP_2021-06-10_144925_002.MP4,1224.53,23.98,No focal subject,Bite,Foraging,None|None|None,POINT,861.704,861.704,NA,,
IV_Sctaeniopterus_TP_2021-06-10_144925,6/20/2025 9:19,,/Volumes/Pillar/Manning_Bonaire2021_FishFollows/IV/Sctaeniopterus/IV_Sctaeniopterus_TP_2021-06-10_144925_002.MP4,1224.53,23.98,No focal subject,Bite,Foraging,None|None|None,POINT,862.454,862.454,NA,,
IV_Sctaeniopterus_TP_2021-06-10_144925,6/20/2025 9:19,,/Volumes/Pillar/Manning_Bonaire2021_FishFollows/IV/Sctaeniopterus/IV_Sctaeniopterus_TP_2021-06-10_144925_002.MP4,1224.53,23.98,No focal subject,Bite,Foraging,None|None|None,POINT,898.296,898.296,NA,,
IV_Sctaeniopterus_TP_2021-06-10_144925,6/20/2025 9:19,,/Volumes/Pillar/Manning_Bonaire2021_FishFollows/IV/Sctaeniopterus/IV_Sctaeniopterus_TP_2021-06-10_144925_002.MP4,1224.53,23.98,No focal subject,Bite,Foraging,None|None|None,POINT,899.946,899.946,NA,,
IV_Sctaeniopterus_TP_2021-06-10_144925,6/20/2025 9:19,,/Volumes/Pillar/Manning_Bonaire2021_FishFollows/IV/Sctaeniopterus/IV_Sctaeniopterus_TP_2021-06-10_144925_002.MP4,1224.53,23.98,No focal subject,Bite,Foraging,None|None|None,POINT,901.456,901.456,NA,,
IV_Sctaeniopterus_TP_2021-06-10_144925,6/20/2025 9:19,,/Volumes/Pillar/Manning_Bonaire2021_FishFollows/IV/Sctaeniopterus/IV_Sctaeniopterus_TP_2021-06-10_144925_002.MP4,1224.53,23.98,No focal subject,Bite,Foraging,None|None|None,POINT,901.959,901.959,NA,,
IV_Sctaeniopterus_TP_2021-06-10_144925,6/20/2025 9:19,,/Volumes/Pillar/Manning_Bonaire2021_FishFollows/IV/Sctaeniopterus/IV_Sctaeniopterus_TP_2021-06-10_144925_002.MP4,1224.53,23.98,No focal subject,Bite,Foraging,None|None|None,POINT,902.949,902.949,NA,,
IV_Sctaeniopterus_TP_2021-06-10_144925,6/20/2025 9:19,,/Volumes/Pillar/Manning_Bonaire2021_FishFollows/IV/Sctaeniopterus/IV_Sctaeniopterus_TP_2021-06-10_144925_002.MP4,1224.53,23.98,No focal subject,Bite,Foraging,None|None|None,POINT,903.705,903.705,NA,,
IV_Sctaeniopterus_TP_2021-06-10_144925,6/20/2025 9:19,,/Volumes/Pillar/Manning_Bonaire2021_FishFollows/IV/Sctaeniopterus/IV_Sctaeniopterus_TP_2021-06-10_144925_002.MP4,1224.53,23.98,No focal subject,Bite,Foraging,None|None|None,POINT,904.45,904.45,NA,,
IV_Sctaeniopterus_TP_2021-06-10_144925,6/20/2025 9:19,,/Volumes/Pillar/Manning_Bonaire2021_FishFollows/IV/Sctaeniopterus/IV_Sctaeniopterus_TP_2021-06-10_144925_002.MP4,1224.53,23.98,No focal subject,Bite,Foraging,None|None|None,POINT,904.949,904.949,NA,,
IV_Sctaeniopterus_TP_2021-06-10_144925,6/20/2025 9:19,,/Volumes/Pillar/Manning_Bonaire2021_FishFollows/IV/Sctaeniopterus/IV_Sctaeniopterus_TP_2021-06-10_144925_002.MP4,1224.53,23.98,No focal subject,Bite,Foraging,None|None|None,POINT,905.96,905.96,NA,,
IV_Sctaeniopterus_TP_2021-06-10_144925,6/20/2025 9:19,,/Volumes/Pillar/Manning_Bonaire2021_FishFollows/IV/Sctaeniopterus/IV_Sctaeniopterus_TP_2021-06-10_144925_002.MP4,1224.53,23.98,No focal subject,Bite,Foraging,None|None|None,POINT,906.706,906.706,NA,,
IV_Sctaeniopterus_TP_2021-06-10_144925,6/20/2025 9:19,,/Volumes/Pillar/Manning_Bonaire2021_FishFollows/IV/Sctaeniopterus/IV_Sctaeniopterus_TP_2021-06-10_144925_002.MP4,1224.53,23.98,No focal subject,Bite,Foraging,None|None|None,POINT,907.698,907.698,NA,,
IV_Sctaeniopterus_TP_2021-06-10_144925,6/20/2025 9:19,,/Volumes/Pillar/Manning_Bonaire2021_FishFollows/IV/Sctaeniopterus/IV_Sctaeniopterus_TP_2021-06-10_144925_002.MP4,1224.53,23.98,No focal subject,Bite,Foraging,None|None|None,POINT,908.726,908.726,NA,,
IV_Sctaeniopterus_TP_2021-06-10_144925,6/20/2025 9:19,,/Volumes/Pillar/Manning_Bonaire2021_FishFollows/IV/Sctaeniopterus/IV_Sctaeniopterus_TP_2021-06-10_144925_002.MP4,1224.53,23.98,No focal subject,Bite,Foraging,None|None|None,POINT,910.218,910.218,NA,,
IV_Sctaeniopterus_TP_2021-06-10_144925,6/20/2025 9:19,,/Volumes/Pillar/Manning_Bonaire2021_FishFollows/IV/Sctaeniopterus/IV_Sctaeniopterus_TP_2021-06-10_144925_002.MP4,1224.53,23.98,No focal subject,Bite,Foraging,None|None|None,POINT,912.203,912.203,NA,,
IV_Sctaeniopterus_TP_2021-06-10_144925,6/20/2025 9:19,,/Volumes/Pillar/Manning_Bonaire2021_FishFollows/IV/Sctaeniopterus/IV_Sctaeniopterus_TP_2021-06-10_144925_002.MP4,1224.53,23.98,No focal subject,Bite,Foraging,None|None|None,POINT,913.444,913.444,NA,,
IV_Sctaeniopterus_TP_2021-06-10_144925,6/20/2025 9:19,,/Volumes/Pillar/Manning_Bonaire2021_FishFollows/IV/Sctaeniopterus/IV_Sctaeniopterus_TP_2021-06-10_144925_002.MP4,1224.53,23.98,No focal subject,Bite,Foraging,None|None|None,POINT,913.713,913.713,NA,,
IV_Sctaeniopterus_TP_2021-06-10_144925,6/20/2025 9:19,,/Volumes/Pillar/Manning_Bonaire2021_FishFollows/IV/Sctaeniopterus/IV_Sctaeniopterus_TP_2021-06-10_144925_002.MP4,1224.53,23.98,No focal subject,Bite,Foraging,None|None|None,POINT,914.446,914.446,NA,,
IV_Sctaeniopterus_TP_2021-06-10_144925,6/20/2025 9:19,,/Volumes/Pillar/Manning_Bonaire2021_FishFollows/IV/Sctaeniopterus/IV_Sctaeniopterus_TP_2021-06-10_144925_002.MP4,1224.53,23.98,No focal subject,Bite,Foraging,None|None|None,POINT,914.727,914.727,NA,,
IV_Sctaeniopterus_TP_2021-06-10_144925,6/20/2025 9:19,,/Volumes/Pillar/Manning_Bonaire2021_FishFollows/IV/Sctaeniopterus/IV_Sctaeniopterus_TP_2021-06-10_144925_002.MP4,1224.53,23.98,No focal subject,Bite,Foraging,None|None|None,POINT,918.201,918.201,NA,,
IV_Sctaeniopterus_TP_2021-06-10_144925,6/20/2025 9:19,,/Volumes/Pillar/Manning_Bonaire2021_FishFollows/IV/Sctaeniopterus/IV_Sctaeniopterus_TP_2021-06-10_144925_002.MP4,1224.53,23.98,No focal subject,Bite,Foraging,None|None|None,POINT,918.946,918.946,NA,,
IV_Sctaeniopterus_TP_2021-06-10_144925,6/20/2025 9:19,,/Volumes/Pillar/Manning_Bonaire2021_FishFollows/IV/Sctaeniopterus/IV_Sctaeniopterus_TP_2021-06-10_144925_002.MP4,1224.53,23.98,No focal subject,Bite,Foraging,None|None|None,POINT,919.445,919.445,NA,,
IV_Sctaeniopterus_TP_2021-06-10_144925,6/20/2025 9:19,,/Volumes/Pillar/Manning_Bonaire2021_FishFollows/IV/Sctaeniopterus/IV_Sctaeniopterus_TP_2021-06-10_144925_002.MP4,1224.53,23.98,No focal subject,Bite,Foraging,None|None|None,POINT,921.223,921.223,NA,,
IV_Sctaeniopterus_TP_2021-06-10_144925,6/20/2025 9:19,,/Volumes/Pillar/Manning_Bonaire2021_FishFollows/IV/Sctaeniopterus/IV_Sctaeniopterus_TP_2021-06-10_144925_002.MP4,1224.53,23.98,No focal subject,Bite,Foraging,None|None|None,POINT,925.699,925.699,NA,,
IV_Sctaeniopterus_TP_2021-06-10_144925,6/20/2025 9:19,,/Volumes/Pillar/Manning_Bonaire2021_FishFollows/IV/Sctaeniopterus/IV_Sctaeniopterus_TP_2021-06-10_144925_002.MP4,1224.53,23.98,No focal subject,Bite,Foraging,None|None|None,POINT,926.447,926.447,NA,,
IV_Sctaeniopterus_TP_2021-06-10_144925,6/20/2025 9:19,,/Volumes/Pillar/Manning_Bonaire2021_FishFollows/IV/Sctaeniopterus/IV_Sctaeniopterus_TP_2021-06-10_144925_002.MP4,1224.53,23.98,No focal subject,Bite,Foraging,None|None|None,POINT,927.198,927.198,NA,,
IV_Sctaeniopterus_TP_2021-06-10_144925,6/20/2025 9:19,,/Volumes/Pillar/Manning_Bonaire2021_FishFollows/IV/Sctaeniopterus/IV_Sctaeniopterus_TP_2021-06-10_144925_002.MP4,1224.53,23.98,No focal subject,Bite,Foraging,None|None|None,POINT,927.947,927.947,NA,,
IV_Sctaeniopterus_TP_2021-06-10_144925,6/20/2025 9:19,,/Volumes/Pillar/Manning_Bonaire2021_FishFollows/IV/Sctaeniopterus/IV_Sctaeniopterus_TP_2021-06-10_144925_002.MP4,1224.53,23.98,No focal subject,Bite,Foraging,None|None|None,POINT,928.701,928.701,NA,,
IV_Sctaeniopterus_TP_2021-06-10_144925,6/20/2025 9:19,,/Volumes/Pillar/Manning_Bonaire2021_FishFollows/IV/Sctaeniopterus/IV_Sctaeniopterus_TP_2021-06-10_144925_002.MP4,1224.53,23.98,No focal subject,Bite,Foraging,None|None|None,POINT,929.446,929.446,NA,,
IV_Sctaeniopterus_TP_2021-06-10_144925,6/20/2025 9:19,,/Volumes/Pillar/Manning_Bonaire2021_FishFollows/IV/Sctaeniopterus/IV_Sctaeniopterus_TP_2021-06-10_144925_002.MP4,1224.53,23.98,No focal subject,Bite,Foraging,None|None|None,POINT,930.206,930.206,NA,,
IV_Sctaeniopterus_TP_2021-06-10_144925,6/20/2025 9:19,,/Volumes/Pillar/Manning_Bonaire2021_FishFollows/IV/Sctaeniopterus/IV_Sctaeniopterus_TP_2021-06-10_144925_002.MP4,1224.53,23.98,No focal subject,Bite,Foraging,None|None|None,POINT,930.952,930.952,NA,,
IV_Sctaeniopterus_TP_2021-06-10_144925,6/20/2025 9:19,,/Volumes/Pillar/Manning_Bonaire2021_FishFollows/IV/Sctaeniopterus/IV_Sctaeniopterus_TP_2021-06-10_144925_002.MP4,1224.53,23.98,No focal subject,Bite,Foraging,None|None|None,POINT,931.274,931.274,NA,,
IV_Sctaeniopterus_TP_2021-06-10_144925,6/20/2025 9:19,,/Volumes/Pillar/Manning_Bonaire2021_FishFollows/IV/Sctaeniopterus/IV_Sctaeniopterus_TP_2021-06-10_144925_002.MP4,1224.53,23.98,No focal subject,Bite,Foraging,None|None|None,POINT,945.448,945.448,NA,,
IV_Sctaeniopterus_TP_2021-06-10_144925,6/20/2025 9:19,,/Volumes/Pillar/Manning_Bonaire2021_FishFollows/IV/Sctaeniopterus/IV_Sctaeniopterus_TP_2021-06-10_144925_002.MP4,1224.53,23.98,No focal subject,Bite,Foraging,None|None|None,POINT,946.448,946.448,NA,,
IV_Sctaeniopterus_TP_2021-06-10_144925,6/20/2025 9:19,,/Volumes/Pillar/Manning_Bonaire2021_FishFollows/IV/Sctaeniopterus/IV_Sctaeniopterus_TP_2021-06-10_144925_002.MP4,1224.53,23.98,No focal subject,Bite,Foraging,None|None|None,POINT,946.769,946.769,NA,,
IV_Sctaeniopterus_TP_2021-06-10_144925,6/20/2025 9:19,,/Volumes/Pillar/Manning_Bonaire2021_FishFollows/IV/Sctaeniopterus/IV_Sctaeniopterus_TP_2021-06-10_144925_002.MP4,1224.53,23.98,No focal subject,Bite,Foraging,None|None|None,POINT,947.95,947.95,NA,,
IV_Sctaeniopterus_TP_2021-06-10_144925,6/20/2025 9:19,,/Volumes/Pillar/Manning_Bonaire2021_FishFollows/IV/Sctaeniopterus/IV_Sctaeniopterus_TP_2021-06-10_144925_002.MP4,1224.53,23.98,No focal subject,Bite,Foraging,None|None|None,POINT,948.702,948.702,NA,,
IV_Sctaeniopterus_TP_2021-06-10_144925,6/20/2025 9:19,,/Volumes/Pillar/Manning_Bonaire2021_FishFollows/IV/Sctaeniopterus/IV_Sctaeniopterus_TP_2021-06-10_144925_002.MP4,1224.53,23.98,No focal subject,Bite,Foraging,None|None|None,POINT,949.449,949.449,NA,,
IV_Sctaeniopterus_TP_2021-06-10_144925,6/20/2025 9:19,,/Volumes/Pillar/Manning_Bonaire2021_FishFollows/IV/Sctaeniopterus/IV_Sctaeniopterus_TP_2021-06-10_144925_002.MP4,1224.53,23.98,No focal subject,Bite,Foraging,None|None|None,POINT,950.2,950.2,NA,,
IV_Sctaeniopterus_TP_2021-06-10_144925,6/20/2025 9:19,,/Volumes/Pillar/Manning_Bonaire2021_FishFollows/IV/Sctaeniopterus/IV_Sctaeniopterus_TP_2021-06-10_144925_002.MP4,1224.53,23.98,No focal subject,Bite,Foraging,None|None|None,POINT,954.698,954.698,NA,,
IV_Sctaeniopterus_TP_2021-06-10_144925,6/20/2025 9:19,,/Volumes/Pillar/Manning_Bonaire2021_FishFollows/IV/Sctaeniopterus/IV_Sctaeniopterus_TP_2021-06-10_144925_002.MP4,1224.53,23.98,No focal subject,Bite,Foraging,None|None|None,POINT,955.446,955.446,NA,,
IV_Sctaeniopterus_TP_2021-06-10_144925,6/20/2025 9:19,,/Volumes/Pillar/Manning_Bonaire2021_FishFollows/IV/Sctaeniopterus/IV_Sctaeniopterus_TP_2021-06-10_144925_002.MP4,1224.53,23.98,No focal subject,Bite,Foraging,None|None|None,POINT,956.201,956.201,NA,,
IV_Sctaeniopterus_TP_2021-06-10_144925,6/20/2025 9:19,,/Volumes/Pillar/Manning_Bonaire2021_FishFollows/IV/Sctaeniopterus/IV_Sctaeniopterus_TP_2021-06-10_144925_002.MP4,1224.53,23.98,No focal subject,Bite,Foraging,None|None|None,POINT,957.209,957.209,NA,,
IV_Sctaeniopterus_TP_2021-06-10_144925,6/20/2025 9:19,,/Volumes/Pillar/Manning_Bonaire2021_FishFollows/IV/Sctaeniopterus/IV_Sctaeniopterus_TP_2021-06-10_144925_002.MP4,1224.53,23.98,No focal subject,Bite,Foraging,None|None|None,POINT,957.71,957.71,NA,,
IV_Sctaeniopterus_TP_2021-06-10_144925,6/20/2025 9:19,,/Volumes/Pillar/Manning_Bonaire2021_FishFollows/IV/Sctaeniopterus/IV_Sctaeniopterus_TP_2021-06-10_144925_002.MP4,1224.53,23.98,No focal subject,Bite,Foraging,None|None|None,POINT,958.454,958.454,NA,,
IV_Sctaeniopterus_TP_2021-06-10_144925,6/20/2025 9:19,,/Volumes/Pillar/Manning_Bonaire2021_FishFollows/IV/Sctaeniopterus/IV_Sctaeniopterus_TP_2021-06-10_144925_002.MP4,1224.53,23.98,No focal subject,Bite,Foraging,None|None|None,POINT,959.201,959.201,NA,,
IV_Sctaeniopterus_TP_2021-06-10_144925,6/20/2025 9:19,,/Volumes/Pillar/Manning_Bonaire2021_FishFollows/IV/Sctaeniopterus/IV_Sctaeniopterus_TP_2021-06-10_144925_002.MP4,1224.53,23.98,No focal subject,Bite,Foraging,None|None|None,POINT,987.451,987.451,NA,,
IV_Sctaeniopterus_TP_2021-06-10_144925,6/20/2025 9:19,,/Volumes/Pillar/Manning_Bonaire2021_FishFollows/IV/Sctaeniopterus/IV_Sctaeniopterus_TP_2021-06-10_144925_002.MP4,1224.53,23.98,No focal subject,Bite,Foraging,None|None|None,POINT,989.204,989.204,NA,,
IV_Sctaeniopterus_TP_2021-06-10_144925,6/20/2025 9:19,,/Volumes/Pillar/Manning_Bonaire2021_FishFollows/IV/Sctaeniopterus/IV_Sctaeniopterus_TP_2021-06-10_144925_002.MP4,1224.53,23.98,No focal subject,Bite,Foraging,None|None|None,POINT,989.778,989.778,NA,,
IV_Sctaeniopterus_TP_2021-06-10_144925,6/20/2025 9:19,,/Volumes/Pillar/Manning_Bonaire2021_FishFollows/IV/Sctaeniopterus/IV_Sctaeniopterus_TP_2021-06-10_144925_002.MP4,1224.53,23.98,No focal subject,Bite,Foraging,None|None|None,POINT,990.527,990.527,NA,,
IV_Sctaeniopterus_TP_2021-06-10_144925,6/20/2025 9:19,,/Volumes/Pillar/Manning_Bonaire2021_FishFollows/IV/Sctaeniopterus/IV_Sctaeniopterus_TP_2021-06-10_144925_002.MP4,1224.53,23.98,No focal subject,Bite,Foraging,None|None|None,POINT,992.02,992.02,NA,,
IV_Sctaeniopterus_TP_2021-06-10_144925,6/20/2025 9:19,,/Volumes/Pillar/Manning_Bonaire2021_FishFollows/IV/Sctaeniopterus/IV_Sctaeniopterus_TP_2021-06-10_144925_002.MP4,1224.53,23.98,No focal subject,Bite,Foraging,None|None|None,POINT,992.78,992.78,NA,,
IV_Sctaeniopterus_TP_2021-06-10_144925,6/20/2025 9:19,,/Volumes/Pillar/Manning_Bonaire2021_FishFollows/IV/Sctaeniopterus/IV_Sctaeniopterus_TP_2021-06-10_144925_002.MP4,1224.53,23.98,No focal subject,Bite,Foraging,None|None|None,POINT,994.7,994.7,NA,,
IV_Sctaeniopterus_TP_2021-06-10_144925,6/20/2025 9:19,,/Volumes/Pillar/Manning_Bonaire2021_FishFollows/IV/Sctaeniopterus/IV_Sctaeniopterus_TP_2021-06-10_144925_002.MP4,1224.53,23.98,No focal subject,Bite,Foraging,None|None|None,POINT,995.447,995.447,NA,,
IV_Sctaeniopterus_TP_2021-06-10_144925,6/20/2025 9:19,,/Volumes/Pillar/Manning_Bonaire2021_FishFollows/IV/Sctaeniopterus/IV_Sctaeniopterus_TP_2021-06-10_144925_002.MP4,1224.53,23.98,No focal subject,Bite,Foraging,None|None|None,POINT,996.215,996.215,NA,,
IV_Sctaeniopterus_TP_2021-06-10_144925,6/20/2025 9:19,,/Volumes/Pillar/Manning_Bonaire2021_FishFollows/IV/Sctaeniopterus/IV_Sctaeniopterus_TP_2021-06-10_144925_002.MP4,1224.53,23.98,No focal subject,Cleaning,Social Interactions,,STATE,1018.682,1024.953,6.271,,
IV_Sctaeniopterus_TP_2021-06-10_144925,6/20/2025 9:19,,/Volumes/Pillar/Manning_Bonaire2021_FishFollows/IV/Sctaeniopterus/IV_Sctaeniopterus_TP_2021-06-10_144925_002.MP4,1224.53,23.98,No focal subject,Bite,Foraging,None|None|None,POINT,1030.688,1030.688,NA,,
IV_Sctaeniopterus_TP_2021-06-10_144925,6/20/2025 9:19,,/Volumes/Pillar/Manning_Bonaire2021_FishFollows/IV/Sctaeniopterus/IV_Sctaeniopterus_TP_2021-06-10_144925_002.MP4,1224.53,23.98,No focal subject,Bite,Foraging,None|None|None,POINT,1031.537,1031.537,NA,,
IV_Sctaeniopterus_TP_2021-06-10_144925,6/20/2025 9:19,,/Volumes/Pillar/Manning_Bonaire2021_FishFollows/IV/Sctaeniopterus/IV_Sctaeniopterus_TP_2021-06-10_144925_002.MP4,1224.53,23.98,No focal subject,Bite,Foraging,None|None|None,POINT,1031.95,1031.95,NA,,
IV_Sctaeniopterus_TP_2021-06-10_144925,6/20/2025 9:19,,/Volumes/Pillar/Manning_Bonaire2021_FishFollows/IV/Sctaeniopterus/IV_Sctaeniopterus_TP_2021-06-10_144925_002.MP4,1224.53,23.98,No focal subject,Bite,Foraging,None|None|None,POINT,1034.546,1034.546,NA,,
IV_Sctaeniopterus_TP_2021-06-10_144925,6/20/2025 9:19,,/Volumes/Pillar/Manning_Bonaire2021_FishFollows/IV/Sctaeniopterus/IV_Sctaeniopterus_TP_2021-06-10_144925_002.MP4,1224.53,23.98,No focal subject,Bite,Foraging,None|None|None,POINT,1035.689,1035.689,NA,,
IV_Sctaeniopterus_TP_2021-06-10_144925,6/20/2025 9:19,,/Volumes/Pillar/Manning_Bonaire2021_FishFollows/IV/Sctaeniopterus/IV_Sctaeniopterus_TP_2021-06-10_144925_002.MP4,1224.53,23.98,No focal subject,Bite,Foraging,None|None|None,POINT,1036.442,1036.442,NA,,
IV_Sctaeniopterus_TP_2021-06-10_144925,6/20/2025 9:19,,/Volumes/Pillar/Manning_Bonaire2021_FishFollows/IV/Sctaeniopterus/IV_Sctaeniopterus_TP_2021-06-10_144925_002.MP4,1224.53,23.98,No focal subject,Bite,Foraging,None|None|None,POINT,1041.691,1041.691,NA,,
IV_Sctaeniopterus_TP_2021-06-10_144925,6/20/2025 9:19,,/Volumes/Pillar/Manning_Bonaire2021_FishFollows/IV/Sctaeniopterus/IV_Sctaeniopterus_TP_2021-06-10_144925_002.MP4,1224.53,23.98,No focal subject,Bite,Foraging,None|None|None,POINT,1043.944,1043.944,NA,,
IV_Sctaeniopterus_TP_2021-06-10_144925,6/20/2025 9:19,,/Volumes/Pillar/Manning_Bonaire2021_FishFollows/IV/Sctaeniopterus/IV_Sctaeniopterus_TP_2021-06-10_144925_002.MP4,1224.53,23.98,No focal subject,Bite,Foraging,None|None|None,POINT,1044.687,1044.687,NA,,
IV_Sctaeniopterus_TP_2021-06-10_144925,6/20/2025 9:19,,/Volumes/Pillar/Manning_Bonaire2021_FishFollows/IV/Sctaeniopterus/IV_Sctaeniopterus_TP_2021-06-10_144925_002.MP4,1224.53,23.98,No focal subject,Bite,Foraging,None|None|None,POINT,1046.689,1046.689,NA,,
IV_Sctaeniopterus_TP_2021-06-10_144925,6/20/2025 9:19,,/Volumes/Pillar/Manning_Bonaire2021_FishFollows/IV/Sctaeniopterus/IV_Sctaeniopterus_TP_2021-06-10_144925_002.MP4,1224.53,23.98,No focal subject,Bite,Foraging,None|None|None,POINT,1047.694,1047.694,NA,,
IV_Sctaeniopterus_TP_2021-06-10_144925,6/20/2025 9:19,,/Volumes/Pillar/Manning_Bonaire2021_FishFollows/IV/Sctaeniopterus/IV_Sctaeniopterus_TP_2021-06-10_144925_002.MP4,1224.53,23.98,No focal subject,Bite,Foraging,None|None|None,POINT,1049.447,1049.447,NA,,
IV_Sctaeniopterus_TP_2021-06-10_144925,6/20/2025 9:19,,/Volumes/Pillar/Manning_Bonaire2021_FishFollows/IV/Sctaeniopterus/IV_Sctaeniopterus_TP_2021-06-10_144925_002.MP4,1224.53,23.98,No focal subject,Bite,Foraging,None|None|None,POINT,1050.953,1050.953,NA,,
IV_Sctaeniopterus_TP_2021-06-10_144925,6/20/2025 9:19,,/Volumes/Pillar/Manning_Bonaire2021_FishFollows/IV/Sctaeniopterus/IV_Sctaeniopterus_TP_2021-06-10_144925_002.MP4,1224.53,23.98,No focal subject,Bite,Foraging,None|None|None,POINT,1051.762,1051.762,NA,,
IV_Sctaeniopterus_TP_2021-06-10_144925,6/20/2025 9:19,,/Volumes/Pillar/Manning_Bonaire2021_FishFollows/IV/Sctaeniopterus/IV_Sctaeniopterus_TP_2021-06-10_144925_002.MP4,1224.53,23.98,No focal subject,Bite,Foraging,None|None|None,POINT,1056.691,1056.691,NA,,
IV_Sctaeniopterus_TP_2021-06-10_144925,6/20/2025 9:19,,/Volumes/Pillar/Manning_Bonaire2021_FishFollows/IV/Sctaeniopterus/IV_Sctaeniopterus_TP_2021-06-10_144925_002.MP4,1224.53,23.98,No focal subject,Bite,Foraging,None|None|None,POINT,1057.448,1057.448,NA,,
IV_Sctaeniopterus_TP_2021-06-10_144925,6/20/2025 9:19,,/Volumes/Pillar/Manning_Bonaire2021_FishFollows/IV/Sctaeniopterus/IV_Sctaeniopterus_TP_2021-06-10_144925_002.MP4,1224.53,23.98,No focal subject,Bite,Foraging,None|None|None,POINT,1058.947,1058.947,NA,,
IV_Sctaeniopterus_TP_2021-06-10_144925,6/20/2025 9:19,,/Volumes/Pillar/Manning_Bonaire2021_FishFollows/IV/Sctaeniopterus/IV_Sctaeniopterus_TP_2021-06-10_144925_002.MP4,1224.53,23.98,No focal subject,Bite,Foraging,None|None|None,POINT,1059.954,1059.954,NA,,
IV_Sctaeniopterus_TP_2021-06-10_144925,6/20/2025 9:19,,/Volumes/Pillar/Manning_Bonaire2021_FishFollows/IV/Sctaeniopterus/IV_Sctaeniopterus_TP_2021-06-10_144925_002.MP4,1224.53,23.98,No focal subject,Bite,Foraging,None|None|None,POINT,1064.45,1064.45,NA,,
IV_Sctaeniopterus_TP_2021-06-10_144925,6/20/2025 9:19,,/Volumes/Pillar/Manning_Bonaire2021_FishFollows/IV/Sctaeniopterus/IV_Sctaeniopterus_TP_2021-06-10_144925_002.MP4,1224.53,23.98,No focal subject,Bite,Foraging,None|None|None,POINT,1068.262,1068.262,NA,,
IV_Sctaeniopterus_TP_2021-06-10_144925,6/20/2025 9:19,,/Volumes/Pillar/Manning_Bonaire2021_FishFollows/IV/Sctaeniopterus/IV_Sctaeniopterus_TP_2021-06-10_144925_002.MP4,1224.53,23.98,No focal subject,Bite,Foraging,None|None|None,POINT,1069.691,1069.691,NA,,
IV_Sctaeniopterus_TP_2021-06-10_144925,6/20/2025 9:19,,/Volumes/Pillar/Manning_Bonaire2021_FishFollows/IV/Sctaeniopterus/IV_Sctaeniopterus_TP_2021-06-10_144925_002.MP4,1224.53,23.98,No focal subject,Bite,Foraging,None|None|None,POINT,1070.517,1070.517,NA,,
IV_Sctaeniopterus_TP_2021-06-10_144925,6/20/2025 9:19,,/Volumes/Pillar/Manning_Bonaire2021_FishFollows/IV/Sctaeniopterus/IV_Sctaeniopterus_TP_2021-06-10_144925_002.MP4,1224.53,23.98,No focal subject,Bite,Foraging,None|None|None,POINT,1071.262,1071.262,NA,,
IV_Sctaeniopterus_TP_2021-06-10_144925,6/20/2025 9:19,,/Volumes/Pillar/Manning_Bonaire2021_FishFollows/IV/Sctaeniopterus/IV_Sctaeniopterus_TP_2021-06-10_144925_002.MP4,1224.53,23.98,No focal subject,Bite,Foraging,None|None|None,POINT,1072.012,1072.012,NA,,
IV_Sctaeniopterus_TP_2021-06-10_144925,6/20/2025 9:19,,/Volumes/Pillar/Manning_Bonaire2021_FishFollows/IV/Sctaeniopterus/IV_Sctaeniopterus_TP_2021-06-10_144925_002.MP4,1224.53,23.98,No focal subject,Bite,Foraging,None|None|None,POINT,1072.758,1072.758,NA,,
IV_Sctaeniopterus_TP_2021-06-10_144925,6/20/2025 9:19,,/Volumes/Pillar/Manning_Bonaire2021_FishFollows/IV/Sctaeniopterus/IV_Sctaeniopterus_TP_2021-06-10_144925_002.MP4,1224.53,23.98,No focal subject,Bite,Foraging,None|None|None,POINT,1074.263,1074.263,NA,,
IV_Sctaeniopterus_TP_2021-06-10_144925,6/20/2025 9:19,,/Volumes/Pillar/Manning_Bonaire2021_FishFollows/IV/Sctaeniopterus/IV_Sctaeniopterus_TP_2021-06-10_144925_002.MP4,1224.53,23.98,No focal subject,Bite,Foraging,None|None|None,POINT,1075.22,1075.22,NA,,
IV_Sctaeniopterus_TP_2021-06-10_144925,6/20/2025 9:19,,/Volumes/Pillar/Manning_Bonaire2021_FishFollows/IV/Sctaeniopterus/IV_Sctaeniopterus_TP_2021-06-10_144925_002.MP4,1224.53,23.98,No focal subject,Bite,Foraging,None|None|None,POINT,1076.695,1076.695,NA,,
IV_Sctaeniopterus_TP_2021-06-10_144925,6/20/2025 9:19,,/Volumes/Pillar/Manning_Bonaire2021_FishFollows/IV/Sctaeniopterus/IV_Sctaeniopterus_TP_2021-06-10_144925_002.MP4,1224.53,23.98,No focal subject,Bite,Foraging,None|None|None,POINT,1077.516,1077.516,NA,,
IV_Sctaeniopterus_TP_2021-06-10_144925,6/20/2025 9:19,,/Volumes/Pillar/Manning_Bonaire2021_FishFollows/IV/Sctaeniopterus/IV_Sctaeniopterus_TP_2021-06-10_144925_002.MP4,1224.53,23.98,No focal subject,Bite,Foraging,None|None|None,POINT,1078.264,1078.264,NA,,
IV_Sctaeniopterus_TP_2021-06-10_144925,6/20/2025 9:19,,/Volumes/Pillar/Manning_Bonaire2021_FishFollows/IV/Sctaeniopterus/IV_Sctaeniopterus_TP_2021-06-10_144925_002.MP4,1224.53,23.98,No focal subject,Bite,Foraging,None|None|None,POINT,1078.693,1078.693,NA,,
IV_Sctaeniopterus_TP_2021-06-10_144925,6/20/2025 9:19,,/Volumes/Pillar/Manning_Bonaire2021_FishFollows/IV/Sctaeniopterus/IV_Sctaeniopterus_TP_2021-06-10_144925_002.MP4,1224.53,23.98,No focal subject,Bite,Foraging,None|None|None,POINT,1079.01,1079.01,NA,,
IV_Sctaeniopterus_TP_2021-06-10_144925,6/20/2025 9:19,,/Volumes/Pillar/Manning_Bonaire2021_FishFollows/IV/Sctaeniopterus/IV_Sctaeniopterus_TP_2021-06-10_144925_002.MP4,1224.53,23.98,No focal subject,Bite,Foraging,None|None|None,POINT,1080.188,1080.188,NA,,
IV_Sctaeniopterus_TP_2021-06-10_144925,6/20/2025 9:19,,/Volumes/Pillar/Manning_Bonaire2021_FishFollows/IV/Sctaeniopterus/IV_Sctaeniopterus_TP_2021-06-10_144925_002.MP4,1224.53,23.98,No focal subject,Bite,Foraging,None|None|None,POINT,1080.941,1080.941,NA,,
IV_Sctaeniopterus_TP_2021-06-10_144925,6/20/2025 9:19,,/Volumes/Pillar/Manning_Bonaire2021_FishFollows/IV/Sctaeniopterus/IV_Sctaeniopterus_TP_2021-06-10_144925_002.MP4,1224.53,23.98,No focal subject,Bite,Foraging,None|None|None,POINT,1081.694,1081.694,NA,,
IV_Sctaeniopterus_TP_2021-06-10_144925,6/20/2025 9:19,,/Volumes/Pillar/Manning_Bonaire2021_FishFollows/IV/Sctaeniopterus/IV_Sctaeniopterus_TP_2021-06-10_144925_002.MP4,1224.53,23.98,No focal subject,Bite,Foraging,None|None|None,POINT,1083.189,1083.189,NA,,
IV_Sctaeniopterus_TP_2021-06-10_144925,6/20/2025 9:19,,/Volumes/Pillar/Manning_Bonaire2021_FishFollows/IV/Sctaeniopterus/IV_Sctaeniopterus_TP_2021-06-10_144925_002.MP4,1224.53,23.98,No focal subject,Cleaning,Social Interactions,,STATE,1094.759,1103.338,8.579,,
IV_Sctaeniopterus_TP_2021-06-10_144925,6/20/2025 9:19,,/Volumes/Pillar/Manning_Bonaire2021_FishFollows/IV/Sctaeniopterus/IV_Sctaeniopterus_TP_2021-06-10_144925_002.MP4,1224.53,23.98,No focal subject,Bite,Foraging,None|None|None,POINT,1124.332,1124.332,NA,,
IV_Sctaeniopterus_TP_2021-06-10_144925,6/20/2025 9:19,,/Volumes/Pillar/Manning_Bonaire2021_FishFollows/IV/Sctaeniopterus/IV_Sctaeniopterus_TP_2021-06-10_144925_002.MP4,1224.53,23.98,No focal subject,Bite,Foraging,None|None|None,POINT,1125.092,1125.092,NA,,
IV_Sctaeniopterus_TP_2021-06-10_144925,6/20/2025 9:19,,/Volumes/Pillar/Manning_Bonaire2021_FishFollows/IV/Sctaeniopterus/IV_Sctaeniopterus_TP_2021-06-10_144925_002.MP4,1224.53,23.98,No focal subject,Bite,Foraging,None|None|None,POINT,1126.268,1126.268,NA,,
IV_Sctaeniopterus_TP_2021-06-10_144925,6/20/2025 9:19,,/Volumes/Pillar/Manning_Bonaire2021_FishFollows/IV/Sctaeniopterus/IV_Sctaeniopterus_TP_2021-06-10_144925_002.MP4,1224.53,23.98,No focal subject,Bite,Foraging,None|None|None,POINT,1127.338,1127.338,NA,,
IV_Sctaeniopterus_TP_2021-06-10_144925,6/20/2025 9:19,,/Volumes/Pillar/Manning_Bonaire2021_FishFollows/IV/Sctaeniopterus/IV_Sctaeniopterus_TP_2021-06-10_144925_002.MP4,1224.53,23.98,No focal subject,Bite,Foraging,None|None|None,POINT,1129.264,1129.264,NA,,
IV_Sctaeniopterus_TP_2021-06-10_144925,6/20/2025 9:19,,/Volumes/Pillar/Manning_Bonaire2021_FishFollows/IV/Sctaeniopterus/IV_Sctaeniopterus_TP_2021-06-10_144925_002.MP4,1224.53,23.98,No focal subject,Bite,Foraging,None|None|None,POINT,1130.017,1130.017,NA,,
IV_Sctaeniopterus_TP_2021-06-10_144925,6/20/2025 9:19,,/Volumes/Pillar/Manning_Bonaire2021_FishFollows/IV/Sctaeniopterus/IV_Sctaeniopterus_TP_2021-06-10_144925_002.MP4,1224.53,23.98,No focal subject,Bite,Foraging,None|None|None,POINT,1131.095,1131.095,NA,,
IV_Sctaeniopterus_TP_2021-06-10_144925,6/20/2025 9:19,,/Volumes/Pillar/Manning_Bonaire2021_FishFollows/IV/Sctaeniopterus/IV_Sctaeniopterus_TP_2021-06-10_144925_002.MP4,1224.53,23.98,No focal subject,Bite,Foraging,None|None|None,POINT,1142.02,1142.02,NA,,
IV_Sctaeniopterus_TP_2021-06-10_144925,6/20/2025 9:19,,/Volumes/Pillar/Manning_Bonaire2021_FishFollows/IV/Sctaeniopterus/IV_Sctaeniopterus_TP_2021-06-10_144925_002.MP4,1224.53,23.98,No focal subject,Bite,Foraging,None|None|None,POINT,1142.343,1142.343,NA,,
IV_Sctaeniopterus_TP_2021-06-10_144925,6/20/2025 9:19,,/Volumes/Pillar/Manning_Bonaire2021_FishFollows/IV/Sctaeniopterus/IV_Sctaeniopterus_TP_2021-06-10_144925_002.MP4,1224.53,23.98,No focal subject,Bite,Foraging,None|None|None,POINT,1143.524,1143.524,NA,,
IV_Sctaeniopterus_TP_2021-06-10_144925,6/20/2025 9:19,,/Volumes/Pillar/Manning_Bonaire2021_FishFollows/IV/Sctaeniopterus/IV_Sctaeniopterus_TP_2021-06-10_144925_002.MP4,1224.53,23.98,No focal subject,Bite,Foraging,None|None|None,POINT,1146.836,1146.836,NA,,
IV_Sctaeniopterus_TP_2021-06-10_144925,6/20/2025 9:19,,/Volumes/Pillar/Manning_Bonaire2021_FishFollows/IV/Sctaeniopterus/IV_Sctaeniopterus_TP_2021-06-10_144925_002.MP4,1224.53,23.98,No focal subject,Bite,Foraging,None|None|None,POINT,1147.592,1147.592,NA,,
IV_Sctaeniopterus_TP_2021-06-10_144925,6/20/2025 9:19,,/Volumes/Pillar/Manning_Bonaire2021_FishFollows/IV/Sctaeniopterus/IV_Sctaeniopterus_TP_2021-06-10_144925_002.MP4,1224.53,23.98,No focal subject,Bite,Foraging,None|None|None,POINT,1148.768,1148.768,NA,,
IV_Sctaeniopterus_TP_2021-06-10_144925,6/20/2025 9:19,,/Volumes/Pillar/Manning_Bonaire2021_FishFollows/IV/Sctaeniopterus/IV_Sctaeniopterus_TP_2021-06-10_144925_002.MP4,1224.53,23.98,No focal subject,Bite,Foraging,None|None|None,POINT,1149.829,1149.829,NA,,
IV_Sctaeniopterus_TP_2021-06-10_144925,6/20/2025 9:19,,/Volumes/Pillar/Manning_Bonaire2021_FishFollows/IV/Sctaeniopterus/IV_Sctaeniopterus_TP_2021-06-10_144925_002.MP4,1224.53,23.98,No focal subject,Bite,Foraging,None|None|None,POINT,1151.021,1151.021,NA,,
IV_Sctaeniopterus_TP_2021-06-10_144925,6/20/2025 9:19,,/Volumes/Pillar/Manning_Bonaire2021_FishFollows/IV/Sctaeniopterus/IV_Sctaeniopterus_TP_2021-06-10_144925_002.MP4,1224.53,23.98,No focal subject,Bite,Foraging,None|None|None,POINT,1152.267,1152.267,NA,,
IV_Sctaeniopterus_TP_2021-06-10_144925,6/20/2025 9:19,,/Volumes/Pillar/Manning_Bonaire2021_FishFollows/IV/Sctaeniopterus/IV_Sctaeniopterus_TP_2021-06-10_144925_002.MP4,1224.53,23.98,No focal subject,Bite,Foraging,None|None|None,POINT,1155.837,1155.837,NA,,
IV_Sctaeniopterus_TP_2021-06-10_144925,6/20/2025 9:19,,/Volumes/Pillar/Manning_Bonaire2021_FishFollows/IV/Sctaeniopterus/IV_Sctaeniopterus_TP_2021-06-10_144925_002.MP4,1224.53,23.98,No focal subject,Bite,Foraging,None|None|None,POINT,1159.021,1159.021,NA,,
IV_Sctaeniopterus_TP_2021-06-10_144925,6/20/2025 9:19,,/Volumes/Pillar/Manning_Bonaire2021_FishFollows/IV/Sctaeniopterus/IV_Sctaeniopterus_TP_2021-06-10_144925_002.MP4,1224.53,23.98,No focal subject,Bite,Foraging,None|None|None,POINT,1160.016,1160.016,NA,,
IV_Sctaeniopterus_TP_2021-06-10_144925,6/20/2025 9:19,,/Volumes/Pillar/Manning_Bonaire2021_FishFollows/IV/Sctaeniopterus/IV_Sctaeniopterus_TP_2021-06-10_144925_002.MP4,1224.53,23.98,No focal subject,Bite,Foraging,None|None|None,POINT,1160.765,1160.765,NA,,
IV_Sctaeniopterus_TP_2021-06-10_144925,6/20/2025 9:19,,/Volumes/Pillar/Manning_Bonaire2021_FishFollows/IV/Sctaeniopterus/IV_Sctaeniopterus_TP_2021-06-10_144925_002.MP4,1224.53,23.98,No focal subject,Bite,Foraging,None|None|None,POINT,1161.518,1161.518,NA,,
IV_Sctaeniopterus_TP_2021-06-10_144925,6/20/2025 9:19,,/Volumes/Pillar/Manning_Bonaire2021_FishFollows/IV/Sctaeniopterus/IV_Sctaeniopterus_TP_2021-06-10_144925_002.MP4,1224.53,23.98,No focal subject,Bite,Foraging,None|None|None,POINT,1162.768,1162.768,NA,,
IV_Sctaeniopterus_TP_2021-06-10_144925,6/20/2025 9:19,,/Volumes/Pillar/Manning_Bonaire2021_FishFollows/IV/Sctaeniopterus/IV_Sctaeniopterus_TP_2021-06-10_144925_002.MP4,1224.53,23.98,No focal subject,Bite,Foraging,None|None|None,POINT,1163.766,1163.766,NA,,
IV_Sctaeniopterus_TP_2021-06-10_144925,6/20/2025 9:19,,/Volumes/Pillar/Manning_Bonaire2021_FishFollows/IV/Sctaeniopterus/IV_Sctaeniopterus_TP_2021-06-10_144925_002.MP4,1224.53,23.98,No focal subject,Bite,Foraging,None|None|None,POINT,1164.84,1164.84,NA,,
IV_Sctaeniopterus_TP_2021-06-10_144925,6/20/2025 9:19,,/Volumes/Pillar/Manning_Bonaire2021_FishFollows/IV/Sctaeniopterus/IV_Sctaeniopterus_TP_2021-06-10_144925_002.MP4,1224.53,23.98,No focal subject,Bite,Foraging,None|None|None,POINT,1166.025,1166.025,NA,,
IV_Sctaeniopterus_TP_2021-06-10_144925,6/20/2025 9:19,,/Volumes/Pillar/Manning_Bonaire2021_FishFollows/IV/Sctaeniopterus/IV_Sctaeniopterus_TP_2021-06-10_144925_002.MP4,1224.53,23.98,No focal subject,Bite,Foraging,None|None|None,POINT,1167.122,1167.122,NA,,
IV_Sctaeniopterus_TP_2021-06-10_144925,6/20/2025 9:19,,/Volumes/Pillar/Manning_Bonaire2021_FishFollows/IV/Sctaeniopterus/IV_Sctaeniopterus_TP_2021-06-10_144925_002.MP4,1224.53,23.98,No focal subject,Bite,Foraging,None|None|None,POINT,1167.845,1167.845,NA,,
IV_Sctaeniopterus_TP_2021-06-10_144925,6/20/2025 9:19,,/Volumes/Pillar/Manning_Bonaire2021_FishFollows/IV/Sctaeniopterus/IV_Sctaeniopterus_TP_2021-06-10_144925_002.MP4,1224.53,23.98,No focal subject,Bite,Foraging,None|None|None,POINT,1169.02,1169.02,NA,,
IV_Sctaeniopterus_TP_2021-06-10_144925,6/20/2025 9:19,,/Volumes/Pillar/Manning_Bonaire2021_FishFollows/IV/Sctaeniopterus/IV_Sctaeniopterus_TP_2021-06-10_144925_002.MP4,1224.53,23.98,No focal subject,Bite,Foraging,None|None|None,POINT,1172.765,1172.765,NA,,
IV_Sctaeniopterus_TP_2021-06-10_144925,6/20/2025 9:19,,/Volumes/Pillar/Manning_Bonaire2021_FishFollows/IV/Sctaeniopterus/IV_Sctaeniopterus_TP_2021-06-10_144925_002.MP4,1224.53,23.98,No focal subject,Bite,Foraging,None|None|None,POINT,1173.525,1173.525,NA,,
IV_Sctaeniopterus_TP_2021-06-10_144925,6/20/2025 9:19,,/Volumes/Pillar/Manning_Bonaire2021_FishFollows/IV/Sctaeniopterus/IV_Sctaeniopterus_TP_2021-06-10_144925_002.MP4,1224.53,23.98,No focal subject,Bite,Foraging,None|None|None,POINT,1174.59,1174.59,NA,,
IV_Sctaeniopterus_TP_2021-06-10_144925,6/20/2025 9:19,,/Volumes/Pillar/Manning_Bonaire2021_FishFollows/IV/Sctaeniopterus/IV_Sctaeniopterus_TP_2021-06-10_144925_002.MP4,1224.53,23.98,No focal subject,Bite,Foraging,None|None|None,POINT,1176.116,1176.116,NA,,
IV_Sctaeniopterus_TP_2021-06-10_144925,6/20/2025 9:19,,/Volumes/Pillar/Manning_Bonaire2021_FishFollows/IV/Sctaeniopterus/IV_Sctaeniopterus_TP_2021-06-10_144925_002.MP4,1224.53,23.98,No focal subject,Bite,Foraging,None|None|None,POINT,1177.269,1177.269,NA,,
IV_Sctaeniopterus_TP_2021-06-10_144925,6/20/2025 9:19,,/Volumes/Pillar/Manning_Bonaire2021_FishFollows/IV/Sctaeniopterus/IV_Sctaeniopterus_TP_2021-06-10_144925_002.MP4,1224.53,23.98,No focal subject,Bite,Foraging,None|None|None,POINT,1178.021,1178.021,NA,,
IV_Sctaeniopterus_TP_2021-06-10_144925,6/20/2025 9:19,,/Volumes/Pillar/Manning_Bonaire2021_FishFollows/IV/Sctaeniopterus/IV_Sctaeniopterus_TP_2021-06-10_144925_002.MP4,1224.53,23.98,No focal subject,Bite,Foraging,None|None|None,POINT,1179.521,1179.521,NA,,
IV_Sctaeniopterus_TP_2021-06-10_144925,6/20/2025 9:19,,/Volumes/Pillar/Manning_Bonaire2021_FishFollows/IV/Sctaeniopterus/IV_Sctaeniopterus_TP_2021-06-10_144925_002.MP4,1224.53,23.98,No focal subject,Bite,Foraging,None|None|None,POINT,1180.267,1180.267,NA,,
IV_Sctaeniopterus_TP_2021-06-10_144925,6/20/2025 9:19,,/Volumes/Pillar/Manning_Bonaire2021_FishFollows/IV/Sctaeniopterus/IV_Sctaeniopterus_TP_2021-06-10_144925_002.MP4,1224.53,23.98,No focal subject,Bite,Foraging,None|None|None,POINT,1181.343,1181.343,NA,,
IV_Sctaeniopterus_TP_2021-06-10_144925,6/20/2025 9:19,,/Volumes/Pillar/Manning_Bonaire2021_FishFollows/IV/Sctaeniopterus/IV_Sctaeniopterus_TP_2021-06-10_144925_002.MP4,1224.53,23.98,No focal subject,Bite,Foraging,None|None|None,POINT,1182.1,1182.1,NA,,
IV_Sctaeniopterus_TP_2021-06-10_144925,6/20/2025 9:19,,/Volumes/Pillar/Manning_Bonaire2021_FishFollows/IV/Sctaeniopterus/IV_Sctaeniopterus_TP_2021-06-10_144925_002.MP4,1224.53,23.98,No focal subject,Bite,Foraging,None|None|None,POINT,1182.834,1182.834,NA,,
IV_Sctaeniopterus_TP_2021-06-10_144925,6/20/2025 9:19,,/Volumes/Pillar/Manning_Bonaire2021_FishFollows/IV/Sctaeniopterus/IV_Sctaeniopterus_TP_2021-06-10_144925_002.MP4,1224.53,23.98,No focal subject,Bite,Foraging,None|None|None,POINT,1186.765,1186.765,NA,,
IV_Sctaeniopterus_TP_2021-06-10_144925,6/20/2025 9:19,,/Volumes/Pillar/Manning_Bonaire2021_FishFollows/IV/Sctaeniopterus/IV_Sctaeniopterus_TP_2021-06-10_144925_002.MP4,1224.53,23.98,No focal subject,Bite,Foraging,None|None|None,POINT,1187.091,1187.091,NA,,
IV_Sctaeniopterus_TP_2021-06-10_144925,6/20/2025 9:19,,/Volumes/Pillar/Manning_Bonaire2021_FishFollows/IV/Sctaeniopterus/IV_Sctaeniopterus_TP_2021-06-10_144925_002.MP4,1224.53,23.98,No focal subject,Bite,Foraging,None|None|None,POINT,1188.267,1188.267,NA,,
IV_Sctaeniopterus_TP_2021-06-10_144925,6/20/2025 9:19,,/Volumes/Pillar/Manning_Bonaire2021_FishFollows/IV/Sctaeniopterus/IV_Sctaeniopterus_TP_2021-06-10_144925_002.MP4,1224.53,23.98,No focal subject,Bite,Foraging,None|None|None,POINT,1188.584,1188.584,NA,,
IV_Sctaeniopterus_TP_2021-06-10_144925,6/20/2025 9:19,,/Volumes/Pillar/Manning_Bonaire2021_FishFollows/IV/Sctaeniopterus/IV_Sctaeniopterus_TP_2021-06-10_144925_002.MP4,1224.53,23.98,No focal subject,Bite,Foraging,None|None|None,POINT,1192.338,1192.338,NA,,
IV_Sctaeniopterus_TP_2021-06-10_144925,6/20/2025 9:19,,/Volumes/Pillar/Manning_Bonaire2021_FishFollows/IV/Sctaeniopterus/IV_Sctaeniopterus_TP_2021-06-10_144925_002.MP4,1224.53,23.98,No focal subject,Bite,Foraging,None|None|None,POINT,1197.263,1197.263,NA,,
IV_Sctaeniopterus_TP_2021-06-10_144925,6/20/2025 9:19,,/Volumes/Pillar/Manning_Bonaire2021_FishFollows/IV/Sctaeniopterus/IV_Sctaeniopterus_TP_2021-06-10_144925_002.MP4,1224.53,23.98,No focal subject,Bite,Foraging,None|None|None,POINT,1198.337,1198.337,NA,,
IV_Sctaeniopterus_TP_2021-06-10_144925,6/20/2025 9:19,,/Volumes/Pillar/Manning_Bonaire2021_FishFollows/IV/Sctaeniopterus/IV_Sctaeniopterus_TP_2021-06-10_144925_002.MP4,1224.53,23.98,No focal subject,Bite,Foraging,None|None|None,POINT,1201.341,1201.341,NA,,
IV_Sctaeniopterus_TP_2021-06-10_144925,6/20/2025 9:19,,/Volumes/Pillar/Manning_Bonaire2021_FishFollows/IV/Sctaeniopterus/IV_Sctaeniopterus_TP_2021-06-10_144925_002.MP4,1224.53,23.98,No focal subject,Bite,Foraging,None|None|None,POINT,1202.845,1202.845,NA,,
IV_Sctaeniopterus_TP_2021-06-10_144925,6/20/2025 9:19,,/Volumes/Pillar/Manning_Bonaire2021_FishFollows/IV/Sctaeniopterus/IV_Sctaeniopterus_TP_2021-06-10_144925_002.MP4,1224.53,23.98,No focal subject,Watch Time,Time Keeping,144913,POINT,1219.883,1219.883,NA,,
