Observation id,Observation date,Description,Media file,Total length,FPS,Subject,Behavior,Behavioral category,Modifiers,Behavior type,Start (s),Stop (s),Duration (s),Comment start,Comment stop
IV_Sctaeniopterus_TP_2021-07-01_151944,6/25/2025 13:30,,/Users/aimeed/Desktop/BiteCounts/IV_Sctaeniopterus_TP_2021-07-01_151944_001.MP4,1215.9,23.98,No focal subject,Watch Time,Time Keeping,145921,POINT,0,0,NA,,
IV_Sctaeniopterus_TP_2021-07-01_151944,6/25/2025 13:30,,/Users/aimeed/Desktop/BiteCounts/IV_Sctaeniopterus_TP_2021-07-01_151944_001.MP4,1215.9,23.98,No focal subject,START/STOP,Time Keeping,,STATE,4.909,1211.708,1206.799,,
IV_Sctaeniopterus_TP_2021-07-01_151944,6/25/2025 13:30,,/Users/aimeed/Desktop/BiteCounts/IV_Sctaeniopterus_TP_2021-07-01_151944_001.MP4,1215.9,23.98,No focal subject,Bite,Foraging,None|None|None,POINT,7.162,7.162,NA,,
IV_Sctaeniopterus_TP_2021-07-01_151944,6/25/2025 13:30,,/Users/aimeed/Desktop/BiteCounts/IV_Sctaeniopterus_TP_2021-07-01_151944_001.MP4,1215.9,23.98,No focal subject,Bite,Foraging,None|None|None,POINT,7.663,7.663,NA,,
IV_Sctaeniopterus_TP_2021-07-01_151944,6/25/2025 13:30,,/Users/aimeed/Desktop/BiteCounts/IV_Sctaeniopterus_TP_2021-07-01_151944_001.MP4,1215.9,23.98,No focal subject,Bite,Foraging,None|None|None,POINT,8.161,8.161,NA,,
IV_Sctaeniopterus_TP_2021-07-01_151944,6/25/2025 13:30,,/Users/aimeed/Desktop/BiteCounts/IV_Sctaeniopterus_TP_2021-07-01_151944_001.MP4,1215.9,23.98,No focal subject,Bite,Foraging,None|None|None,POINT,9.915,9.915,NA,,
IV_Sctaeniopterus_TP_2021-07-01_151944,6/25/2025 13:30,,/Users/aimeed/Desktop/BiteCounts/IV_Sctaeniopterus_TP_2021-07-01_151944_001.MP4,1215.9,23.98,No focal subject,Bite,Foraging,None|None|None,POINT,10.41,10.41,NA,,
IV_Sctaeniopterus_TP_2021-07-01_151944,6/25/2025 13:30,,/Users/aimeed/Desktop/BiteCounts/IV_Sctaeniopterus_TP_2021-07-01_151944_001.MP4,1215.9,23.98,No focal subject,Bite,Foraging,None|None|None,POINT,11.415,11.415,NA,,
IV_Sctaeniopterus_TP_2021-07-01_151944,6/25/2025 13:30,,/Users/aimeed/Desktop/BiteCounts/IV_Sctaeniopterus_TP_2021-07-01_151944_001.MP4,1215.9,23.98,No focal subject,Bite,Foraging,None|None|None,POINT,12.915,12.915,NA,,
IV_Sctaeniopterus_TP_2021-07-01_151944,6/25/2025 13:30,,/Users/aimeed/Desktop/BiteCounts/IV_Sctaeniopterus_TP_2021-07-01_151944_001.MP4,1215.9,23.98,No focal subject,Bite,Foraging,None|None|None,POINT,13.41,13.41,NA,,
IV_Sctaeniopterus_TP_2021-07-01_151944,6/25/2025 13:30,,/Users/aimeed/Desktop/BiteCounts/IV_Sctaeniopterus_TP_2021-07-01_151944_001.MP4,1215.9,23.98,No focal subject,Bite,Foraging,None|None|None,POINT,14.414,14.414,NA,,
IV_Sctaeniopterus_TP_2021-07-01_151944,6/25/2025 13:30,,/Users/aimeed/Desktop/BiteCounts/IV_Sctaeniopterus_TP_2021-07-01_151944_001.MP4,1215.9,23.98,No focal subject,Bite,Foraging,None|None|None,POINT,31.917,31.917,NA,,
IV_Sctaeniopterus_TP_2021-07-01_151944,6/25/2025 13:30,,/Users/aimeed/Desktop/BiteCounts/IV_Sctaeniopterus_TP_2021-07-01_151944_001.MP4,1215.9,23.98,No focal subject,Bite,Foraging,None|None|None,POINT,32.917,32.917,NA,,
IV_Sctaeniopterus_TP_2021-07-01_151944,6/25/2025 13:30,,/Users/aimeed/Desktop/BiteCounts/IV_Sctaeniopterus_TP_2021-07-01_151944_001.MP4,1215.9,23.98,No focal subject,Bite,Foraging,None|None|None,POINT,54.913,54.913,NA,,
IV_Sctaeniopterus_TP_2021-07-01_151944,6/25/2025 13:30,,/Users/aimeed/Desktop/BiteCounts/IV_Sctaeniopterus_TP_2021-07-01_151944_001.MP4,1215.9,23.98,No focal subject,Bite,Foraging,None|None|None,POINT,57.412,57.412,NA,,
IV_Sctaeniopterus_TP_2021-07-01_151944,6/25/2025 13:30,,/Users/aimeed/Desktop/BiteCounts/IV_Sctaeniopterus_TP_2021-07-01_151944_001.MP4,1215.9,23.98,No focal subject,Bite,Foraging,None|None|None,POINT,58.415,58.415,NA,,
IV_Sctaeniopterus_TP_2021-07-01_151944,6/25/2025 13:30,,/Users/aimeed/Desktop/BiteCounts/IV_Sctaeniopterus_TP_2021-07-01_151944_001.MP4,1215.9,23.98,No focal subject,Bite,Foraging,None|None|None,POINT,59.415,59.415,NA,,
IV_Sctaeniopterus_TP_2021-07-01_151944,6/25/2025 13:30,,/Users/aimeed/Desktop/BiteCounts/IV_Sctaeniopterus_TP_2021-07-01_151944_001.MP4,1215.9,23.98,No focal subject,Bite,Foraging,None|None|None,POINT,60.915,60.915,NA,,
IV_Sctaeniopterus_TP_2021-07-01_151944,6/25/2025 13:30,,/Users/aimeed/Desktop/BiteCounts/IV_Sctaeniopterus_TP_2021-07-01_151944_001.MP4,1215.9,23.98,No focal subject,Bite,Foraging,None|None|None,POINT,61.414,61.414,NA,,
IV_Sctaeniopterus_TP_2021-07-01_151944,6/25/2025 13:30,,/Users/aimeed/Desktop/BiteCounts/IV_Sctaeniopterus_TP_2021-07-01_151944_001.MP4,1215.9,23.98,No focal subject,Bite,Foraging,None|None|None,POINT,75.915,75.915,NA,,
IV_Sctaeniopterus_TP_2021-07-01_151944,6/25/2025 13:30,,/Users/aimeed/Desktop/BiteCounts/IV_Sctaeniopterus_TP_2021-07-01_151944_001.MP4,1215.9,23.98,No focal subject,Bite,Foraging,None|None|None,POINT,76.915,76.915,NA,,
IV_Sctaeniopterus_TP_2021-07-01_151944,6/25/2025 13:30,,/Users/aimeed/Desktop/BiteCounts/IV_Sctaeniopterus_TP_2021-07-01_151944_001.MP4,1215.9,23.98,No focal subject,Bite,Foraging,None|None|None,POINT,78.915,78.915,NA,,
IV_Sctaeniopterus_TP_2021-07-01_151944,6/25/2025 13:30,,/Users/aimeed/Desktop/BiteCounts/IV_Sctaeniopterus_TP_2021-07-01_151944_001.MP4,1215.9,23.98,No focal subject,Bite,Foraging,None|None|None,POINT,79.909,79.909,NA,,
IV_Sctaeniopterus_TP_2021-07-01_151944,6/25/2025 13:30,,/Users/aimeed/Desktop/BiteCounts/IV_Sctaeniopterus_TP_2021-07-01_151944_001.MP4,1215.9,23.98,No focal subject,Bite,Foraging,None|None|None,POINT,80.913,80.913,NA,,
IV_Sctaeniopterus_TP_2021-07-01_151944,6/25/2025 13:30,,/Users/aimeed/Desktop/BiteCounts/IV_Sctaeniopterus_TP_2021-07-01_151944_001.MP4,1215.9,23.98,No focal subject,Bite,Foraging,None|None|None,POINT,83.416,83.416,NA,,
IV_Sctaeniopterus_TP_2021-07-01_151944,6/25/2025 13:30,,/Users/aimeed/Desktop/BiteCounts/IV_Sctaeniopterus_TP_2021-07-01_151944_001.MP4,1215.9,23.98,No focal subject,Bite,Foraging,None|None|None,POINT,86.161,86.161,NA,,
IV_Sctaeniopterus_TP_2021-07-01_151944,6/25/2025 13:30,,/Users/aimeed/Desktop/BiteCounts/IV_Sctaeniopterus_TP_2021-07-01_151944_001.MP4,1215.9,23.98,No focal subject,Bite,Foraging,None|None|None,POINT,86.914,86.914,NA,,
IV_Sctaeniopterus_TP_2021-07-01_151944,6/25/2025 13:30,,/Users/aimeed/Desktop/BiteCounts/IV_Sctaeniopterus_TP_2021-07-01_151944_001.MP4,1215.9,23.98,No focal subject,Bite,Foraging,None|None|None,POINT,92.913,92.913,NA,,
IV_Sctaeniopterus_TP_2021-07-01_151944,6/25/2025 13:30,,/Users/aimeed/Desktop/BiteCounts/IV_Sctaeniopterus_TP_2021-07-01_151944_001.MP4,1215.9,23.98,No focal subject,Bite,Foraging,None|None|None,POINT,93.162,93.162,NA,,
IV_Sctaeniopterus_TP_2021-07-01_151944,6/25/2025 13:30,,/Users/aimeed/Desktop/BiteCounts/IV_Sctaeniopterus_TP_2021-07-01_151944_001.MP4,1215.9,23.98,No focal subject,Bite,Foraging,None|None|None,POINT,94.162,94.162,NA,,
IV_Sctaeniopterus_TP_2021-07-01_151944,6/25/2025 13:30,,/Users/aimeed/Desktop/BiteCounts/IV_Sctaeniopterus_TP_2021-07-01_151944_001.MP4,1215.9,23.98,No focal subject,Bite,Foraging,None|None|None,POINT,94.662,94.662,NA,,
IV_Sctaeniopterus_TP_2021-07-01_151944,6/25/2025 13:30,,/Users/aimeed/Desktop/BiteCounts/IV_Sctaeniopterus_TP_2021-07-01_151944_001.MP4,1215.9,23.98,No focal subject,Bite,Foraging,None|None|None,POINT,95.921,95.921,NA,,
IV_Sctaeniopterus_TP_2021-07-01_151944,6/25/2025 13:30,,/Users/aimeed/Desktop/BiteCounts/IV_Sctaeniopterus_TP_2021-07-01_151944_001.MP4,1215.9,23.98,No focal subject,Bite,Foraging,None|None|None,POINT,96.412,96.412,NA,,
IV_Sctaeniopterus_TP_2021-07-01_151944,6/25/2025 13:30,,/Users/aimeed/Desktop/BiteCounts/IV_Sctaeniopterus_TP_2021-07-01_151944_001.MP4,1215.9,23.98,No focal subject,Bite,Foraging,None|None|None,POINT,97.915,97.915,NA,,
IV_Sctaeniopterus_TP_2021-07-01_151944,6/25/2025 13:30,,/Users/aimeed/Desktop/BiteCounts/IV_Sctaeniopterus_TP_2021-07-01_151944_001.MP4,1215.9,23.98,No focal subject,Bite,Foraging,None|None|None,POINT,99.913,99.913,NA,,
IV_Sctaeniopterus_TP_2021-07-01_151944,6/25/2025 13:30,,/Users/aimeed/Desktop/BiteCounts/IV_Sctaeniopterus_TP_2021-07-01_151944_001.MP4,1215.9,23.98,No focal subject,Bite,Foraging,None|None|None,POINT,103.41,103.41,NA,,
IV_Sctaeniopterus_TP_2021-07-01_151944,6/25/2025 13:30,,/Users/aimeed/Desktop/BiteCounts/IV_Sctaeniopterus_TP_2021-07-01_151944_001.MP4,1215.9,23.98,No focal subject,Bite,Foraging,None|None|None,POINT,104.414,104.414,NA,,
IV_Sctaeniopterus_TP_2021-07-01_151944,6/25/2025 13:30,,/Users/aimeed/Desktop/BiteCounts/IV_Sctaeniopterus_TP_2021-07-01_151944_001.MP4,1215.9,23.98,No focal subject,Bite,Foraging,None|None|None,POINT,105.911,105.911,NA,,
IV_Sctaeniopterus_TP_2021-07-01_151944,6/25/2025 13:30,,/Users/aimeed/Desktop/BiteCounts/IV_Sctaeniopterus_TP_2021-07-01_151944_001.MP4,1215.9,23.98,No focal subject,Bite,Foraging,None|None|None,POINT,106.161,106.161,NA,,
IV_Sctaeniopterus_TP_2021-07-01_151944,6/25/2025 13:30,,/Users/aimeed/Desktop/BiteCounts/IV_Sctaeniopterus_TP_2021-07-01_151944_001.MP4,1215.9,23.98,No focal subject,Bite,Foraging,None|None|None,POINT,107.412,107.412,NA,,
IV_Sctaeniopterus_TP_2021-07-01_151944,6/25/2025 13:30,,/Users/aimeed/Desktop/BiteCounts/IV_Sctaeniopterus_TP_2021-07-01_151944_001.MP4,1215.9,23.98,No focal subject,Bite,Foraging,None|None|None,POINT,107.912,107.912,NA,,
IV_Sctaeniopterus_TP_2021-07-01_151944,6/25/2025 13:30,,/Users/aimeed/Desktop/BiteCounts/IV_Sctaeniopterus_TP_2021-07-01_151944_001.MP4,1215.9,23.98,No focal subject,Bite,Foraging,None|None|None,POINT,117.417,117.417,NA,,
IV_Sctaeniopterus_TP_2021-07-01_151944,6/25/2025 13:30,,/Users/aimeed/Desktop/BiteCounts/IV_Sctaeniopterus_TP_2021-07-01_151944_001.MP4,1215.9,23.98,No focal subject,Bite,Foraging,None|None|None,POINT,118.918,118.918,NA,,
IV_Sctaeniopterus_TP_2021-07-01_151944,6/25/2025 13:30,,/Users/aimeed/Desktop/BiteCounts/IV_Sctaeniopterus_TP_2021-07-01_151944_001.MP4,1215.9,23.98,No focal subject,Bite,Foraging,None|None|None,POINT,119.413,119.413,NA,,
IV_Sctaeniopterus_TP_2021-07-01_151944,6/25/2025 13:30,,/Users/aimeed/Desktop/BiteCounts/IV_Sctaeniopterus_TP_2021-07-01_151944_001.MP4,1215.9,23.98,No focal subject,Bite,Foraging,None|None|None,POINT,120.911,120.911,NA,,
IV_Sctaeniopterus_TP_2021-07-01_151944,6/25/2025 13:30,,/Users/aimeed/Desktop/BiteCounts/IV_Sctaeniopterus_TP_2021-07-01_151944_001.MP4,1215.9,23.98,No focal subject,Bite,Foraging,None|None|None,POINT,123.415,123.415,NA,,
IV_Sctaeniopterus_TP_2021-07-01_151944,6/25/2025 13:30,,/Users/aimeed/Desktop/BiteCounts/IV_Sctaeniopterus_TP_2021-07-01_151944_001.MP4,1215.9,23.98,No focal subject,Bite,Foraging,None|None|None,POINT,124.914,124.914,NA,,
IV_Sctaeniopterus_TP_2021-07-01_151944,6/25/2025 13:30,,/Users/aimeed/Desktop/BiteCounts/IV_Sctaeniopterus_TP_2021-07-01_151944_001.MP4,1215.9,23.98,No focal subject,Bite,Foraging,None|None|None,POINT,146.912,146.912,NA,,
IV_Sctaeniopterus_TP_2021-07-01_151944,6/25/2025 13:30,,/Users/aimeed/Desktop/BiteCounts/IV_Sctaeniopterus_TP_2021-07-01_151944_001.MP4,1215.9,23.98,No focal subject,Bite,Foraging,None|None|None,POINT,147.915,147.915,NA,,
IV_Sctaeniopterus_TP_2021-07-01_151944,6/25/2025 13:30,,/Users/aimeed/Desktop/BiteCounts/IV_Sctaeniopterus_TP_2021-07-01_151944_001.MP4,1215.9,23.98,No focal subject,Lost Time,Time Keeping,,STATE,158.809,160.067,1.258,,
IV_Sctaeniopterus_TP_2021-07-01_151944,6/25/2025 13:30,,/Users/aimeed/Desktop/BiteCounts/IV_Sctaeniopterus_TP_2021-07-01_151944_001.MP4,1215.9,23.98,No focal subject,Bite,Foraging,None|None|None,POINT,164.068,164.068,NA,,
IV_Sctaeniopterus_TP_2021-07-01_151944,6/25/2025 13:30,,/Users/aimeed/Desktop/BiteCounts/IV_Sctaeniopterus_TP_2021-07-01_151944_001.MP4,1215.9,23.98,No focal subject,Bite,Foraging,None|None|None,POINT,168.569,168.569,NA,,
IV_Sctaeniopterus_TP_2021-07-01_151944,6/25/2025 13:30,,/Users/aimeed/Desktop/BiteCounts/IV_Sctaeniopterus_TP_2021-07-01_151944_001.MP4,1215.9,23.98,No focal subject,Bite,Foraging,None|None|None,POINT,170.067,170.067,NA,,
IV_Sctaeniopterus_TP_2021-07-01_151944,6/25/2025 13:30,,/Users/aimeed/Desktop/BiteCounts/IV_Sctaeniopterus_TP_2021-07-01_151944_001.MP4,1215.9,23.98,No focal subject,Bite,Foraging,None|None|None,POINT,177.567,177.567,NA,,
IV_Sctaeniopterus_TP_2021-07-01_151944,6/25/2025 13:30,,/Users/aimeed/Desktop/BiteCounts/IV_Sctaeniopterus_TP_2021-07-01_151944_001.MP4,1215.9,23.98,No focal subject,Bite,Foraging,None|None|None,POINT,179.066,179.066,NA,,
IV_Sctaeniopterus_TP_2021-07-01_151944,6/25/2025 13:30,,/Users/aimeed/Desktop/BiteCounts/IV_Sctaeniopterus_TP_2021-07-01_151944_001.MP4,1215.9,23.98,No focal subject,Bite,Foraging,None|None|None,POINT,179.566,179.566,NA,,
IV_Sctaeniopterus_TP_2021-07-01_151944,6/25/2025 13:30,,/Users/aimeed/Desktop/BiteCounts/IV_Sctaeniopterus_TP_2021-07-01_151944_001.MP4,1215.9,23.98,No focal subject,Bite,Foraging,None|None|None,POINT,180.57,180.57,NA,,
IV_Sctaeniopterus_TP_2021-07-01_151944,6/25/2025 13:30,,/Users/aimeed/Desktop/BiteCounts/IV_Sctaeniopterus_TP_2021-07-01_151944_001.MP4,1215.9,23.98,No focal subject,Bite,Foraging,None|None|None,POINT,181.564,181.564,NA,,
IV_Sctaeniopterus_TP_2021-07-01_151944,6/25/2025 13:30,,/Users/aimeed/Desktop/BiteCounts/IV_Sctaeniopterus_TP_2021-07-01_151944_001.MP4,1215.9,23.98,No focal subject,Bite,Foraging,None|None|None,POINT,182.567,182.567,NA,,
IV_Sctaeniopterus_TP_2021-07-01_151944,6/25/2025 13:30,,/Users/aimeed/Desktop/BiteCounts/IV_Sctaeniopterus_TP_2021-07-01_151944_001.MP4,1215.9,23.98,No focal subject,Bite,Foraging,None|None|None,POINT,183.57,183.57,NA,,
IV_Sctaeniopterus_TP_2021-07-01_151944,6/25/2025 13:30,,/Users/aimeed/Desktop/BiteCounts/IV_Sctaeniopterus_TP_2021-07-01_151944_001.MP4,1215.9,23.98,No focal subject,Bite,Foraging,None|None|None,POINT,185.07,185.07,NA,,
IV_Sctaeniopterus_TP_2021-07-01_151944,6/25/2025 13:30,,/Users/aimeed/Desktop/BiteCounts/IV_Sctaeniopterus_TP_2021-07-01_151944_001.MP4,1215.9,23.98,No focal subject,Bite,Foraging,None|None|None,POINT,186.571,186.571,NA,,
IV_Sctaeniopterus_TP_2021-07-01_151944,6/25/2025 13:30,,/Users/aimeed/Desktop/BiteCounts/IV_Sctaeniopterus_TP_2021-07-01_151944_001.MP4,1215.9,23.98,No focal subject,Bite,Foraging,None|None|None,POINT,189.07,189.07,NA,,
IV_Sctaeniopterus_TP_2021-07-01_151944,6/25/2025 13:30,,/Users/aimeed/Desktop/BiteCounts/IV_Sctaeniopterus_TP_2021-07-01_151944_001.MP4,1215.9,23.98,No focal subject,Bite,Foraging,None|None|None,POINT,195.069,195.069,NA,,
IV_Sctaeniopterus_TP_2021-07-01_151944,6/25/2025 13:30,,/Users/aimeed/Desktop/BiteCounts/IV_Sctaeniopterus_TP_2021-07-01_151944_001.MP4,1215.9,23.98,No focal subject,Bite,Foraging,None|None|None,POINT,196.317,196.317,NA,,
IV_Sctaeniopterus_TP_2021-07-01_151944,6/25/2025 13:30,,/Users/aimeed/Desktop/BiteCounts/IV_Sctaeniopterus_TP_2021-07-01_151944_001.MP4,1215.9,23.98,No focal subject,Bite,Foraging,None|None|None,POINT,197.815,197.815,NA,,
IV_Sctaeniopterus_TP_2021-07-01_151944,6/25/2025 13:30,,/Users/aimeed/Desktop/BiteCounts/IV_Sctaeniopterus_TP_2021-07-01_151944_001.MP4,1215.9,23.98,No focal subject,Bite,Foraging,None|None|None,POINT,199.317,199.317,NA,,
IV_Sctaeniopterus_TP_2021-07-01_151944,6/25/2025 13:30,,/Users/aimeed/Desktop/BiteCounts/IV_Sctaeniopterus_TP_2021-07-01_151944_001.MP4,1215.9,23.98,No focal subject,Bite,Foraging,None|None|None,POINT,200.067,200.067,NA,,
IV_Sctaeniopterus_TP_2021-07-01_151944,6/25/2025 13:30,,/Users/aimeed/Desktop/BiteCounts/IV_Sctaeniopterus_TP_2021-07-01_151944_001.MP4,1215.9,23.98,No focal subject,Bite,Foraging,None|None|None,POINT,200.818,200.818,NA,,
IV_Sctaeniopterus_TP_2021-07-01_151944,6/25/2025 13:30,,/Users/aimeed/Desktop/BiteCounts/IV_Sctaeniopterus_TP_2021-07-01_151944_001.MP4,1215.9,23.98,No focal subject,Bite,Foraging,None|None|None,POINT,213.568,213.568,NA,,
IV_Sctaeniopterus_TP_2021-07-01_151944,6/25/2025 13:30,,/Users/aimeed/Desktop/BiteCounts/IV_Sctaeniopterus_TP_2021-07-01_151944_001.MP4,1215.9,23.98,No focal subject,Bite,Foraging,None|None|None,POINT,214.571,214.571,NA,,
IV_Sctaeniopterus_TP_2021-07-01_151944,6/25/2025 13:30,,/Users/aimeed/Desktop/BiteCounts/IV_Sctaeniopterus_TP_2021-07-01_151944_001.MP4,1215.9,23.98,No focal subject,Bite,Foraging,None|None|None,POINT,215.317,215.317,NA,,
IV_Sctaeniopterus_TP_2021-07-01_151944,6/25/2025 13:30,,/Users/aimeed/Desktop/BiteCounts/IV_Sctaeniopterus_TP_2021-07-01_151944_001.MP4,1215.9,23.98,No focal subject,Bite,Foraging,None|None|None,POINT,216.07,216.07,NA,,
IV_Sctaeniopterus_TP_2021-07-01_151944,6/25/2025 13:30,,/Users/aimeed/Desktop/BiteCounts/IV_Sctaeniopterus_TP_2021-07-01_151944_001.MP4,1215.9,23.98,No focal subject,Bite,Foraging,None|None|None,POINT,217.572,217.572,NA,,
IV_Sctaeniopterus_TP_2021-07-01_151944,6/25/2025 13:30,,/Users/aimeed/Desktop/BiteCounts/IV_Sctaeniopterus_TP_2021-07-01_151944_001.MP4,1215.9,23.98,No focal subject,Bite,Foraging,None|None|None,POINT,218.568,218.568,NA,,
IV_Sctaeniopterus_TP_2021-07-01_151944,6/25/2025 13:30,,/Users/aimeed/Desktop/BiteCounts/IV_Sctaeniopterus_TP_2021-07-01_151944_001.MP4,1215.9,23.98,No focal subject,Bite,Foraging,None|None|None,POINT,219.568,219.568,NA,,
IV_Sctaeniopterus_TP_2021-07-01_151944,6/25/2025 13:30,,/Users/aimeed/Desktop/BiteCounts/IV_Sctaeniopterus_TP_2021-07-01_151944_001.MP4,1215.9,23.98,No focal subject,Bite,Foraging,None|None|None,POINT,220.067,220.067,NA,,
IV_Sctaeniopterus_TP_2021-07-01_151944,6/25/2025 13:30,,/Users/aimeed/Desktop/BiteCounts/IV_Sctaeniopterus_TP_2021-07-01_151944_001.MP4,1215.9,23.98,No focal subject,Bite,Foraging,None|None|None,POINT,221.566,221.566,NA,,
IV_Sctaeniopterus_TP_2021-07-01_151944,6/25/2025 13:30,,/Users/aimeed/Desktop/BiteCounts/IV_Sctaeniopterus_TP_2021-07-01_151944_001.MP4,1215.9,23.98,No focal subject,Bite,Foraging,None|None|None,POINT,222.314,222.314,NA,,
IV_Sctaeniopterus_TP_2021-07-01_151944,6/25/2025 13:30,,/Users/aimeed/Desktop/BiteCounts/IV_Sctaeniopterus_TP_2021-07-01_151944_001.MP4,1215.9,23.98,No focal subject,Bite,Foraging,None|None|None,POINT,224.068,224.068,NA,,
IV_Sctaeniopterus_TP_2021-07-01_151944,6/25/2025 13:30,,/Users/aimeed/Desktop/BiteCounts/IV_Sctaeniopterus_TP_2021-07-01_151944_001.MP4,1215.9,23.98,No focal subject,Bite,Foraging,None|None|None,POINT,234.567,234.567,NA,,
IV_Sctaeniopterus_TP_2021-07-01_151944,6/25/2025 13:30,,/Users/aimeed/Desktop/BiteCounts/IV_Sctaeniopterus_TP_2021-07-01_151944_001.MP4,1215.9,23.98,No focal subject,Cleaning,Social Interactions,,STATE,243.396,248.154,4.758,,
IV_Sctaeniopterus_TP_2021-07-01_151944,6/25/2025 13:30,,/Users/aimeed/Desktop/BiteCounts/IV_Sctaeniopterus_TP_2021-07-01_151944_001.MP4,1215.9,23.98,No focal subject,Bite,Foraging,None|None|None,POINT,258.153,258.153,NA,,
IV_Sctaeniopterus_TP_2021-07-01_151944,6/25/2025 13:30,,/Users/aimeed/Desktop/BiteCounts/IV_Sctaeniopterus_TP_2021-07-01_151944_001.MP4,1215.9,23.98,No focal subject,Bite,Foraging,None|None|None,POINT,259.654,259.654,NA,,
IV_Sctaeniopterus_TP_2021-07-01_151944,6/25/2025 13:30,,/Users/aimeed/Desktop/BiteCounts/IV_Sctaeniopterus_TP_2021-07-01_151944_001.MP4,1215.9,23.98,No focal subject,Bite,Foraging,None|None|None,POINT,263.153,263.153,NA,,
IV_Sctaeniopterus_TP_2021-07-01_151944,6/25/2025 13:30,,/Users/aimeed/Desktop/BiteCounts/IV_Sctaeniopterus_TP_2021-07-01_151944_001.MP4,1215.9,23.98,No focal subject,Bite,Foraging,None|None|None,POINT,263.652,263.652,NA,,
IV_Sctaeniopterus_TP_2021-07-01_151944,6/25/2025 13:30,,/Users/aimeed/Desktop/BiteCounts/IV_Sctaeniopterus_TP_2021-07-01_151944_001.MP4,1215.9,23.98,No focal subject,Bite,Foraging,None|None|None,POINT,265.152,265.152,NA,,
IV_Sctaeniopterus_TP_2021-07-01_151944,6/25/2025 13:30,,/Users/aimeed/Desktop/BiteCounts/IV_Sctaeniopterus_TP_2021-07-01_151944_001.MP4,1215.9,23.98,No focal subject,Bite,Foraging,None|None|None,POINT,266.153,266.153,NA,,
IV_Sctaeniopterus_TP_2021-07-01_151944,6/25/2025 13:30,,/Users/aimeed/Desktop/BiteCounts/IV_Sctaeniopterus_TP_2021-07-01_151944_001.MP4,1215.9,23.98,No focal subject,Bite,Foraging,None|None|None,POINT,266.65,266.65,NA,,
IV_Sctaeniopterus_TP_2021-07-01_151944,6/25/2025 13:30,,/Users/aimeed/Desktop/BiteCounts/IV_Sctaeniopterus_TP_2021-07-01_151944_001.MP4,1215.9,23.98,No focal subject,Bite,Foraging,None|None|None,POINT,267.654,267.654,NA,,
IV_Sctaeniopterus_TP_2021-07-01_151944,6/25/2025 13:30,,/Users/aimeed/Desktop/BiteCounts/IV_Sctaeniopterus_TP_2021-07-01_151944_001.MP4,1215.9,23.98,No focal subject,Bite,Foraging,None|None|None,POINT,271.654,271.654,NA,,
IV_Sctaeniopterus_TP_2021-07-01_151944,6/25/2025 13:30,,/Users/aimeed/Desktop/BiteCounts/IV_Sctaeniopterus_TP_2021-07-01_151944_001.MP4,1215.9,23.98,No focal subject,Bite,Foraging,None|None|None,POINT,280.155,280.155,NA,,
IV_Sctaeniopterus_TP_2021-07-01_151944,6/25/2025 13:30,,/Users/aimeed/Desktop/BiteCounts/IV_Sctaeniopterus_TP_2021-07-01_151944_001.MP4,1215.9,23.98,No focal subject,Bite,Foraging,None|None|None,POINT,280.902,280.902,NA,,
IV_Sctaeniopterus_TP_2021-07-01_151944,6/25/2025 13:30,,/Users/aimeed/Desktop/BiteCounts/IV_Sctaeniopterus_TP_2021-07-01_151944_001.MP4,1215.9,23.98,No focal subject,Bite,Foraging,None|None|None,POINT,281.651,281.651,NA,,
IV_Sctaeniopterus_TP_2021-07-01_151944,6/25/2025 13:30,,/Users/aimeed/Desktop/BiteCounts/IV_Sctaeniopterus_TP_2021-07-01_151944_001.MP4,1215.9,23.98,No focal subject,Bite,Foraging,None|None|None,POINT,282.651,282.651,NA,,
IV_Sctaeniopterus_TP_2021-07-01_151944,6/25/2025 13:30,,/Users/aimeed/Desktop/BiteCounts/IV_Sctaeniopterus_TP_2021-07-01_151944_001.MP4,1215.9,23.98,No focal subject,Bite,Foraging,None|None|None,POINT,283.154,283.154,NA,,
IV_Sctaeniopterus_TP_2021-07-01_151944,6/25/2025 13:30,,/Users/aimeed/Desktop/BiteCounts/IV_Sctaeniopterus_TP_2021-07-01_151944_001.MP4,1215.9,23.98,No focal subject,Bite,Foraging,None|None|None,POINT,285.155,285.155,NA,,
IV_Sctaeniopterus_TP_2021-07-01_151944,6/25/2025 13:30,,/Users/aimeed/Desktop/BiteCounts/IV_Sctaeniopterus_TP_2021-07-01_151944_001.MP4,1215.9,23.98,No focal subject,Bite,Foraging,None|None|None,POINT,286.151,286.151,NA,,
IV_Sctaeniopterus_TP_2021-07-01_151944,6/25/2025 13:30,,/Users/aimeed/Desktop/BiteCounts/IV_Sctaeniopterus_TP_2021-07-01_151944_001.MP4,1215.9,23.98,No focal subject,Bite,Foraging,None|None|None,POINT,289.15,289.15,NA,,
IV_Sctaeniopterus_TP_2021-07-01_151944,6/25/2025 13:30,,/Users/aimeed/Desktop/BiteCounts/IV_Sctaeniopterus_TP_2021-07-01_151944_001.MP4,1215.9,23.98,No focal subject,Bite,Foraging,None|None|None,POINT,290.154,290.154,NA,,
IV_Sctaeniopterus_TP_2021-07-01_151944,6/25/2025 13:30,,/Users/aimeed/Desktop/BiteCounts/IV_Sctaeniopterus_TP_2021-07-01_151944_001.MP4,1215.9,23.98,No focal subject,Bite,Foraging,None|None|None,POINT,291.156,291.156,NA,,
IV_Sctaeniopterus_TP_2021-07-01_151944,6/25/2025 13:30,,/Users/aimeed/Desktop/BiteCounts/IV_Sctaeniopterus_TP_2021-07-01_151944_001.MP4,1215.9,23.98,No focal subject,Bite,Foraging,None|None|None,POINT,299.155,299.155,NA,,
IV_Sctaeniopterus_TP_2021-07-01_151944,6/25/2025 13:30,,/Users/aimeed/Desktop/BiteCounts/IV_Sctaeniopterus_TP_2021-07-01_151944_001.MP4,1215.9,23.98,No focal subject,Bite,Foraging,None|None|None,POINT,300.155,300.155,NA,,
IV_Sctaeniopterus_TP_2021-07-01_151944,6/25/2025 13:30,,/Users/aimeed/Desktop/BiteCounts/IV_Sctaeniopterus_TP_2021-07-01_151944_001.MP4,1215.9,23.98,No focal subject,Bite,Foraging,None|None|None,POINT,301.151,301.151,NA,,
IV_Sctaeniopterus_TP_2021-07-01_151944,6/25/2025 13:30,,/Users/aimeed/Desktop/BiteCounts/IV_Sctaeniopterus_TP_2021-07-01_151944_001.MP4,1215.9,23.98,No focal subject,Bite,Foraging,None|None|None,POINT,304.4,304.4,NA,,
IV_Sctaeniopterus_TP_2021-07-01_151944,6/25/2025 13:30,,/Users/aimeed/Desktop/BiteCounts/IV_Sctaeniopterus_TP_2021-07-01_151944_001.MP4,1215.9,23.98,No focal subject,Bite,Foraging,None|None|None,POINT,305.653,305.653,NA,,
IV_Sctaeniopterus_TP_2021-07-01_151944,6/25/2025 13:30,,/Users/aimeed/Desktop/BiteCounts/IV_Sctaeniopterus_TP_2021-07-01_151944_001.MP4,1215.9,23.98,No focal subject,Bite,Foraging,None|None|None,POINT,318.654,318.654,NA,,
IV_Sctaeniopterus_TP_2021-07-01_151944,6/25/2025 13:30,,/Users/aimeed/Desktop/BiteCounts/IV_Sctaeniopterus_TP_2021-07-01_151944_001.MP4,1215.9,23.98,No focal subject,Bite,Foraging,None|None|None,POINT,319.151,319.151,NA,,
IV_Sctaeniopterus_TP_2021-07-01_151944,6/25/2025 13:30,,/Users/aimeed/Desktop/BiteCounts/IV_Sctaeniopterus_TP_2021-07-01_151944_001.MP4,1215.9,23.98,No focal subject,Bite,Foraging,None|None|None,POINT,329.152,329.152,NA,,
IV_Sctaeniopterus_TP_2021-07-01_151944,6/25/2025 13:30,,/Users/aimeed/Desktop/BiteCounts/IV_Sctaeniopterus_TP_2021-07-01_151944_001.MP4,1215.9,23.98,No focal subject,Bite,Foraging,None|None|None,POINT,330.15,330.15,NA,,
IV_Sctaeniopterus_TP_2021-07-01_151944,6/25/2025 13:30,,/Users/aimeed/Desktop/BiteCounts/IV_Sctaeniopterus_TP_2021-07-01_151944_001.MP4,1215.9,23.98,No focal subject,Bite,Foraging,None|None|None,POINT,331.648,331.648,NA,,
IV_Sctaeniopterus_TP_2021-07-01_151944,6/25/2025 13:30,,/Users/aimeed/Desktop/BiteCounts/IV_Sctaeniopterus_TP_2021-07-01_151944_001.MP4,1215.9,23.98,No focal subject,Bite,Foraging,None|None|None,POINT,332.654,332.654,NA,,
IV_Sctaeniopterus_TP_2021-07-01_151944,6/25/2025 13:30,,/Users/aimeed/Desktop/BiteCounts/IV_Sctaeniopterus_TP_2021-07-01_151944_001.MP4,1215.9,23.98,No focal subject,Bite,Foraging,None|None|None,POINT,333.655,333.655,NA,,
IV_Sctaeniopterus_TP_2021-07-01_151944,6/25/2025 13:30,,/Users/aimeed/Desktop/BiteCounts/IV_Sctaeniopterus_TP_2021-07-01_151944_001.MP4,1215.9,23.98,No focal subject,Bite,Foraging,None|None|None,POINT,337.15,337.15,NA,,
IV_Sctaeniopterus_TP_2021-07-01_151944,6/25/2025 13:30,,/Users/aimeed/Desktop/BiteCounts/IV_Sctaeniopterus_TP_2021-07-01_151944_001.MP4,1215.9,23.98,No focal subject,Bite,Foraging,None|None|None,POINT,338.152,338.152,NA,,
IV_Sctaeniopterus_TP_2021-07-01_151944,6/25/2025 13:30,,/Users/aimeed/Desktop/BiteCounts/IV_Sctaeniopterus_TP_2021-07-01_151944_001.MP4,1215.9,23.98,No focal subject,Bite,Foraging,None|None|None,POINT,338.4,338.4,NA,,
IV_Sctaeniopterus_TP_2021-07-01_151944,6/25/2025 13:30,,/Users/aimeed/Desktop/BiteCounts/IV_Sctaeniopterus_TP_2021-07-01_151944_001.MP4,1215.9,23.98,No focal subject,Bite,Foraging,None|None|None,POINT,339.9,339.9,NA,,
IV_Sctaeniopterus_TP_2021-07-01_151944,6/25/2025 13:30,,/Users/aimeed/Desktop/BiteCounts/IV_Sctaeniopterus_TP_2021-07-01_151944_001.MP4,1215.9,23.98,No focal subject,Bite,Foraging,None|None|None,POINT,340.153,340.153,NA,,
IV_Sctaeniopterus_TP_2021-07-01_151944,6/25/2025 13:30,,/Users/aimeed/Desktop/BiteCounts/IV_Sctaeniopterus_TP_2021-07-01_151944_001.MP4,1215.9,23.98,No focal subject,Bite,Foraging,None|None|None,POINT,340.9,340.9,NA,,
IV_Sctaeniopterus_TP_2021-07-01_151944,6/25/2025 13:30,,/Users/aimeed/Desktop/BiteCounts/IV_Sctaeniopterus_TP_2021-07-01_151944_001.MP4,1215.9,23.98,No focal subject,Bite,Foraging,None|None|None,POINT,341.399,341.399,NA,,
IV_Sctaeniopterus_TP_2021-07-01_151944,6/25/2025 13:30,,/Users/aimeed/Desktop/BiteCounts/IV_Sctaeniopterus_TP_2021-07-01_151944_001.MP4,1215.9,23.98,No focal subject,Bite,Foraging,None|None|None,POINT,342.654,342.654,NA,,
IV_Sctaeniopterus_TP_2021-07-01_151944,6/25/2025 13:30,,/Users/aimeed/Desktop/BiteCounts/IV_Sctaeniopterus_TP_2021-07-01_151944_001.MP4,1215.9,23.98,No focal subject,Bite,Foraging,None|None|None,POINT,343.153,343.153,NA,,
IV_Sctaeniopterus_TP_2021-07-01_151944,6/25/2025 13:30,,/Users/aimeed/Desktop/BiteCounts/IV_Sctaeniopterus_TP_2021-07-01_151944_001.MP4,1215.9,23.98,No focal subject,Bite,Foraging,None|None|None,POINT,344.402,344.402,NA,,
IV_Sctaeniopterus_TP_2021-07-01_151944,6/25/2025 13:30,,/Users/aimeed/Desktop/BiteCounts/IV_Sctaeniopterus_TP_2021-07-01_151944_001.MP4,1215.9,23.98,No focal subject,Bite,Foraging,None|None|None,POINT,345.154,345.154,NA,,
IV_Sctaeniopterus_TP_2021-07-01_151944,6/25/2025 13:30,,/Users/aimeed/Desktop/BiteCounts/IV_Sctaeniopterus_TP_2021-07-01_151944_001.MP4,1215.9,23.98,No focal subject,Bite,Foraging,None|None|None,POINT,347.65,347.65,NA,,
IV_Sctaeniopterus_TP_2021-07-01_151944,6/25/2025 13:30,,/Users/aimeed/Desktop/BiteCounts/IV_Sctaeniopterus_TP_2021-07-01_151944_001.MP4,1215.9,23.98,No focal subject,Bite,Foraging,None|None|None,POINT,348.152,348.152,NA,,
IV_Sctaeniopterus_TP_2021-07-01_151944,6/25/2025 13:30,,/Users/aimeed/Desktop/BiteCounts/IV_Sctaeniopterus_TP_2021-07-01_151944_001.MP4,1215.9,23.98,No focal subject,Bite,Foraging,None|None|None,POINT,349.153,349.153,NA,,
IV_Sctaeniopterus_TP_2021-07-01_151944,6/25/2025 13:30,,/Users/aimeed/Desktop/BiteCounts/IV_Sctaeniopterus_TP_2021-07-01_151944_001.MP4,1215.9,23.98,No focal subject,Bite,Foraging,None|None|None,POINT,350.653,350.653,NA,,
IV_Sctaeniopterus_TP_2021-07-01_151944,6/25/2025 13:30,,/Users/aimeed/Desktop/BiteCounts/IV_Sctaeniopterus_TP_2021-07-01_151944_001.MP4,1215.9,23.98,No focal subject,Bite,Foraging,None|None|None,POINT,351.153,351.153,NA,,
IV_Sctaeniopterus_TP_2021-07-01_151944,6/25/2025 13:30,,/Users/aimeed/Desktop/BiteCounts/IV_Sctaeniopterus_TP_2021-07-01_151944_001.MP4,1215.9,23.98,No focal subject,Bite,Foraging,None|None|None,POINT,352.154,352.154,NA,,
IV_Sctaeniopterus_TP_2021-07-01_151944,6/25/2025 13:30,,/Users/aimeed/Desktop/BiteCounts/IV_Sctaeniopterus_TP_2021-07-01_151944_001.MP4,1215.9,23.98,No focal subject,Bite,Foraging,None|None|None,POINT,353.153,353.153,NA,,
IV_Sctaeniopterus_TP_2021-07-01_151944,6/25/2025 13:30,,/Users/aimeed/Desktop/BiteCounts/IV_Sctaeniopterus_TP_2021-07-01_151944_001.MP4,1215.9,23.98,No focal subject,Bite,Foraging,None|None|None,POINT,354.154,354.154,NA,,
IV_Sctaeniopterus_TP_2021-07-01_151944,6/25/2025 13:30,,/Users/aimeed/Desktop/BiteCounts/IV_Sctaeniopterus_TP_2021-07-01_151944_001.MP4,1215.9,23.98,No focal subject,Bite,Foraging,None|None|None,POINT,355.153,355.153,NA,,
IV_Sctaeniopterus_TP_2021-07-01_151944,6/25/2025 13:30,,/Users/aimeed/Desktop/BiteCounts/IV_Sctaeniopterus_TP_2021-07-01_151944_001.MP4,1215.9,23.98,No focal subject,Bite,Foraging,None|None|None,POINT,359.654,359.654,NA,,
IV_Sctaeniopterus_TP_2021-07-01_151944,6/25/2025 13:30,,/Users/aimeed/Desktop/BiteCounts/IV_Sctaeniopterus_TP_2021-07-01_151944_001.MP4,1215.9,23.98,No focal subject,Bite,Foraging,None|None|None,POINT,360.657,360.657,NA,,
IV_Sctaeniopterus_TP_2021-07-01_151944,6/25/2025 13:30,,/Users/aimeed/Desktop/BiteCounts/IV_Sctaeniopterus_TP_2021-07-01_151944_001.MP4,1215.9,23.98,No focal subject,Bite,Foraging,None|None|None,POINT,362.654,362.654,NA,,
IV_Sctaeniopterus_TP_2021-07-01_151944,6/25/2025 13:30,,/Users/aimeed/Desktop/BiteCounts/IV_Sctaeniopterus_TP_2021-07-01_151944_001.MP4,1215.9,23.98,No focal subject,Bite,Foraging,None|None|None,POINT,364.654,364.654,NA,,
IV_Sctaeniopterus_TP_2021-07-01_151944,6/25/2025 13:30,,/Users/aimeed/Desktop/BiteCounts/IV_Sctaeniopterus_TP_2021-07-01_151944_001.MP4,1215.9,23.98,No focal subject,Bite,Foraging,None|None|None,POINT,367.152,367.152,NA,,
IV_Sctaeniopterus_TP_2021-07-01_151944,6/25/2025 13:30,,/Users/aimeed/Desktop/BiteCounts/IV_Sctaeniopterus_TP_2021-07-01_151944_001.MP4,1215.9,23.98,No focal subject,Bite,Foraging,None|None|None,POINT,368.153,368.153,NA,,
IV_Sctaeniopterus_TP_2021-07-01_151944,6/25/2025 13:30,,/Users/aimeed/Desktop/BiteCounts/IV_Sctaeniopterus_TP_2021-07-01_151944_001.MP4,1215.9,23.98,No focal subject,Bite,Foraging,None|None|None,POINT,370.65,370.65,NA,,
IV_Sctaeniopterus_TP_2021-07-01_151944,6/25/2025 13:30,,/Users/aimeed/Desktop/BiteCounts/IV_Sctaeniopterus_TP_2021-07-01_151944_001.MP4,1215.9,23.98,No focal subject,Bite,Foraging,None|None|None,POINT,372.149,372.149,NA,,
IV_Sctaeniopterus_TP_2021-07-01_151944,6/25/2025 13:30,,/Users/aimeed/Desktop/BiteCounts/IV_Sctaeniopterus_TP_2021-07-01_151944_001.MP4,1215.9,23.98,No focal subject,Bite,Foraging,None|None|None,POINT,372.651,372.651,NA,,
IV_Sctaeniopterus_TP_2021-07-01_151944,6/25/2025 13:30,,/Users/aimeed/Desktop/BiteCounts/IV_Sctaeniopterus_TP_2021-07-01_151944_001.MP4,1215.9,23.98,No focal subject,Bite,Foraging,None|None|None,POINT,373.151,373.151,NA,,
IV_Sctaeniopterus_TP_2021-07-01_151944,6/25/2025 13:30,,/Users/aimeed/Desktop/BiteCounts/IV_Sctaeniopterus_TP_2021-07-01_151944_001.MP4,1215.9,23.98,No focal subject,Bite,Foraging,None|None|None,POINT,373.65,373.65,NA,,
IV_Sctaeniopterus_TP_2021-07-01_151944,6/25/2025 13:30,,/Users/aimeed/Desktop/BiteCounts/IV_Sctaeniopterus_TP_2021-07-01_151944_001.MP4,1215.9,23.98,No focal subject,Bite,Foraging,None|None|None,POINT,374.903,374.903,NA,,
IV_Sctaeniopterus_TP_2021-07-01_151944,6/25/2025 13:30,,/Users/aimeed/Desktop/BiteCounts/IV_Sctaeniopterus_TP_2021-07-01_151944_001.MP4,1215.9,23.98,No focal subject,Bite,Foraging,None|None|None,POINT,375.65,375.65,NA,,
IV_Sctaeniopterus_TP_2021-07-01_151944,6/25/2025 13:30,,/Users/aimeed/Desktop/BiteCounts/IV_Sctaeniopterus_TP_2021-07-01_151944_001.MP4,1215.9,23.98,No focal subject,Bite,Foraging,None|None|None,POINT,376.154,376.154,NA,,
IV_Sctaeniopterus_TP_2021-07-01_151944,6/25/2025 13:30,,/Users/aimeed/Desktop/BiteCounts/IV_Sctaeniopterus_TP_2021-07-01_151944_001.MP4,1215.9,23.98,No focal subject,Bite,Foraging,None|None|None,POINT,376.646,376.646,NA,,
IV_Sctaeniopterus_TP_2021-07-01_151944,6/25/2025 13:30,,/Users/aimeed/Desktop/BiteCounts/IV_Sctaeniopterus_TP_2021-07-01_151944_001.MP4,1215.9,23.98,No focal subject,Bite,Foraging,None|None|None,POINT,377.152,377.152,NA,,
IV_Sctaeniopterus_TP_2021-07-01_151944,6/25/2025 13:30,,/Users/aimeed/Desktop/BiteCounts/IV_Sctaeniopterus_TP_2021-07-01_151944_001.MP4,1215.9,23.98,No focal subject,Bite,Foraging,None|None|None,POINT,377.901,377.901,NA,,
IV_Sctaeniopterus_TP_2021-07-01_151944,6/25/2025 13:30,,/Users/aimeed/Desktop/BiteCounts/IV_Sctaeniopterus_TP_2021-07-01_151944_001.MP4,1215.9,23.98,No focal subject,Bite,Foraging,None|None|None,POINT,378.401,378.401,NA,,
IV_Sctaeniopterus_TP_2021-07-01_151944,6/25/2025 13:30,,/Users/aimeed/Desktop/BiteCounts/IV_Sctaeniopterus_TP_2021-07-01_151944_001.MP4,1215.9,23.98,No focal subject,Bite,Foraging,None|None|None,POINT,378.9,378.9,NA,,
IV_Sctaeniopterus_TP_2021-07-01_151944,6/25/2025 13:30,,/Users/aimeed/Desktop/BiteCounts/IV_Sctaeniopterus_TP_2021-07-01_151944_001.MP4,1215.9,23.98,No focal subject,Bite,Foraging,None|None|None,POINT,379.653,379.653,NA,,
IV_Sctaeniopterus_TP_2021-07-01_151944,6/25/2025 13:30,,/Users/aimeed/Desktop/BiteCounts/IV_Sctaeniopterus_TP_2021-07-01_151944_001.MP4,1215.9,23.98,No focal subject,Bite,Foraging,None|None|None,POINT,380.654,380.654,NA,,
IV_Sctaeniopterus_TP_2021-07-01_151944,6/25/2025 13:30,,/Users/aimeed/Desktop/BiteCounts/IV_Sctaeniopterus_TP_2021-07-01_151944_001.MP4,1215.9,23.98,No focal subject,Bite,Foraging,None|None|None,POINT,395.15,395.15,NA,,
IV_Sctaeniopterus_TP_2021-07-01_151944,6/25/2025 13:30,,/Users/aimeed/Desktop/BiteCounts/IV_Sctaeniopterus_TP_2021-07-01_151944_001.MP4,1215.9,23.98,No focal subject,Bite,Foraging,None|None|None,POINT,396.151,396.151,NA,,
IV_Sctaeniopterus_TP_2021-07-01_151944,6/25/2025 13:30,,/Users/aimeed/Desktop/BiteCounts/IV_Sctaeniopterus_TP_2021-07-01_151944_001.MP4,1215.9,23.98,No focal subject,Bite,Foraging,None|None|None,POINT,397.397,397.397,NA,,
IV_Sctaeniopterus_TP_2021-07-01_151944,6/25/2025 13:30,,/Users/aimeed/Desktop/BiteCounts/IV_Sctaeniopterus_TP_2021-07-01_151944_001.MP4,1215.9,23.98,No focal subject,Bite,Foraging,None|None|None,POINT,398.399,398.399,NA,,
IV_Sctaeniopterus_TP_2021-07-01_151944,6/25/2025 13:30,,/Users/aimeed/Desktop/BiteCounts/IV_Sctaeniopterus_TP_2021-07-01_151944_001.MP4,1215.9,23.98,No focal subject,Bite,Foraging,None|None|None,POINT,399.151,399.151,NA,,
IV_Sctaeniopterus_TP_2021-07-01_151944,6/25/2025 13:30,,/Users/aimeed/Desktop/BiteCounts/IV_Sctaeniopterus_TP_2021-07-01_151944_001.MP4,1215.9,23.98,No focal subject,Bite,Foraging,None|None|None,POINT,400.649,400.649,NA,,
IV_Sctaeniopterus_TP_2021-07-01_151944,6/25/2025 13:30,,/Users/aimeed/Desktop/BiteCounts/IV_Sctaeniopterus_TP_2021-07-01_151944_001.MP4,1215.9,23.98,No focal subject,Bite,Foraging,None|None|None,POINT,406.651,406.651,NA,,
IV_Sctaeniopterus_TP_2021-07-01_151944,6/25/2025 13:30,,/Users/aimeed/Desktop/BiteCounts/IV_Sctaeniopterus_TP_2021-07-01_151944_001.MP4,1215.9,23.98,No focal subject,Bite,Foraging,None|None|None,POINT,407.65,407.65,NA,,
IV_Sctaeniopterus_TP_2021-07-01_151944,6/25/2025 13:30,,/Users/aimeed/Desktop/BiteCounts/IV_Sctaeniopterus_TP_2021-07-01_151944_001.MP4,1215.9,23.98,No focal subject,Bite,Foraging,None|None|None,POINT,410.897,410.897,NA,,
IV_Sctaeniopterus_TP_2021-07-01_151944,6/25/2025 13:30,,/Users/aimeed/Desktop/BiteCounts/IV_Sctaeniopterus_TP_2021-07-01_151944_001.MP4,1215.9,23.98,No focal subject,Bite,Foraging,None|None|None,POINT,412.148,412.148,NA,,
IV_Sctaeniopterus_TP_2021-07-01_151944,6/25/2025 13:30,,/Users/aimeed/Desktop/BiteCounts/IV_Sctaeniopterus_TP_2021-07-01_151944_001.MP4,1215.9,23.98,No focal subject,Bite,Foraging,None|None|None,POINT,413.152,413.152,NA,,
IV_Sctaeniopterus_TP_2021-07-01_151944,6/25/2025 13:30,,/Users/aimeed/Desktop/BiteCounts/IV_Sctaeniopterus_TP_2021-07-01_151944_001.MP4,1215.9,23.98,No focal subject,Bite,Foraging,None|None|None,POINT,413.812,413.812,NA,,
IV_Sctaeniopterus_TP_2021-07-01_151944,6/25/2025 13:30,,/Users/aimeed/Desktop/BiteCounts/IV_Sctaeniopterus_TP_2021-07-01_151944_001.MP4,1215.9,23.98,No focal subject,Bite,Foraging,None|None|None,POINT,414.895,414.895,NA,,
IV_Sctaeniopterus_TP_2021-07-01_151944,6/25/2025 13:30,,/Users/aimeed/Desktop/BiteCounts/IV_Sctaeniopterus_TP_2021-07-01_151944_001.MP4,1215.9,23.98,No focal subject,Bite,Foraging,None|None|None,POINT,415.315,415.315,NA,,
IV_Sctaeniopterus_TP_2021-07-01_151944,6/25/2025 13:30,,/Users/aimeed/Desktop/BiteCounts/IV_Sctaeniopterus_TP_2021-07-01_151944_001.MP4,1215.9,23.98,No focal subject,Bite,Foraging,None|None|None,POINT,416.566,416.566,NA,,
IV_Sctaeniopterus_TP_2021-07-01_151944,6/25/2025 13:30,,/Users/aimeed/Desktop/BiteCounts/IV_Sctaeniopterus_TP_2021-07-01_151944_001.MP4,1215.9,23.98,No focal subject,Bite,Foraging,None|None|None,POINT,417.567,417.567,NA,,
IV_Sctaeniopterus_TP_2021-07-01_151944,6/25/2025 13:30,,/Users/aimeed/Desktop/BiteCounts/IV_Sctaeniopterus_TP_2021-07-01_151944_001.MP4,1215.9,23.98,No focal subject,Bite,Foraging,None|None|None,POINT,418.321,418.321,NA,,
IV_Sctaeniopterus_TP_2021-07-01_151944,6/25/2025 13:30,,/Users/aimeed/Desktop/BiteCounts/IV_Sctaeniopterus_TP_2021-07-01_151944_001.MP4,1215.9,23.98,No focal subject,Bite,Foraging,None|None|None,POINT,418.819,418.819,NA,,
IV_Sctaeniopterus_TP_2021-07-01_151944,6/25/2025 13:30,,/Users/aimeed/Desktop/BiteCounts/IV_Sctaeniopterus_TP_2021-07-01_151944_001.MP4,1215.9,23.98,No focal subject,Bite,Foraging,None|None|None,POINT,419.318,419.318,NA,,
IV_Sctaeniopterus_TP_2021-07-01_151944,6/25/2025 13:30,,/Users/aimeed/Desktop/BiteCounts/IV_Sctaeniopterus_TP_2021-07-01_151944_001.MP4,1215.9,23.98,No focal subject,Bite,Foraging,None|None|None,POINT,420.566,420.566,NA,,
IV_Sctaeniopterus_TP_2021-07-01_151944,6/25/2025 13:30,,/Users/aimeed/Desktop/BiteCounts/IV_Sctaeniopterus_TP_2021-07-01_151944_001.MP4,1215.9,23.98,No focal subject,Bite,Foraging,None|None|None,POINT,421.318,421.318,NA,,
IV_Sctaeniopterus_TP_2021-07-01_151944,6/25/2025 13:30,,/Users/aimeed/Desktop/BiteCounts/IV_Sctaeniopterus_TP_2021-07-01_151944_001.MP4,1215.9,23.98,No focal subject,Bite,Foraging,None|None|None,POINT,422.067,422.067,NA,,
IV_Sctaeniopterus_TP_2021-07-01_151944,6/25/2025 13:30,,/Users/aimeed/Desktop/BiteCounts/IV_Sctaeniopterus_TP_2021-07-01_151944_001.MP4,1215.9,23.98,No focal subject,Bite,Foraging,None|None|None,POINT,423.818,423.818,NA,,
IV_Sctaeniopterus_TP_2021-07-01_151944,6/25/2025 13:30,,/Users/aimeed/Desktop/BiteCounts/IV_Sctaeniopterus_TP_2021-07-01_151944_001.MP4,1215.9,23.98,No focal subject,Bite,Foraging,None|None|None,POINT,425.328,425.328,NA,,
IV_Sctaeniopterus_TP_2021-07-01_151944,6/25/2025 13:30,,/Users/aimeed/Desktop/BiteCounts/IV_Sctaeniopterus_TP_2021-07-01_151944_001.MP4,1215.9,23.98,No focal subject,Bite,Foraging,None|None|None,POINT,426.078,426.078,NA,,
IV_Sctaeniopterus_TP_2021-07-01_151944,6/25/2025 13:30,,/Users/aimeed/Desktop/BiteCounts/IV_Sctaeniopterus_TP_2021-07-01_151944_001.MP4,1215.9,23.98,No focal subject,Bite,Foraging,None|None|None,POINT,426.831,426.831,NA,,
IV_Sctaeniopterus_TP_2021-07-01_151944,6/25/2025 13:30,,/Users/aimeed/Desktop/BiteCounts/IV_Sctaeniopterus_TP_2021-07-01_151944_001.MP4,1215.9,23.98,No focal subject,Bite,Foraging,None|None|None,POINT,428.083,428.083,NA,,
IV_Sctaeniopterus_TP_2021-07-01_151944,6/25/2025 13:30,,/Users/aimeed/Desktop/BiteCounts/IV_Sctaeniopterus_TP_2021-07-01_151944_001.MP4,1215.9,23.98,No focal subject,Bite,Foraging,None|None|None,POINT,428.832,428.832,NA,,
IV_Sctaeniopterus_TP_2021-07-01_151944,6/25/2025 13:30,,/Users/aimeed/Desktop/BiteCounts/IV_Sctaeniopterus_TP_2021-07-01_151944_001.MP4,1215.9,23.98,No focal subject,Bite,Foraging,None|None|None,POINT,447.581,447.581,NA,,
IV_Sctaeniopterus_TP_2021-07-01_151944,6/25/2025 13:30,,/Users/aimeed/Desktop/BiteCounts/IV_Sctaeniopterus_TP_2021-07-01_151944_001.MP4,1215.9,23.98,No focal subject,Bite,Foraging,None|None|None,POINT,449.079,449.079,NA,,
IV_Sctaeniopterus_TP_2021-07-01_151944,6/25/2025 13:30,,/Users/aimeed/Desktop/BiteCounts/IV_Sctaeniopterus_TP_2021-07-01_151944_001.MP4,1215.9,23.98,No focal subject,Bite,Foraging,None|None|None,POINT,450.08,450.08,NA,,
IV_Sctaeniopterus_TP_2021-07-01_151944,6/25/2025 13:30,,/Users/aimeed/Desktop/BiteCounts/IV_Sctaeniopterus_TP_2021-07-01_151944_001.MP4,1215.9,23.98,No focal subject,Bite,Foraging,None|None|None,POINT,451.082,451.082,NA,,
IV_Sctaeniopterus_TP_2021-07-01_151944,6/25/2025 13:30,,/Users/aimeed/Desktop/BiteCounts/IV_Sctaeniopterus_TP_2021-07-01_151944_001.MP4,1215.9,23.98,No focal subject,Bite,Foraging,None|None|None,POINT,453.081,453.081,NA,,
IV_Sctaeniopterus_TP_2021-07-01_151944,6/25/2025 13:30,,/Users/aimeed/Desktop/BiteCounts/IV_Sctaeniopterus_TP_2021-07-01_151944_001.MP4,1215.9,23.98,No focal subject,Bite,Foraging,None|None|None,POINT,453.83,453.83,NA,,
IV_Sctaeniopterus_TP_2021-07-01_151944,6/25/2025 13:30,,/Users/aimeed/Desktop/BiteCounts/IV_Sctaeniopterus_TP_2021-07-01_151944_001.MP4,1215.9,23.98,No focal subject,Bite,Foraging,None|None|None,POINT,454.578,454.578,NA,,
IV_Sctaeniopterus_TP_2021-07-01_151944,6/25/2025 13:30,,/Users/aimeed/Desktop/BiteCounts/IV_Sctaeniopterus_TP_2021-07-01_151944_001.MP4,1215.9,23.98,No focal subject,Bite,Foraging,None|None|None,POINT,455.333,455.333,NA,,
IV_Sctaeniopterus_TP_2021-07-01_151944,6/25/2025 13:30,,/Users/aimeed/Desktop/BiteCounts/IV_Sctaeniopterus_TP_2021-07-01_151944_001.MP4,1215.9,23.98,No focal subject,Bite,Foraging,None|None|None,POINT,456.334,456.334,NA,,
IV_Sctaeniopterus_TP_2021-07-01_151944,6/25/2025 13:30,,/Users/aimeed/Desktop/BiteCounts/IV_Sctaeniopterus_TP_2021-07-01_151944_001.MP4,1215.9,23.98,No focal subject,Bite,Foraging,None|None|None,POINT,457.581,457.581,NA,,
IV_Sctaeniopterus_TP_2021-07-01_151944,6/25/2025 13:30,,/Users/aimeed/Desktop/BiteCounts/IV_Sctaeniopterus_TP_2021-07-01_151944_001.MP4,1215.9,23.98,No focal subject,Bite,Foraging,None|None|None,POINT,458.832,458.832,NA,,
IV_Sctaeniopterus_TP_2021-07-01_151944,6/25/2025 13:30,,/Users/aimeed/Desktop/BiteCounts/IV_Sctaeniopterus_TP_2021-07-01_151944_001.MP4,1215.9,23.98,No focal subject,Bite,Foraging,None|None|None,POINT,459.58,459.58,NA,,
IV_Sctaeniopterus_TP_2021-07-01_151944,6/25/2025 13:30,,/Users/aimeed/Desktop/BiteCounts/IV_Sctaeniopterus_TP_2021-07-01_151944_001.MP4,1215.9,23.98,No focal subject,Bite,Foraging,None|None|None,POINT,462.083,462.083,NA,,
IV_Sctaeniopterus_TP_2021-07-01_151944,6/25/2025 13:30,,/Users/aimeed/Desktop/BiteCounts/IV_Sctaeniopterus_TP_2021-07-01_151944_001.MP4,1215.9,23.98,No focal subject,Bite,Foraging,None|None|None,POINT,465.081,465.081,NA,,
IV_Sctaeniopterus_TP_2021-07-01_151944,6/25/2025 13:30,,/Users/aimeed/Desktop/BiteCounts/IV_Sctaeniopterus_TP_2021-07-01_151944_001.MP4,1215.9,23.98,No focal subject,Bite,Foraging,None|None|None,POINT,465.831,465.831,NA,,
IV_Sctaeniopterus_TP_2021-07-01_151944,6/25/2025 13:30,,/Users/aimeed/Desktop/BiteCounts/IV_Sctaeniopterus_TP_2021-07-01_151944_001.MP4,1215.9,23.98,No focal subject,Bite,Foraging,None|None|None,POINT,470.578,470.578,NA,,
IV_Sctaeniopterus_TP_2021-07-01_151944,6/25/2025 13:30,,/Users/aimeed/Desktop/BiteCounts/IV_Sctaeniopterus_TP_2021-07-01_151944_001.MP4,1215.9,23.98,No focal subject,Bite,Foraging,None|None|None,POINT,472.329,472.329,NA,,
IV_Sctaeniopterus_TP_2021-07-01_151944,6/25/2025 13:30,,/Users/aimeed/Desktop/BiteCounts/IV_Sctaeniopterus_TP_2021-07-01_151944_001.MP4,1215.9,23.98,No focal subject,Bite,Foraging,None|None|None,POINT,473.333,473.333,NA,,
IV_Sctaeniopterus_TP_2021-07-01_151944,6/25/2025 13:30,,/Users/aimeed/Desktop/BiteCounts/IV_Sctaeniopterus_TP_2021-07-01_151944_001.MP4,1215.9,23.98,No focal subject,Bite,Foraging,None|None|None,POINT,478.081,478.081,NA,,
IV_Sctaeniopterus_TP_2021-07-01_151944,6/25/2025 13:30,,/Users/aimeed/Desktop/BiteCounts/IV_Sctaeniopterus_TP_2021-07-01_151944_001.MP4,1215.9,23.98,No focal subject,Bite,Foraging,None|None|None,POINT,479.329,479.329,NA,,
IV_Sctaeniopterus_TP_2021-07-01_151944,6/25/2025 13:30,,/Users/aimeed/Desktop/BiteCounts/IV_Sctaeniopterus_TP_2021-07-01_151944_001.MP4,1215.9,23.98,No focal subject,Bite,Foraging,None|None|None,POINT,480.331,480.331,NA,,
IV_Sctaeniopterus_TP_2021-07-01_151944,6/25/2025 13:30,,/Users/aimeed/Desktop/BiteCounts/IV_Sctaeniopterus_TP_2021-07-01_151944_001.MP4,1215.9,23.98,No focal subject,Bite,Foraging,None|None|None,POINT,493.083,493.083,NA,,
IV_Sctaeniopterus_TP_2021-07-01_151944,6/25/2025 13:30,,/Users/aimeed/Desktop/BiteCounts/IV_Sctaeniopterus_TP_2021-07-01_151944_001.MP4,1215.9,23.98,No focal subject,Bite,Foraging,None|None|None,POINT,507.833,507.833,NA,,
IV_Sctaeniopterus_TP_2021-07-01_151944,6/25/2025 13:30,,/Users/aimeed/Desktop/BiteCounts/IV_Sctaeniopterus_TP_2021-07-01_151944_001.MP4,1215.9,23.98,No focal subject,Bite,Foraging,None|None|None,POINT,508.08,508.08,NA,,
IV_Sctaeniopterus_TP_2021-07-01_151944,6/25/2025 13:30,,/Users/aimeed/Desktop/BiteCounts/IV_Sctaeniopterus_TP_2021-07-01_151944_001.MP4,1215.9,23.98,No focal subject,Bite,Foraging,None|None|None,POINT,509.084,509.084,NA,,
IV_Sctaeniopterus_TP_2021-07-01_151944,6/25/2025 13:30,,/Users/aimeed/Desktop/BiteCounts/IV_Sctaeniopterus_TP_2021-07-01_151944_001.MP4,1215.9,23.98,No focal subject,Bite,Foraging,None|None|None,POINT,509.582,509.582,NA,,
IV_Sctaeniopterus_TP_2021-07-01_151944,6/25/2025 13:30,,/Users/aimeed/Desktop/BiteCounts/IV_Sctaeniopterus_TP_2021-07-01_151944_001.MP4,1215.9,23.98,No focal subject,Bite,Foraging,None|None|None,POINT,510.333,510.333,NA,,
IV_Sctaeniopterus_TP_2021-07-01_151944,6/25/2025 13:30,,/Users/aimeed/Desktop/BiteCounts/IV_Sctaeniopterus_TP_2021-07-01_151944_001.MP4,1215.9,23.98,No focal subject,Bite,Foraging,None|None|None,POINT,511.082,511.082,NA,,
IV_Sctaeniopterus_TP_2021-07-01_151944,6/25/2025 13:30,,/Users/aimeed/Desktop/BiteCounts/IV_Sctaeniopterus_TP_2021-07-01_151944_001.MP4,1215.9,23.98,No focal subject,Bite,Foraging,None|None|None,POINT,511.833,511.833,NA,,
IV_Sctaeniopterus_TP_2021-07-01_151944,6/25/2025 13:30,,/Users/aimeed/Desktop/BiteCounts/IV_Sctaeniopterus_TP_2021-07-01_151944_001.MP4,1215.9,23.98,No focal subject,Bite,Foraging,None|None|None,POINT,514.582,514.582,NA,,
IV_Sctaeniopterus_TP_2021-07-01_151944,6/25/2025 13:30,,/Users/aimeed/Desktop/BiteCounts/IV_Sctaeniopterus_TP_2021-07-01_151944_001.MP4,1215.9,23.98,No focal subject,Bite,Foraging,None|None|None,POINT,514.833,514.833,NA,,
IV_Sctaeniopterus_TP_2021-07-01_151944,6/25/2025 13:30,,/Users/aimeed/Desktop/BiteCounts/IV_Sctaeniopterus_TP_2021-07-01_151944_001.MP4,1215.9,23.98,No focal subject,Bite,Foraging,None|None|None,POINT,515.666,515.666,NA,,
IV_Sctaeniopterus_TP_2021-07-01_151944,6/25/2025 13:30,,/Users/aimeed/Desktop/BiteCounts/IV_Sctaeniopterus_TP_2021-07-01_151944_001.MP4,1215.9,23.98,No focal subject,Bite,Foraging,None|None|None,POINT,517.663,517.663,NA,,
IV_Sctaeniopterus_TP_2021-07-01_151944,6/25/2025 13:30,,/Users/aimeed/Desktop/BiteCounts/IV_Sctaeniopterus_TP_2021-07-01_151944_001.MP4,1215.9,23.98,No focal subject,Bite,Foraging,None|None|None,POINT,519.169,519.169,NA,,
IV_Sctaeniopterus_TP_2021-07-01_151944,6/25/2025 13:30,,/Users/aimeed/Desktop/BiteCounts/IV_Sctaeniopterus_TP_2021-07-01_151944_001.MP4,1215.9,23.98,No focal subject,Bite,Foraging,None|None|None,POINT,524.924,524.924,NA,,
IV_Sctaeniopterus_TP_2021-07-01_151944,6/25/2025 13:30,,/Users/aimeed/Desktop/BiteCounts/IV_Sctaeniopterus_TP_2021-07-01_151944_001.MP4,1215.9,23.98,No focal subject,Bite,Foraging,None|None|None,POINT,526.922,526.922,NA,,
IV_Sctaeniopterus_TP_2021-07-01_151944,6/25/2025 13:30,,/Users/aimeed/Desktop/BiteCounts/IV_Sctaeniopterus_TP_2021-07-01_151944_001.MP4,1215.9,23.98,No focal subject,Bite,Foraging,None|None|None,POINT,529.169,529.169,NA,,
IV_Sctaeniopterus_TP_2021-07-01_151944,6/25/2025 13:30,,/Users/aimeed/Desktop/BiteCounts/IV_Sctaeniopterus_TP_2021-07-01_151944_001.MP4,1215.9,23.98,No focal subject,Bite,Foraging,None|None|None,POINT,529.419,529.419,NA,,
IV_Sctaeniopterus_TP_2021-07-01_151944,6/25/2025 13:30,,/Users/aimeed/Desktop/BiteCounts/IV_Sctaeniopterus_TP_2021-07-01_151944_001.MP4,1215.9,23.98,No focal subject,Bite,Foraging,None|None|None,POINT,530.168,530.168,NA,,
IV_Sctaeniopterus_TP_2021-07-01_151944,6/25/2025 13:30,,/Users/aimeed/Desktop/BiteCounts/IV_Sctaeniopterus_TP_2021-07-01_151944_001.MP4,1215.9,23.98,No focal subject,Bite,Foraging,None|None|None,POINT,536.168,536.168,NA,,
IV_Sctaeniopterus_TP_2021-07-01_151944,6/25/2025 13:30,,/Users/aimeed/Desktop/BiteCounts/IV_Sctaeniopterus_TP_2021-07-01_151944_001.MP4,1215.9,23.98,No focal subject,Bite,Foraging,None|None|None,POINT,536.92,536.92,NA,,
IV_Sctaeniopterus_TP_2021-07-01_151944,6/25/2025 13:30,,/Users/aimeed/Desktop/BiteCounts/IV_Sctaeniopterus_TP_2021-07-01_151944_001.MP4,1215.9,23.98,No focal subject,Bite,Foraging,None|None|None,POINT,537.421,537.421,NA,,
IV_Sctaeniopterus_TP_2021-07-01_151944,6/25/2025 13:30,,/Users/aimeed/Desktop/BiteCounts/IV_Sctaeniopterus_TP_2021-07-01_151944_001.MP4,1215.9,23.98,No focal subject,Bite,Foraging,None|None|None,POINT,538.169,538.169,NA,,
IV_Sctaeniopterus_TP_2021-07-01_151944,6/25/2025 13:30,,/Users/aimeed/Desktop/BiteCounts/IV_Sctaeniopterus_TP_2021-07-01_151944_001.MP4,1215.9,23.98,No focal subject,Bite,Foraging,None|None|None,POINT,538.924,538.924,NA,,
IV_Sctaeniopterus_TP_2021-07-01_151944,6/25/2025 13:30,,/Users/aimeed/Desktop/BiteCounts/IV_Sctaeniopterus_TP_2021-07-01_151944_001.MP4,1215.9,23.98,No focal subject,Bite,Foraging,None|None|None,POINT,539.422,539.422,NA,,
IV_Sctaeniopterus_TP_2021-07-01_151944,6/25/2025 13:30,,/Users/aimeed/Desktop/BiteCounts/IV_Sctaeniopterus_TP_2021-07-01_151944_001.MP4,1215.9,23.98,No focal subject,Bite,Foraging,None|None|None,POINT,540.171,540.171,NA,,
IV_Sctaeniopterus_TP_2021-07-01_151944,6/25/2025 13:30,,/Users/aimeed/Desktop/BiteCounts/IV_Sctaeniopterus_TP_2021-07-01_151944_001.MP4,1215.9,23.98,No focal subject,Bite,Foraging,None|None|None,POINT,540.921,540.921,NA,,
IV_Sctaeniopterus_TP_2021-07-01_151944,6/25/2025 13:30,,/Users/aimeed/Desktop/BiteCounts/IV_Sctaeniopterus_TP_2021-07-01_151944_001.MP4,1215.9,23.98,No focal subject,Bite,Foraging,None|None|None,POINT,541.421,541.421,NA,,
IV_Sctaeniopterus_TP_2021-07-01_151944,6/25/2025 13:30,,/Users/aimeed/Desktop/BiteCounts/IV_Sctaeniopterus_TP_2021-07-01_151944_001.MP4,1215.9,23.98,No focal subject,Bite,Foraging,None|None|None,POINT,542.169,542.169,NA,,
IV_Sctaeniopterus_TP_2021-07-01_151944,6/25/2025 13:30,,/Users/aimeed/Desktop/BiteCounts/IV_Sctaeniopterus_TP_2021-07-01_151944_001.MP4,1215.9,23.98,No focal subject,Bite,Foraging,None|None|None,POINT,542.418,542.418,NA,,
IV_Sctaeniopterus_TP_2021-07-01_151944,6/25/2025 13:30,,/Users/aimeed/Desktop/BiteCounts/IV_Sctaeniopterus_TP_2021-07-01_151944_001.MP4,1215.9,23.98,No focal subject,Bite,Foraging,None|None|None,POINT,543.92,543.92,NA,,
IV_Sctaeniopterus_TP_2021-07-01_151944,6/25/2025 13:30,,/Users/aimeed/Desktop/BiteCounts/IV_Sctaeniopterus_TP_2021-07-01_151944_001.MP4,1215.9,23.98,No focal subject,Bite,Foraging,None|None|None,POINT,544.669,544.669,NA,,
IV_Sctaeniopterus_TP_2021-07-01_151944,6/25/2025 13:30,,/Users/aimeed/Desktop/BiteCounts/IV_Sctaeniopterus_TP_2021-07-01_151944_001.MP4,1215.9,23.98,No focal subject,Bite,Foraging,None|None|None,POINT,545.669,545.669,NA,,
IV_Sctaeniopterus_TP_2021-07-01_151944,6/25/2025 13:30,,/Users/aimeed/Desktop/BiteCounts/IV_Sctaeniopterus_TP_2021-07-01_151944_001.MP4,1215.9,23.98,No focal subject,Bite,Foraging,None|None|None,POINT,546.921,546.921,NA,,
IV_Sctaeniopterus_TP_2021-07-01_151944,6/25/2025 13:30,,/Users/aimeed/Desktop/BiteCounts/IV_Sctaeniopterus_TP_2021-07-01_151944_001.MP4,1215.9,23.98,No focal subject,Bite,Foraging,None|None|None,POINT,547.921,547.921,NA,,
IV_Sctaeniopterus_TP_2021-07-01_151944,6/25/2025 13:30,,/Users/aimeed/Desktop/BiteCounts/IV_Sctaeniopterus_TP_2021-07-01_151944_001.MP4,1215.9,23.98,No focal subject,Bite,Foraging,None|None|None,POINT,548.422,548.422,NA,,
IV_Sctaeniopterus_TP_2021-07-01_151944,6/25/2025 13:30,,/Users/aimeed/Desktop/BiteCounts/IV_Sctaeniopterus_TP_2021-07-01_151944_001.MP4,1215.9,23.98,No focal subject,Bite,Foraging,None|None|None,POINT,549.421,549.421,NA,,
IV_Sctaeniopterus_TP_2021-07-01_151944,6/25/2025 13:30,,/Users/aimeed/Desktop/BiteCounts/IV_Sctaeniopterus_TP_2021-07-01_151944_001.MP4,1215.9,23.98,No focal subject,Bite,Foraging,None|None|None,POINT,551.416,551.416,NA,,
IV_Sctaeniopterus_TP_2021-07-01_151944,6/25/2025 13:30,,/Users/aimeed/Desktop/BiteCounts/IV_Sctaeniopterus_TP_2021-07-01_151944_001.MP4,1215.9,23.98,No focal subject,Bite,Foraging,None|None|None,POINT,552.667,552.667,NA,,
IV_Sctaeniopterus_TP_2021-07-01_151944,6/25/2025 13:30,,/Users/aimeed/Desktop/BiteCounts/IV_Sctaeniopterus_TP_2021-07-01_151944_001.MP4,1215.9,23.98,No focal subject,Bite,Foraging,None|None|None,POINT,553.922,553.922,NA,,
IV_Sctaeniopterus_TP_2021-07-01_151944,6/25/2025 13:30,,/Users/aimeed/Desktop/BiteCounts/IV_Sctaeniopterus_TP_2021-07-01_151944_001.MP4,1215.9,23.98,No focal subject,Bite,Foraging,None|None|None,POINT,554.168,554.168,NA,,
IV_Sctaeniopterus_TP_2021-07-01_151944,6/25/2025 13:30,,/Users/aimeed/Desktop/BiteCounts/IV_Sctaeniopterus_TP_2021-07-01_151944_001.MP4,1215.9,23.98,No focal subject,Bite,Foraging,None|None|None,POINT,554.916,554.916,NA,,
IV_Sctaeniopterus_TP_2021-07-01_151944,6/25/2025 13:30,,/Users/aimeed/Desktop/BiteCounts/IV_Sctaeniopterus_TP_2021-07-01_151944_001.MP4,1215.9,23.98,No focal subject,Bite,Foraging,None|None|None,POINT,555.67,555.67,NA,,
IV_Sctaeniopterus_TP_2021-07-01_151944,6/25/2025 13:30,,/Users/aimeed/Desktop/BiteCounts/IV_Sctaeniopterus_TP_2021-07-01_151944_001.MP4,1215.9,23.98,No focal subject,Bite,Foraging,None|None|None,POINT,556.169,556.169,NA,,
IV_Sctaeniopterus_TP_2021-07-01_151944,6/25/2025 13:30,,/Users/aimeed/Desktop/BiteCounts/IV_Sctaeniopterus_TP_2021-07-01_151944_001.MP4,1215.9,23.98,No focal subject,Bite,Foraging,None|None|None,POINT,557.171,557.171,NA,,
IV_Sctaeniopterus_TP_2021-07-01_151944,6/25/2025 13:30,,/Users/aimeed/Desktop/BiteCounts/IV_Sctaeniopterus_TP_2021-07-01_151944_001.MP4,1215.9,23.98,No focal subject,Bite,Foraging,None|None|None,POINT,557.669,557.669,NA,,
IV_Sctaeniopterus_TP_2021-07-01_151944,6/25/2025 13:30,,/Users/aimeed/Desktop/BiteCounts/IV_Sctaeniopterus_TP_2021-07-01_151944_001.MP4,1215.9,23.98,No focal subject,Bite,Foraging,None|None|None,POINT,558.17,558.17,NA,,
IV_Sctaeniopterus_TP_2021-07-01_151944,6/25/2025 13:30,,/Users/aimeed/Desktop/BiteCounts/IV_Sctaeniopterus_TP_2021-07-01_151944_001.MP4,1215.9,23.98,No focal subject,Bite,Foraging,None|None|None,POINT,559.169,559.169,NA,,
IV_Sctaeniopterus_TP_2021-07-01_151944,6/25/2025 13:30,,/Users/aimeed/Desktop/BiteCounts/IV_Sctaeniopterus_TP_2021-07-01_151944_001.MP4,1215.9,23.98,No focal subject,Bite,Foraging,None|None|None,POINT,559.922,559.922,NA,,
IV_Sctaeniopterus_TP_2021-07-01_151944,6/25/2025 13:30,,/Users/aimeed/Desktop/BiteCounts/IV_Sctaeniopterus_TP_2021-07-01_151944_001.MP4,1215.9,23.98,No focal subject,Bite,Foraging,None|None|None,POINT,560.42,560.42,NA,,
IV_Sctaeniopterus_TP_2021-07-01_151944,6/25/2025 13:30,,/Users/aimeed/Desktop/BiteCounts/IV_Sctaeniopterus_TP_2021-07-01_151944_001.MP4,1215.9,23.98,No focal subject,Bite,Foraging,None|None|None,POINT,560.921,560.921,NA,,
IV_Sctaeniopterus_TP_2021-07-01_151944,6/25/2025 13:30,,/Users/aimeed/Desktop/BiteCounts/IV_Sctaeniopterus_TP_2021-07-01_151944_001.MP4,1215.9,23.98,No focal subject,Bite,Foraging,None|None|None,POINT,561.166,561.166,NA,,
IV_Sctaeniopterus_TP_2021-07-01_151944,6/25/2025 13:30,,/Users/aimeed/Desktop/BiteCounts/IV_Sctaeniopterus_TP_2021-07-01_151944_001.MP4,1215.9,23.98,No focal subject,Bite,Foraging,None|None|None,POINT,562.421,562.421,NA,,
IV_Sctaeniopterus_TP_2021-07-01_151944,6/25/2025 13:30,,/Users/aimeed/Desktop/BiteCounts/IV_Sctaeniopterus_TP_2021-07-01_151944_001.MP4,1215.9,23.98,No focal subject,Bite,Foraging,None|None|None,POINT,564.17,564.17,NA,,
IV_Sctaeniopterus_TP_2021-07-01_151944,6/25/2025 13:30,,/Users/aimeed/Desktop/BiteCounts/IV_Sctaeniopterus_TP_2021-07-01_151944_001.MP4,1215.9,23.98,No focal subject,Bite,Foraging,None|None|None,POINT,565.17,565.17,NA,,
IV_Sctaeniopterus_TP_2021-07-01_151944,6/25/2025 13:30,,/Users/aimeed/Desktop/BiteCounts/IV_Sctaeniopterus_TP_2021-07-01_151944_001.MP4,1215.9,23.98,No focal subject,Bite,Foraging,None|None|None,POINT,565.921,565.921,NA,,
IV_Sctaeniopterus_TP_2021-07-01_151944,6/25/2025 13:30,,/Users/aimeed/Desktop/BiteCounts/IV_Sctaeniopterus_TP_2021-07-01_151944_001.MP4,1215.9,23.98,No focal subject,Bite,Foraging,None|None|None,POINT,566.421,566.421,NA,,
IV_Sctaeniopterus_TP_2021-07-01_151944,6/25/2025 13:30,,/Users/aimeed/Desktop/BiteCounts/IV_Sctaeniopterus_TP_2021-07-01_151944_001.MP4,1215.9,23.98,No focal subject,Bite,Foraging,None|None|None,POINT,567.17,567.17,NA,,
IV_Sctaeniopterus_TP_2021-07-01_151944,6/25/2025 13:30,,/Users/aimeed/Desktop/BiteCounts/IV_Sctaeniopterus_TP_2021-07-01_151944_001.MP4,1215.9,23.98,No focal subject,Bite,Foraging,None|None|None,POINT,567.67,567.67,NA,,
IV_Sctaeniopterus_TP_2021-07-01_151944,6/25/2025 13:30,,/Users/aimeed/Desktop/BiteCounts/IV_Sctaeniopterus_TP_2021-07-01_151944_001.MP4,1215.9,23.98,No focal subject,Bite,Foraging,None|None|None,POINT,568.168,568.168,NA,,
IV_Sctaeniopterus_TP_2021-07-01_151944,6/25/2025 13:30,,/Users/aimeed/Desktop/BiteCounts/IV_Sctaeniopterus_TP_2021-07-01_151944_001.MP4,1215.9,23.98,No focal subject,Bite,Foraging,None|None|None,POINT,568.922,568.922,NA,,
IV_Sctaeniopterus_TP_2021-07-01_151944,6/25/2025 13:30,,/Users/aimeed/Desktop/BiteCounts/IV_Sctaeniopterus_TP_2021-07-01_151944_001.MP4,1215.9,23.98,No focal subject,Bite,Foraging,None|None|None,POINT,569.168,569.168,NA,,
IV_Sctaeniopterus_TP_2021-07-01_151944,6/25/2025 13:30,,/Users/aimeed/Desktop/BiteCounts/IV_Sctaeniopterus_TP_2021-07-01_151944_001.MP4,1215.9,23.98,No focal subject,Bite,Foraging,None|None|None,POINT,569.67,569.67,NA,,
IV_Sctaeniopterus_TP_2021-07-01_151944,6/25/2025 13:30,,/Users/aimeed/Desktop/BiteCounts/IV_Sctaeniopterus_TP_2021-07-01_151944_001.MP4,1215.9,23.98,No focal subject,Bite,Foraging,None|None|None,POINT,570.42,570.42,NA,,
IV_Sctaeniopterus_TP_2021-07-01_151944,6/25/2025 13:30,,/Users/aimeed/Desktop/BiteCounts/IV_Sctaeniopterus_TP_2021-07-01_151944_001.MP4,1215.9,23.98,No focal subject,Bite,Foraging,None|None|None,POINT,571.17,571.17,NA,,
IV_Sctaeniopterus_TP_2021-07-01_151944,6/25/2025 13:30,,/Users/aimeed/Desktop/BiteCounts/IV_Sctaeniopterus_TP_2021-07-01_151944_001.MP4,1215.9,23.98,No focal subject,Bite,Foraging,None|None|None,POINT,571.67,571.67,NA,,
IV_Sctaeniopterus_TP_2021-07-01_151944,6/25/2025 13:30,,/Users/aimeed/Desktop/BiteCounts/IV_Sctaeniopterus_TP_2021-07-01_151944_001.MP4,1215.9,23.98,No focal subject,Bite,Foraging,None|None|None,POINT,572.922,572.922,NA,,
IV_Sctaeniopterus_TP_2021-07-01_151944,6/25/2025 13:30,,/Users/aimeed/Desktop/BiteCounts/IV_Sctaeniopterus_TP_2021-07-01_151944_001.MP4,1215.9,23.98,No focal subject,Bite,Foraging,None|None|None,POINT,573.921,573.921,NA,,
IV_Sctaeniopterus_TP_2021-07-01_151944,6/25/2025 13:30,,/Users/aimeed/Desktop/BiteCounts/IV_Sctaeniopterus_TP_2021-07-01_151944_001.MP4,1215.9,23.98,No focal subject,Bite,Foraging,None|None|None,POINT,574.169,574.169,NA,,
IV_Sctaeniopterus_TP_2021-07-01_151944,6/25/2025 13:30,,/Users/aimeed/Desktop/BiteCounts/IV_Sctaeniopterus_TP_2021-07-01_151944_001.MP4,1215.9,23.98,No focal subject,Bite,Foraging,None|None|None,POINT,574.67,574.67,NA,,
IV_Sctaeniopterus_TP_2021-07-01_151944,6/25/2025 13:30,,/Users/aimeed/Desktop/BiteCounts/IV_Sctaeniopterus_TP_2021-07-01_151944_001.MP4,1215.9,23.98,No focal subject,Bite,Foraging,None|None|None,POINT,575.423,575.423,NA,,
IV_Sctaeniopterus_TP_2021-07-01_151944,6/25/2025 13:30,,/Users/aimeed/Desktop/BiteCounts/IV_Sctaeniopterus_TP_2021-07-01_151944_001.MP4,1215.9,23.98,No focal subject,Bite,Foraging,None|None|None,POINT,576.422,576.422,NA,,
IV_Sctaeniopterus_TP_2021-07-01_151944,6/25/2025 13:30,,/Users/aimeed/Desktop/BiteCounts/IV_Sctaeniopterus_TP_2021-07-01_151944_001.MP4,1215.9,23.98,No focal subject,Bite,Foraging,None|None|None,POINT,577.922,577.922,NA,,
IV_Sctaeniopterus_TP_2021-07-01_151944,6/25/2025 13:30,,/Users/aimeed/Desktop/BiteCounts/IV_Sctaeniopterus_TP_2021-07-01_151944_001.MP4,1215.9,23.98,No focal subject,Bite,Foraging,None|None|None,POINT,581.168,581.168,NA,,
IV_Sctaeniopterus_TP_2021-07-01_151944,6/25/2025 13:30,,/Users/aimeed/Desktop/BiteCounts/IV_Sctaeniopterus_TP_2021-07-01_151944_001.MP4,1215.9,23.98,No focal subject,Bite,Foraging,None|None|None,POINT,584.17,584.17,NA,,
IV_Sctaeniopterus_TP_2021-07-01_151944,6/25/2025 13:30,,/Users/aimeed/Desktop/BiteCounts/IV_Sctaeniopterus_TP_2021-07-01_151944_001.MP4,1215.9,23.98,No focal subject,Bite,Foraging,None|None|None,POINT,585.67,585.67,NA,,
IV_Sctaeniopterus_TP_2021-07-01_151944,6/25/2025 13:30,,/Users/aimeed/Desktop/BiteCounts/IV_Sctaeniopterus_TP_2021-07-01_151944_001.MP4,1215.9,23.98,No focal subject,Bite,Foraging,None|None|None,POINT,586.421,586.421,NA,,
IV_Sctaeniopterus_TP_2021-07-01_151944,6/25/2025 13:30,,/Users/aimeed/Desktop/BiteCounts/IV_Sctaeniopterus_TP_2021-07-01_151944_001.MP4,1215.9,23.98,No focal subject,Bite,Foraging,None|None|None,POINT,587.168,587.168,NA,,
IV_Sctaeniopterus_TP_2021-07-01_151944,6/25/2025 13:30,,/Users/aimeed/Desktop/BiteCounts/IV_Sctaeniopterus_TP_2021-07-01_151944_001.MP4,1215.9,23.98,No focal subject,Bite,Foraging,None|None|None,POINT,587.669,587.669,NA,,
IV_Sctaeniopterus_TP_2021-07-01_151944,6/25/2025 13:30,,/Users/aimeed/Desktop/BiteCounts/IV_Sctaeniopterus_TP_2021-07-01_151944_001.MP4,1215.9,23.98,No focal subject,Bite,Foraging,None|None|None,POINT,590.669,590.669,NA,,
IV_Sctaeniopterus_TP_2021-07-01_151944,6/25/2025 13:30,,/Users/aimeed/Desktop/BiteCounts/IV_Sctaeniopterus_TP_2021-07-01_151944_001.MP4,1215.9,23.98,No focal subject,Bite,Foraging,None|None|None,POINT,591.17,591.17,NA,,
IV_Sctaeniopterus_TP_2021-07-01_151944,6/25/2025 13:30,,/Users/aimeed/Desktop/BiteCounts/IV_Sctaeniopterus_TP_2021-07-01_151944_001.MP4,1215.9,23.98,No focal subject,Bite,Foraging,None|None|None,POINT,591.92,591.92,NA,,
IV_Sctaeniopterus_TP_2021-07-01_151944,6/25/2025 13:30,,/Users/aimeed/Desktop/BiteCounts/IV_Sctaeniopterus_TP_2021-07-01_151944_001.MP4,1215.9,23.98,No focal subject,Bite,Foraging,None|None|None,POINT,592.42,592.42,NA,,
IV_Sctaeniopterus_TP_2021-07-01_151944,6/25/2025 13:30,,/Users/aimeed/Desktop/BiteCounts/IV_Sctaeniopterus_TP_2021-07-01_151944_001.MP4,1215.9,23.98,No focal subject,Bite,Foraging,None|None|None,POINT,593.922,593.922,NA,,
IV_Sctaeniopterus_TP_2021-07-01_151944,6/25/2025 13:30,,/Users/aimeed/Desktop/BiteCounts/IV_Sctaeniopterus_TP_2021-07-01_151944_001.MP4,1215.9,23.98,No focal subject,Bite,Foraging,None|None|None,POINT,594.419,594.419,NA,,
IV_Sctaeniopterus_TP_2021-07-01_151944,6/25/2025 13:30,,/Users/aimeed/Desktop/BiteCounts/IV_Sctaeniopterus_TP_2021-07-01_151944_001.MP4,1215.9,23.98,No focal subject,Bite,Foraging,None|None|None,POINT,595.421,595.421,NA,,
IV_Sctaeniopterus_TP_2021-07-01_151944,6/25/2025 13:30,,/Users/aimeed/Desktop/BiteCounts/IV_Sctaeniopterus_TP_2021-07-01_151944_001.MP4,1215.9,23.98,No focal subject,Bite,Foraging,None|None|None,POINT,598.17,598.17,NA,,
IV_Sctaeniopterus_TP_2021-07-01_151944,6/25/2025 13:30,,/Users/aimeed/Desktop/BiteCounts/IV_Sctaeniopterus_TP_2021-07-01_151944_001.MP4,1215.9,23.98,No focal subject,Bite,Foraging,None|None|None,POINT,598.421,598.421,NA,,
IV_Sctaeniopterus_TP_2021-07-01_151944,6/25/2025 13:30,,/Users/aimeed/Desktop/BiteCounts/IV_Sctaeniopterus_TP_2021-07-01_151944_001.MP4,1215.9,23.98,No focal subject,Bite,Foraging,None|None|None,POINT,598.92,598.92,NA,,
IV_Sctaeniopterus_TP_2021-07-01_151944,6/25/2025 13:30,,/Users/aimeed/Desktop/BiteCounts/IV_Sctaeniopterus_TP_2021-07-01_151944_001.MP4,1215.9,23.98,No focal subject,Bite,Foraging,None|None|None,POINT,599.668,599.668,NA,,
IV_Sctaeniopterus_TP_2021-07-01_151944,6/25/2025 13:30,,/Users/aimeed/Desktop/BiteCounts/IV_Sctaeniopterus_TP_2021-07-01_151944_001.MP4,1215.9,23.98,No focal subject,Bite,Foraging,None|None|None,POINT,609.67,609.67,NA,,
IV_Sctaeniopterus_TP_2021-07-01_151944,6/25/2025 13:30,,/Users/aimeed/Desktop/BiteCounts/IV_Sctaeniopterus_TP_2021-07-01_151944_001.MP4,1215.9,23.98,No focal subject,Bite,Foraging,None|None|None,POINT,610.17,610.17,NA,,
IV_Sctaeniopterus_TP_2021-07-01_151944,6/25/2025 13:30,,/Users/aimeed/Desktop/BiteCounts/IV_Sctaeniopterus_TP_2021-07-01_151944_001.MP4,1215.9,23.98,No focal subject,Bite,Foraging,None|None|None,POINT,615.67,615.67,NA,,
IV_Sctaeniopterus_TP_2021-07-01_151944,6/25/2025 13:30,,/Users/aimeed/Desktop/BiteCounts/IV_Sctaeniopterus_TP_2021-07-01_151944_001.MP4,1215.9,23.98,No focal subject,Bite,Foraging,None|None|None,POINT,617.423,617.423,NA,,
IV_Sctaeniopterus_TP_2021-07-01_151944,6/25/2025 13:30,,/Users/aimeed/Desktop/BiteCounts/IV_Sctaeniopterus_TP_2021-07-01_151944_001.MP4,1215.9,23.98,No focal subject,Bite,Foraging,None|None|None,POINT,619.17,619.17,NA,,
IV_Sctaeniopterus_TP_2021-07-01_151944,6/25/2025 13:30,,/Users/aimeed/Desktop/BiteCounts/IV_Sctaeniopterus_TP_2021-07-01_151944_001.MP4,1215.9,23.98,No focal subject,Bite,Foraging,None|None|None,POINT,620.671,620.671,NA,,
IV_Sctaeniopterus_TP_2021-07-01_151944,6/25/2025 13:30,,/Users/aimeed/Desktop/BiteCounts/IV_Sctaeniopterus_TP_2021-07-01_151944_001.MP4,1215.9,23.98,No focal subject,Bite,Foraging,None|None|None,POINT,622.669,622.669,NA,,
IV_Sctaeniopterus_TP_2021-07-01_151944,6/25/2025 13:30,,/Users/aimeed/Desktop/BiteCounts/IV_Sctaeniopterus_TP_2021-07-01_151944_001.MP4,1215.9,23.98,No focal subject,Bite,Foraging,None|None|None,POINT,630.666,630.666,NA,,
IV_Sctaeniopterus_TP_2021-07-01_151944,6/25/2025 13:30,,/Users/aimeed/Desktop/BiteCounts/IV_Sctaeniopterus_TP_2021-07-01_151944_001.MP4,1215.9,23.98,No focal subject,Bite,Foraging,None|None|None,POINT,653.923,653.923,NA,,
IV_Sctaeniopterus_TP_2021-07-01_151944,6/25/2025 13:30,,/Users/aimeed/Desktop/BiteCounts/IV_Sctaeniopterus_TP_2021-07-01_151944_001.MP4,1215.9,23.98,No focal subject,Bite,Foraging,None|None|None,POINT,655.421,655.421,NA,,
IV_Sctaeniopterus_TP_2021-07-01_151944,6/25/2025 13:30,,/Users/aimeed/Desktop/BiteCounts/IV_Sctaeniopterus_TP_2021-07-01_151944_001.MP4,1215.9,23.98,No focal subject,Bite,Foraging,None|None|None,POINT,655.923,655.923,NA,,
IV_Sctaeniopterus_TP_2021-07-01_151944,6/25/2025 13:30,,/Users/aimeed/Desktop/BiteCounts/IV_Sctaeniopterus_TP_2021-07-01_151944_001.MP4,1215.9,23.98,No focal subject,Bite,Foraging,None|None|None,POINT,657.921,657.921,NA,,
IV_Sctaeniopterus_TP_2021-07-01_151944,6/25/2025 13:30,,/Users/aimeed/Desktop/BiteCounts/IV_Sctaeniopterus_TP_2021-07-01_151944_001.MP4,1215.9,23.98,No focal subject,Bite,Foraging,None|None|None,POINT,658.423,658.423,NA,,
IV_Sctaeniopterus_TP_2021-07-01_151944,6/25/2025 13:30,,/Users/aimeed/Desktop/BiteCounts/IV_Sctaeniopterus_TP_2021-07-01_151944_001.MP4,1215.9,23.98,No focal subject,Bite,Foraging,None|None|None,POINT,659.166,659.166,NA,,
IV_Sctaeniopterus_TP_2021-07-01_151944,6/25/2025 13:30,,/Users/aimeed/Desktop/BiteCounts/IV_Sctaeniopterus_TP_2021-07-01_151944_001.MP4,1215.9,23.98,No focal subject,Bite,Foraging,None|None|None,POINT,659.921,659.921,NA,,
IV_Sctaeniopterus_TP_2021-07-01_151944,6/25/2025 13:30,,/Users/aimeed/Desktop/BiteCounts/IV_Sctaeniopterus_TP_2021-07-01_151944_001.MP4,1215.9,23.98,No focal subject,Bite,Foraging,None|None|None,POINT,661.167,661.167,NA,,
IV_Sctaeniopterus_TP_2021-07-01_151944,6/25/2025 13:30,,/Users/aimeed/Desktop/BiteCounts/IV_Sctaeniopterus_TP_2021-07-01_151944_001.MP4,1215.9,23.98,No focal subject,Bite,Foraging,None|None|None,POINT,661.669,661.669,NA,,
IV_Sctaeniopterus_TP_2021-07-01_151944,6/25/2025 13:30,,/Users/aimeed/Desktop/BiteCounts/IV_Sctaeniopterus_TP_2021-07-01_151944_001.MP4,1215.9,23.98,No focal subject,Bite,Foraging,None|None|None,POINT,664.923,664.923,NA,,
IV_Sctaeniopterus_TP_2021-07-01_151944,6/25/2025 13:30,,/Users/aimeed/Desktop/BiteCounts/IV_Sctaeniopterus_TP_2021-07-01_151944_001.MP4,1215.9,23.98,No focal subject,Bite,Foraging,None|None|None,POINT,677.921,677.921,NA,,
IV_Sctaeniopterus_TP_2021-07-01_151944,6/25/2025 13:30,,/Users/aimeed/Desktop/BiteCounts/IV_Sctaeniopterus_TP_2021-07-01_151944_001.MP4,1215.9,23.98,No focal subject,Bite,Foraging,None|None|None,POINT,678.169,678.169,NA,,
IV_Sctaeniopterus_TP_2021-07-01_151944,6/25/2025 13:30,,/Users/aimeed/Desktop/BiteCounts/IV_Sctaeniopterus_TP_2021-07-01_151944_001.MP4,1215.9,23.98,No focal subject,Bite,Foraging,None|None|None,POINT,679.419,679.419,NA,,
IV_Sctaeniopterus_TP_2021-07-01_151944,6/25/2025 13:30,,/Users/aimeed/Desktop/BiteCounts/IV_Sctaeniopterus_TP_2021-07-01_151944_001.MP4,1215.9,23.98,No focal subject,Bite,Foraging,None|None|None,POINT,680.167,680.167,NA,,
IV_Sctaeniopterus_TP_2021-07-01_151944,6/25/2025 13:30,,/Users/aimeed/Desktop/BiteCounts/IV_Sctaeniopterus_TP_2021-07-01_151944_001.MP4,1215.9,23.98,No focal subject,Bite,Foraging,None|None|None,POINT,680.669,680.669,NA,,
IV_Sctaeniopterus_TP_2021-07-01_151944,6/25/2025 13:30,,/Users/aimeed/Desktop/BiteCounts/IV_Sctaeniopterus_TP_2021-07-01_151944_001.MP4,1215.9,23.98,No focal subject,Bite,Foraging,None|None|None,POINT,681.418,681.418,NA,,
IV_Sctaeniopterus_TP_2021-07-01_151944,6/25/2025 13:30,,/Users/aimeed/Desktop/BiteCounts/IV_Sctaeniopterus_TP_2021-07-01_151944_001.MP4,1215.9,23.98,No focal subject,Bite,Foraging,None|None|None,POINT,682.67,682.67,NA,,
IV_Sctaeniopterus_TP_2021-07-01_151944,6/25/2025 13:30,,/Users/aimeed/Desktop/BiteCounts/IV_Sctaeniopterus_TP_2021-07-01_151944_001.MP4,1215.9,23.98,No focal subject,Bite,Foraging,None|None|None,POINT,683.67,683.67,NA,,
IV_Sctaeniopterus_TP_2021-07-01_151944,6/25/2025 13:30,,/Users/aimeed/Desktop/BiteCounts/IV_Sctaeniopterus_TP_2021-07-01_151944_001.MP4,1215.9,23.98,No focal subject,Bite,Foraging,None|None|None,POINT,692.42,692.42,NA,,
IV_Sctaeniopterus_TP_2021-07-01_151944,6/25/2025 13:30,,/Users/aimeed/Desktop/BiteCounts/IV_Sctaeniopterus_TP_2021-07-01_151944_001.MP4,1215.9,23.98,No focal subject,Bite,Foraging,None|None|None,POINT,693.423,693.423,NA,,
IV_Sctaeniopterus_TP_2021-07-01_151944,6/25/2025 13:30,,/Users/aimeed/Desktop/BiteCounts/IV_Sctaeniopterus_TP_2021-07-01_151944_001.MP4,1215.9,23.98,No focal subject,Bite,Foraging,None|None|None,POINT,694.166,694.166,NA,,
IV_Sctaeniopterus_TP_2021-07-01_151944,6/25/2025 13:30,,/Users/aimeed/Desktop/BiteCounts/IV_Sctaeniopterus_TP_2021-07-01_151944_001.MP4,1215.9,23.98,No focal subject,Bite,Foraging,None|None|None,POINT,695.923,695.923,NA,,
IV_Sctaeniopterus_TP_2021-07-01_151944,6/25/2025 13:30,,/Users/aimeed/Desktop/BiteCounts/IV_Sctaeniopterus_TP_2021-07-01_151944_001.MP4,1215.9,23.98,No focal subject,Bite,Foraging,None|None|None,POINT,696.921,696.921,NA,,
IV_Sctaeniopterus_TP_2021-07-01_151944,6/25/2025 13:30,,/Users/aimeed/Desktop/BiteCounts/IV_Sctaeniopterus_TP_2021-07-01_151944_001.MP4,1215.9,23.98,No focal subject,Bite,Foraging,None|None|None,POINT,702.167,702.167,NA,,
IV_Sctaeniopterus_TP_2021-07-01_151944,6/25/2025 13:30,,/Users/aimeed/Desktop/BiteCounts/IV_Sctaeniopterus_TP_2021-07-01_151944_001.MP4,1215.9,23.98,No focal subject,Bite,Foraging,None|None|None,POINT,702.919,702.919,NA,,
IV_Sctaeniopterus_TP_2021-07-01_151944,6/25/2025 13:30,,/Users/aimeed/Desktop/BiteCounts/IV_Sctaeniopterus_TP_2021-07-01_151944_001.MP4,1215.9,23.98,No focal subject,Bite,Foraging,None|None|None,POINT,704.667,704.667,NA,,
IV_Sctaeniopterus_TP_2021-07-01_151944,6/25/2025 13:30,,/Users/aimeed/Desktop/BiteCounts/IV_Sctaeniopterus_TP_2021-07-01_151944_001.MP4,1215.9,23.98,No focal subject,Bite,Foraging,None|None|None,POINT,705.17,705.17,NA,,
IV_Sctaeniopterus_TP_2021-07-01_151944,6/25/2025 13:30,,/Users/aimeed/Desktop/BiteCounts/IV_Sctaeniopterus_TP_2021-07-01_151944_001.MP4,1215.9,23.98,No focal subject,Bite,Foraging,None|None|None,POINT,706.17,706.17,NA,,
IV_Sctaeniopterus_TP_2021-07-01_151944,6/25/2025 13:30,,/Users/aimeed/Desktop/BiteCounts/IV_Sctaeniopterus_TP_2021-07-01_151944_001.MP4,1215.9,23.98,No focal subject,Bite,Foraging,None|None|None,POINT,706.669,706.669,NA,,
IV_Sctaeniopterus_TP_2021-07-01_151944,6/25/2025 13:30,,/Users/aimeed/Desktop/BiteCounts/IV_Sctaeniopterus_TP_2021-07-01_151944_001.MP4,1215.9,23.98,No focal subject,Bite,Foraging,None|None|None,POINT,707.423,707.423,NA,,
IV_Sctaeniopterus_TP_2021-07-01_151944,6/25/2025 13:30,,/Users/aimeed/Desktop/BiteCounts/IV_Sctaeniopterus_TP_2021-07-01_151944_001.MP4,1215.9,23.98,No focal subject,Bite,Foraging,None|None|None,POINT,707.924,707.924,NA,,
IV_Sctaeniopterus_TP_2021-07-01_151944,6/25/2025 13:30,,/Users/aimeed/Desktop/BiteCounts/IV_Sctaeniopterus_TP_2021-07-01_151944_001.MP4,1215.9,23.98,No focal subject,Bite,Foraging,None|None|None,POINT,708.42,708.42,NA,,
IV_Sctaeniopterus_TP_2021-07-01_151944,6/25/2025 13:30,,/Users/aimeed/Desktop/BiteCounts/IV_Sctaeniopterus_TP_2021-07-01_151944_002.MP4,1215.9,23.98,No focal subject,Bite,Foraging,None|None|None,POINT,720.882,720.882,NA,,
IV_Sctaeniopterus_TP_2021-07-01_151944,6/25/2025 13:30,,/Users/aimeed/Desktop/BiteCounts/IV_Sctaeniopterus_TP_2021-07-01_151944_002.MP4,1215.9,23.98,No focal subject,Bite,Foraging,None|None|None,POINT,724.88,724.88,NA,,
IV_Sctaeniopterus_TP_2021-07-01_151944,6/25/2025 13:30,,/Users/aimeed/Desktop/BiteCounts/IV_Sctaeniopterus_TP_2021-07-01_151944_002.MP4,1215.9,23.98,No focal subject,Bite,Foraging,None|None|None,POINT,725.881,725.881,NA,,
IV_Sctaeniopterus_TP_2021-07-01_151944,6/25/2025 13:30,,/Users/aimeed/Desktop/BiteCounts/IV_Sctaeniopterus_TP_2021-07-01_151944_002.MP4,1215.9,23.98,No focal subject,Bite,Foraging,None|None|None,POINT,726.881,726.881,NA,,
IV_Sctaeniopterus_TP_2021-07-01_151944,6/25/2025 13:30,,/Users/aimeed/Desktop/BiteCounts/IV_Sctaeniopterus_TP_2021-07-01_151944_002.MP4,1215.9,23.98,No focal subject,Bite,Foraging,None|None|None,POINT,728.131,728.131,NA,,
IV_Sctaeniopterus_TP_2021-07-01_151944,6/25/2025 13:30,,/Users/aimeed/Desktop/BiteCounts/IV_Sctaeniopterus_TP_2021-07-01_151944_002.MP4,1215.9,23.98,No focal subject,Bite,Foraging,None|None|None,POINT,737.629,737.629,NA,,
IV_Sctaeniopterus_TP_2021-07-01_151944,6/25/2025 13:30,,/Users/aimeed/Desktop/BiteCounts/IV_Sctaeniopterus_TP_2021-07-01_151944_002.MP4,1215.9,23.98,No focal subject,Bite,Foraging,None|None|None,POINT,738.379,738.379,NA,,
IV_Sctaeniopterus_TP_2021-07-01_151944,6/25/2025 13:30,,/Users/aimeed/Desktop/BiteCounts/IV_Sctaeniopterus_TP_2021-07-01_151944_002.MP4,1215.9,23.98,No focal subject,Bite,Foraging,None|None|None,POINT,739.129,739.129,NA,,
IV_Sctaeniopterus_TP_2021-07-01_151944,6/25/2025 13:30,,/Users/aimeed/Desktop/BiteCounts/IV_Sctaeniopterus_TP_2021-07-01_151944_002.MP4,1215.9,23.98,No focal subject,Bite,Foraging,None|None|None,POINT,740.378,740.378,NA,,
IV_Sctaeniopterus_TP_2021-07-01_151944,6/25/2025 13:30,,/Users/aimeed/Desktop/BiteCounts/IV_Sctaeniopterus_TP_2021-07-01_151944_002.MP4,1215.9,23.98,No focal subject,Bite,Foraging,None|None|None,POINT,741.133,741.133,NA,,
IV_Sctaeniopterus_TP_2021-07-01_151944,6/25/2025 13:30,,/Users/aimeed/Desktop/BiteCounts/IV_Sctaeniopterus_TP_2021-07-01_151944_002.MP4,1215.9,23.98,No focal subject,Bite,Foraging,None|None|None,POINT,743.381,743.381,NA,,
IV_Sctaeniopterus_TP_2021-07-01_151944,6/25/2025 13:30,,/Users/aimeed/Desktop/BiteCounts/IV_Sctaeniopterus_TP_2021-07-01_151944_002.MP4,1215.9,23.98,No focal subject,Bite,Foraging,None|None|None,POINT,744.88,744.88,NA,,
IV_Sctaeniopterus_TP_2021-07-01_151944,6/25/2025 13:30,,/Users/aimeed/Desktop/BiteCounts/IV_Sctaeniopterus_TP_2021-07-01_151944_002.MP4,1215.9,23.98,No focal subject,Bite,Foraging,None|None|None,POINT,746.377,746.377,NA,,
IV_Sctaeniopterus_TP_2021-07-01_151944,6/25/2025 13:30,,/Users/aimeed/Desktop/BiteCounts/IV_Sctaeniopterus_TP_2021-07-01_151944_002.MP4,1215.9,23.98,No focal subject,Bite,Foraging,None|None|None,POINT,746.88,746.88,NA,,
IV_Sctaeniopterus_TP_2021-07-01_151944,6/25/2025 13:30,,/Users/aimeed/Desktop/BiteCounts/IV_Sctaeniopterus_TP_2021-07-01_151944_002.MP4,1215.9,23.98,No focal subject,Bite,Foraging,None|None|None,POINT,748.378,748.378,NA,,
IV_Sctaeniopterus_TP_2021-07-01_151944,6/25/2025 13:30,,/Users/aimeed/Desktop/BiteCounts/IV_Sctaeniopterus_TP_2021-07-01_151944_002.MP4,1215.9,23.98,No focal subject,Bite,Foraging,None|None|None,POINT,749.879,749.879,NA,,
IV_Sctaeniopterus_TP_2021-07-01_151944,6/25/2025 13:30,,/Users/aimeed/Desktop/BiteCounts/IV_Sctaeniopterus_TP_2021-07-01_151944_002.MP4,1215.9,23.98,No focal subject,Bite,Foraging,None|None|None,POINT,750.129,750.129,NA,,
IV_Sctaeniopterus_TP_2021-07-01_151944,6/25/2025 13:30,,/Users/aimeed/Desktop/BiteCounts/IV_Sctaeniopterus_TP_2021-07-01_151944_002.MP4,1215.9,23.98,No focal subject,Bite,Foraging,None|None|None,POINT,751.381,751.381,NA,,
IV_Sctaeniopterus_TP_2021-07-01_151944,6/25/2025 13:30,,/Users/aimeed/Desktop/BiteCounts/IV_Sctaeniopterus_TP_2021-07-01_151944_002.MP4,1215.9,23.98,No focal subject,Bite,Foraging,None|None|None,POINT,751.879,751.879,NA,,
IV_Sctaeniopterus_TP_2021-07-01_151944,6/25/2025 13:30,,/Users/aimeed/Desktop/BiteCounts/IV_Sctaeniopterus_TP_2021-07-01_151944_002.MP4,1215.9,23.98,No focal subject,Bite,Foraging,None|None|None,POINT,752.63,752.63,NA,,
IV_Sctaeniopterus_TP_2021-07-01_151944,6/25/2025 13:30,,/Users/aimeed/Desktop/BiteCounts/IV_Sctaeniopterus_TP_2021-07-01_151944_002.MP4,1215.9,23.98,No focal subject,Bite,Foraging,None|None|None,POINT,753.881,753.881,NA,,
IV_Sctaeniopterus_TP_2021-07-01_151944,6/25/2025 13:30,,/Users/aimeed/Desktop/BiteCounts/IV_Sctaeniopterus_TP_2021-07-01_151944_002.MP4,1215.9,23.98,No focal subject,Bite,Foraging,None|None|None,POINT,757.88,757.88,NA,,
IV_Sctaeniopterus_TP_2021-07-01_151944,6/25/2025 13:30,,/Users/aimeed/Desktop/BiteCounts/IV_Sctaeniopterus_TP_2021-07-01_151944_002.MP4,1215.9,23.98,No focal subject,Bite,Foraging,None|None|None,POINT,759.131,759.131,NA,,
IV_Sctaeniopterus_TP_2021-07-01_151944,6/25/2025 13:30,,/Users/aimeed/Desktop/BiteCounts/IV_Sctaeniopterus_TP_2021-07-01_151944_002.MP4,1215.9,23.98,No focal subject,Bite,Foraging,None|None|None,POINT,761.879,761.879,NA,,
IV_Sctaeniopterus_TP_2021-07-01_151944,6/25/2025 13:30,,/Users/aimeed/Desktop/BiteCounts/IV_Sctaeniopterus_TP_2021-07-01_151944_002.MP4,1215.9,23.98,No focal subject,Bite,Foraging,None|None|None,POINT,763.378,763.378,NA,,
IV_Sctaeniopterus_TP_2021-07-01_151944,6/25/2025 13:30,,/Users/aimeed/Desktop/BiteCounts/IV_Sctaeniopterus_TP_2021-07-01_151944_002.MP4,1215.9,23.98,No focal subject,Bite,Foraging,None|None|None,POINT,765.13,765.13,NA,,
IV_Sctaeniopterus_TP_2021-07-01_151944,6/25/2025 13:30,,/Users/aimeed/Desktop/BiteCounts/IV_Sctaeniopterus_TP_2021-07-01_151944_002.MP4,1215.9,23.98,No focal subject,Cleaning,Social Interactions,,STATE,791.203,796.457,5.254,,
IV_Sctaeniopterus_TP_2021-07-01_151944,6/25/2025 13:30,,/Users/aimeed/Desktop/BiteCounts/IV_Sctaeniopterus_TP_2021-07-01_151944_002.MP4,1215.9,23.98,No focal subject,Bite,Foraging,None|None|None,POINT,813.208,813.208,NA,,
IV_Sctaeniopterus_TP_2021-07-01_151944,6/25/2025 13:30,,/Users/aimeed/Desktop/BiteCounts/IV_Sctaeniopterus_TP_2021-07-01_151944_002.MP4,1215.9,23.98,No focal subject,Bite,Foraging,None|None|None,POINT,814.209,814.209,NA,,
IV_Sctaeniopterus_TP_2021-07-01_151944,6/25/2025 13:30,,/Users/aimeed/Desktop/BiteCounts/IV_Sctaeniopterus_TP_2021-07-01_151944_002.MP4,1215.9,23.98,No focal subject,Bite,Foraging,None|None|None,POINT,815.21,815.21,NA,,
IV_Sctaeniopterus_TP_2021-07-01_151944,6/25/2025 13:30,,/Users/aimeed/Desktop/BiteCounts/IV_Sctaeniopterus_TP_2021-07-01_151944_002.MP4,1215.9,23.98,No focal subject,Bite,Foraging,None|None|None,POINT,815.957,815.957,NA,,
IV_Sctaeniopterus_TP_2021-07-01_151944,6/25/2025 13:30,,/Users/aimeed/Desktop/BiteCounts/IV_Sctaeniopterus_TP_2021-07-01_151944_002.MP4,1215.9,23.98,No focal subject,Bite,Foraging,None|None|None,POINT,816.957,816.957,NA,,
IV_Sctaeniopterus_TP_2021-07-01_151944,6/25/2025 13:30,,/Users/aimeed/Desktop/BiteCounts/IV_Sctaeniopterus_TP_2021-07-01_151944_002.MP4,1215.9,23.98,No focal subject,Bite,Foraging,None|None|None,POINT,818.954,818.954,NA,,
IV_Sctaeniopterus_TP_2021-07-01_151944,6/25/2025 13:30,,/Users/aimeed/Desktop/BiteCounts/IV_Sctaeniopterus_TP_2021-07-01_151944_002.MP4,1215.9,23.98,No focal subject,Bite,Foraging,None|None|None,POINT,819.958,819.958,NA,,
IV_Sctaeniopterus_TP_2021-07-01_151944,6/25/2025 13:30,,/Users/aimeed/Desktop/BiteCounts/IV_Sctaeniopterus_TP_2021-07-01_151944_002.MP4,1215.9,23.98,No focal subject,Bite,Foraging,None|None|None,POINT,820.458,820.458,NA,,
IV_Sctaeniopterus_TP_2021-07-01_151944,6/25/2025 13:30,,/Users/aimeed/Desktop/BiteCounts/IV_Sctaeniopterus_TP_2021-07-01_151944_002.MP4,1215.9,23.98,No focal subject,Bite,Foraging,None|None|None,POINT,821.209,821.209,NA,,
IV_Sctaeniopterus_TP_2021-07-01_151944,6/25/2025 13:30,,/Users/aimeed/Desktop/BiteCounts/IV_Sctaeniopterus_TP_2021-07-01_151944_002.MP4,1215.9,23.98,No focal subject,Bite,Foraging,None|None|None,POINT,821.957,821.957,NA,,
IV_Sctaeniopterus_TP_2021-07-01_151944,6/25/2025 13:30,,/Users/aimeed/Desktop/BiteCounts/IV_Sctaeniopterus_TP_2021-07-01_151944_002.MP4,1215.9,23.98,No focal subject,Bite,Foraging,None|None|None,POINT,822.957,822.957,NA,,
IV_Sctaeniopterus_TP_2021-07-01_151944,6/25/2025 13:30,,/Users/aimeed/Desktop/BiteCounts/IV_Sctaeniopterus_TP_2021-07-01_151944_002.MP4,1215.9,23.98,No focal subject,Bite,Foraging,None|None|None,POINT,823.957,823.957,NA,,
IV_Sctaeniopterus_TP_2021-07-01_151944,6/25/2025 13:30,,/Users/aimeed/Desktop/BiteCounts/IV_Sctaeniopterus_TP_2021-07-01_151944_002.MP4,1215.9,23.98,No focal subject,Bite,Foraging,None|None|None,POINT,824.709,824.709,NA,,
IV_Sctaeniopterus_TP_2021-07-01_151944,6/25/2025 13:30,,/Users/aimeed/Desktop/BiteCounts/IV_Sctaeniopterus_TP_2021-07-01_151944_002.MP4,1215.9,23.98,No focal subject,Bite,Foraging,None|None|None,POINT,826.208,826.208,NA,,
IV_Sctaeniopterus_TP_2021-07-01_151944,6/25/2025 13:30,,/Users/aimeed/Desktop/BiteCounts/IV_Sctaeniopterus_TP_2021-07-01_151944_002.MP4,1215.9,23.98,No focal subject,Bite,Foraging,None|None|None,POINT,826.956,826.956,NA,,
IV_Sctaeniopterus_TP_2021-07-01_151944,6/25/2025 13:30,,/Users/aimeed/Desktop/BiteCounts/IV_Sctaeniopterus_TP_2021-07-01_151944_002.MP4,1215.9,23.98,No focal subject,Bite,Foraging,None|None|None,POINT,828.958,828.958,NA,,
IV_Sctaeniopterus_TP_2021-07-01_151944,6/25/2025 13:30,,/Users/aimeed/Desktop/BiteCounts/IV_Sctaeniopterus_TP_2021-07-01_151944_002.MP4,1215.9,23.98,No focal subject,Bite,Foraging,None|None|None,POINT,837.706,837.706,NA,,
IV_Sctaeniopterus_TP_2021-07-01_151944,6/25/2025 13:30,,/Users/aimeed/Desktop/BiteCounts/IV_Sctaeniopterus_TP_2021-07-01_151944_002.MP4,1215.9,23.98,No focal subject,Bite,Foraging,None|None|None,POINT,838.708,838.708,NA,,
IV_Sctaeniopterus_TP_2021-07-01_151944,6/25/2025 13:30,,/Users/aimeed/Desktop/BiteCounts/IV_Sctaeniopterus_TP_2021-07-01_151944_002.MP4,1215.9,23.98,No focal subject,Bite,Foraging,None|None|None,POINT,839.457,839.457,NA,,
IV_Sctaeniopterus_TP_2021-07-01_151944,6/25/2025 13:30,,/Users/aimeed/Desktop/BiteCounts/IV_Sctaeniopterus_TP_2021-07-01_151944_002.MP4,1215.9,23.98,No focal subject,Bite,Foraging,None|None|None,POINT,840.957,840.957,NA,,
IV_Sctaeniopterus_TP_2021-07-01_151944,6/25/2025 13:30,,/Users/aimeed/Desktop/BiteCounts/IV_Sctaeniopterus_TP_2021-07-01_151944_002.MP4,1215.9,23.98,No focal subject,Bite,Foraging,None|None|None,POINT,841.957,841.957,NA,,
IV_Sctaeniopterus_TP_2021-07-01_151944,6/25/2025 13:30,,/Users/aimeed/Desktop/BiteCounts/IV_Sctaeniopterus_TP_2021-07-01_151944_002.MP4,1215.9,23.98,No focal subject,Bite,Foraging,None|None|None,POINT,842.957,842.957,NA,,
IV_Sctaeniopterus_TP_2021-07-01_151944,6/25/2025 13:30,,/Users/aimeed/Desktop/BiteCounts/IV_Sctaeniopterus_TP_2021-07-01_151944_002.MP4,1215.9,23.98,No focal subject,Bite,Foraging,None|None|None,POINT,844.208,844.208,NA,,
IV_Sctaeniopterus_TP_2021-07-01_151944,6/25/2025 13:30,,/Users/aimeed/Desktop/BiteCounts/IV_Sctaeniopterus_TP_2021-07-01_151944_002.MP4,1215.9,23.98,No focal subject,Bite,Foraging,None|None|None,POINT,846.458,846.458,NA,,
IV_Sctaeniopterus_TP_2021-07-01_151944,6/25/2025 13:30,,/Users/aimeed/Desktop/BiteCounts/IV_Sctaeniopterus_TP_2021-07-01_151944_002.MP4,1215.9,23.98,No focal subject,Bite,Foraging,None|None|None,POINT,846.956,846.956,NA,,
IV_Sctaeniopterus_TP_2021-07-01_151944,6/25/2025 13:30,,/Users/aimeed/Desktop/BiteCounts/IV_Sctaeniopterus_TP_2021-07-01_151944_002.MP4,1215.9,23.98,No focal subject,Bite,Foraging,None|None|None,POINT,847.457,847.457,NA,,
IV_Sctaeniopterus_TP_2021-07-01_151944,6/25/2025 13:30,,/Users/aimeed/Desktop/BiteCounts/IV_Sctaeniopterus_TP_2021-07-01_151944_002.MP4,1215.9,23.98,No focal subject,Bite,Foraging,None|None|None,POINT,849.208,849.208,NA,,
IV_Sctaeniopterus_TP_2021-07-01_151944,6/25/2025 13:30,,/Users/aimeed/Desktop/BiteCounts/IV_Sctaeniopterus_TP_2021-07-01_151944_002.MP4,1215.9,23.98,No focal subject,Bite,Foraging,None|None|None,POINT,850.208,850.208,NA,,
IV_Sctaeniopterus_TP_2021-07-01_151944,6/25/2025 13:30,,/Users/aimeed/Desktop/BiteCounts/IV_Sctaeniopterus_TP_2021-07-01_151944_002.MP4,1215.9,23.98,No focal subject,Bite,Foraging,None|None|None,POINT,851.211,851.211,NA,,
IV_Sctaeniopterus_TP_2021-07-01_151944,6/25/2025 13:30,,/Users/aimeed/Desktop/BiteCounts/IV_Sctaeniopterus_TP_2021-07-01_151944_002.MP4,1215.9,23.98,No focal subject,Bite,Foraging,None|None|None,POINT,852.208,852.208,NA,,
IV_Sctaeniopterus_TP_2021-07-01_151944,6/25/2025 13:30,,/Users/aimeed/Desktop/BiteCounts/IV_Sctaeniopterus_TP_2021-07-01_151944_002.MP4,1215.9,23.98,No focal subject,Bite,Foraging,None|None|None,POINT,854.954,854.954,NA,,
IV_Sctaeniopterus_TP_2021-07-01_151944,6/25/2025 13:30,,/Users/aimeed/Desktop/BiteCounts/IV_Sctaeniopterus_TP_2021-07-01_151944_002.MP4,1215.9,23.98,No focal subject,Bite,Foraging,Feces|None|None,POINT,875.46,875.46,NA,,
IV_Sctaeniopterus_TP_2021-07-01_151944,6/25/2025 13:30,,/Users/aimeed/Desktop/BiteCounts/IV_Sctaeniopterus_TP_2021-07-01_151944_002.MP4,1215.9,23.98,No focal subject,Bite,Foraging,None|None|None,POINT,887.708,887.708,NA,,
IV_Sctaeniopterus_TP_2021-07-01_151944,6/25/2025 13:30,,/Users/aimeed/Desktop/BiteCounts/IV_Sctaeniopterus_TP_2021-07-01_151944_002.MP4,1215.9,23.98,No focal subject,Bite,Foraging,None|None|None,POINT,888.71,888.71,NA,,
IV_Sctaeniopterus_TP_2021-07-01_151944,6/25/2025 13:30,,/Users/aimeed/Desktop/BiteCounts/IV_Sctaeniopterus_TP_2021-07-01_151944_002.MP4,1215.9,23.98,No focal subject,Bite,Foraging,None|None|None,POINT,889.457,889.457,NA,,
IV_Sctaeniopterus_TP_2021-07-01_151944,6/25/2025 13:30,,/Users/aimeed/Desktop/BiteCounts/IV_Sctaeniopterus_TP_2021-07-01_151944_002.MP4,1215.9,23.98,No focal subject,Bite,Foraging,None|None|None,POINT,890.207,890.207,NA,,
IV_Sctaeniopterus_TP_2021-07-01_151944,6/25/2025 13:30,,/Users/aimeed/Desktop/BiteCounts/IV_Sctaeniopterus_TP_2021-07-01_151944_002.MP4,1215.9,23.98,No focal subject,Bite,Foraging,None|None|None,POINT,891.458,891.458,NA,,
IV_Sctaeniopterus_TP_2021-07-01_151944,6/25/2025 13:30,,/Users/aimeed/Desktop/BiteCounts/IV_Sctaeniopterus_TP_2021-07-01_151944_002.MP4,1215.9,23.98,No focal subject,Bite,Foraging,None|None|None,POINT,891.956,891.956,NA,,
IV_Sctaeniopterus_TP_2021-07-01_151944,6/25/2025 13:30,,/Users/aimeed/Desktop/BiteCounts/IV_Sctaeniopterus_TP_2021-07-01_151944_002.MP4,1215.9,23.98,No focal subject,Bite,Foraging,None|None|None,POINT,893.954,893.954,NA,,
IV_Sctaeniopterus_TP_2021-07-01_151944,6/25/2025 13:30,,/Users/aimeed/Desktop/BiteCounts/IV_Sctaeniopterus_TP_2021-07-01_151944_002.MP4,1215.9,23.98,No focal subject,Bite,Foraging,None|None|None,POINT,894.708,894.708,NA,,
IV_Sctaeniopterus_TP_2021-07-01_151944,6/25/2025 13:30,,/Users/aimeed/Desktop/BiteCounts/IV_Sctaeniopterus_TP_2021-07-01_151944_002.MP4,1215.9,23.98,No focal subject,Bite,Foraging,None|None|None,POINT,895.708,895.708,NA,,
IV_Sctaeniopterus_TP_2021-07-01_151944,6/25/2025 13:30,,/Users/aimeed/Desktop/BiteCounts/IV_Sctaeniopterus_TP_2021-07-01_151944_002.MP4,1215.9,23.98,No focal subject,Bite,Foraging,None|None|None,POINT,896.456,896.456,NA,,
IV_Sctaeniopterus_TP_2021-07-01_151944,6/25/2025 13:30,,/Users/aimeed/Desktop/BiteCounts/IV_Sctaeniopterus_TP_2021-07-01_151944_002.MP4,1215.9,23.98,No focal subject,Bite,Foraging,None|None|None,POINT,899.206,899.206,NA,,
IV_Sctaeniopterus_TP_2021-07-01_151944,6/25/2025 13:30,,/Users/aimeed/Desktop/BiteCounts/IV_Sctaeniopterus_TP_2021-07-01_151944_002.MP4,1215.9,23.98,No focal subject,Bite,Foraging,None|None|None,POINT,902.207,902.207,NA,,
IV_Sctaeniopterus_TP_2021-07-01_151944,6/25/2025 13:30,,/Users/aimeed/Desktop/BiteCounts/IV_Sctaeniopterus_TP_2021-07-01_151944_002.MP4,1215.9,23.98,No focal subject,Bite,Foraging,None|None|None,POINT,905.955,905.955,NA,,
IV_Sctaeniopterus_TP_2021-07-01_151944,6/25/2025 13:30,,/Users/aimeed/Desktop/BiteCounts/IV_Sctaeniopterus_TP_2021-07-01_151944_002.MP4,1215.9,23.98,No focal subject,Bite,Foraging,None|None|None,POINT,907.207,907.207,NA,,
IV_Sctaeniopterus_TP_2021-07-01_151944,6/25/2025 13:30,,/Users/aimeed/Desktop/BiteCounts/IV_Sctaeniopterus_TP_2021-07-01_151944_002.MP4,1215.9,23.98,No focal subject,Bite,Foraging,None|None|None,POINT,908.208,908.208,NA,,
IV_Sctaeniopterus_TP_2021-07-01_151944,6/25/2025 13:30,,/Users/aimeed/Desktop/BiteCounts/IV_Sctaeniopterus_TP_2021-07-01_151944_002.MP4,1215.9,23.98,No focal subject,Bite,Foraging,None|None|None,POINT,915.709,915.709,NA,,
IV_Sctaeniopterus_TP_2021-07-01_151944,6/25/2025 13:30,,/Users/aimeed/Desktop/BiteCounts/IV_Sctaeniopterus_TP_2021-07-01_151944_002.MP4,1215.9,23.98,No focal subject,Bite,Foraging,None|None|None,POINT,921.707,921.707,NA,,
IV_Sctaeniopterus_TP_2021-07-01_151944,6/25/2025 13:30,,/Users/aimeed/Desktop/BiteCounts/IV_Sctaeniopterus_TP_2021-07-01_151944_002.MP4,1215.9,23.98,No focal subject,Bite,Foraging,None|None|None,POINT,922.708,922.708,NA,,
IV_Sctaeniopterus_TP_2021-07-01_151944,6/25/2025 13:30,,/Users/aimeed/Desktop/BiteCounts/IV_Sctaeniopterus_TP_2021-07-01_151944_002.MP4,1215.9,23.98,No focal subject,Bite,Foraging,None|None|None,POINT,923.455,923.455,NA,,
IV_Sctaeniopterus_TP_2021-07-01_151944,6/25/2025 13:30,,/Users/aimeed/Desktop/BiteCounts/IV_Sctaeniopterus_TP_2021-07-01_151944_002.MP4,1215.9,23.98,No focal subject,Bite,Foraging,None|None|None,POINT,925.208,925.208,NA,,
IV_Sctaeniopterus_TP_2021-07-01_151944,6/25/2025 13:30,,/Users/aimeed/Desktop/BiteCounts/IV_Sctaeniopterus_TP_2021-07-01_151944_002.MP4,1215.9,23.98,No focal subject,Bite,Foraging,None|None|None,POINT,926.208,926.208,NA,,
IV_Sctaeniopterus_TP_2021-07-01_151944,6/25/2025 13:30,,/Users/aimeed/Desktop/BiteCounts/IV_Sctaeniopterus_TP_2021-07-01_151944_002.MP4,1215.9,23.98,No focal subject,Bite,Foraging,None|None|None,POINT,926.954,926.954,NA,,
IV_Sctaeniopterus_TP_2021-07-01_151944,6/25/2025 13:30,,/Users/aimeed/Desktop/BiteCounts/IV_Sctaeniopterus_TP_2021-07-01_151944_002.MP4,1215.9,23.98,No focal subject,Bite,Foraging,None|None|None,POINT,928.957,928.957,NA,,
IV_Sctaeniopterus_TP_2021-07-01_151944,6/25/2025 13:30,,/Users/aimeed/Desktop/BiteCounts/IV_Sctaeniopterus_TP_2021-07-01_151944_002.MP4,1215.9,23.98,No focal subject,Bite,Foraging,None|None|None,POINT,931.456,931.456,NA,,
IV_Sctaeniopterus_TP_2021-07-01_151944,6/25/2025 13:30,,/Users/aimeed/Desktop/BiteCounts/IV_Sctaeniopterus_TP_2021-07-01_151944_002.MP4,1215.9,23.98,No focal subject,Bite,Foraging,None|None|None,POINT,932.452,932.452,NA,,
IV_Sctaeniopterus_TP_2021-07-01_151944,6/25/2025 13:30,,/Users/aimeed/Desktop/BiteCounts/IV_Sctaeniopterus_TP_2021-07-01_151944_002.MP4,1215.9,23.98,No focal subject,Bite,Foraging,None|None|None,POINT,934.706,934.706,NA,,
IV_Sctaeniopterus_TP_2021-07-01_151944,6/25/2025 13:30,,/Users/aimeed/Desktop/BiteCounts/IV_Sctaeniopterus_TP_2021-07-01_151944_002.MP4,1215.9,23.98,No focal subject,Bite,Foraging,None|None|None,POINT,935.953,935.953,NA,,
IV_Sctaeniopterus_TP_2021-07-01_151944,6/25/2025 13:30,,/Users/aimeed/Desktop/BiteCounts/IV_Sctaeniopterus_TP_2021-07-01_151944_002.MP4,1215.9,23.98,No focal subject,Bite,Foraging,None|None|None,POINT,936.956,936.956,NA,,
IV_Sctaeniopterus_TP_2021-07-01_151944,6/25/2025 13:30,,/Users/aimeed/Desktop/BiteCounts/IV_Sctaeniopterus_TP_2021-07-01_151944_002.MP4,1215.9,23.98,No focal subject,Bite,Foraging,None|None|None,POINT,938.207,938.207,NA,,
IV_Sctaeniopterus_TP_2021-07-01_151944,6/25/2025 13:30,,/Users/aimeed/Desktop/BiteCounts/IV_Sctaeniopterus_TP_2021-07-01_151944_002.MP4,1215.9,23.98,No focal subject,Bite,Foraging,None|None|None,POINT,938.954,938.954,NA,,
IV_Sctaeniopterus_TP_2021-07-01_151944,6/25/2025 13:30,,/Users/aimeed/Desktop/BiteCounts/IV_Sctaeniopterus_TP_2021-07-01_151944_002.MP4,1215.9,23.98,No focal subject,Bite,Foraging,None|None|None,POINT,961.708,961.708,NA,,
IV_Sctaeniopterus_TP_2021-07-01_151944,6/25/2025 13:30,,/Users/aimeed/Desktop/BiteCounts/IV_Sctaeniopterus_TP_2021-07-01_151944_002.MP4,1215.9,23.98,No focal subject,Bite,Foraging,None|None|None,POINT,964.208,964.208,NA,,
IV_Sctaeniopterus_TP_2021-07-01_151944,6/25/2025 13:30,,/Users/aimeed/Desktop/BiteCounts/IV_Sctaeniopterus_TP_2021-07-01_151944_002.MP4,1215.9,23.98,No focal subject,Bite,Foraging,None|None|None,POINT,964.955,964.955,NA,,
IV_Sctaeniopterus_TP_2021-07-01_151944,6/25/2025 13:30,,/Users/aimeed/Desktop/BiteCounts/IV_Sctaeniopterus_TP_2021-07-01_151944_002.MP4,1215.9,23.98,No focal subject,Bite,Foraging,None|None|None,POINT,965.457,965.457,NA,,
IV_Sctaeniopterus_TP_2021-07-01_151944,6/25/2025 13:30,,/Users/aimeed/Desktop/BiteCounts/IV_Sctaeniopterus_TP_2021-07-01_151944_002.MP4,1215.9,23.98,No focal subject,Bite,Foraging,None|None|None,POINT,966.206,966.206,NA,,
IV_Sctaeniopterus_TP_2021-07-01_151944,6/25/2025 13:30,,/Users/aimeed/Desktop/BiteCounts/IV_Sctaeniopterus_TP_2021-07-01_151944_002.MP4,1215.9,23.98,No focal subject,Bite,Foraging,None|None|None,POINT,967.456,967.456,NA,,
IV_Sctaeniopterus_TP_2021-07-01_151944,6/25/2025 13:30,,/Users/aimeed/Desktop/BiteCounts/IV_Sctaeniopterus_TP_2021-07-01_151944_002.MP4,1215.9,23.98,No focal subject,Bite,Foraging,None|None|None,POINT,968.456,968.456,NA,,
IV_Sctaeniopterus_TP_2021-07-01_151944,6/25/2025 13:30,,/Users/aimeed/Desktop/BiteCounts/IV_Sctaeniopterus_TP_2021-07-01_151944_002.MP4,1215.9,23.98,No focal subject,Bite,Foraging,None|None|None,POINT,969.208,969.208,NA,,
IV_Sctaeniopterus_TP_2021-07-01_151944,6/25/2025 13:30,,/Users/aimeed/Desktop/BiteCounts/IV_Sctaeniopterus_TP_2021-07-01_151944_002.MP4,1215.9,23.98,No focal subject,Bite,Foraging,None|None|None,POINT,969.956,969.956,NA,,
IV_Sctaeniopterus_TP_2021-07-01_151944,6/25/2025 13:30,,/Users/aimeed/Desktop/BiteCounts/IV_Sctaeniopterus_TP_2021-07-01_151944_002.MP4,1215.9,23.98,No focal subject,Bite,Foraging,None|None|None,POINT,970.708,970.708,NA,,
IV_Sctaeniopterus_TP_2021-07-01_151944,6/25/2025 13:30,,/Users/aimeed/Desktop/BiteCounts/IV_Sctaeniopterus_TP_2021-07-01_151944_002.MP4,1215.9,23.98,No focal subject,Bite,Foraging,None|None|None,POINT,971.457,971.457,NA,,
IV_Sctaeniopterus_TP_2021-07-01_151944,6/25/2025 13:30,,/Users/aimeed/Desktop/BiteCounts/IV_Sctaeniopterus_TP_2021-07-01_151944_002.MP4,1215.9,23.98,No focal subject,Bite,Foraging,None|None|None,POINT,972.208,972.208,NA,,
IV_Sctaeniopterus_TP_2021-07-01_151944,6/25/2025 13:30,,/Users/aimeed/Desktop/BiteCounts/IV_Sctaeniopterus_TP_2021-07-01_151944_002.MP4,1215.9,23.98,No focal subject,Bite,Foraging,None|None|None,POINT,972.957,972.957,NA,,
IV_Sctaeniopterus_TP_2021-07-01_151944,6/25/2025 13:30,,/Users/aimeed/Desktop/BiteCounts/IV_Sctaeniopterus_TP_2021-07-01_151944_002.MP4,1215.9,23.98,No focal subject,Bite,Foraging,None|None|None,POINT,973.707,973.707,NA,,
IV_Sctaeniopterus_TP_2021-07-01_151944,6/25/2025 13:30,,/Users/aimeed/Desktop/BiteCounts/IV_Sctaeniopterus_TP_2021-07-01_151944_002.MP4,1215.9,23.98,No focal subject,Bite,Foraging,None|None|None,POINT,975.455,975.455,NA,,
IV_Sctaeniopterus_TP_2021-07-01_151944,6/25/2025 13:30,,/Users/aimeed/Desktop/BiteCounts/IV_Sctaeniopterus_TP_2021-07-01_151944_002.MP4,1215.9,23.98,No focal subject,Bite,Foraging,None|None|None,POINT,977.707,977.707,NA,,
IV_Sctaeniopterus_TP_2021-07-01_151944,6/25/2025 13:30,,/Users/aimeed/Desktop/BiteCounts/IV_Sctaeniopterus_TP_2021-07-01_151944_002.MP4,1215.9,23.98,No focal subject,Bite,Foraging,None|None|None,POINT,978.207,978.207,NA,,
IV_Sctaeniopterus_TP_2021-07-01_151944,6/25/2025 13:30,,/Users/aimeed/Desktop/BiteCounts/IV_Sctaeniopterus_TP_2021-07-01_151944_002.MP4,1215.9,23.98,No focal subject,Bite,Foraging,None|None|None,POINT,979.456,979.456,NA,,
IV_Sctaeniopterus_TP_2021-07-01_151944,6/25/2025 13:30,,/Users/aimeed/Desktop/BiteCounts/IV_Sctaeniopterus_TP_2021-07-01_151944_002.MP4,1215.9,23.98,No focal subject,Bite,Foraging,None|None|None,POINT,980.454,980.454,NA,,
IV_Sctaeniopterus_TP_2021-07-01_151944,6/25/2025 13:30,,/Users/aimeed/Desktop/BiteCounts/IV_Sctaeniopterus_TP_2021-07-01_151944_002.MP4,1215.9,23.98,No focal subject,Bite,Foraging,None|None|None,POINT,981.207,981.207,NA,,
IV_Sctaeniopterus_TP_2021-07-01_151944,6/25/2025 13:30,,/Users/aimeed/Desktop/BiteCounts/IV_Sctaeniopterus_TP_2021-07-01_151944_002.MP4,1215.9,23.98,No focal subject,Bite,Foraging,None|None|None,POINT,982.21,982.21,NA,,
IV_Sctaeniopterus_TP_2021-07-01_151944,6/25/2025 13:30,,/Users/aimeed/Desktop/BiteCounts/IV_Sctaeniopterus_TP_2021-07-01_151944_002.MP4,1215.9,23.98,No focal subject,Bite,Foraging,None|None|None,POINT,983.957,983.957,NA,,
IV_Sctaeniopterus_TP_2021-07-01_151944,6/25/2025 13:30,,/Users/aimeed/Desktop/BiteCounts/IV_Sctaeniopterus_TP_2021-07-01_151944_002.MP4,1215.9,23.98,No focal subject,Bite,Foraging,None|None|None,POINT,984.207,984.207,NA,,
IV_Sctaeniopterus_TP_2021-07-01_151944,6/25/2025 13:30,,/Users/aimeed/Desktop/BiteCounts/IV_Sctaeniopterus_TP_2021-07-01_151944_002.MP4,1215.9,23.98,No focal subject,Bite,Foraging,None|None|None,POINT,984.955,984.955,NA,,
IV_Sctaeniopterus_TP_2021-07-01_151944,6/25/2025 13:30,,/Users/aimeed/Desktop/BiteCounts/IV_Sctaeniopterus_TP_2021-07-01_151944_002.MP4,1215.9,23.98,No focal subject,Bite,Foraging,None|None|None,POINT,985.457,985.457,NA,,
IV_Sctaeniopterus_TP_2021-07-01_151944,6/25/2025 13:30,,/Users/aimeed/Desktop/BiteCounts/IV_Sctaeniopterus_TP_2021-07-01_151944_002.MP4,1215.9,23.98,No focal subject,Bite,Foraging,None|None|None,POINT,986.457,986.457,NA,,
IV_Sctaeniopterus_TP_2021-07-01_151944,6/25/2025 13:30,,/Users/aimeed/Desktop/BiteCounts/IV_Sctaeniopterus_TP_2021-07-01_151944_002.MP4,1215.9,23.98,No focal subject,Bite,Foraging,None|None|None,POINT,987.207,987.207,NA,,
IV_Sctaeniopterus_TP_2021-07-01_151944,6/25/2025 13:30,,/Users/aimeed/Desktop/BiteCounts/IV_Sctaeniopterus_TP_2021-07-01_151944_002.MP4,1215.9,23.98,No focal subject,Bite,Foraging,None|None|None,POINT,987.954,987.954,NA,,
IV_Sctaeniopterus_TP_2021-07-01_151944,6/25/2025 13:30,,/Users/aimeed/Desktop/BiteCounts/IV_Sctaeniopterus_TP_2021-07-01_151944_002.MP4,1215.9,23.98,No focal subject,Bite,Foraging,None|None|None,POINT,988.455,988.455,NA,,
IV_Sctaeniopterus_TP_2021-07-01_151944,6/25/2025 13:30,,/Users/aimeed/Desktop/BiteCounts/IV_Sctaeniopterus_TP_2021-07-01_151944_002.MP4,1215.9,23.98,No focal subject,Bite,Foraging,None|None|None,POINT,990.952,990.952,NA,,
IV_Sctaeniopterus_TP_2021-07-01_151944,6/25/2025 13:30,,/Users/aimeed/Desktop/BiteCounts/IV_Sctaeniopterus_TP_2021-07-01_151944_002.MP4,1215.9,23.98,No focal subject,Bite,Foraging,None|None|None,POINT,991.706,991.706,NA,,
IV_Sctaeniopterus_TP_2021-07-01_151944,6/25/2025 13:30,,/Users/aimeed/Desktop/BiteCounts/IV_Sctaeniopterus_TP_2021-07-01_151944_002.MP4,1215.9,23.98,No focal subject,Bite,Foraging,None|None|None,POINT,992.456,992.456,NA,,
IV_Sctaeniopterus_TP_2021-07-01_151944,6/25/2025 13:30,,/Users/aimeed/Desktop/BiteCounts/IV_Sctaeniopterus_TP_2021-07-01_151944_002.MP4,1215.9,23.98,No focal subject,Bite,Foraging,None|None|None,POINT,993.208,993.208,NA,,
IV_Sctaeniopterus_TP_2021-07-01_151944,6/25/2025 13:30,,/Users/aimeed/Desktop/BiteCounts/IV_Sctaeniopterus_TP_2021-07-01_151944_002.MP4,1215.9,23.98,No focal subject,Bite,Foraging,None|None|None,POINT,993.956,993.956,NA,,
IV_Sctaeniopterus_TP_2021-07-01_151944,6/25/2025 13:30,,/Users/aimeed/Desktop/BiteCounts/IV_Sctaeniopterus_TP_2021-07-01_151944_002.MP4,1215.9,23.98,No focal subject,Bite,Foraging,None|None|None,POINT,996.456,996.456,NA,,
IV_Sctaeniopterus_TP_2021-07-01_151944,6/25/2025 13:30,,/Users/aimeed/Desktop/BiteCounts/IV_Sctaeniopterus_TP_2021-07-01_151944_002.MP4,1215.9,23.98,No focal subject,Bite,Foraging,None|None|None,POINT,997.458,997.458,NA,,
IV_Sctaeniopterus_TP_2021-07-01_151944,6/25/2025 13:30,,/Users/aimeed/Desktop/BiteCounts/IV_Sctaeniopterus_TP_2021-07-01_151944_002.MP4,1215.9,23.98,No focal subject,Bite,Foraging,None|None|None,POINT,998.458,998.458,NA,,
IV_Sctaeniopterus_TP_2021-07-01_151944,6/25/2025 13:30,,/Users/aimeed/Desktop/BiteCounts/IV_Sctaeniopterus_TP_2021-07-01_151944_002.MP4,1215.9,23.98,No focal subject,Bite,Foraging,None|None|None,POINT,999.208,999.208,NA,,
IV_Sctaeniopterus_TP_2021-07-01_151944,6/25/2025 13:30,,/Users/aimeed/Desktop/BiteCounts/IV_Sctaeniopterus_TP_2021-07-01_151944_002.MP4,1215.9,23.98,No focal subject,Bite,Foraging,None|None|None,POINT,1008.708,1008.708,NA,,
IV_Sctaeniopterus_TP_2021-07-01_151944,6/25/2025 13:30,,/Users/aimeed/Desktop/BiteCounts/IV_Sctaeniopterus_TP_2021-07-01_151944_002.MP4,1215.9,23.98,No focal subject,Bite,Foraging,None|None|None,POINT,1010.709,1010.709,NA,,
IV_Sctaeniopterus_TP_2021-07-01_151944,6/25/2025 13:30,,/Users/aimeed/Desktop/BiteCounts/IV_Sctaeniopterus_TP_2021-07-01_151944_002.MP4,1215.9,23.98,No focal subject,Bite,Foraging,None|None|None,POINT,1011.458,1011.458,NA,,
IV_Sctaeniopterus_TP_2021-07-01_151944,6/25/2025 13:30,,/Users/aimeed/Desktop/BiteCounts/IV_Sctaeniopterus_TP_2021-07-01_151944_002.MP4,1215.9,23.98,No focal subject,Bite,Foraging,None|None|None,POINT,1022.208,1022.208,NA,,
IV_Sctaeniopterus_TP_2021-07-01_151944,6/25/2025 13:30,,/Users/aimeed/Desktop/BiteCounts/IV_Sctaeniopterus_TP_2021-07-01_151944_002.MP4,1215.9,23.98,No focal subject,Bite,Foraging,None|None|None,POINT,1024.456,1024.456,NA,,
IV_Sctaeniopterus_TP_2021-07-01_151944,6/25/2025 13:30,,/Users/aimeed/Desktop/BiteCounts/IV_Sctaeniopterus_TP_2021-07-01_151944_002.MP4,1215.9,23.98,No focal subject,Bite,Foraging,None|None|None,POINT,1025.459,1025.459,NA,,
IV_Sctaeniopterus_TP_2021-07-01_151944,6/25/2025 13:30,,/Users/aimeed/Desktop/BiteCounts/IV_Sctaeniopterus_TP_2021-07-01_151944_002.MP4,1215.9,23.98,No focal subject,Bite,Foraging,None|None|None,POINT,1026.207,1026.207,NA,,
IV_Sctaeniopterus_TP_2021-07-01_151944,6/25/2025 13:30,,/Users/aimeed/Desktop/BiteCounts/IV_Sctaeniopterus_TP_2021-07-01_151944_002.MP4,1215.9,23.98,No focal subject,Bite,Foraging,None|None|None,POINT,1027.209,1027.209,NA,,
IV_Sctaeniopterus_TP_2021-07-01_151944,6/25/2025 13:30,,/Users/aimeed/Desktop/BiteCounts/IV_Sctaeniopterus_TP_2021-07-01_151944_002.MP4,1215.9,23.98,No focal subject,Bite,Foraging,None|None|None,POINT,1029.209,1029.209,NA,,
IV_Sctaeniopterus_TP_2021-07-01_151944,6/25/2025 13:30,,/Users/aimeed/Desktop/BiteCounts/IV_Sctaeniopterus_TP_2021-07-01_151944_002.MP4,1215.9,23.98,No focal subject,Bite,Foraging,None|None|None,POINT,1032.957,1032.957,NA,,
IV_Sctaeniopterus_TP_2021-07-01_151944,6/25/2025 13:30,,/Users/aimeed/Desktop/BiteCounts/IV_Sctaeniopterus_TP_2021-07-01_151944_002.MP4,1215.9,23.98,No focal subject,Bite,Foraging,None|None|None,POINT,1033.956,1033.956,NA,,
IV_Sctaeniopterus_TP_2021-07-01_151944,6/25/2025 13:30,,/Users/aimeed/Desktop/BiteCounts/IV_Sctaeniopterus_TP_2021-07-01_151944_002.MP4,1215.9,23.98,No focal subject,Bite,Foraging,None|None|None,POINT,1035.955,1035.955,NA,,
IV_Sctaeniopterus_TP_2021-07-01_151944,6/25/2025 13:30,,/Users/aimeed/Desktop/BiteCounts/IV_Sctaeniopterus_TP_2021-07-01_151944_002.MP4,1215.9,23.98,No focal subject,Bite,Foraging,None|None|None,POINT,1036.706,1036.706,NA,,
IV_Sctaeniopterus_TP_2021-07-01_151944,6/25/2025 13:30,,/Users/aimeed/Desktop/BiteCounts/IV_Sctaeniopterus_TP_2021-07-01_151944_002.MP4,1215.9,23.98,No focal subject,Bite,Foraging,None|None|None,POINT,1037.705,1037.705,NA,,
IV_Sctaeniopterus_TP_2021-07-01_151944,6/25/2025 13:30,,/Users/aimeed/Desktop/BiteCounts/IV_Sctaeniopterus_TP_2021-07-01_151944_002.MP4,1215.9,23.98,No focal subject,Bite,Foraging,None|None|None,POINT,1039.207,1039.207,NA,,
IV_Sctaeniopterus_TP_2021-07-01_151944,6/25/2025 13:30,,/Users/aimeed/Desktop/BiteCounts/IV_Sctaeniopterus_TP_2021-07-01_151944_002.MP4,1215.9,23.98,No focal subject,Bite,Foraging,None|None|None,POINT,1039.96,1039.96,NA,,
IV_Sctaeniopterus_TP_2021-07-01_151944,6/25/2025 13:30,,/Users/aimeed/Desktop/BiteCounts/IV_Sctaeniopterus_TP_2021-07-01_151944_002.MP4,1215.9,23.98,No focal subject,Bite,Foraging,None|None|None,POINT,1041.459,1041.459,NA,,
IV_Sctaeniopterus_TP_2021-07-01_151944,6/25/2025 13:30,,/Users/aimeed/Desktop/BiteCounts/IV_Sctaeniopterus_TP_2021-07-01_151944_002.MP4,1215.9,23.98,No focal subject,Bite,Foraging,None|None|None,POINT,1044.708,1044.708,NA,,
IV_Sctaeniopterus_TP_2021-07-01_151944,6/25/2025 13:30,,/Users/aimeed/Desktop/BiteCounts/IV_Sctaeniopterus_TP_2021-07-01_151944_002.MP4,1215.9,23.98,No focal subject,Bite,Foraging,None|None|None,POINT,1044.957,1044.957,NA,,
IV_Sctaeniopterus_TP_2021-07-01_151944,6/25/2025 13:30,,/Users/aimeed/Desktop/BiteCounts/IV_Sctaeniopterus_TP_2021-07-01_151944_002.MP4,1215.9,23.98,No focal subject,Bite,Foraging,None|None|None,POINT,1045.704,1045.704,NA,,
IV_Sctaeniopterus_TP_2021-07-01_151944,6/25/2025 13:30,,/Users/aimeed/Desktop/BiteCounts/IV_Sctaeniopterus_TP_2021-07-01_151944_002.MP4,1215.9,23.98,No focal subject,Bite,Foraging,None|None|None,POINT,1050.206,1050.206,NA,,
IV_Sctaeniopterus_TP_2021-07-01_151944,6/25/2025 13:30,,/Users/aimeed/Desktop/BiteCounts/IV_Sctaeniopterus_TP_2021-07-01_151944_002.MP4,1215.9,23.98,No focal subject,Bite,Foraging,None|None|None,POINT,1050.958,1050.958,NA,,
IV_Sctaeniopterus_TP_2021-07-01_151944,6/25/2025 13:30,,/Users/aimeed/Desktop/BiteCounts/IV_Sctaeniopterus_TP_2021-07-01_151944_002.MP4,1215.9,23.98,No focal subject,Bite,Foraging,None|None|None,POINT,1051.708,1051.708,NA,,
IV_Sctaeniopterus_TP_2021-07-01_151944,6/25/2025 13:30,,/Users/aimeed/Desktop/BiteCounts/IV_Sctaeniopterus_TP_2021-07-01_151944_002.MP4,1215.9,23.98,No focal subject,Bite,Foraging,None|None|None,POINT,1066.707,1066.707,NA,,
IV_Sctaeniopterus_TP_2021-07-01_151944,6/25/2025 13:30,,/Users/aimeed/Desktop/BiteCounts/IV_Sctaeniopterus_TP_2021-07-01_151944_002.MP4,1215.9,23.98,No focal subject,Bite,Foraging,None|None|None,POINT,1067.706,1067.706,NA,,
IV_Sctaeniopterus_TP_2021-07-01_151944,6/25/2025 13:30,,/Users/aimeed/Desktop/BiteCounts/IV_Sctaeniopterus_TP_2021-07-01_151944_002.MP4,1215.9,23.98,No focal subject,Bite,Foraging,None|None|None,POINT,1070.958,1070.958,NA,,
IV_Sctaeniopterus_TP_2021-07-01_151944,6/25/2025 13:30,,/Users/aimeed/Desktop/BiteCounts/IV_Sctaeniopterus_TP_2021-07-01_151944_002.MP4,1215.9,23.98,No focal subject,Bite,Foraging,None|None|None,POINT,1072.957,1072.957,NA,,
IV_Sctaeniopterus_TP_2021-07-01_151944,6/25/2025 13:30,,/Users/aimeed/Desktop/BiteCounts/IV_Sctaeniopterus_TP_2021-07-01_151944_002.MP4,1215.9,23.98,No focal subject,Bite,Foraging,None|None|None,POINT,1073.958,1073.958,NA,,
IV_Sctaeniopterus_TP_2021-07-01_151944,6/25/2025 13:30,,/Users/aimeed/Desktop/BiteCounts/IV_Sctaeniopterus_TP_2021-07-01_151944_002.MP4,1215.9,23.98,No focal subject,Bite,Foraging,None|None|None,POINT,1075.707,1075.707,NA,,
IV_Sctaeniopterus_TP_2021-07-01_151944,6/25/2025 13:30,,/Users/aimeed/Desktop/BiteCounts/IV_Sctaeniopterus_TP_2021-07-01_151944_002.MP4,1215.9,23.98,No focal subject,Bite,Foraging,None|None|None,POINT,1076.456,1076.456,NA,,
IV_Sctaeniopterus_TP_2021-07-01_151944,6/25/2025 13:30,,/Users/aimeed/Desktop/BiteCounts/IV_Sctaeniopterus_TP_2021-07-01_151944_002.MP4,1215.9,23.98,No focal subject,Bite,Foraging,None|None|None,POINT,1077.706,1077.706,NA,,
IV_Sctaeniopterus_TP_2021-07-01_151944,6/25/2025 13:30,,/Users/aimeed/Desktop/BiteCounts/IV_Sctaeniopterus_TP_2021-07-01_151944_002.MP4,1215.9,23.98,No focal subject,Bite,Foraging,None|None|None,POINT,1078.457,1078.457,NA,,
IV_Sctaeniopterus_TP_2021-07-01_151944,6/25/2025 13:30,,/Users/aimeed/Desktop/BiteCounts/IV_Sctaeniopterus_TP_2021-07-01_151944_002.MP4,1215.9,23.98,No focal subject,Bite,Foraging,None|None|None,POINT,1082.458,1082.458,NA,,
IV_Sctaeniopterus_TP_2021-07-01_151944,6/25/2025 13:30,,/Users/aimeed/Desktop/BiteCounts/IV_Sctaeniopterus_TP_2021-07-01_151944_002.MP4,1215.9,23.98,No focal subject,Bite,Foraging,None|None|None,POINT,1085.458,1085.458,NA,,
IV_Sctaeniopterus_TP_2021-07-01_151944,6/25/2025 13:30,,/Users/aimeed/Desktop/BiteCounts/IV_Sctaeniopterus_TP_2021-07-01_151944_002.MP4,1215.9,23.98,No focal subject,Bite,Foraging,None|None|None,POINT,1086.704,1086.704,NA,,
IV_Sctaeniopterus_TP_2021-07-01_151944,6/25/2025 13:30,,/Users/aimeed/Desktop/BiteCounts/IV_Sctaeniopterus_TP_2021-07-01_151944_002.MP4,1215.9,23.98,No focal subject,Bite,Foraging,None|None|None,POINT,1087.955,1087.955,NA,,
IV_Sctaeniopterus_TP_2021-07-01_151944,6/25/2025 13:30,,/Users/aimeed/Desktop/BiteCounts/IV_Sctaeniopterus_TP_2021-07-01_151944_002.MP4,1215.9,23.98,No focal subject,Bite,Foraging,None|None|None,POINT,1088.706,1088.706,NA,,
IV_Sctaeniopterus_TP_2021-07-01_151944,6/25/2025 13:30,,/Users/aimeed/Desktop/BiteCounts/IV_Sctaeniopterus_TP_2021-07-01_151944_002.MP4,1215.9,23.98,No focal subject,Bite,Foraging,None|None|None,POINT,1088.957,1088.957,NA,,
IV_Sctaeniopterus_TP_2021-07-01_151944,6/25/2025 13:30,,/Users/aimeed/Desktop/BiteCounts/IV_Sctaeniopterus_TP_2021-07-01_151944_002.MP4,1215.9,23.98,No focal subject,Bite,Foraging,None|None|None,POINT,1089.705,1089.705,NA,,
IV_Sctaeniopterus_TP_2021-07-01_151944,6/25/2025 13:30,,/Users/aimeed/Desktop/BiteCounts/IV_Sctaeniopterus_TP_2021-07-01_151944_002.MP4,1215.9,23.98,No focal subject,Bite,Foraging,None|None|None,POINT,1089.956,1089.956,NA,,
IV_Sctaeniopterus_TP_2021-07-01_151944,6/25/2025 13:30,,/Users/aimeed/Desktop/BiteCounts/IV_Sctaeniopterus_TP_2021-07-01_151944_002.MP4,1215.9,23.98,No focal subject,Bite,Foraging,None|None|None,POINT,1091.206,1091.206,NA,,
IV_Sctaeniopterus_TP_2021-07-01_151944,6/25/2025 13:30,,/Users/aimeed/Desktop/BiteCounts/IV_Sctaeniopterus_TP_2021-07-01_151944_002.MP4,1215.9,23.98,No focal subject,Bite,Foraging,None|None|None,POINT,1091.706,1091.706,NA,,
IV_Sctaeniopterus_TP_2021-07-01_151944,6/25/2025 13:30,,/Users/aimeed/Desktop/BiteCounts/IV_Sctaeniopterus_TP_2021-07-01_151944_002.MP4,1215.9,23.98,No focal subject,Bite,Foraging,None|None|None,POINT,1093.207,1093.207,NA,,
IV_Sctaeniopterus_TP_2021-07-01_151944,6/25/2025 13:30,,/Users/aimeed/Desktop/BiteCounts/IV_Sctaeniopterus_TP_2021-07-01_151944_002.MP4,1215.9,23.98,No focal subject,Bite,Foraging,None|None|None,POINT,1093.957,1093.957,NA,,
IV_Sctaeniopterus_TP_2021-07-01_151944,6/25/2025 13:30,,/Users/aimeed/Desktop/BiteCounts/IV_Sctaeniopterus_TP_2021-07-01_151944_002.MP4,1215.9,23.98,No focal subject,Bite,Foraging,None|None|None,POINT,1095.205,1095.205,NA,,
IV_Sctaeniopterus_TP_2021-07-01_151944,6/25/2025 13:30,,/Users/aimeed/Desktop/BiteCounts/IV_Sctaeniopterus_TP_2021-07-01_151944_002.MP4,1215.9,23.98,No focal subject,Bite,Foraging,None|None|None,POINT,1095.959,1095.959,NA,,
IV_Sctaeniopterus_TP_2021-07-01_151944,6/25/2025 13:30,,/Users/aimeed/Desktop/BiteCounts/IV_Sctaeniopterus_TP_2021-07-01_151944_002.MP4,1215.9,23.98,No focal subject,Bite,Foraging,None|None|None,POINT,1096.708,1096.708,NA,,
IV_Sctaeniopterus_TP_2021-07-01_151944,6/25/2025 13:30,,/Users/aimeed/Desktop/BiteCounts/IV_Sctaeniopterus_TP_2021-07-01_151944_002.MP4,1215.9,23.98,No focal subject,Bite,Foraging,None|None|None,POINT,1115.206,1115.206,NA,,
IV_Sctaeniopterus_TP_2021-07-01_151944,6/25/2025 13:30,,/Users/aimeed/Desktop/BiteCounts/IV_Sctaeniopterus_TP_2021-07-01_151944_002.MP4,1215.9,23.98,No focal subject,Bite,Foraging,None|None|None,POINT,1116.706,1116.706,NA,,
IV_Sctaeniopterus_TP_2021-07-01_151944,6/25/2025 13:30,,/Users/aimeed/Desktop/BiteCounts/IV_Sctaeniopterus_TP_2021-07-01_151944_002.MP4,1215.9,23.98,No focal subject,Bite,Foraging,None|None|None,POINT,1119.707,1119.707,NA,,
IV_Sctaeniopterus_TP_2021-07-01_151944,6/25/2025 13:30,,/Users/aimeed/Desktop/BiteCounts/IV_Sctaeniopterus_TP_2021-07-01_151944_002.MP4,1215.9,23.98,No focal subject,Bite,Foraging,None|None|None,POINT,1129.958,1129.958,NA,,
IV_Sctaeniopterus_TP_2021-07-01_151944,6/25/2025 13:30,,/Users/aimeed/Desktop/BiteCounts/IV_Sctaeniopterus_TP_2021-07-01_151944_002.MP4,1215.9,23.98,No focal subject,Bite,Foraging,None|None|None,POINT,1131.706,1131.706,NA,,
IV_Sctaeniopterus_TP_2021-07-01_151944,6/25/2025 13:30,,/Users/aimeed/Desktop/BiteCounts/IV_Sctaeniopterus_TP_2021-07-01_151944_002.MP4,1215.9,23.98,No focal subject,Bite,Foraging,None|None|None,POINT,1132.959,1132.959,NA,,
IV_Sctaeniopterus_TP_2021-07-01_151944,6/25/2025 13:30,,/Users/aimeed/Desktop/BiteCounts/IV_Sctaeniopterus_TP_2021-07-01_151944_002.MP4,1215.9,23.98,No focal subject,Bite,Foraging,None|None|None,POINT,1133.708,1133.708,NA,,
IV_Sctaeniopterus_TP_2021-07-01_151944,6/25/2025 13:30,,/Users/aimeed/Desktop/BiteCounts/IV_Sctaeniopterus_TP_2021-07-01_151944_002.MP4,1215.9,23.98,No focal subject,Bite,Foraging,None|None|None,POINT,1134.206,1134.206,NA,,
IV_Sctaeniopterus_TP_2021-07-01_151944,6/25/2025 13:30,,/Users/aimeed/Desktop/BiteCounts/IV_Sctaeniopterus_TP_2021-07-01_151944_002.MP4,1215.9,23.98,No focal subject,Bite,Foraging,None|None|None,POINT,1134.456,1134.456,NA,,
IV_Sctaeniopterus_TP_2021-07-01_151944,6/25/2025 13:30,,/Users/aimeed/Desktop/BiteCounts/IV_Sctaeniopterus_TP_2021-07-01_151944_002.MP4,1215.9,23.98,No focal subject,Bite,Foraging,None|None|None,POINT,1135.96,1135.96,NA,,
IV_Sctaeniopterus_TP_2021-07-01_151944,6/25/2025 13:30,,/Users/aimeed/Desktop/BiteCounts/IV_Sctaeniopterus_TP_2021-07-01_151944_002.MP4,1215.9,23.98,No focal subject,Bite,Foraging,None|None|None,POINT,1136.706,1136.706,NA,,
IV_Sctaeniopterus_TP_2021-07-01_151944,6/25/2025 13:30,,/Users/aimeed/Desktop/BiteCounts/IV_Sctaeniopterus_TP_2021-07-01_151944_002.MP4,1215.9,23.98,No focal subject,Bite,Foraging,None|None|None,POINT,1137.457,1137.457,NA,,
IV_Sctaeniopterus_TP_2021-07-01_151944,6/25/2025 13:30,,/Users/aimeed/Desktop/BiteCounts/IV_Sctaeniopterus_TP_2021-07-01_151944_002.MP4,1215.9,23.98,No focal subject,Bite,Foraging,None|None|None,POINT,1161.459,1161.459,NA,,
IV_Sctaeniopterus_TP_2021-07-01_151944,6/25/2025 13:30,,/Users/aimeed/Desktop/BiteCounts/IV_Sctaeniopterus_TP_2021-07-01_151944_002.MP4,1215.9,23.98,No focal subject,Bite,Foraging,None|None|None,POINT,1161.965,1161.965,NA,,
IV_Sctaeniopterus_TP_2021-07-01_151944,6/25/2025 13:30,,/Users/aimeed/Desktop/BiteCounts/IV_Sctaeniopterus_TP_2021-07-01_151944_002.MP4,1215.9,23.98,No focal subject,Bite,Foraging,None|None|None,POINT,1162.959,1162.959,NA,,
IV_Sctaeniopterus_TP_2021-07-01_151944,6/25/2025 13:30,,/Users/aimeed/Desktop/BiteCounts/IV_Sctaeniopterus_TP_2021-07-01_151944_002.MP4,1215.9,23.98,No focal subject,Bite,Foraging,None|None|None,POINT,1163.707,1163.707,NA,,
IV_Sctaeniopterus_TP_2021-07-01_151944,6/25/2025 13:30,,/Users/aimeed/Desktop/BiteCounts/IV_Sctaeniopterus_TP_2021-07-01_151944_002.MP4,1215.9,23.98,No focal subject,Bite,Foraging,None|None|None,POINT,1164.708,1164.708,NA,,
IV_Sctaeniopterus_TP_2021-07-01_151944,6/25/2025 13:30,,/Users/aimeed/Desktop/BiteCounts/IV_Sctaeniopterus_TP_2021-07-01_151944_002.MP4,1215.9,23.98,No focal subject,Bite,Foraging,None|None|None,POINT,1165.706,1165.706,NA,,
IV_Sctaeniopterus_TP_2021-07-01_151944,6/25/2025 13:30,,/Users/aimeed/Desktop/BiteCounts/IV_Sctaeniopterus_TP_2021-07-01_151944_002.MP4,1215.9,23.98,No focal subject,Bite,Foraging,None|None|None,POINT,1166.207,1166.207,NA,,
IV_Sctaeniopterus_TP_2021-07-01_151944,6/25/2025 13:30,,/Users/aimeed/Desktop/BiteCounts/IV_Sctaeniopterus_TP_2021-07-01_151944_002.MP4,1215.9,23.98,No focal subject,Bite,Foraging,None|None|None,POINT,1166.957,1166.957,NA,,
IV_Sctaeniopterus_TP_2021-07-01_151944,6/25/2025 13:30,,/Users/aimeed/Desktop/BiteCounts/IV_Sctaeniopterus_TP_2021-07-01_151944_002.MP4,1215.9,23.98,No focal subject,Bite,Foraging,None|None|None,POINT,1167.707,1167.707,NA,,
IV_Sctaeniopterus_TP_2021-07-01_151944,6/25/2025 13:30,,/Users/aimeed/Desktop/BiteCounts/IV_Sctaeniopterus_TP_2021-07-01_151944_002.MP4,1215.9,23.98,No focal subject,Bite,Foraging,None|None|None,POINT,1168.458,1168.458,NA,,
IV_Sctaeniopterus_TP_2021-07-01_151944,6/25/2025 13:30,,/Users/aimeed/Desktop/BiteCounts/IV_Sctaeniopterus_TP_2021-07-01_151944_002.MP4,1215.9,23.98,No focal subject,Bite,Foraging,None|None|None,POINT,1179.205,1179.205,NA,,
IV_Sctaeniopterus_TP_2021-07-01_151944,6/25/2025 13:30,,/Users/aimeed/Desktop/BiteCounts/IV_Sctaeniopterus_TP_2021-07-01_151944_002.MP4,1215.9,23.98,No focal subject,Bite,Foraging,None|None|None,POINT,1180.205,1180.205,NA,,
IV_Sctaeniopterus_TP_2021-07-01_151944,6/25/2025 13:30,,/Users/aimeed/Desktop/BiteCounts/IV_Sctaeniopterus_TP_2021-07-01_151944_002.MP4,1215.9,23.98,No focal subject,Bite,Foraging,None|None|None,POINT,1200.958,1200.958,NA,,
IV_Sctaeniopterus_TP_2021-07-01_151944,6/25/2025 13:30,,/Users/aimeed/Desktop/BiteCounts/IV_Sctaeniopterus_TP_2021-07-01_151944_002.MP4,1215.9,23.98,No focal subject,Bite,Foraging,None|None|None,POINT,1202.458,1202.458,NA,,
IV_Sctaeniopterus_TP_2021-07-01_151944,6/25/2025 13:30,,/Users/aimeed/Desktop/BiteCounts/IV_Sctaeniopterus_TP_2021-07-01_151944_002.MP4,1215.9,23.98,No focal subject,Bite,Foraging,None|None|None,POINT,1203.207,1203.207,NA,,
IV_Sctaeniopterus_TP_2021-07-01_151944,6/25/2025 13:30,,/Users/aimeed/Desktop/BiteCounts/IV_Sctaeniopterus_TP_2021-07-01_151944_002.MP4,1215.9,23.98,No focal subject,Bite,Foraging,None|None|None,POINT,1204.46,1204.46,NA,,
IV_Sctaeniopterus_TP_2021-07-01_151944,6/25/2025 13:30,,/Users/aimeed/Desktop/BiteCounts/IV_Sctaeniopterus_TP_2021-07-01_151944_002.MP4,1215.9,23.98,No focal subject,Bite,Foraging,None|None|None,POINT,1204.705,1204.705,NA,,
IV_Sctaeniopterus_TP_2021-07-01_151944,6/25/2025 13:30,,/Users/aimeed/Desktop/BiteCounts/IV_Sctaeniopterus_TP_2021-07-01_151944_002.MP4,1215.9,23.98,No focal subject,Bite,Foraging,None|None|None,POINT,1207.708,1207.708,NA,,
IV_Sctaeniopterus_TP_2021-07-01_151944,6/25/2025 13:30,,/Users/aimeed/Desktop/BiteCounts/IV_Sctaeniopterus_TP_2021-07-01_151944_002.MP4,1215.9,23.98,No focal subject,Bite,Foraging,None|None|None,POINT,1207.958,1207.958,NA,,
IV_Sctaeniopterus_TP_2021-07-01_151944,6/25/2025 13:30,,/Users/aimeed/Desktop/BiteCounts/IV_Sctaeniopterus_TP_2021-07-01_151944_002.MP4,1215.9,23.98,No focal subject,Watch Time,Time Keeping,151933,POINT,1212.706,1212.706,NA,,
