Observation id,Observation date,Description,Media file,Total length,FPS,Subject,Behavior,Behavioral category,Modifiers,Behavior type,Start (s),Stop (s),Duration (s),Comment start,Comment stop
IV_Sctaeniopterus_TP_2021-06-10_111339,2025-07-03 09:35:09,,/Users/ally/Documents/johnson lab/parrotfish bites/IV_Sctaeniopterus_TP_2021-06-10_111339_001.MP4,1329.220,23.98,No focal subject,Watch Time,Time Keeping,105146,POINT,23.913,23.913,NA,,
IV_Sctaeniopterus_TP_2021-06-10_111339,2025-07-03 09:35:09,,/Users/ally/Documents/johnson lab/parrotfish bites/IV_Sctaeniopterus_TP_2021-06-10_111339_001.MP4,1329.220,23.98,No focal subject,START/STOP,Time Keeping,,STATE,27.912,1325.177,1297.265,,
IV_Sctaeniopterus_TP_2021-06-10_111339,2025-07-03 09:35:09,,/Users/ally/Documents/johnson lab/parrotfish bites/IV_Sctaeniopterus_TP_2021-06-10_111339_001.MP4,1329.220,23.98,No focal subject,Bite,Foraging,None|None|None,POINT,34.915,34.915,NA,,
IV_Sctaeniopterus_TP_2021-06-10_111339,2025-07-03 09:35:09,,/Users/ally/Documents/johnson lab/parrotfish bites/IV_Sctaeniopterus_TP_2021-06-10_111339_001.MP4,1329.220,23.98,No focal subject,Bite,Foraging,Feces|None|None,POINT,47.408,47.408,NA,,
IV_Sctaeniopterus_TP_2021-06-10_111339,2025-07-03 09:35:09,,/Users/ally/Documents/johnson lab/parrotfish bites/IV_Sctaeniopterus_TP_2021-06-10_111339_001.MP4,1329.220,23.98,No focal subject,Bite,Foraging,Feces|None|None,POINT,51.914,51.914,NA,,
IV_Sctaeniopterus_TP_2021-06-10_111339,2025-07-03 09:35:09,,/Users/ally/Documents/johnson lab/parrotfish bites/IV_Sctaeniopterus_TP_2021-06-10_111339_001.MP4,1329.220,23.98,No focal subject,Bite,Foraging,None|None|None,POINT,58.914,58.914,NA,,
IV_Sctaeniopterus_TP_2021-06-10_111339,2025-07-03 09:35:09,,/Users/ally/Documents/johnson lab/parrotfish bites/IV_Sctaeniopterus_TP_2021-06-10_111339_001.MP4,1329.220,23.98,No focal subject,Bite,Foraging,None|None|None,POINT,59.411,59.411,NA,,
IV_Sctaeniopterus_TP_2021-06-10_111339,2025-07-03 09:35:09,,/Users/ally/Documents/johnson lab/parrotfish bites/IV_Sctaeniopterus_TP_2021-06-10_111339_001.MP4,1329.220,23.98,No focal subject,Bite,Foraging,None|None|None,POINT,59.911,59.911,NA,,
IV_Sctaeniopterus_TP_2021-06-10_111339,2025-07-03 09:35:09,,/Users/ally/Documents/johnson lab/parrotfish bites/IV_Sctaeniopterus_TP_2021-06-10_111339_001.MP4,1329.220,23.98,No focal subject,Bite,Foraging,None|None|None,POINT,61.412,61.412,NA,,
IV_Sctaeniopterus_TP_2021-06-10_111339,2025-07-03 09:35:09,,/Users/ally/Documents/johnson lab/parrotfish bites/IV_Sctaeniopterus_TP_2021-06-10_111339_001.MP4,1329.220,23.98,No focal subject,Bite,Foraging,None|None|None,POINT,61.914,61.914,NA,,
IV_Sctaeniopterus_TP_2021-06-10_111339,2025-07-03 09:35:09,,/Users/ally/Documents/johnson lab/parrotfish bites/IV_Sctaeniopterus_TP_2021-06-10_111339_001.MP4,1329.220,23.98,No focal subject,Bite,Foraging,None|None|None,POINT,62.912,62.912,NA,,
IV_Sctaeniopterus_TP_2021-06-10_111339,2025-07-03 09:35:09,,/Users/ally/Documents/johnson lab/parrotfish bites/IV_Sctaeniopterus_TP_2021-06-10_111339_001.MP4,1329.220,23.98,No focal subject,Bite,Foraging,None|None|None,POINT,63.914,63.914,NA,,
IV_Sctaeniopterus_TP_2021-06-10_111339,2025-07-03 09:35:09,,/Users/ally/Documents/johnson lab/parrotfish bites/IV_Sctaeniopterus_TP_2021-06-10_111339_001.MP4,1329.220,23.98,No focal subject,Bite,Foraging,None|None|None,POINT,67.661,67.661,NA,,
IV_Sctaeniopterus_TP_2021-06-10_111339,2025-07-03 09:35:09,,/Users/ally/Documents/johnson lab/parrotfish bites/IV_Sctaeniopterus_TP_2021-06-10_111339_001.MP4,1329.220,23.98,No focal subject,Bite,Foraging,None|None|None,POINT,69.910,69.910,NA,,
IV_Sctaeniopterus_TP_2021-06-10_111339,2025-07-03 09:35:09,,/Users/ally/Documents/johnson lab/parrotfish bites/IV_Sctaeniopterus_TP_2021-06-10_111339_001.MP4,1329.220,23.98,No focal subject,Bite,Foraging,None|None|None,POINT,70.412,70.412,NA,,
IV_Sctaeniopterus_TP_2021-06-10_111339,2025-07-03 09:35:09,,/Users/ally/Documents/johnson lab/parrotfish bites/IV_Sctaeniopterus_TP_2021-06-10_111339_001.MP4,1329.220,23.98,No focal subject,Bite,Foraging,None|None|None,POINT,73.413,73.413,NA,,
IV_Sctaeniopterus_TP_2021-06-10_111339,2025-07-03 09:35:09,,/Users/ally/Documents/johnson lab/parrotfish bites/IV_Sctaeniopterus_TP_2021-06-10_111339_001.MP4,1329.220,23.98,No focal subject,Bite,Foraging,None|None|None,POINT,74.163,74.163,NA,,
IV_Sctaeniopterus_TP_2021-06-10_111339,2025-07-03 09:35:09,,/Users/ally/Documents/johnson lab/parrotfish bites/IV_Sctaeniopterus_TP_2021-06-10_111339_001.MP4,1329.220,23.98,No focal subject,Bite,Foraging,None|None|None,POINT,76.413,76.413,NA,,
IV_Sctaeniopterus_TP_2021-06-10_111339,2025-07-03 09:35:09,,/Users/ally/Documents/johnson lab/parrotfish bites/IV_Sctaeniopterus_TP_2021-06-10_111339_001.MP4,1329.220,23.98,No focal subject,Bite,Foraging,None|None|None,POINT,86.413,86.413,NA,,
IV_Sctaeniopterus_TP_2021-06-10_111339,2025-07-03 09:35:09,,/Users/ally/Documents/johnson lab/parrotfish bites/IV_Sctaeniopterus_TP_2021-06-10_111339_001.MP4,1329.220,23.98,No focal subject,Bite,Foraging,None|None|None,POINT,87.413,87.413,NA,,
IV_Sctaeniopterus_TP_2021-06-10_111339,2025-07-03 09:35:09,,/Users/ally/Documents/johnson lab/parrotfish bites/IV_Sctaeniopterus_TP_2021-06-10_111339_001.MP4,1329.220,23.98,No focal subject,Bite,Foraging,None|None|None,POINT,88.412,88.412,NA,,
IV_Sctaeniopterus_TP_2021-06-10_111339,2025-07-03 09:35:09,,/Users/ally/Documents/johnson lab/parrotfish bites/IV_Sctaeniopterus_TP_2021-06-10_111339_001.MP4,1329.220,23.98,No focal subject,Bite,Foraging,None|None|None,POINT,89.160,89.160,NA,,
IV_Sctaeniopterus_TP_2021-06-10_111339,2025-07-03 09:35:09,,/Users/ally/Documents/johnson lab/parrotfish bites/IV_Sctaeniopterus_TP_2021-06-10_111339_001.MP4,1329.220,23.98,No focal subject,Bite,Foraging,None|None|None,POINT,90.412,90.412,NA,,
IV_Sctaeniopterus_TP_2021-06-10_111339,2025-07-03 09:35:09,,/Users/ally/Documents/johnson lab/parrotfish bites/IV_Sctaeniopterus_TP_2021-06-10_111339_001.MP4,1329.220,23.98,No focal subject,Bite,Foraging,None|None|None,POINT,91.913,91.913,NA,,
IV_Sctaeniopterus_TP_2021-06-10_111339,2025-07-03 09:35:09,,/Users/ally/Documents/johnson lab/parrotfish bites/IV_Sctaeniopterus_TP_2021-06-10_111339_001.MP4,1329.220,23.98,No focal subject,Bite,Foraging,None|None|None,POINT,92.161,92.161,NA,,
IV_Sctaeniopterus_TP_2021-06-10_111339,2025-07-03 09:35:09,,/Users/ally/Documents/johnson lab/parrotfish bites/IV_Sctaeniopterus_TP_2021-06-10_111339_001.MP4,1329.220,23.98,No focal subject,Bite,Foraging,None|None|None,POINT,92.912,92.912,NA,,
IV_Sctaeniopterus_TP_2021-06-10_111339,2025-07-03 09:35:09,,/Users/ally/Documents/johnson lab/parrotfish bites/IV_Sctaeniopterus_TP_2021-06-10_111339_001.MP4,1329.220,23.98,No focal subject,Bite,Foraging,None|None|None,POINT,93.913,93.913,NA,,
IV_Sctaeniopterus_TP_2021-06-10_111339,2025-07-03 09:35:09,,/Users/ally/Documents/johnson lab/parrotfish bites/IV_Sctaeniopterus_TP_2021-06-10_111339_001.MP4,1329.220,23.98,No focal subject,Bite,Foraging,None|None|None,POINT,95.914,95.914,NA,,
IV_Sctaeniopterus_TP_2021-06-10_111339,2025-07-03 09:35:09,,/Users/ally/Documents/johnson lab/parrotfish bites/IV_Sctaeniopterus_TP_2021-06-10_111339_001.MP4,1329.220,23.98,No focal subject,Bite,Foraging,None|None|None,POINT,108.413,108.413,NA,,
IV_Sctaeniopterus_TP_2021-06-10_111339,2025-07-03 09:35:09,,/Users/ally/Documents/johnson lab/parrotfish bites/IV_Sctaeniopterus_TP_2021-06-10_111339_001.MP4,1329.220,23.98,No focal subject,Bite,Foraging,None|None|None,POINT,109.160,109.160,NA,,
IV_Sctaeniopterus_TP_2021-06-10_111339,2025-07-03 09:35:09,,/Users/ally/Documents/johnson lab/parrotfish bites/IV_Sctaeniopterus_TP_2021-06-10_111339_001.MP4,1329.220,23.98,No focal subject,Bite,Foraging,None|None|None,POINT,113.413,113.413,NA,,
IV_Sctaeniopterus_TP_2021-06-10_111339,2025-07-03 09:35:09,,/Users/ally/Documents/johnson lab/parrotfish bites/IV_Sctaeniopterus_TP_2021-06-10_111339_001.MP4,1329.220,23.98,No focal subject,Bite,Foraging,None|None|None,POINT,115.912,115.912,NA,,
IV_Sctaeniopterus_TP_2021-06-10_111339,2025-07-03 09:35:09,,/Users/ally/Documents/johnson lab/parrotfish bites/IV_Sctaeniopterus_TP_2021-06-10_111339_001.MP4,1329.220,23.98,No focal subject,Bite,Foraging,None|None|None,POINT,116.412,116.412,NA,,
IV_Sctaeniopterus_TP_2021-06-10_111339,2025-07-03 09:35:09,,/Users/ally/Documents/johnson lab/parrotfish bites/IV_Sctaeniopterus_TP_2021-06-10_111339_001.MP4,1329.220,23.98,No focal subject,Bite,Foraging,None|None|None,POINT,119.913,119.913,NA,,
IV_Sctaeniopterus_TP_2021-06-10_111339,2025-07-03 09:35:09,,/Users/ally/Documents/johnson lab/parrotfish bites/IV_Sctaeniopterus_TP_2021-06-10_111339_001.MP4,1329.220,23.98,No focal subject,Bite,Foraging,None|None|None,POINT,120.914,120.914,NA,,
IV_Sctaeniopterus_TP_2021-06-10_111339,2025-07-03 09:35:09,,/Users/ally/Documents/johnson lab/parrotfish bites/IV_Sctaeniopterus_TP_2021-06-10_111339_001.MP4,1329.220,23.98,No focal subject,Bite,Foraging,None|None|None,POINT,121.413,121.413,NA,,
IV_Sctaeniopterus_TP_2021-06-10_111339,2025-07-03 09:35:09,,/Users/ally/Documents/johnson lab/parrotfish bites/IV_Sctaeniopterus_TP_2021-06-10_111339_001.MP4,1329.220,23.98,No focal subject,Bite,Foraging,None|None|None,POINT,122.412,122.412,NA,,
IV_Sctaeniopterus_TP_2021-06-10_111339,2025-07-03 09:35:09,,/Users/ally/Documents/johnson lab/parrotfish bites/IV_Sctaeniopterus_TP_2021-06-10_111339_001.MP4,1329.220,23.98,No focal subject,Bite,Foraging,None|None|None,POINT,124.411,124.411,NA,,
IV_Sctaeniopterus_TP_2021-06-10_111339,2025-07-03 09:35:09,,/Users/ally/Documents/johnson lab/parrotfish bites/IV_Sctaeniopterus_TP_2021-06-10_111339_001.MP4,1329.220,23.98,No focal subject,Bite,Foraging,None|None|None,POINT,125.413,125.413,NA,,
IV_Sctaeniopterus_TP_2021-06-10_111339,2025-07-03 09:35:09,,/Users/ally/Documents/johnson lab/parrotfish bites/IV_Sctaeniopterus_TP_2021-06-10_111339_001.MP4,1329.220,23.98,No focal subject,Bite,Foraging,None|None|None,POINT,143.412,143.412,NA,,
IV_Sctaeniopterus_TP_2021-06-10_111339,2025-07-03 09:35:09,,/Users/ally/Documents/johnson lab/parrotfish bites/IV_Sctaeniopterus_TP_2021-06-10_111339_001.MP4,1329.220,23.98,No focal subject,Bite,Foraging,None|None|None,POINT,143.912,143.912,NA,,
IV_Sctaeniopterus_TP_2021-06-10_111339,2025-07-03 09:35:09,,/Users/ally/Documents/johnson lab/parrotfish bites/IV_Sctaeniopterus_TP_2021-06-10_111339_001.MP4,1329.220,23.98,No focal subject,Bite,Foraging,None|None|None,POINT,145.413,145.413,NA,,
IV_Sctaeniopterus_TP_2021-06-10_111339,2025-07-03 09:35:09,,/Users/ally/Documents/johnson lab/parrotfish bites/IV_Sctaeniopterus_TP_2021-06-10_111339_001.MP4,1329.220,23.98,No focal subject,Bite,Foraging,None|None|None,POINT,148.911,148.911,NA,,
IV_Sctaeniopterus_TP_2021-06-10_111339,2025-07-03 09:35:09,,/Users/ally/Documents/johnson lab/parrotfish bites/IV_Sctaeniopterus_TP_2021-06-10_111339_001.MP4,1329.220,23.98,No focal subject,Bite,Foraging,None|None|None,POINT,149.412,149.412,NA,,
IV_Sctaeniopterus_TP_2021-06-10_111339,2025-07-03 09:35:09,,/Users/ally/Documents/johnson lab/parrotfish bites/IV_Sctaeniopterus_TP_2021-06-10_111339_001.MP4,1329.220,23.98,No focal subject,Bite,Foraging,None|None|None,POINT,150.412,150.412,NA,,
IV_Sctaeniopterus_TP_2021-06-10_111339,2025-07-03 09:35:09,,/Users/ally/Documents/johnson lab/parrotfish bites/IV_Sctaeniopterus_TP_2021-06-10_111339_001.MP4,1329.220,23.98,No focal subject,Bite,Foraging,None|None|None,POINT,150.910,150.910,NA,,
IV_Sctaeniopterus_TP_2021-06-10_111339,2025-07-03 09:35:09,,/Users/ally/Documents/johnson lab/parrotfish bites/IV_Sctaeniopterus_TP_2021-06-10_111339_001.MP4,1329.220,23.98,No focal subject,Bite,Foraging,None|None|None,POINT,152.412,152.412,NA,,
IV_Sctaeniopterus_TP_2021-06-10_111339,2025-07-03 09:35:09,,/Users/ally/Documents/johnson lab/parrotfish bites/IV_Sctaeniopterus_TP_2021-06-10_111339_001.MP4,1329.220,23.98,No focal subject,Lost Time,Time Keeping,,STATE,157.914,168.412,10.498,,
IV_Sctaeniopterus_TP_2021-06-10_111339,2025-07-03 09:35:09,,/Users/ally/Documents/johnson lab/parrotfish bites/IV_Sctaeniopterus_TP_2021-06-10_111339_001.MP4,1329.220,23.98,No focal subject,Bite,Foraging,None|None|None,POINT,173.913,173.913,NA,,
IV_Sctaeniopterus_TP_2021-06-10_111339,2025-07-03 09:35:09,,/Users/ally/Documents/johnson lab/parrotfish bites/IV_Sctaeniopterus_TP_2021-06-10_111339_001.MP4,1329.220,23.98,No focal subject,Bite,Foraging,None|None|None,POINT,175.413,175.413,NA,,
IV_Sctaeniopterus_TP_2021-06-10_111339,2025-07-03 09:35:09,,/Users/ally/Documents/johnson lab/parrotfish bites/IV_Sctaeniopterus_TP_2021-06-10_111339_001.MP4,1329.220,23.98,No focal subject,Bite,Foraging,None|None|None,POINT,176.412,176.412,NA,,
IV_Sctaeniopterus_TP_2021-06-10_111339,2025-07-03 09:35:09,,/Users/ally/Documents/johnson lab/parrotfish bites/IV_Sctaeniopterus_TP_2021-06-10_111339_001.MP4,1329.220,23.98,No focal subject,Bite,Foraging,None|None|None,POINT,177.414,177.414,NA,,
IV_Sctaeniopterus_TP_2021-06-10_111339,2025-07-03 09:35:09,,/Users/ally/Documents/johnson lab/parrotfish bites/IV_Sctaeniopterus_TP_2021-06-10_111339_001.MP4,1329.220,23.98,No focal subject,Bite,Foraging,None|None|None,POINT,178.412,178.412,NA,,
IV_Sctaeniopterus_TP_2021-06-10_111339,2025-07-03 09:35:09,,/Users/ally/Documents/johnson lab/parrotfish bites/IV_Sctaeniopterus_TP_2021-06-10_111339_001.MP4,1329.220,23.98,No focal subject,Bite,Foraging,None|None|None,POINT,180.659,180.659,NA,,
IV_Sctaeniopterus_TP_2021-06-10_111339,2025-07-03 09:35:09,,/Users/ally/Documents/johnson lab/parrotfish bites/IV_Sctaeniopterus_TP_2021-06-10_111339_001.MP4,1329.220,23.98,No focal subject,Bite,Foraging,None|None|None,POINT,182.414,182.414,NA,,
IV_Sctaeniopterus_TP_2021-06-10_111339,2025-07-03 09:35:09,,/Users/ally/Documents/johnson lab/parrotfish bites/IV_Sctaeniopterus_TP_2021-06-10_111339_001.MP4,1329.220,23.98,No focal subject,Bite,Foraging,None|None|None,POINT,186.914,186.914,NA,,
IV_Sctaeniopterus_TP_2021-06-10_111339,2025-07-03 09:35:09,,/Users/ally/Documents/johnson lab/parrotfish bites/IV_Sctaeniopterus_TP_2021-06-10_111339_001.MP4,1329.220,23.98,No focal subject,Bite,Foraging,None|None|None,POINT,189.912,189.912,NA,,
IV_Sctaeniopterus_TP_2021-06-10_111339,2025-07-03 09:35:09,,/Users/ally/Documents/johnson lab/parrotfish bites/IV_Sctaeniopterus_TP_2021-06-10_111339_001.MP4,1329.220,23.98,No focal subject,Bite,Foraging,None|None|None,POINT,199.413,199.413,NA,,
IV_Sctaeniopterus_TP_2021-06-10_111339,2025-07-03 09:35:09,,/Users/ally/Documents/johnson lab/parrotfish bites/IV_Sctaeniopterus_TP_2021-06-10_111339_001.MP4,1329.220,23.98,No focal subject,Bite,Foraging,None|None|None,POINT,200.412,200.412,NA,,
IV_Sctaeniopterus_TP_2021-06-10_111339,2025-07-03 09:35:09,,/Users/ally/Documents/johnson lab/parrotfish bites/IV_Sctaeniopterus_TP_2021-06-10_111339_001.MP4,1329.220,23.98,No focal subject,Bite,Foraging,None|None|None,POINT,201.914,201.914,NA,,
IV_Sctaeniopterus_TP_2021-06-10_111339,2025-07-03 09:35:09,,/Users/ally/Documents/johnson lab/parrotfish bites/IV_Sctaeniopterus_TP_2021-06-10_111339_001.MP4,1329.220,23.98,No focal subject,Bite,Foraging,None|None|None,POINT,202.914,202.914,NA,,
IV_Sctaeniopterus_TP_2021-06-10_111339,2025-07-03 09:35:09,,/Users/ally/Documents/johnson lab/parrotfish bites/IV_Sctaeniopterus_TP_2021-06-10_111339_001.MP4,1329.220,23.98,No focal subject,Bite,Foraging,None|None|None,POINT,204.417,204.417,NA,,
IV_Sctaeniopterus_TP_2021-06-10_111339,2025-07-03 09:35:09,,/Users/ally/Documents/johnson lab/parrotfish bites/IV_Sctaeniopterus_TP_2021-06-10_111339_001.MP4,1329.220,23.98,No focal subject,Bite,Foraging,None|None|None,POINT,206.415,206.415,NA,,
IV_Sctaeniopterus_TP_2021-06-10_111339,2025-07-03 09:35:09,,/Users/ally/Documents/johnson lab/parrotfish bites/IV_Sctaeniopterus_TP_2021-06-10_111339_001.MP4,1329.220,23.98,No focal subject,Bite,Foraging,None|None|None,POINT,206.912,206.912,NA,,
IV_Sctaeniopterus_TP_2021-06-10_111339,2025-07-03 09:35:09,,/Users/ally/Documents/johnson lab/parrotfish bites/IV_Sctaeniopterus_TP_2021-06-10_111339_001.MP4,1329.220,23.98,No focal subject,Bite,Foraging,None|None|None,POINT,207.411,207.411,NA,,
IV_Sctaeniopterus_TP_2021-06-10_111339,2025-07-03 09:35:09,,/Users/ally/Documents/johnson lab/parrotfish bites/IV_Sctaeniopterus_TP_2021-06-10_111339_001.MP4,1329.220,23.98,No focal subject,Bite,Foraging,None|None|None,POINT,208.160,208.160,NA,,
IV_Sctaeniopterus_TP_2021-06-10_111339,2025-07-03 09:35:09,,/Users/ally/Documents/johnson lab/parrotfish bites/IV_Sctaeniopterus_TP_2021-06-10_111339_001.MP4,1329.220,23.98,No focal subject,Bite,Foraging,None|None|None,POINT,208.912,208.912,NA,,
IV_Sctaeniopterus_TP_2021-06-10_111339,2025-07-03 09:35:09,,/Users/ally/Documents/johnson lab/parrotfish bites/IV_Sctaeniopterus_TP_2021-06-10_111339_001.MP4,1329.220,23.98,No focal subject,Bite,Foraging,None|None|None,POINT,209.413,209.413,NA,,
IV_Sctaeniopterus_TP_2021-06-10_111339,2025-07-03 09:35:09,,/Users/ally/Documents/johnson lab/parrotfish bites/IV_Sctaeniopterus_TP_2021-06-10_111339_001.MP4,1329.220,23.98,No focal subject,Bite,Foraging,None|None|None,POINT,211.914,211.914,NA,,
IV_Sctaeniopterus_TP_2021-06-10_111339,2025-07-03 09:35:09,,/Users/ally/Documents/johnson lab/parrotfish bites/IV_Sctaeniopterus_TP_2021-06-10_111339_001.MP4,1329.220,23.98,No focal subject,Bite,Foraging,None|None|None,POINT,213.413,213.413,NA,,
IV_Sctaeniopterus_TP_2021-06-10_111339,2025-07-03 09:35:09,,/Users/ally/Documents/johnson lab/parrotfish bites/IV_Sctaeniopterus_TP_2021-06-10_111339_001.MP4,1329.220,23.98,No focal subject,Bite,Foraging,None|None|None,POINT,232.413,232.413,NA,,
IV_Sctaeniopterus_TP_2021-06-10_111339,2025-07-03 09:35:09,,/Users/ally/Documents/johnson lab/parrotfish bites/IV_Sctaeniopterus_TP_2021-06-10_111339_001.MP4,1329.220,23.98,No focal subject,Bite,Foraging,None|None|None,POINT,233.160,233.160,NA,,
IV_Sctaeniopterus_TP_2021-06-10_111339,2025-07-03 09:35:09,,/Users/ally/Documents/johnson lab/parrotfish bites/IV_Sctaeniopterus_TP_2021-06-10_111339_001.MP4,1329.220,23.98,No focal subject,Bite,Foraging,None|None|None,POINT,233.914,233.914,NA,,
IV_Sctaeniopterus_TP_2021-06-10_111339,2025-07-03 09:35:09,,/Users/ally/Documents/johnson lab/parrotfish bites/IV_Sctaeniopterus_TP_2021-06-10_111339_001.MP4,1329.220,23.98,No focal subject,Bite,Foraging,None|None|None,POINT,234.408,234.408,NA,,
IV_Sctaeniopterus_TP_2021-06-10_111339,2025-07-03 09:35:09,,/Users/ally/Documents/johnson lab/parrotfish bites/IV_Sctaeniopterus_TP_2021-06-10_111339_001.MP4,1329.220,23.98,No focal subject,Bite,Foraging,None|None|None,POINT,234.659,234.659,NA,,
IV_Sctaeniopterus_TP_2021-06-10_111339,2025-07-03 09:35:09,,/Users/ally/Documents/johnson lab/parrotfish bites/IV_Sctaeniopterus_TP_2021-06-10_111339_001.MP4,1329.220,23.98,No focal subject,Bite,Foraging,None|None|None,POINT,235.410,235.410,NA,,
IV_Sctaeniopterus_TP_2021-06-10_111339,2025-07-03 09:35:09,,/Users/ally/Documents/johnson lab/parrotfish bites/IV_Sctaeniopterus_TP_2021-06-10_111339_001.MP4,1329.220,23.98,No focal subject,Bite,Foraging,None|None|None,POINT,236.913,236.913,NA,,
IV_Sctaeniopterus_TP_2021-06-10_111339,2025-07-03 09:35:09,,/Users/ally/Documents/johnson lab/parrotfish bites/IV_Sctaeniopterus_TP_2021-06-10_111339_001.MP4,1329.220,23.98,No focal subject,Bite,Foraging,None|None|None,POINT,248.413,248.413,NA,,
IV_Sctaeniopterus_TP_2021-06-10_111339,2025-07-03 09:35:09,,/Users/ally/Documents/johnson lab/parrotfish bites/IV_Sctaeniopterus_TP_2021-06-10_111339_001.MP4,1329.220,23.98,No focal subject,Bite,Foraging,None|None|None,POINT,249.411,249.411,NA,,
IV_Sctaeniopterus_TP_2021-06-10_111339,2025-07-03 09:35:09,,/Users/ally/Documents/johnson lab/parrotfish bites/IV_Sctaeniopterus_TP_2021-06-10_111339_001.MP4,1329.220,23.98,No focal subject,Bite,Foraging,None|None|None,POINT,249.663,249.663,NA,,
IV_Sctaeniopterus_TP_2021-06-10_111339,2025-07-03 09:35:09,,/Users/ally/Documents/johnson lab/parrotfish bites/IV_Sctaeniopterus_TP_2021-06-10_111339_001.MP4,1329.220,23.98,No focal subject,Bite,Foraging,None|None|None,POINT,250.160,250.160,NA,,
IV_Sctaeniopterus_TP_2021-06-10_111339,2025-07-03 09:35:09,,/Users/ally/Documents/johnson lab/parrotfish bites/IV_Sctaeniopterus_TP_2021-06-10_111339_001.MP4,1329.220,23.98,No focal subject,Bite,Foraging,None|None|None,POINT,250.911,250.911,NA,,
IV_Sctaeniopterus_TP_2021-06-10_111339,2025-07-03 09:35:09,,/Users/ally/Documents/johnson lab/parrotfish bites/IV_Sctaeniopterus_TP_2021-06-10_111339_001.MP4,1329.220,23.98,No focal subject,Bite,Foraging,None|None|None,POINT,252.162,252.162,NA,,
IV_Sctaeniopterus_TP_2021-06-10_111339,2025-07-03 09:35:09,,/Users/ally/Documents/johnson lab/parrotfish bites/IV_Sctaeniopterus_TP_2021-06-10_111339_001.MP4,1329.220,23.98,No focal subject,Bite,Foraging,None|None|None,POINT,252.661,252.661,NA,,
IV_Sctaeniopterus_TP_2021-06-10_111339,2025-07-03 09:35:09,,/Users/ally/Documents/johnson lab/parrotfish bites/IV_Sctaeniopterus_TP_2021-06-10_111339_001.MP4,1329.220,23.98,No focal subject,Bite,Foraging,None|None|None,POINT,253.660,253.660,NA,,
IV_Sctaeniopterus_TP_2021-06-10_111339,2025-07-03 09:35:09,,/Users/ally/Documents/johnson lab/parrotfish bites/IV_Sctaeniopterus_TP_2021-06-10_111339_001.MP4,1329.220,23.98,No focal subject,Bite,Foraging,None|None|None,POINT,253.911,253.911,NA,,
IV_Sctaeniopterus_TP_2021-06-10_111339,2025-07-03 09:35:09,,/Users/ally/Documents/johnson lab/parrotfish bites/IV_Sctaeniopterus_TP_2021-06-10_111339_001.MP4,1329.220,23.98,No focal subject,Bite,Foraging,None|None|None,POINT,254.662,254.662,NA,,
IV_Sctaeniopterus_TP_2021-06-10_111339,2025-07-03 09:35:09,,/Users/ally/Documents/johnson lab/parrotfish bites/IV_Sctaeniopterus_TP_2021-06-10_111339_001.MP4,1329.220,23.98,No focal subject,Bite,Foraging,None|None|None,POINT,255.162,255.162,NA,,
IV_Sctaeniopterus_TP_2021-06-10_111339,2025-07-03 09:35:09,,/Users/ally/Documents/johnson lab/parrotfish bites/IV_Sctaeniopterus_TP_2021-06-10_111339_001.MP4,1329.220,23.98,No focal subject,Bite,Foraging,None|None|None,POINT,255.662,255.662,NA,,
IV_Sctaeniopterus_TP_2021-06-10_111339,2025-07-03 09:35:09,,/Users/ally/Documents/johnson lab/parrotfish bites/IV_Sctaeniopterus_TP_2021-06-10_111339_001.MP4,1329.220,23.98,No focal subject,Bite,Foraging,None|None|None,POINT,256.410,256.410,NA,,
IV_Sctaeniopterus_TP_2021-06-10_111339,2025-07-03 09:35:09,,/Users/ally/Documents/johnson lab/parrotfish bites/IV_Sctaeniopterus_TP_2021-06-10_111339_001.MP4,1329.220,23.98,No focal subject,Bite,Foraging,None|None|None,POINT,257.161,257.161,NA,,
IV_Sctaeniopterus_TP_2021-06-10_111339,2025-07-03 09:35:09,,/Users/ally/Documents/johnson lab/parrotfish bites/IV_Sctaeniopterus_TP_2021-06-10_111339_001.MP4,1329.220,23.98,No focal subject,Bite,Foraging,None|None|None,POINT,258.661,258.661,NA,,
IV_Sctaeniopterus_TP_2021-06-10_111339,2025-07-03 09:35:09,,/Users/ally/Documents/johnson lab/parrotfish bites/IV_Sctaeniopterus_TP_2021-06-10_111339_001.MP4,1329.220,23.98,No focal subject,Bite,Foraging,None|None|None,POINT,259.161,259.161,NA,,
IV_Sctaeniopterus_TP_2021-06-10_111339,2025-07-03 09:35:09,,/Users/ally/Documents/johnson lab/parrotfish bites/IV_Sctaeniopterus_TP_2021-06-10_111339_001.MP4,1329.220,23.98,No focal subject,Bite,Foraging,None|None|None,POINT,260.163,260.163,NA,,
IV_Sctaeniopterus_TP_2021-06-10_111339,2025-07-03 09:35:09,,/Users/ally/Documents/johnson lab/parrotfish bites/IV_Sctaeniopterus_TP_2021-06-10_111339_001.MP4,1329.220,23.98,No focal subject,Bite,Foraging,None|None|None,POINT,260.663,260.663,NA,,
IV_Sctaeniopterus_TP_2021-06-10_111339,2025-07-03 09:35:09,,/Users/ally/Documents/johnson lab/parrotfish bites/IV_Sctaeniopterus_TP_2021-06-10_111339_001.MP4,1329.220,23.98,No focal subject,Bite,Foraging,None|None|None,POINT,261.161,261.161,NA,,
IV_Sctaeniopterus_TP_2021-06-10_111339,2025-07-03 09:35:09,,/Users/ally/Documents/johnson lab/parrotfish bites/IV_Sctaeniopterus_TP_2021-06-10_111339_001.MP4,1329.220,23.98,No focal subject,Bite,Foraging,None|None|None,POINT,288.162,288.162,NA,,
IV_Sctaeniopterus_TP_2021-06-10_111339,2025-07-03 09:35:09,,/Users/ally/Documents/johnson lab/parrotfish bites/IV_Sctaeniopterus_TP_2021-06-10_111339_001.MP4,1329.220,23.98,No focal subject,Bite,Foraging,None|None|None,POINT,288.660,288.660,NA,,
IV_Sctaeniopterus_TP_2021-06-10_111339,2025-07-03 09:35:09,,/Users/ally/Documents/johnson lab/parrotfish bites/IV_Sctaeniopterus_TP_2021-06-10_111339_001.MP4,1329.220,23.98,No focal subject,Bite,Foraging,None|None|None,POINT,289.161,289.161,NA,,
IV_Sctaeniopterus_TP_2021-06-10_111339,2025-07-03 09:35:09,,/Users/ally/Documents/johnson lab/parrotfish bites/IV_Sctaeniopterus_TP_2021-06-10_111339_001.MP4,1329.220,23.98,No focal subject,Bite,Foraging,None|None|None,POINT,290.161,290.161,NA,,
IV_Sctaeniopterus_TP_2021-06-10_111339,2025-07-03 09:35:09,,/Users/ally/Documents/johnson lab/parrotfish bites/IV_Sctaeniopterus_TP_2021-06-10_111339_001.MP4,1329.220,23.98,No focal subject,Bite,Foraging,None|None|None,POINT,291.161,291.161,NA,,
IV_Sctaeniopterus_TP_2021-06-10_111339,2025-07-03 09:35:09,,/Users/ally/Documents/johnson lab/parrotfish bites/IV_Sctaeniopterus_TP_2021-06-10_111339_001.MP4,1329.220,23.98,No focal subject,Bite,Foraging,None|None|None,POINT,292.911,292.911,NA,,
IV_Sctaeniopterus_TP_2021-06-10_111339,2025-07-03 09:35:09,,/Users/ally/Documents/johnson lab/parrotfish bites/IV_Sctaeniopterus_TP_2021-06-10_111339_001.MP4,1329.220,23.98,No focal subject,Bite,Foraging,None|None|None,POINT,293.161,293.161,NA,,
IV_Sctaeniopterus_TP_2021-06-10_111339,2025-07-03 09:35:09,,/Users/ally/Documents/johnson lab/parrotfish bites/IV_Sctaeniopterus_TP_2021-06-10_111339_001.MP4,1329.220,23.98,No focal subject,Bite,Foraging,None|None|None,POINT,294.161,294.161,NA,,
IV_Sctaeniopterus_TP_2021-06-10_111339,2025-07-03 09:35:09,,/Users/ally/Documents/johnson lab/parrotfish bites/IV_Sctaeniopterus_TP_2021-06-10_111339_001.MP4,1329.220,23.98,No focal subject,Bite,Foraging,None|None|None,POINT,295.161,295.161,NA,,
IV_Sctaeniopterus_TP_2021-06-10_111339,2025-07-03 09:35:09,,/Users/ally/Documents/johnson lab/parrotfish bites/IV_Sctaeniopterus_TP_2021-06-10_111339_001.MP4,1329.220,23.98,No focal subject,Bite,Foraging,None|None|None,POINT,296.161,296.161,NA,,
IV_Sctaeniopterus_TP_2021-06-10_111339,2025-07-03 09:35:09,,/Users/ally/Documents/johnson lab/parrotfish bites/IV_Sctaeniopterus_TP_2021-06-10_111339_001.MP4,1329.220,23.98,No focal subject,Bite,Foraging,None|None|None,POINT,334.665,334.665,NA,,
IV_Sctaeniopterus_TP_2021-06-10_111339,2025-07-03 09:35:09,,/Users/ally/Documents/johnson lab/parrotfish bites/IV_Sctaeniopterus_TP_2021-06-10_111339_001.MP4,1329.220,23.98,No focal subject,Bite,Foraging,None|None|None,POINT,335.662,335.662,NA,,
IV_Sctaeniopterus_TP_2021-06-10_111339,2025-07-03 09:35:09,,/Users/ally/Documents/johnson lab/parrotfish bites/IV_Sctaeniopterus_TP_2021-06-10_111339_001.MP4,1329.220,23.98,No focal subject,Bite,Foraging,None|None|None,POINT,338.163,338.163,NA,,
IV_Sctaeniopterus_TP_2021-06-10_111339,2025-07-03 09:35:09,,/Users/ally/Documents/johnson lab/parrotfish bites/IV_Sctaeniopterus_TP_2021-06-10_111339_001.MP4,1329.220,23.98,No focal subject,Bite,Foraging,None|None|None,POINT,339.663,339.663,NA,,
IV_Sctaeniopterus_TP_2021-06-10_111339,2025-07-03 09:35:09,,/Users/ally/Documents/johnson lab/parrotfish bites/IV_Sctaeniopterus_TP_2021-06-10_111339_001.MP4,1329.220,23.98,No focal subject,Bite,Foraging,None|None|None,POINT,339.911,339.911,NA,,
IV_Sctaeniopterus_TP_2021-06-10_111339,2025-07-03 09:35:09,,/Users/ally/Documents/johnson lab/parrotfish bites/IV_Sctaeniopterus_TP_2021-06-10_111339_001.MP4,1329.220,23.98,No focal subject,Bite,Foraging,Feces|None|None,POINT,346.663,346.663,NA,,
IV_Sctaeniopterus_TP_2021-06-10_111339,2025-07-03 09:35:09,,/Users/ally/Documents/johnson lab/parrotfish bites/IV_Sctaeniopterus_TP_2021-06-10_111339_001.MP4,1329.220,23.98,No focal subject,Bite,Foraging,None|None|None,POINT,353.162,353.162,NA,,
IV_Sctaeniopterus_TP_2021-06-10_111339,2025-07-03 09:35:09,,/Users/ally/Documents/johnson lab/parrotfish bites/IV_Sctaeniopterus_TP_2021-06-10_111339_001.MP4,1329.220,23.98,No focal subject,Bite,Foraging,None|None|None,POINT,353.662,353.662,NA,,
IV_Sctaeniopterus_TP_2021-06-10_111339,2025-07-03 09:35:09,,/Users/ally/Documents/johnson lab/parrotfish bites/IV_Sctaeniopterus_TP_2021-06-10_111339_001.MP4,1329.220,23.98,No focal subject,Bite,Foraging,None|None|None,POINT,354.161,354.161,NA,,
IV_Sctaeniopterus_TP_2021-06-10_111339,2025-07-03 09:35:09,,/Users/ally/Documents/johnson lab/parrotfish bites/IV_Sctaeniopterus_TP_2021-06-10_111339_001.MP4,1329.220,23.98,No focal subject,Bite,Foraging,None|None|None,POINT,355.164,355.164,NA,,
IV_Sctaeniopterus_TP_2021-06-10_111339,2025-07-03 09:35:09,,/Users/ally/Documents/johnson lab/parrotfish bites/IV_Sctaeniopterus_TP_2021-06-10_111339_001.MP4,1329.220,23.98,No focal subject,Bite,Foraging,None|None|None,POINT,356.164,356.164,NA,,
IV_Sctaeniopterus_TP_2021-06-10_111339,2025-07-03 09:35:09,,/Users/ally/Documents/johnson lab/parrotfish bites/IV_Sctaeniopterus_TP_2021-06-10_111339_001.MP4,1329.220,23.98,No focal subject,Bite,Foraging,None|None|None,POINT,356.660,356.660,NA,,
IV_Sctaeniopterus_TP_2021-06-10_111339,2025-07-03 09:35:09,,/Users/ally/Documents/johnson lab/parrotfish bites/IV_Sctaeniopterus_TP_2021-06-10_111339_001.MP4,1329.220,23.98,No focal subject,Bite,Foraging,None|None|None,POINT,357.661,357.661,NA,,
IV_Sctaeniopterus_TP_2021-06-10_111339,2025-07-03 09:35:09,,/Users/ally/Documents/johnson lab/parrotfish bites/IV_Sctaeniopterus_TP_2021-06-10_111339_001.MP4,1329.220,23.98,No focal subject,Bite,Foraging,None|None|None,POINT,359.660,359.660,NA,,
IV_Sctaeniopterus_TP_2021-06-10_111339,2025-07-03 09:35:09,,/Users/ally/Documents/johnson lab/parrotfish bites/IV_Sctaeniopterus_TP_2021-06-10_111339_001.MP4,1329.220,23.98,No focal subject,Bite,Foraging,None|None|None,POINT,361.163,361.163,NA,,
IV_Sctaeniopterus_TP_2021-06-10_111339,2025-07-03 09:35:09,,/Users/ally/Documents/johnson lab/parrotfish bites/IV_Sctaeniopterus_TP_2021-06-10_111339_001.MP4,1329.220,23.98,No focal subject,Bite,Foraging,None|None|None,POINT,362.664,362.664,NA,,
IV_Sctaeniopterus_TP_2021-06-10_111339,2025-07-03 09:35:09,,/Users/ally/Documents/johnson lab/parrotfish bites/IV_Sctaeniopterus_TP_2021-06-10_111339_001.MP4,1329.220,23.98,No focal subject,Bite,Foraging,None|None|None,POINT,365.911,365.911,NA,,
IV_Sctaeniopterus_TP_2021-06-10_111339,2025-07-03 09:35:09,,/Users/ally/Documents/johnson lab/parrotfish bites/IV_Sctaeniopterus_TP_2021-06-10_111339_001.MP4,1329.220,23.98,No focal subject,Bite,Foraging,None|None|None,POINT,368.165,368.165,NA,,
IV_Sctaeniopterus_TP_2021-06-10_111339,2025-07-03 09:35:09,,/Users/ally/Documents/johnson lab/parrotfish bites/IV_Sctaeniopterus_TP_2021-06-10_111339_001.MP4,1329.220,23.98,No focal subject,Bite,Foraging,None|None|None,POINT,369.663,369.663,NA,,
IV_Sctaeniopterus_TP_2021-06-10_111339,2025-07-03 09:35:09,,/Users/ally/Documents/johnson lab/parrotfish bites/IV_Sctaeniopterus_TP_2021-06-10_111339_001.MP4,1329.220,23.98,No focal subject,Bite,Foraging,None|None|None,POINT,370.663,370.663,NA,,
IV_Sctaeniopterus_TP_2021-06-10_111339,2025-07-03 09:35:09,,/Users/ally/Documents/johnson lab/parrotfish bites/IV_Sctaeniopterus_TP_2021-06-10_111339_001.MP4,1329.220,23.98,No focal subject,Bite,Foraging,None|None|None,POINT,374.162,374.162,NA,,
IV_Sctaeniopterus_TP_2021-06-10_111339,2025-07-03 09:35:09,,/Users/ally/Documents/johnson lab/parrotfish bites/IV_Sctaeniopterus_TP_2021-06-10_111339_001.MP4,1329.220,23.98,No focal subject,Bite,Foraging,None|None|None,POINT,375.163,375.163,NA,,
IV_Sctaeniopterus_TP_2021-06-10_111339,2025-07-03 09:35:09,,/Users/ally/Documents/johnson lab/parrotfish bites/IV_Sctaeniopterus_TP_2021-06-10_111339_001.MP4,1329.220,23.98,No focal subject,Bite,Foraging,None|None|None,POINT,376.163,376.163,NA,,
IV_Sctaeniopterus_TP_2021-06-10_111339,2025-07-03 09:35:09,,/Users/ally/Documents/johnson lab/parrotfish bites/IV_Sctaeniopterus_TP_2021-06-10_111339_001.MP4,1329.220,23.98,No focal subject,Bite,Foraging,Feces|None|None,POINT,407.911,407.911,NA,,
IV_Sctaeniopterus_TP_2021-06-10_111339,2025-07-03 09:35:09,,/Users/ally/Documents/johnson lab/parrotfish bites/IV_Sctaeniopterus_TP_2021-06-10_111339_001.MP4,1329.220,23.98,No focal subject,Bite,Foraging,Feces|None|None,POINT,410.662,410.662,NA,,
IV_Sctaeniopterus_TP_2021-06-10_111339,2025-07-03 09:35:09,,/Users/ally/Documents/johnson lab/parrotfish bites/IV_Sctaeniopterus_TP_2021-06-10_111339_001.MP4,1329.220,23.98,No focal subject,Bite,Foraging,None|None|None,POINT,432.665,432.665,NA,,
IV_Sctaeniopterus_TP_2021-06-10_111339,2025-07-03 09:35:09,,/Users/ally/Documents/johnson lab/parrotfish bites/IV_Sctaeniopterus_TP_2021-06-10_111339_001.MP4,1329.220,23.98,No focal subject,Bite,Foraging,None|None|None,POINT,433.664,433.664,NA,,
IV_Sctaeniopterus_TP_2021-06-10_111339,2025-07-03 09:35:09,,/Users/ally/Documents/johnson lab/parrotfish bites/IV_Sctaeniopterus_TP_2021-06-10_111339_001.MP4,1329.220,23.98,No focal subject,Bite,Foraging,None|None|None,POINT,434.162,434.162,NA,,
IV_Sctaeniopterus_TP_2021-06-10_111339,2025-07-03 09:35:09,,/Users/ally/Documents/johnson lab/parrotfish bites/IV_Sctaeniopterus_TP_2021-06-10_111339_001.MP4,1329.220,23.98,No focal subject,Bite,Foraging,None|None|None,POINT,434.662,434.662,NA,,
IV_Sctaeniopterus_TP_2021-06-10_111339,2025-07-03 09:35:09,,/Users/ally/Documents/johnson lab/parrotfish bites/IV_Sctaeniopterus_TP_2021-06-10_111339_001.MP4,1329.220,23.98,No focal subject,Bite,Foraging,None|None|None,POINT,434.910,434.910,NA,,
IV_Sctaeniopterus_TP_2021-06-10_111339,2025-07-03 09:35:09,,/Users/ally/Documents/johnson lab/parrotfish bites/IV_Sctaeniopterus_TP_2021-06-10_111339_001.MP4,1329.220,23.98,No focal subject,Bite,Foraging,None|None|None,POINT,437.663,437.663,NA,,
IV_Sctaeniopterus_TP_2021-06-10_111339,2025-07-03 09:35:09,,/Users/ally/Documents/johnson lab/parrotfish bites/IV_Sctaeniopterus_TP_2021-06-10_111339_001.MP4,1329.220,23.98,No focal subject,Bite,Foraging,None|None|None,POINT,438.161,438.161,NA,,
IV_Sctaeniopterus_TP_2021-06-10_111339,2025-07-03 09:35:09,,/Users/ally/Documents/johnson lab/parrotfish bites/IV_Sctaeniopterus_TP_2021-06-10_111339_001.MP4,1329.220,23.98,No focal subject,Bite,Foraging,None|None|None,POINT,438.910,438.910,NA,,
IV_Sctaeniopterus_TP_2021-06-10_111339,2025-07-03 09:35:09,,/Users/ally/Documents/johnson lab/parrotfish bites/IV_Sctaeniopterus_TP_2021-06-10_111339_001.MP4,1329.220,23.98,No focal subject,Bite,Foraging,None|None|None,POINT,439.410,439.410,NA,,
IV_Sctaeniopterus_TP_2021-06-10_111339,2025-07-03 09:35:09,,/Users/ally/Documents/johnson lab/parrotfish bites/IV_Sctaeniopterus_TP_2021-06-10_111339_001.MP4,1329.220,23.98,No focal subject,Bite,Foraging,None|None|None,POINT,440.162,440.162,NA,,
IV_Sctaeniopterus_TP_2021-06-10_111339,2025-07-03 09:35:09,,/Users/ally/Documents/johnson lab/parrotfish bites/IV_Sctaeniopterus_TP_2021-06-10_111339_001.MP4,1329.220,23.98,No focal subject,Bite,Foraging,None|None|None,POINT,440.661,440.661,NA,,
IV_Sctaeniopterus_TP_2021-06-10_111339,2025-07-03 09:35:09,,/Users/ally/Documents/johnson lab/parrotfish bites/IV_Sctaeniopterus_TP_2021-06-10_111339_001.MP4,1329.220,23.98,No focal subject,Bite,Foraging,None|None|None,POINT,441.662,441.662,NA,,
IV_Sctaeniopterus_TP_2021-06-10_111339,2025-07-03 09:35:09,,/Users/ally/Documents/johnson lab/parrotfish bites/IV_Sctaeniopterus_TP_2021-06-10_111339_001.MP4,1329.220,23.98,No focal subject,Bite,Foraging,None|None|None,POINT,450.664,450.664,NA,,
IV_Sctaeniopterus_TP_2021-06-10_111339,2025-07-03 09:35:09,,/Users/ally/Documents/johnson lab/parrotfish bites/IV_Sctaeniopterus_TP_2021-06-10_111339_001.MP4,1329.220,23.98,No focal subject,Bite,Foraging,None|None|None,POINT,451.410,451.410,NA,,
IV_Sctaeniopterus_TP_2021-06-10_111339,2025-07-03 09:35:09,,/Users/ally/Documents/johnson lab/parrotfish bites/IV_Sctaeniopterus_TP_2021-06-10_111339_001.MP4,1329.220,23.98,No focal subject,Bite,Foraging,None|None|None,POINT,452.163,452.163,NA,,
IV_Sctaeniopterus_TP_2021-06-10_111339,2025-07-03 09:35:09,,/Users/ally/Documents/johnson lab/parrotfish bites/IV_Sctaeniopterus_TP_2021-06-10_111339_001.MP4,1329.220,23.98,No focal subject,Bite,Foraging,None|None|None,POINT,453.165,453.165,NA,,
IV_Sctaeniopterus_TP_2021-06-10_111339,2025-07-03 09:35:09,,/Users/ally/Documents/johnson lab/parrotfish bites/IV_Sctaeniopterus_TP_2021-06-10_111339_001.MP4,1329.220,23.98,No focal subject,Bite,Foraging,None|None|None,POINT,453.662,453.662,NA,,
IV_Sctaeniopterus_TP_2021-06-10_111339,2025-07-03 09:35:09,,/Users/ally/Documents/johnson lab/parrotfish bites/IV_Sctaeniopterus_TP_2021-06-10_111339_001.MP4,1329.220,23.98,No focal subject,Bite,Foraging,None|None|None,POINT,454.163,454.163,NA,,
IV_Sctaeniopterus_TP_2021-06-10_111339,2025-07-03 09:35:09,,/Users/ally/Documents/johnson lab/parrotfish bites/IV_Sctaeniopterus_TP_2021-06-10_111339_001.MP4,1329.220,23.98,No focal subject,Bite,Foraging,None|None|None,POINT,455.160,455.160,NA,,
IV_Sctaeniopterus_TP_2021-06-10_111339,2025-07-03 09:35:09,,/Users/ally/Documents/johnson lab/parrotfish bites/IV_Sctaeniopterus_TP_2021-06-10_111339_001.MP4,1329.220,23.98,No focal subject,Bite,Foraging,None|None|None,POINT,455.664,455.664,NA,,
IV_Sctaeniopterus_TP_2021-06-10_111339,2025-07-03 09:35:09,,/Users/ally/Documents/johnson lab/parrotfish bites/IV_Sctaeniopterus_TP_2021-06-10_111339_001.MP4,1329.220,23.98,No focal subject,Bite,Foraging,None|None|None,POINT,457.662,457.662,NA,,
IV_Sctaeniopterus_TP_2021-06-10_111339,2025-07-03 09:35:09,,/Users/ally/Documents/johnson lab/parrotfish bites/IV_Sctaeniopterus_TP_2021-06-10_111339_001.MP4,1329.220,23.98,No focal subject,Bite,Foraging,None|None|None,POINT,458.666,458.666,NA,,
IV_Sctaeniopterus_TP_2021-06-10_111339,2025-07-03 09:35:09,,/Users/ally/Documents/johnson lab/parrotfish bites/IV_Sctaeniopterus_TP_2021-06-10_111339_001.MP4,1329.220,23.98,No focal subject,Bite,Foraging,None|None|None,POINT,460.665,460.665,NA,,
IV_Sctaeniopterus_TP_2021-06-10_111339,2025-07-03 09:35:09,,/Users/ally/Documents/johnson lab/parrotfish bites/IV_Sctaeniopterus_TP_2021-06-10_111339_001.MP4,1329.220,23.98,No focal subject,Bite,Foraging,None|None|None,POINT,477.662,477.662,NA,,
IV_Sctaeniopterus_TP_2021-06-10_111339,2025-07-03 09:35:09,,/Users/ally/Documents/johnson lab/parrotfish bites/IV_Sctaeniopterus_TP_2021-06-10_111339_001.MP4,1329.220,23.98,No focal subject,Bite,Foraging,None|None|None,POINT,478.162,478.162,NA,,
IV_Sctaeniopterus_TP_2021-06-10_111339,2025-07-03 09:35:09,,/Users/ally/Documents/johnson lab/parrotfish bites/IV_Sctaeniopterus_TP_2021-06-10_111339_001.MP4,1329.220,23.98,No focal subject,Bite,Foraging,None|None|None,POINT,478.662,478.662,NA,,
IV_Sctaeniopterus_TP_2021-06-10_111339,2025-07-03 09:35:09,,/Users/ally/Documents/johnson lab/parrotfish bites/IV_Sctaeniopterus_TP_2021-06-10_111339_001.MP4,1329.220,23.98,No focal subject,Bite,Foraging,None|None|None,POINT,479.664,479.664,NA,,
IV_Sctaeniopterus_TP_2021-06-10_111339,2025-07-03 09:35:09,,/Users/ally/Documents/johnson lab/parrotfish bites/IV_Sctaeniopterus_TP_2021-06-10_111339_001.MP4,1329.220,23.98,No focal subject,Bite,Foraging,None|None|None,POINT,480.663,480.663,NA,,
IV_Sctaeniopterus_TP_2021-06-10_111339,2025-07-03 09:35:09,,/Users/ally/Documents/johnson lab/parrotfish bites/IV_Sctaeniopterus_TP_2021-06-10_111339_001.MP4,1329.220,23.98,No focal subject,Bite,Foraging,None|None|None,POINT,482.163,482.163,NA,,
IV_Sctaeniopterus_TP_2021-06-10_111339,2025-07-03 09:35:09,,/Users/ally/Documents/johnson lab/parrotfish bites/IV_Sctaeniopterus_TP_2021-06-10_111339_001.MP4,1329.220,23.98,No focal subject,Bite,Foraging,None|None|None,POINT,483.164,483.164,NA,,
IV_Sctaeniopterus_TP_2021-06-10_111339,2025-07-03 09:35:09,,/Users/ally/Documents/johnson lab/parrotfish bites/IV_Sctaeniopterus_TP_2021-06-10_111339_001.MP4,1329.220,23.98,No focal subject,Bite,Foraging,None|None|None,POINT,483.911,483.911,NA,,
IV_Sctaeniopterus_TP_2021-06-10_111339,2025-07-03 09:35:09,,/Users/ally/Documents/johnson lab/parrotfish bites/IV_Sctaeniopterus_TP_2021-06-10_111339_001.MP4,1329.220,23.98,No focal subject,Bite,Foraging,None|None|None,POINT,485.162,485.162,NA,,
IV_Sctaeniopterus_TP_2021-06-10_111339,2025-07-03 09:35:09,,/Users/ally/Documents/johnson lab/parrotfish bites/IV_Sctaeniopterus_TP_2021-06-10_111339_001.MP4,1329.220,23.98,No focal subject,Bite,Foraging,None|None|None,POINT,497.392,497.392,NA,,
IV_Sctaeniopterus_TP_2021-06-10_111339,2025-07-03 09:35:09,,/Users/ally/Documents/johnson lab/parrotfish bites/IV_Sctaeniopterus_TP_2021-06-10_111339_001.MP4,1329.220,23.98,No focal subject,Bite,Foraging,None|None|None,POINT,499.140,499.140,NA,,
IV_Sctaeniopterus_TP_2021-06-10_111339,2025-07-03 09:35:09,,/Users/ally/Documents/johnson lab/parrotfish bites/IV_Sctaeniopterus_TP_2021-06-10_111339_001.MP4,1329.220,23.98,No focal subject,Bite,Foraging,None|None|None,POINT,502.892,502.892,NA,,
IV_Sctaeniopterus_TP_2021-06-10_111339,2025-07-03 09:35:09,,/Users/ally/Documents/johnson lab/parrotfish bites/IV_Sctaeniopterus_TP_2021-06-10_111339_001.MP4,1329.220,23.98,No focal subject,Bite,Foraging,None|None|None,POINT,503.390,503.390,NA,,
IV_Sctaeniopterus_TP_2021-06-10_111339,2025-07-03 09:35:09,,/Users/ally/Documents/johnson lab/parrotfish bites/IV_Sctaeniopterus_TP_2021-06-10_111339_001.MP4,1329.220,23.98,No focal subject,Bite,Foraging,None|None|None,POINT,504.896,504.896,NA,,
IV_Sctaeniopterus_TP_2021-06-10_111339,2025-07-03 09:35:09,,/Users/ally/Documents/johnson lab/parrotfish bites/IV_Sctaeniopterus_TP_2021-06-10_111339_001.MP4,1329.220,23.98,No focal subject,Bite,Foraging,None|None|None,POINT,506.898,506.898,NA,,
IV_Sctaeniopterus_TP_2021-06-10_111339,2025-07-03 09:35:09,,/Users/ally/Documents/johnson lab/parrotfish bites/IV_Sctaeniopterus_TP_2021-06-10_111339_001.MP4,1329.220,23.98,No focal subject,Bite,Foraging,None|None|None,POINT,507.896,507.896,NA,,
IV_Sctaeniopterus_TP_2021-06-10_111339,2025-07-03 09:35:09,,/Users/ally/Documents/johnson lab/parrotfish bites/IV_Sctaeniopterus_TP_2021-06-10_111339_001.MP4,1329.220,23.98,No focal subject,Bite,Foraging,None|None|None,POINT,508.396,508.396,NA,,
IV_Sctaeniopterus_TP_2021-06-10_111339,2025-07-03 09:35:09,,/Users/ally/Documents/johnson lab/parrotfish bites/IV_Sctaeniopterus_TP_2021-06-10_111339_001.MP4,1329.220,23.98,No focal subject,Bite,Foraging,Feces|None|None,POINT,515.398,515.398,NA,,
IV_Sctaeniopterus_TP_2021-06-10_111339,2025-07-03 09:35:09,,/Users/ally/Documents/johnson lab/parrotfish bites/IV_Sctaeniopterus_TP_2021-06-10_111339_001.MP4,1329.220,23.98,No focal subject,Bite,Foraging,Feces|None|None,POINT,518.396,518.396,NA,,
IV_Sctaeniopterus_TP_2021-06-10_111339,2025-07-03 09:35:09,,/Users/ally/Documents/johnson lab/parrotfish bites/IV_Sctaeniopterus_TP_2021-06-10_111339_001.MP4,1329.220,23.98,No focal subject,Bite,Foraging,None|None|None,POINT,537.898,537.898,NA,,
IV_Sctaeniopterus_TP_2021-06-10_111339,2025-07-03 09:35:09,,/Users/ally/Documents/johnson lab/parrotfish bites/IV_Sctaeniopterus_TP_2021-06-10_111339_001.MP4,1329.220,23.98,No focal subject,Bite,Foraging,None|None|None,POINT,538.395,538.395,NA,,
IV_Sctaeniopterus_TP_2021-06-10_111339,2025-07-03 09:35:09,,/Users/ally/Documents/johnson lab/parrotfish bites/IV_Sctaeniopterus_TP_2021-06-10_111339_001.MP4,1329.220,23.98,No focal subject,Bite,Foraging,None|None|None,POINT,538.896,538.896,NA,,
IV_Sctaeniopterus_TP_2021-06-10_111339,2025-07-03 09:35:09,,/Users/ally/Documents/johnson lab/parrotfish bites/IV_Sctaeniopterus_TP_2021-06-10_111339_001.MP4,1329.220,23.98,No focal subject,Bite,Foraging,None|None|None,POINT,540.398,540.398,NA,,
IV_Sctaeniopterus_TP_2021-06-10_111339,2025-07-03 09:35:09,,/Users/ally/Documents/johnson lab/parrotfish bites/IV_Sctaeniopterus_TP_2021-06-10_111339_001.MP4,1329.220,23.98,No focal subject,Bite,Foraging,None|None|None,POINT,541.397,541.397,NA,,
IV_Sctaeniopterus_TP_2021-06-10_111339,2025-07-03 09:35:09,,/Users/ally/Documents/johnson lab/parrotfish bites/IV_Sctaeniopterus_TP_2021-06-10_111339_001.MP4,1329.220,23.98,No focal subject,Bite,Foraging,None|None|None,POINT,541.896,541.896,NA,,
IV_Sctaeniopterus_TP_2021-06-10_111339,2025-07-03 09:35:09,,/Users/ally/Documents/johnson lab/parrotfish bites/IV_Sctaeniopterus_TP_2021-06-10_111339_001.MP4,1329.220,23.98,No focal subject,Bite,Foraging,None|None|None,POINT,542.896,542.896,NA,,
IV_Sctaeniopterus_TP_2021-06-10_111339,2025-07-03 09:35:09,,/Users/ally/Documents/johnson lab/parrotfish bites/IV_Sctaeniopterus_TP_2021-06-10_111339_001.MP4,1329.220,23.98,No focal subject,Bite,Foraging,None|None|None,POINT,543.898,543.898,NA,,
IV_Sctaeniopterus_TP_2021-06-10_111339,2025-07-03 09:35:09,,/Users/ally/Documents/johnson lab/parrotfish bites/IV_Sctaeniopterus_TP_2021-06-10_111339_001.MP4,1329.220,23.98,No focal subject,Bite,Foraging,None|None|None,POINT,545.396,545.396,NA,,
IV_Sctaeniopterus_TP_2021-06-10_111339,2025-07-03 09:35:09,,/Users/ally/Documents/johnson lab/parrotfish bites/IV_Sctaeniopterus_TP_2021-06-10_111339_001.MP4,1329.220,23.98,No focal subject,Bite,Foraging,None|None|None,POINT,546.397,546.397,NA,,
IV_Sctaeniopterus_TP_2021-06-10_111339,2025-07-03 09:35:09,,/Users/ally/Documents/johnson lab/parrotfish bites/IV_Sctaeniopterus_TP_2021-06-10_111339_001.MP4,1329.220,23.98,No focal subject,Bite,Foraging,None|None|None,POINT,548.895,548.895,NA,,
IV_Sctaeniopterus_TP_2021-06-10_111339,2025-07-03 09:35:09,,/Users/ally/Documents/johnson lab/parrotfish bites/IV_Sctaeniopterus_TP_2021-06-10_111339_001.MP4,1329.220,23.98,No focal subject,Bite,Foraging,None|None|None,POINT,549.397,549.397,NA,,
IV_Sctaeniopterus_TP_2021-06-10_111339,2025-07-03 09:35:09,,/Users/ally/Documents/johnson lab/parrotfish bites/IV_Sctaeniopterus_TP_2021-06-10_111339_001.MP4,1329.220,23.98,No focal subject,Bite,Foraging,None|None|None,POINT,551.898,551.898,NA,,
IV_Sctaeniopterus_TP_2021-06-10_111339,2025-07-03 09:35:09,,/Users/ally/Documents/johnson lab/parrotfish bites/IV_Sctaeniopterus_TP_2021-06-10_111339_001.MP4,1329.220,23.98,No focal subject,Bite,Foraging,None|None|None,POINT,553.396,553.396,NA,,
IV_Sctaeniopterus_TP_2021-06-10_111339,2025-07-03 09:35:09,,/Users/ally/Documents/johnson lab/parrotfish bites/IV_Sctaeniopterus_TP_2021-06-10_111339_001.MP4,1329.220,23.98,No focal subject,Bite,Foraging,None|None|None,POINT,554.397,554.397,NA,,
IV_Sctaeniopterus_TP_2021-06-10_111339,2025-07-03 09:35:09,,/Users/ally/Documents/johnson lab/parrotfish bites/IV_Sctaeniopterus_TP_2021-06-10_111339_001.MP4,1329.220,23.98,No focal subject,Bite,Foraging,None|None|None,POINT,554.897,554.897,NA,,
IV_Sctaeniopterus_TP_2021-06-10_111339,2025-07-03 09:35:09,,/Users/ally/Documents/johnson lab/parrotfish bites/IV_Sctaeniopterus_TP_2021-06-10_111339_001.MP4,1329.220,23.98,No focal subject,Bite,Foraging,None|None|None,POINT,555.894,555.894,NA,,
IV_Sctaeniopterus_TP_2021-06-10_111339,2025-07-03 09:35:09,,/Users/ally/Documents/johnson lab/parrotfish bites/IV_Sctaeniopterus_TP_2021-06-10_111339_001.MP4,1329.220,23.98,No focal subject,Bite,Foraging,None|None|None,POINT,556.396,556.396,NA,,
IV_Sctaeniopterus_TP_2021-06-10_111339,2025-07-03 09:35:09,,/Users/ally/Documents/johnson lab/parrotfish bites/IV_Sctaeniopterus_TP_2021-06-10_111339_001.MP4,1329.220,23.98,No focal subject,Bite,Foraging,None|None|None,POINT,557.397,557.397,NA,,
IV_Sctaeniopterus_TP_2021-06-10_111339,2025-07-03 09:35:09,,/Users/ally/Documents/johnson lab/parrotfish bites/IV_Sctaeniopterus_TP_2021-06-10_111339_001.MP4,1329.220,23.98,No focal subject,Bite,Foraging,None|None|None,POINT,558.898,558.898,NA,,
IV_Sctaeniopterus_TP_2021-06-10_111339,2025-07-03 09:35:09,,/Users/ally/Documents/johnson lab/parrotfish bites/IV_Sctaeniopterus_TP_2021-06-10_111339_001.MP4,1329.220,23.98,No focal subject,Bite,Foraging,None|None|None,POINT,562.399,562.399,NA,,
IV_Sctaeniopterus_TP_2021-06-10_111339,2025-07-03 09:35:09,,/Users/ally/Documents/johnson lab/parrotfish bites/IV_Sctaeniopterus_TP_2021-06-10_111339_001.MP4,1329.220,23.98,No focal subject,Bite,Foraging,None|None|None,POINT,562.897,562.897,NA,,
IV_Sctaeniopterus_TP_2021-06-10_111339,2025-07-03 09:35:09,,/Users/ally/Documents/johnson lab/parrotfish bites/IV_Sctaeniopterus_TP_2021-06-10_111339_001.MP4,1329.220,23.98,No focal subject,Bite,Foraging,None|None|None,POINT,563.898,563.898,NA,,
IV_Sctaeniopterus_TP_2021-06-10_111339,2025-07-03 09:35:09,,/Users/ally/Documents/johnson lab/parrotfish bites/IV_Sctaeniopterus_TP_2021-06-10_111339_001.MP4,1329.220,23.98,No focal subject,Bite,Foraging,Feces|None|None,POINT,583.396,583.396,NA,,
IV_Sctaeniopterus_TP_2021-06-10_111339,2025-07-03 09:35:09,,/Users/ally/Documents/johnson lab/parrotfish bites/IV_Sctaeniopterus_TP_2021-06-10_111339_001.MP4,1329.220,23.98,No focal subject,Bite,Foraging,None|None|None,POINT,592.486,592.486,NA,,
IV_Sctaeniopterus_TP_2021-06-10_111339,2025-07-03 09:35:09,,/Users/ally/Documents/johnson lab/parrotfish bites/IV_Sctaeniopterus_TP_2021-06-10_111339_001.MP4,1329.220,23.98,No focal subject,Bite,Foraging,None|None|None,POINT,592.984,592.984,NA,,
IV_Sctaeniopterus_TP_2021-06-10_111339,2025-07-03 09:35:09,,/Users/ally/Documents/johnson lab/parrotfish bites/IV_Sctaeniopterus_TP_2021-06-10_111339_001.MP4,1329.220,23.98,No focal subject,Bite,Foraging,None|None|None,POINT,594.986,594.986,NA,,
IV_Sctaeniopterus_TP_2021-06-10_111339,2025-07-03 09:35:09,,/Users/ally/Documents/johnson lab/parrotfish bites/IV_Sctaeniopterus_TP_2021-06-10_111339_001.MP4,1329.220,23.98,No focal subject,Bite,Foraging,None|None|None,POINT,596.984,596.984,NA,,
IV_Sctaeniopterus_TP_2021-06-10_111339,2025-07-03 09:35:09,,/Users/ally/Documents/johnson lab/parrotfish bites/IV_Sctaeniopterus_TP_2021-06-10_111339_001.MP4,1329.220,23.98,No focal subject,Bite,Foraging,None|None|None,POINT,597.485,597.485,NA,,
IV_Sctaeniopterus_TP_2021-06-10_111339,2025-07-03 09:35:09,,/Users/ally/Documents/johnson lab/parrotfish bites/IV_Sctaeniopterus_TP_2021-06-10_111339_001.MP4,1329.220,23.98,No focal subject,Bite,Foraging,None|None|None,POINT,597.734,597.734,NA,,
IV_Sctaeniopterus_TP_2021-06-10_111339,2025-07-03 09:35:09,,/Users/ally/Documents/johnson lab/parrotfish bites/IV_Sctaeniopterus_TP_2021-06-10_111339_001.MP4,1329.220,23.98,No focal subject,Bite,Foraging,None|None|None,POINT,598.484,598.484,NA,,
IV_Sctaeniopterus_TP_2021-06-10_111339,2025-07-03 09:35:09,,/Users/ally/Documents/johnson lab/parrotfish bites/IV_Sctaeniopterus_TP_2021-06-10_111339_001.MP4,1329.220,23.98,No focal subject,Bite,Foraging,None|None|None,POINT,600.484,600.484,NA,,
IV_Sctaeniopterus_TP_2021-06-10_111339,2025-07-03 09:35:09,,/Users/ally/Documents/johnson lab/parrotfish bites/IV_Sctaeniopterus_TP_2021-06-10_111339_001.MP4,1329.220,23.98,No focal subject,Bite,Foraging,None|None|None,POINT,600.984,600.984,NA,,
IV_Sctaeniopterus_TP_2021-06-10_111339,2025-07-03 09:35:09,,/Users/ally/Documents/johnson lab/parrotfish bites/IV_Sctaeniopterus_TP_2021-06-10_111339_001.MP4,1329.220,23.98,No focal subject,Bite,Foraging,None|None|None,POINT,605.985,605.985,NA,,
IV_Sctaeniopterus_TP_2021-06-10_111339,2025-07-03 09:35:09,,/Users/ally/Documents/johnson lab/parrotfish bites/IV_Sctaeniopterus_TP_2021-06-10_111339_001.MP4,1329.220,23.98,No focal subject,Bite,Foraging,None|None|None,POINT,607.985,607.985,NA,,
IV_Sctaeniopterus_TP_2021-06-10_111339,2025-07-03 09:35:09,,/Users/ally/Documents/johnson lab/parrotfish bites/IV_Sctaeniopterus_TP_2021-06-10_111339_001.MP4,1329.220,23.98,No focal subject,Bite,Foraging,None|None|None,POINT,608.485,608.485,NA,,
IV_Sctaeniopterus_TP_2021-06-10_111339,2025-07-03 09:35:09,,/Users/ally/Documents/johnson lab/parrotfish bites/IV_Sctaeniopterus_TP_2021-06-10_111339_001.MP4,1329.220,23.98,No focal subject,Bite,Foraging,None|None|None,POINT,612.984,612.984,NA,,
IV_Sctaeniopterus_TP_2021-06-10_111339,2025-07-03 09:35:09,,/Users/ally/Documents/johnson lab/parrotfish bites/IV_Sctaeniopterus_TP_2021-06-10_111339_001.MP4,1329.220,23.98,No focal subject,Bite,Foraging,None|None|None,POINT,613.733,613.733,NA,,
IV_Sctaeniopterus_TP_2021-06-10_111339,2025-07-03 09:35:09,,/Users/ally/Documents/johnson lab/parrotfish bites/IV_Sctaeniopterus_TP_2021-06-10_111339_001.MP4,1329.220,23.98,No focal subject,Bite,Foraging,None|None|None,POINT,619.235,619.235,NA,,
IV_Sctaeniopterus_TP_2021-06-10_111339,2025-07-03 09:35:09,,/Users/ally/Documents/johnson lab/parrotfish bites/IV_Sctaeniopterus_TP_2021-06-10_111339_001.MP4,1329.220,23.98,No focal subject,Bite,Foraging,None|None|None,POINT,623.528,623.528,NA,,
IV_Sctaeniopterus_TP_2021-06-10_111339,2025-07-03 09:35:09,,/Users/ally/Documents/johnson lab/parrotfish bites/IV_Sctaeniopterus_TP_2021-06-10_111339_001.MP4,1329.220,23.98,No focal subject,Bite,Foraging,None|None|None,POINT,625.234,625.234,NA,,
IV_Sctaeniopterus_TP_2021-06-10_111339,2025-07-03 09:35:09,,/Users/ally/Documents/johnson lab/parrotfish bites/IV_Sctaeniopterus_TP_2021-06-10_111339_001.MP4,1329.220,23.98,No focal subject,Bite,Foraging,None|None|None,POINT,625.776,625.776,NA,,
IV_Sctaeniopterus_TP_2021-06-10_111339,2025-07-03 09:35:09,,/Users/ally/Documents/johnson lab/parrotfish bites/IV_Sctaeniopterus_TP_2021-06-10_111339_001.MP4,1329.220,23.98,No focal subject,Bite,Foraging,None|None|None,POINT,627.029,627.029,NA,,
IV_Sctaeniopterus_TP_2021-06-10_111339,2025-07-03 09:35:09,,/Users/ally/Documents/johnson lab/parrotfish bites/IV_Sctaeniopterus_TP_2021-06-10_111339_001.MP4,1329.220,23.98,No focal subject,Bite,Foraging,None|None|None,POINT,627.776,627.776,NA,,
IV_Sctaeniopterus_TP_2021-06-10_111339,2025-07-03 09:35:09,,/Users/ally/Documents/johnson lab/parrotfish bites/IV_Sctaeniopterus_TP_2021-06-10_111339_001.MP4,1329.220,23.98,No focal subject,Bite,Foraging,None|None|None,POINT,629.027,629.027,NA,,
IV_Sctaeniopterus_TP_2021-06-10_111339,2025-07-03 09:35:09,,/Users/ally/Documents/johnson lab/parrotfish bites/IV_Sctaeniopterus_TP_2021-06-10_111339_001.MP4,1329.220,23.98,No focal subject,Bite,Foraging,None|None|None,POINT,630.032,630.032,NA,,
IV_Sctaeniopterus_TP_2021-06-10_111339,2025-07-03 09:35:09,,/Users/ally/Documents/johnson lab/parrotfish bites/IV_Sctaeniopterus_TP_2021-06-10_111339_001.MP4,1329.220,23.98,No focal subject,Bite,Foraging,None|None|None,POINT,633.532,633.532,NA,,
IV_Sctaeniopterus_TP_2021-06-10_111339,2025-07-03 09:35:09,,/Users/ally/Documents/johnson lab/parrotfish bites/IV_Sctaeniopterus_TP_2021-06-10_111339_001.MP4,1329.220,23.98,No focal subject,Bite,Foraging,None|None|None,POINT,634.032,634.032,NA,,
IV_Sctaeniopterus_TP_2021-06-10_111339,2025-07-03 09:35:09,,/Users/ally/Documents/johnson lab/parrotfish bites/IV_Sctaeniopterus_TP_2021-06-10_111339_001.MP4,1329.220,23.98,No focal subject,Bite,Foraging,None|None|None,POINT,635.533,635.533,NA,,
IV_Sctaeniopterus_TP_2021-06-10_111339,2025-07-03 09:35:09,,/Users/ally/Documents/johnson lab/parrotfish bites/IV_Sctaeniopterus_TP_2021-06-10_111339_001.MP4,1329.220,23.98,No focal subject,Bite,Foraging,None|None|None,POINT,638.533,638.533,NA,,
IV_Sctaeniopterus_TP_2021-06-10_111339,2025-07-03 09:35:09,,/Users/ally/Documents/johnson lab/parrotfish bites/IV_Sctaeniopterus_TP_2021-06-10_111339_001.MP4,1329.220,23.98,No focal subject,Bite,Foraging,None|None|None,POINT,639.531,639.531,NA,,
IV_Sctaeniopterus_TP_2021-06-10_111339,2025-07-03 09:35:09,,/Users/ally/Documents/johnson lab/parrotfish bites/IV_Sctaeniopterus_TP_2021-06-10_111339_001.MP4,1329.220,23.98,No focal subject,Bite,Foraging,None|None|None,POINT,640.531,640.531,NA,,
IV_Sctaeniopterus_TP_2021-06-10_111339,2025-07-03 09:35:09,,/Users/ally/Documents/johnson lab/parrotfish bites/IV_Sctaeniopterus_TP_2021-06-10_111339_001.MP4,1329.220,23.98,No focal subject,Bite,Foraging,None|None|None,POINT,644.533,644.533,NA,,
IV_Sctaeniopterus_TP_2021-06-10_111339,2025-07-03 09:35:09,,/Users/ally/Documents/johnson lab/parrotfish bites/IV_Sctaeniopterus_TP_2021-06-10_111339_001.MP4,1329.220,23.98,No focal subject,Bite,Foraging,None|None|None,POINT,645.281,645.281,NA,,
IV_Sctaeniopterus_TP_2021-06-10_111339,2025-07-03 09:35:09,,/Users/ally/Documents/johnson lab/parrotfish bites/IV_Sctaeniopterus_TP_2021-06-10_111339_001.MP4,1329.220,23.98,No focal subject,Bite,Foraging,None|None|None,POINT,646.031,646.031,NA,,
IV_Sctaeniopterus_TP_2021-06-10_111339,2025-07-03 09:35:09,,/Users/ally/Documents/johnson lab/parrotfish bites/IV_Sctaeniopterus_TP_2021-06-10_111339_001.MP4,1329.220,23.98,No focal subject,Bite,Foraging,None|None|None,POINT,646.530,646.530,NA,,
IV_Sctaeniopterus_TP_2021-06-10_111339,2025-07-03 09:35:09,,/Users/ally/Documents/johnson lab/parrotfish bites/IV_Sctaeniopterus_TP_2021-06-10_111339_001.MP4,1329.220,23.98,No focal subject,Bite,Foraging,None|None|None,POINT,647.531,647.531,NA,,
IV_Sctaeniopterus_TP_2021-06-10_111339,2025-07-03 09:35:09,,/Users/ally/Documents/johnson lab/parrotfish bites/IV_Sctaeniopterus_TP_2021-06-10_111339_001.MP4,1329.220,23.98,No focal subject,Bite,Foraging,None|None|None,POINT,647.779,647.779,NA,,
IV_Sctaeniopterus_TP_2021-06-10_111339,2025-07-03 09:35:09,,/Users/ally/Documents/johnson lab/parrotfish bites/IV_Sctaeniopterus_TP_2021-06-10_111339_001.MP4,1329.220,23.98,No focal subject,Bite,Foraging,None|None|None,POINT,648.780,648.780,NA,,
IV_Sctaeniopterus_TP_2021-06-10_111339,2025-07-03 09:35:09,,/Users/ally/Documents/johnson lab/parrotfish bites/IV_Sctaeniopterus_TP_2021-06-10_111339_001.MP4,1329.220,23.98,No focal subject,Bite,Foraging,None|None|None,POINT,649.531,649.531,NA,,
IV_Sctaeniopterus_TP_2021-06-10_111339,2025-07-03 09:35:09,,/Users/ally/Documents/johnson lab/parrotfish bites/IV_Sctaeniopterus_TP_2021-06-10_111339_001.MP4,1329.220,23.98,No focal subject,Bite,Foraging,None|None|None,POINT,650.032,650.032,NA,,
IV_Sctaeniopterus_TP_2021-06-10_111339,2025-07-03 09:35:09,,/Users/ally/Documents/johnson lab/parrotfish bites/IV_Sctaeniopterus_TP_2021-06-10_111339_001.MP4,1329.220,23.98,No focal subject,Bite,Foraging,None|None|None,POINT,650.531,650.531,NA,,
IV_Sctaeniopterus_TP_2021-06-10_111339,2025-07-03 09:35:09,,/Users/ally/Documents/johnson lab/parrotfish bites/IV_Sctaeniopterus_TP_2021-06-10_111339_001.MP4,1329.220,23.98,No focal subject,Bite,Foraging,None|None|None,POINT,651.280,651.280,NA,,
IV_Sctaeniopterus_TP_2021-06-10_111339,2025-07-03 09:35:09,,/Users/ally/Documents/johnson lab/parrotfish bites/IV_Sctaeniopterus_TP_2021-06-10_111339_001.MP4,1329.220,23.98,No focal subject,Bite,Foraging,None|None|None,POINT,652.533,652.533,NA,,
IV_Sctaeniopterus_TP_2021-06-10_111339,2025-07-03 09:35:09,,/Users/ally/Documents/johnson lab/parrotfish bites/IV_Sctaeniopterus_TP_2021-06-10_111339_001.MP4,1329.220,23.98,No focal subject,Bite,Foraging,None|None|None,POINT,653.034,653.034,NA,,
IV_Sctaeniopterus_TP_2021-06-10_111339,2025-07-03 09:35:09,,/Users/ally/Documents/johnson lab/parrotfish bites/IV_Sctaeniopterus_TP_2021-06-10_111339_001.MP4,1329.220,23.98,No focal subject,Bite,Foraging,Feces|None|None,POINT,675.034,675.034,NA,,
IV_Sctaeniopterus_TP_2021-06-10_111339,2025-07-03 09:35:09,,/Users/ally/Documents/johnson lab/parrotfish bites/IV_Sctaeniopterus_TP_2021-06-10_111339_001.MP4,1329.220,23.98,No focal subject,Defecation,Defecation,,POINT,686.088,686.088,NA,,
IV_Sctaeniopterus_TP_2021-06-10_111339,2025-07-03 09:35:09,,/Users/ally/Documents/johnson lab/parrotfish bites/IV_Sctaeniopterus_TP_2021-06-10_111339_001.MP4,1329.220,23.98,No focal subject,Bite,Foraging,None|None|None,POINT,693.093,693.093,NA,,
IV_Sctaeniopterus_TP_2021-06-10_111339,2025-07-03 09:35:09,,/Users/ally/Documents/johnson lab/parrotfish bites/IV_Sctaeniopterus_TP_2021-06-10_111339_001.MP4,1329.220,23.98,No focal subject,Bite,Foraging,None|None|None,POINT,693.841,693.841,NA,,
IV_Sctaeniopterus_TP_2021-06-10_111339,2025-07-03 09:35:09,,/Users/ally/Documents/johnson lab/parrotfish bites/IV_Sctaeniopterus_TP_2021-06-10_111339_001.MP4,1329.220,23.98,No focal subject,Bite,Foraging,None|None|None,POINT,694.593,694.593,NA,,
IV_Sctaeniopterus_TP_2021-06-10_111339,2025-07-03 09:35:09,,/Users/ally/Documents/johnson lab/parrotfish bites/IV_Sctaeniopterus_TP_2021-06-10_111339_001.MP4,1329.220,23.98,No focal subject,Bite,Foraging,None|None|None,POINT,696.093,696.093,NA,,
IV_Sctaeniopterus_TP_2021-06-10_111339,2025-07-03 09:35:09,,/Users/ally/Documents/johnson lab/parrotfish bites/IV_Sctaeniopterus_TP_2021-06-10_111339_001.MP4,1329.220,23.98,No focal subject,Bite,Foraging,None|None|None,POINT,696.593,696.593,NA,,
IV_Sctaeniopterus_TP_2021-06-10_111339,2025-07-03 09:35:09,,/Users/ally/Documents/johnson lab/parrotfish bites/IV_Sctaeniopterus_TP_2021-06-10_111339_001.MP4,1329.220,23.98,No focal subject,Bite,Foraging,None|None|None,POINT,697.595,697.595,NA,,
IV_Sctaeniopterus_TP_2021-06-10_111339,2025-07-03 09:35:09,,/Users/ally/Documents/johnson lab/parrotfish bites/IV_Sctaeniopterus_TP_2021-06-10_111339_001.MP4,1329.220,23.98,No focal subject,Bite,Foraging,None|None|None,POINT,698.094,698.094,NA,,
IV_Sctaeniopterus_TP_2021-06-10_111339,2025-07-03 09:35:09,,/Users/ally/Documents/johnson lab/parrotfish bites/IV_Sctaeniopterus_TP_2021-06-10_111339_001.MP4,1329.220,23.98,No focal subject,Bite,Foraging,None|None|None,POINT,699.595,699.595,NA,,
IV_Sctaeniopterus_TP_2021-06-10_111339,2025-07-03 09:35:09,,/Users/ally/Documents/johnson lab/parrotfish bites/IV_Sctaeniopterus_TP_2021-06-10_111339_001.MP4,1329.220,23.98,No focal subject,Bite,Foraging,None|None|None,POINT,700.093,700.093,NA,,
IV_Sctaeniopterus_TP_2021-06-10_111339,2025-07-03 09:35:09,,/Users/ally/Documents/johnson lab/parrotfish bites/IV_Sctaeniopterus_TP_2021-06-10_111339_001.MP4,1329.220,23.98,No focal subject,Bite,Foraging,None|None|None,POINT,701.595,701.595,NA,,
IV_Sctaeniopterus_TP_2021-06-10_111339,2025-07-03 09:35:09,,/Users/ally/Documents/johnson lab/parrotfish bites/IV_Sctaeniopterus_TP_2021-06-10_111339_001.MP4,1329.220,23.98,No focal subject,Bite,Foraging,None|None|None,POINT,706.092,706.092,NA,,
IV_Sctaeniopterus_TP_2021-06-10_111339,2025-07-03 09:35:09,,/Users/ally/Documents/johnson lab/parrotfish bites/IV_Sctaeniopterus_TP_2021-06-10_111339_001.MP4,1329.220,23.98,No focal subject,Bite,Foraging,None|None|None,POINT,706.841,706.841,NA,,
IV_Sctaeniopterus_TP_2021-06-10_111339,2025-07-03 09:35:09,,/Users/ally/Documents/johnson lab/parrotfish bites/IV_Sctaeniopterus_TP_2021-06-10_111339_001.MP4,1329.220,23.98,No focal subject,Bite,Foraging,None|None|None,POINT,707.593,707.593,NA,,
IV_Sctaeniopterus_TP_2021-06-10_111339,2025-07-03 09:35:09,,/Users/ally/Documents/johnson lab/parrotfish bites/IV_Sctaeniopterus_TP_2021-06-10_111339_001.MP4,1329.220,23.98,No focal subject,Bite,Foraging,None|None|None,POINT,709.149,709.149,NA,,
IV_Sctaeniopterus_TP_2021-06-10_111339,2025-07-03 09:35:09,,/Users/ally/Documents/johnson lab/parrotfish bites/IV_Sctaeniopterus_TP_2021-06-10_111339_002.MP4,1329.220,23.98,No focal subject,Bite,Foraging,None|None|None,POINT,712.137,712.137,NA,,
IV_Sctaeniopterus_TP_2021-06-10_111339,2025-07-03 09:35:09,,/Users/ally/Documents/johnson lab/parrotfish bites/IV_Sctaeniopterus_TP_2021-06-10_111339_002.MP4,1329.220,23.98,No focal subject,Bite,Foraging,None|None|None,POINT,714.634,714.634,NA,,
IV_Sctaeniopterus_TP_2021-06-10_111339,2025-07-03 09:35:09,,/Users/ally/Documents/johnson lab/parrotfish bites/IV_Sctaeniopterus_TP_2021-06-10_111339_002.MP4,1329.220,23.98,No focal subject,Bite,Foraging,None|None|None,POINT,745.132,745.132,NA,,
IV_Sctaeniopterus_TP_2021-06-10_111339,2025-07-03 09:35:09,,/Users/ally/Documents/johnson lab/parrotfish bites/IV_Sctaeniopterus_TP_2021-06-10_111339_002.MP4,1329.220,23.98,No focal subject,Bite,Foraging,None|None|None,POINT,745.631,745.631,NA,,
IV_Sctaeniopterus_TP_2021-06-10_111339,2025-07-03 09:35:09,,/Users/ally/Documents/johnson lab/parrotfish bites/IV_Sctaeniopterus_TP_2021-06-10_111339_002.MP4,1329.220,23.98,No focal subject,Bite,Foraging,None|None|None,POINT,746.381,746.381,NA,,
IV_Sctaeniopterus_TP_2021-06-10_111339,2025-07-03 09:35:09,,/Users/ally/Documents/johnson lab/parrotfish bites/IV_Sctaeniopterus_TP_2021-06-10_111339_002.MP4,1329.220,23.98,No focal subject,Bite,Foraging,None|None|None,POINT,747.634,747.634,NA,,
IV_Sctaeniopterus_TP_2021-06-10_111339,2025-07-03 09:35:09,,/Users/ally/Documents/johnson lab/parrotfish bites/IV_Sctaeniopterus_TP_2021-06-10_111339_002.MP4,1329.220,23.98,No focal subject,Bite,Foraging,None|None|None,POINT,748.380,748.380,NA,,
IV_Sctaeniopterus_TP_2021-06-10_111339,2025-07-03 09:35:09,,/Users/ally/Documents/johnson lab/parrotfish bites/IV_Sctaeniopterus_TP_2021-06-10_111339_002.MP4,1329.220,23.98,No focal subject,Bite,Foraging,None|None|None,POINT,749.630,749.630,NA,,
IV_Sctaeniopterus_TP_2021-06-10_111339,2025-07-03 09:35:09,,/Users/ally/Documents/johnson lab/parrotfish bites/IV_Sctaeniopterus_TP_2021-06-10_111339_002.MP4,1329.220,23.98,No focal subject,Bite,Foraging,None|None|None,POINT,751.634,751.634,NA,,
IV_Sctaeniopterus_TP_2021-06-10_111339,2025-07-03 09:35:09,,/Users/ally/Documents/johnson lab/parrotfish bites/IV_Sctaeniopterus_TP_2021-06-10_111339_002.MP4,1329.220,23.98,No focal subject,Bite,Foraging,None|None|None,POINT,753.634,753.634,NA,,
IV_Sctaeniopterus_TP_2021-06-10_111339,2025-07-03 09:35:09,,/Users/ally/Documents/johnson lab/parrotfish bites/IV_Sctaeniopterus_TP_2021-06-10_111339_002.MP4,1329.220,23.98,No focal subject,Bite,Foraging,None|None|None,POINT,756.134,756.134,NA,,
IV_Sctaeniopterus_TP_2021-06-10_111339,2025-07-03 09:35:09,,/Users/ally/Documents/johnson lab/parrotfish bites/IV_Sctaeniopterus_TP_2021-06-10_111339_002.MP4,1329.220,23.98,No focal subject,Bite,Foraging,None|None|None,POINT,757.132,757.132,NA,,
IV_Sctaeniopterus_TP_2021-06-10_111339,2025-07-03 09:35:09,,/Users/ally/Documents/johnson lab/parrotfish bites/IV_Sctaeniopterus_TP_2021-06-10_111339_002.MP4,1329.220,23.98,No focal subject,Bite,Foraging,None|None|None,POINT,757.381,757.381,NA,,
IV_Sctaeniopterus_TP_2021-06-10_111339,2025-07-03 09:35:09,,/Users/ally/Documents/johnson lab/parrotfish bites/IV_Sctaeniopterus_TP_2021-06-10_111339_002.MP4,1329.220,23.98,No focal subject,Bite,Foraging,None|None|None,POINT,796.635,796.635,NA,,
IV_Sctaeniopterus_TP_2021-06-10_111339,2025-07-03 09:35:09,,/Users/ally/Documents/johnson lab/parrotfish bites/IV_Sctaeniopterus_TP_2021-06-10_111339_002.MP4,1329.220,23.98,No focal subject,Bite,Foraging,None|None|None,POINT,797.134,797.134,NA,,
IV_Sctaeniopterus_TP_2021-06-10_111339,2025-07-03 09:35:09,,/Users/ally/Documents/johnson lab/parrotfish bites/IV_Sctaeniopterus_TP_2021-06-10_111339_002.MP4,1329.220,23.98,No focal subject,Bite,Foraging,None|None|None,POINT,798.135,798.135,NA,,
IV_Sctaeniopterus_TP_2021-06-10_111339,2025-07-03 09:35:09,,/Users/ally/Documents/johnson lab/parrotfish bites/IV_Sctaeniopterus_TP_2021-06-10_111339_002.MP4,1329.220,23.98,No focal subject,Bite,Foraging,None|None|None,POINT,800.881,800.881,NA,,
IV_Sctaeniopterus_TP_2021-06-10_111339,2025-07-03 09:35:09,,/Users/ally/Documents/johnson lab/parrotfish bites/IV_Sctaeniopterus_TP_2021-06-10_111339_002.MP4,1329.220,23.98,No focal subject,Bite,Foraging,None|None|None,POINT,808.136,808.136,NA,,
IV_Sctaeniopterus_TP_2021-06-10_111339,2025-07-03 09:35:09,,/Users/ally/Documents/johnson lab/parrotfish bites/IV_Sctaeniopterus_TP_2021-06-10_111339_002.MP4,1329.220,23.98,No focal subject,Bite,Foraging,None|None|None,POINT,809.133,809.133,NA,,
IV_Sctaeniopterus_TP_2021-06-10_111339,2025-07-03 09:35:09,,/Users/ally/Documents/johnson lab/parrotfish bites/IV_Sctaeniopterus_TP_2021-06-10_111339_002.MP4,1329.220,23.98,No focal subject,Bite,Foraging,None|None|None,POINT,809.632,809.632,NA,,
IV_Sctaeniopterus_TP_2021-06-10_111339,2025-07-03 09:35:09,,/Users/ally/Documents/johnson lab/parrotfish bites/IV_Sctaeniopterus_TP_2021-06-10_111339_002.MP4,1329.220,23.98,No focal subject,Bite,Foraging,None|None|None,POINT,814.633,814.633,NA,,
IV_Sctaeniopterus_TP_2021-06-10_111339,2025-07-03 09:35:09,,/Users/ally/Documents/johnson lab/parrotfish bites/IV_Sctaeniopterus_TP_2021-06-10_111339_002.MP4,1329.220,23.98,No focal subject,Bite,Foraging,None|None|None,POINT,816.132,816.132,NA,,
IV_Sctaeniopterus_TP_2021-06-10_111339,2025-07-03 09:35:09,,/Users/ally/Documents/johnson lab/parrotfish bites/IV_Sctaeniopterus_TP_2021-06-10_111339_002.MP4,1329.220,23.98,No focal subject,Bite,Foraging,None|None|None,POINT,816.631,816.631,NA,,
IV_Sctaeniopterus_TP_2021-06-10_111339,2025-07-03 09:35:09,,/Users/ally/Documents/johnson lab/parrotfish bites/IV_Sctaeniopterus_TP_2021-06-10_111339_002.MP4,1329.220,23.98,No focal subject,Bite,Foraging,None|None|None,POINT,817.626,817.626,NA,,
IV_Sctaeniopterus_TP_2021-06-10_111339,2025-07-03 09:35:09,,/Users/ally/Documents/johnson lab/parrotfish bites/IV_Sctaeniopterus_TP_2021-06-10_111339_002.MP4,1329.220,23.98,No focal subject,Bite,Foraging,None|None|None,POINT,818.131,818.131,NA,,
IV_Sctaeniopterus_TP_2021-06-10_111339,2025-07-03 09:35:09,,/Users/ally/Documents/johnson lab/parrotfish bites/IV_Sctaeniopterus_TP_2021-06-10_111339_002.MP4,1329.220,23.98,No focal subject,Bite,Foraging,None|None|None,POINT,818.380,818.380,NA,,
IV_Sctaeniopterus_TP_2021-06-10_111339,2025-07-03 09:35:09,,/Users/ally/Documents/johnson lab/parrotfish bites/IV_Sctaeniopterus_TP_2021-06-10_111339_002.MP4,1329.220,23.98,No focal subject,Bite,Foraging,None|None|None,POINT,819.131,819.131,NA,,
IV_Sctaeniopterus_TP_2021-06-10_111339,2025-07-03 09:35:09,,/Users/ally/Documents/johnson lab/parrotfish bites/IV_Sctaeniopterus_TP_2021-06-10_111339_002.MP4,1329.220,23.98,No focal subject,Bite,Foraging,None|None|None,POINT,819.632,819.632,NA,,
IV_Sctaeniopterus_TP_2021-06-10_111339,2025-07-03 09:35:09,,/Users/ally/Documents/johnson lab/parrotfish bites/IV_Sctaeniopterus_TP_2021-06-10_111339_002.MP4,1329.220,23.98,No focal subject,Bite,Foraging,None|None|None,POINT,820.631,820.631,NA,,
IV_Sctaeniopterus_TP_2021-06-10_111339,2025-07-03 09:35:09,,/Users/ally/Documents/johnson lab/parrotfish bites/IV_Sctaeniopterus_TP_2021-06-10_111339_002.MP4,1329.220,23.98,No focal subject,Bite,Foraging,None|None|None,POINT,822.133,822.133,NA,,
IV_Sctaeniopterus_TP_2021-06-10_111339,2025-07-03 09:35:09,,/Users/ally/Documents/johnson lab/parrotfish bites/IV_Sctaeniopterus_TP_2021-06-10_111339_002.MP4,1329.220,23.98,No focal subject,Bite,Foraging,None|None|None,POINT,823.639,823.639,NA,,
IV_Sctaeniopterus_TP_2021-06-10_111339,2025-07-03 09:35:09,,/Users/ally/Documents/johnson lab/parrotfish bites/IV_Sctaeniopterus_TP_2021-06-10_111339_002.MP4,1329.220,23.98,No focal subject,Bite,Foraging,None|None|None,POINT,827.134,827.134,NA,,
IV_Sctaeniopterus_TP_2021-06-10_111339,2025-07-03 09:35:09,,/Users/ally/Documents/johnson lab/parrotfish bites/IV_Sctaeniopterus_TP_2021-06-10_111339_002.MP4,1329.220,23.98,No focal subject,Bite,Foraging,None|None|None,POINT,827.633,827.633,NA,,
IV_Sctaeniopterus_TP_2021-06-10_111339,2025-07-03 09:35:09,,/Users/ally/Documents/johnson lab/parrotfish bites/IV_Sctaeniopterus_TP_2021-06-10_111339_002.MP4,1329.220,23.98,No focal subject,Bite,Foraging,None|None|None,POINT,855.633,855.633,NA,,
IV_Sctaeniopterus_TP_2021-06-10_111339,2025-07-03 09:35:09,,/Users/ally/Documents/johnson lab/parrotfish bites/IV_Sctaeniopterus_TP_2021-06-10_111339_002.MP4,1329.220,23.98,No focal subject,Bite,Foraging,None|None|None,POINT,857.132,857.132,NA,,
IV_Sctaeniopterus_TP_2021-06-10_111339,2025-07-03 09:35:09,,/Users/ally/Documents/johnson lab/parrotfish bites/IV_Sctaeniopterus_TP_2021-06-10_111339_002.MP4,1329.220,23.98,No focal subject,Bite,Foraging,None|None|None,POINT,858.631,858.631,NA,,
IV_Sctaeniopterus_TP_2021-06-10_111339,2025-07-03 09:35:09,,/Users/ally/Documents/johnson lab/parrotfish bites/IV_Sctaeniopterus_TP_2021-06-10_111339_002.MP4,1329.220,23.98,No focal subject,Bite,Foraging,None|None|None,POINT,865.130,865.130,NA,,
IV_Sctaeniopterus_TP_2021-06-10_111339,2025-07-03 09:35:09,,/Users/ally/Documents/johnson lab/parrotfish bites/IV_Sctaeniopterus_TP_2021-06-10_111339_002.MP4,1329.220,23.98,No focal subject,Bite,Foraging,None|None|None,POINT,865.631,865.631,NA,,
IV_Sctaeniopterus_TP_2021-06-10_111339,2025-07-03 09:35:09,,/Users/ally/Documents/johnson lab/parrotfish bites/IV_Sctaeniopterus_TP_2021-06-10_111339_002.MP4,1329.220,23.98,No focal subject,Bite,Foraging,None|None|None,POINT,866.131,866.131,NA,,
IV_Sctaeniopterus_TP_2021-06-10_111339,2025-07-03 09:35:09,,/Users/ally/Documents/johnson lab/parrotfish bites/IV_Sctaeniopterus_TP_2021-06-10_111339_002.MP4,1329.220,23.98,No focal subject,Bite,Foraging,None|None|None,POINT,867.132,867.132,NA,,
IV_Sctaeniopterus_TP_2021-06-10_111339,2025-07-03 09:35:09,,/Users/ally/Documents/johnson lab/parrotfish bites/IV_Sctaeniopterus_TP_2021-06-10_111339_002.MP4,1329.220,23.98,No focal subject,Bite,Foraging,None|None|None,POINT,867.631,867.631,NA,,
IV_Sctaeniopterus_TP_2021-06-10_111339,2025-07-03 09:35:09,,/Users/ally/Documents/johnson lab/parrotfish bites/IV_Sctaeniopterus_TP_2021-06-10_111339_002.MP4,1329.220,23.98,No focal subject,Bite,Foraging,None|None|None,POINT,868.132,868.132,NA,,
IV_Sctaeniopterus_TP_2021-06-10_111339,2025-07-03 09:35:09,,/Users/ally/Documents/johnson lab/parrotfish bites/IV_Sctaeniopterus_TP_2021-06-10_111339_002.MP4,1329.220,23.98,No focal subject,Bite,Foraging,None|None|None,POINT,869.133,869.133,NA,,
IV_Sctaeniopterus_TP_2021-06-10_111339,2025-07-03 09:35:09,,/Users/ally/Documents/johnson lab/parrotfish bites/IV_Sctaeniopterus_TP_2021-06-10_111339_002.MP4,1329.220,23.98,No focal subject,Bite,Foraging,None|None|None,POINT,870.131,870.131,NA,,
IV_Sctaeniopterus_TP_2021-06-10_111339,2025-07-03 09:35:09,,/Users/ally/Documents/johnson lab/parrotfish bites/IV_Sctaeniopterus_TP_2021-06-10_111339_002.MP4,1329.220,23.98,No focal subject,Bite,Foraging,None|None|None,POINT,870.632,870.632,NA,,
IV_Sctaeniopterus_TP_2021-06-10_111339,2025-07-03 09:35:09,,/Users/ally/Documents/johnson lab/parrotfish bites/IV_Sctaeniopterus_TP_2021-06-10_111339_002.MP4,1329.220,23.98,No focal subject,Bite,Foraging,None|None|None,POINT,879.290,879.290,NA,,
IV_Sctaeniopterus_TP_2021-06-10_111339,2025-07-03 09:35:09,,/Users/ally/Documents/johnson lab/parrotfish bites/IV_Sctaeniopterus_TP_2021-06-10_111339_002.MP4,1329.220,23.98,No focal subject,Bite,Foraging,None|None|None,POINT,879.788,879.788,NA,,
IV_Sctaeniopterus_TP_2021-06-10_111339,2025-07-03 09:35:09,,/Users/ally/Documents/johnson lab/parrotfish bites/IV_Sctaeniopterus_TP_2021-06-10_111339_002.MP4,1329.220,23.98,No focal subject,Bite,Foraging,None|None|None,POINT,880.789,880.789,NA,,
IV_Sctaeniopterus_TP_2021-06-10_111339,2025-07-03 09:35:09,,/Users/ally/Documents/johnson lab/parrotfish bites/IV_Sctaeniopterus_TP_2021-06-10_111339_002.MP4,1329.220,23.98,No focal subject,Bite,Foraging,None|None|None,POINT,883.779,883.779,NA,,
IV_Sctaeniopterus_TP_2021-06-10_111339,2025-07-03 09:35:09,,/Users/ally/Documents/johnson lab/parrotfish bites/IV_Sctaeniopterus_TP_2021-06-10_111339_002.MP4,1329.220,23.98,No focal subject,Bite,Foraging,None|None|None,POINT,884.282,884.282,NA,,
IV_Sctaeniopterus_TP_2021-06-10_111339,2025-07-03 09:35:09,,/Users/ally/Documents/johnson lab/parrotfish bites/IV_Sctaeniopterus_TP_2021-06-10_111339_002.MP4,1329.220,23.98,No focal subject,Bite,Foraging,None|None|None,POINT,889.283,889.283,NA,,
IV_Sctaeniopterus_TP_2021-06-10_111339,2025-07-03 09:35:09,,/Users/ally/Documents/johnson lab/parrotfish bites/IV_Sctaeniopterus_TP_2021-06-10_111339_002.MP4,1329.220,23.98,No focal subject,Bite,Foraging,None|None|None,POINT,890.283,890.283,NA,,
IV_Sctaeniopterus_TP_2021-06-10_111339,2025-07-03 09:35:09,,/Users/ally/Documents/johnson lab/parrotfish bites/IV_Sctaeniopterus_TP_2021-06-10_111339_002.MP4,1329.220,23.98,No focal subject,Bite,Foraging,None|None|None,POINT,891.538,891.538,NA,,
IV_Sctaeniopterus_TP_2021-06-10_111339,2025-07-03 09:35:09,,/Users/ally/Documents/johnson lab/parrotfish bites/IV_Sctaeniopterus_TP_2021-06-10_111339_002.MP4,1329.220,23.98,No focal subject,Bite,Foraging,None|None|None,POINT,892.783,892.783,NA,,
IV_Sctaeniopterus_TP_2021-06-10_111339,2025-07-03 09:35:09,,/Users/ally/Documents/johnson lab/parrotfish bites/IV_Sctaeniopterus_TP_2021-06-10_111339_002.MP4,1329.220,23.98,No focal subject,Bite,Foraging,None|None|None,POINT,893.786,893.786,NA,,
IV_Sctaeniopterus_TP_2021-06-10_111339,2025-07-03 09:35:09,,/Users/ally/Documents/johnson lab/parrotfish bites/IV_Sctaeniopterus_TP_2021-06-10_111339_002.MP4,1329.220,23.98,No focal subject,Bite,Foraging,None|None|None,POINT,899.786,899.786,NA,,
IV_Sctaeniopterus_TP_2021-06-10_111339,2025-07-03 09:35:09,,/Users/ally/Documents/johnson lab/parrotfish bites/IV_Sctaeniopterus_TP_2021-06-10_111339_002.MP4,1329.220,23.98,No focal subject,Bite,Foraging,None|None|None,POINT,900.036,900.036,NA,,
IV_Sctaeniopterus_TP_2021-06-10_111339,2025-07-03 09:35:09,,/Users/ally/Documents/johnson lab/parrotfish bites/IV_Sctaeniopterus_TP_2021-06-10_111339_002.MP4,1329.220,23.98,No focal subject,Bite,Foraging,None|None|None,POINT,900.289,900.289,NA,,
IV_Sctaeniopterus_TP_2021-06-10_111339,2025-07-03 09:35:09,,/Users/ally/Documents/johnson lab/parrotfish bites/IV_Sctaeniopterus_TP_2021-06-10_111339_002.MP4,1329.220,23.98,No focal subject,Bite,Foraging,None|None|None,POINT,900.787,900.787,NA,,
IV_Sctaeniopterus_TP_2021-06-10_111339,2025-07-03 09:35:09,,/Users/ally/Documents/johnson lab/parrotfish bites/IV_Sctaeniopterus_TP_2021-06-10_111339_002.MP4,1329.220,23.98,No focal subject,Bite,Foraging,None|None|None,POINT,901.286,901.286,NA,,
IV_Sctaeniopterus_TP_2021-06-10_111339,2025-07-03 09:35:09,,/Users/ally/Documents/johnson lab/parrotfish bites/IV_Sctaeniopterus_TP_2021-06-10_111339_002.MP4,1329.220,23.98,No focal subject,Bite,Foraging,None|None|None,POINT,902.789,902.789,NA,,
IV_Sctaeniopterus_TP_2021-06-10_111339,2025-07-03 09:35:09,,/Users/ally/Documents/johnson lab/parrotfish bites/IV_Sctaeniopterus_TP_2021-06-10_111339_002.MP4,1329.220,23.98,No focal subject,Bite,Foraging,None|None|None,POINT,903.288,903.288,NA,,
IV_Sctaeniopterus_TP_2021-06-10_111339,2025-07-03 09:35:09,,/Users/ally/Documents/johnson lab/parrotfish bites/IV_Sctaeniopterus_TP_2021-06-10_111339_002.MP4,1329.220,23.98,No focal subject,Bite,Foraging,None|None|None,POINT,903.787,903.787,NA,,
IV_Sctaeniopterus_TP_2021-06-10_111339,2025-07-03 09:35:09,,/Users/ally/Documents/johnson lab/parrotfish bites/IV_Sctaeniopterus_TP_2021-06-10_111339_002.MP4,1329.220,23.98,No focal subject,Bite,Foraging,None|None|None,POINT,904.287,904.287,NA,,
IV_Sctaeniopterus_TP_2021-06-10_111339,2025-07-03 09:35:09,,/Users/ally/Documents/johnson lab/parrotfish bites/IV_Sctaeniopterus_TP_2021-06-10_111339_002.MP4,1329.220,23.98,No focal subject,Bite,Foraging,None|None|None,POINT,906.289,906.289,NA,,
IV_Sctaeniopterus_TP_2021-06-10_111339,2025-07-03 09:35:09,,/Users/ally/Documents/johnson lab/parrotfish bites/IV_Sctaeniopterus_TP_2021-06-10_111339_002.MP4,1329.220,23.98,No focal subject,Bite,Foraging,None|None|None,POINT,906.789,906.789,NA,,
IV_Sctaeniopterus_TP_2021-06-10_111339,2025-07-03 09:35:09,,/Users/ally/Documents/johnson lab/parrotfish bites/IV_Sctaeniopterus_TP_2021-06-10_111339_002.MP4,1329.220,23.98,No focal subject,Bite,Foraging,None|None|None,POINT,907.289,907.289,NA,,
IV_Sctaeniopterus_TP_2021-06-10_111339,2025-07-03 09:35:09,,/Users/ally/Documents/johnson lab/parrotfish bites/IV_Sctaeniopterus_TP_2021-06-10_111339_002.MP4,1329.220,23.98,No focal subject,Bite,Foraging,None|None|None,POINT,907.790,907.790,NA,,
IV_Sctaeniopterus_TP_2021-06-10_111339,2025-07-03 09:35:09,,/Users/ally/Documents/johnson lab/parrotfish bites/IV_Sctaeniopterus_TP_2021-06-10_111339_002.MP4,1329.220,23.98,No focal subject,Bite,Foraging,None|None|None,POINT,908.538,908.538,NA,,
IV_Sctaeniopterus_TP_2021-06-10_111339,2025-07-03 09:35:09,,/Users/ally/Documents/johnson lab/parrotfish bites/IV_Sctaeniopterus_TP_2021-06-10_111339_002.MP4,1329.220,23.98,No focal subject,Bite,Foraging,Feces|None|None,POINT,928.593,928.593,NA,,
IV_Sctaeniopterus_TP_2021-06-10_111339,2025-07-03 09:35:09,,/Users/ally/Documents/johnson lab/parrotfish bites/IV_Sctaeniopterus_TP_2021-06-10_111339_002.MP4,1329.220,23.98,No focal subject,Bite,Foraging,None|None|None,POINT,942.348,942.348,NA,,
IV_Sctaeniopterus_TP_2021-06-10_111339,2025-07-03 09:35:09,,/Users/ally/Documents/johnson lab/parrotfish bites/IV_Sctaeniopterus_TP_2021-06-10_111339_002.MP4,1329.220,23.98,No focal subject,Bite,Foraging,None|None|None,POINT,942.847,942.847,NA,,
IV_Sctaeniopterus_TP_2021-06-10_111339,2025-07-03 09:35:09,,/Users/ally/Documents/johnson lab/parrotfish bites/IV_Sctaeniopterus_TP_2021-06-10_111339_002.MP4,1329.220,23.98,No focal subject,Bite,Foraging,None|None|None,POINT,943.596,943.596,NA,,
IV_Sctaeniopterus_TP_2021-06-10_111339,2025-07-03 09:35:09,,/Users/ally/Documents/johnson lab/parrotfish bites/IV_Sctaeniopterus_TP_2021-06-10_111339_002.MP4,1329.220,23.98,No focal subject,Bite,Foraging,Feces|None|None,POINT,951.110,951.110,NA,,
IV_Sctaeniopterus_TP_2021-06-10_111339,2025-07-03 09:35:09,,/Users/ally/Documents/johnson lab/parrotfish bites/IV_Sctaeniopterus_TP_2021-06-10_111339_002.MP4,1329.220,23.98,No focal subject,Bite,Foraging,Feces|None|None,POINT,953.851,953.851,NA,,
IV_Sctaeniopterus_TP_2021-06-10_111339,2025-07-03 09:35:09,,/Users/ally/Documents/johnson lab/parrotfish bites/IV_Sctaeniopterus_TP_2021-06-10_111339_002.MP4,1329.220,23.98,No focal subject,Bite,Foraging,None|None|None,POINT,983.864,983.864,NA,,
IV_Sctaeniopterus_TP_2021-06-10_111339,2025-07-03 09:35:09,,/Users/ally/Documents/johnson lab/parrotfish bites/IV_Sctaeniopterus_TP_2021-06-10_111339_002.MP4,1329.220,23.98,No focal subject,Bite,Foraging,None|None|None,POINT,984.863,984.863,NA,,
IV_Sctaeniopterus_TP_2021-06-10_111339,2025-07-03 09:35:09,,/Users/ally/Documents/johnson lab/parrotfish bites/IV_Sctaeniopterus_TP_2021-06-10_111339_002.MP4,1329.220,23.98,No focal subject,Bite,Foraging,None|None|None,POINT,985.367,985.367,NA,,
IV_Sctaeniopterus_TP_2021-06-10_111339,2025-07-03 09:35:09,,/Users/ally/Documents/johnson lab/parrotfish bites/IV_Sctaeniopterus_TP_2021-06-10_111339_002.MP4,1329.220,23.98,No focal subject,Bite,Foraging,None|None|None,POINT,985.866,985.866,NA,,
IV_Sctaeniopterus_TP_2021-06-10_111339,2025-07-03 09:35:09,,/Users/ally/Documents/johnson lab/parrotfish bites/IV_Sctaeniopterus_TP_2021-06-10_111339_002.MP4,1329.220,23.98,No focal subject,Bite,Foraging,None|None|None,POINT,986.367,986.367,NA,,
IV_Sctaeniopterus_TP_2021-06-10_111339,2025-07-03 09:35:09,,/Users/ally/Documents/johnson lab/parrotfish bites/IV_Sctaeniopterus_TP_2021-06-10_111339_002.MP4,1329.220,23.98,No focal subject,Bite,Foraging,None|None|None,POINT,986.866,986.866,NA,,
IV_Sctaeniopterus_TP_2021-06-10_111339,2025-07-03 09:35:09,,/Users/ally/Documents/johnson lab/parrotfish bites/IV_Sctaeniopterus_TP_2021-06-10_111339_002.MP4,1329.220,23.98,No focal subject,Bite,Foraging,None|None|None,POINT,988.116,988.116,NA,,
IV_Sctaeniopterus_TP_2021-06-10_111339,2025-07-03 09:35:09,,/Users/ally/Documents/johnson lab/parrotfish bites/IV_Sctaeniopterus_TP_2021-06-10_111339_002.MP4,1329.220,23.98,No focal subject,Bite,Foraging,None|None|None,POINT,989.869,989.869,NA,,
IV_Sctaeniopterus_TP_2021-06-10_111339,2025-07-03 09:35:09,,/Users/ally/Documents/johnson lab/parrotfish bites/IV_Sctaeniopterus_TP_2021-06-10_111339_002.MP4,1329.220,23.98,No focal subject,Bite,Foraging,None|None|None,POINT,990.367,990.367,NA,,
IV_Sctaeniopterus_TP_2021-06-10_111339,2025-07-03 09:35:09,,/Users/ally/Documents/johnson lab/parrotfish bites/IV_Sctaeniopterus_TP_2021-06-10_111339_002.MP4,1329.220,23.98,No focal subject,Bite,Foraging,None|None|None,POINT,991.365,991.365,NA,,
IV_Sctaeniopterus_TP_2021-06-10_111339,2025-07-03 09:35:09,,/Users/ally/Documents/johnson lab/parrotfish bites/IV_Sctaeniopterus_TP_2021-06-10_111339_002.MP4,1329.220,23.98,No focal subject,Bite,Foraging,None|None|None,POINT,991.864,991.864,NA,,
IV_Sctaeniopterus_TP_2021-06-10_111339,2025-07-03 09:35:09,,/Users/ally/Documents/johnson lab/parrotfish bites/IV_Sctaeniopterus_TP_2021-06-10_111339_002.MP4,1329.220,23.98,No focal subject,Bite,Foraging,None|None|None,POINT,992.867,992.867,NA,,
IV_Sctaeniopterus_TP_2021-06-10_111339,2025-07-03 09:35:09,,/Users/ally/Documents/johnson lab/parrotfish bites/IV_Sctaeniopterus_TP_2021-06-10_111339_002.MP4,1329.220,23.98,No focal subject,Bite,Foraging,None|None|None,POINT,993.367,993.367,NA,,
IV_Sctaeniopterus_TP_2021-06-10_111339,2025-07-03 09:35:09,,/Users/ally/Documents/johnson lab/parrotfish bites/IV_Sctaeniopterus_TP_2021-06-10_111339_002.MP4,1329.220,23.98,No focal subject,Bite,Foraging,None|None|None,POINT,994.364,994.364,NA,,
IV_Sctaeniopterus_TP_2021-06-10_111339,2025-07-03 09:35:09,,/Users/ally/Documents/johnson lab/parrotfish bites/IV_Sctaeniopterus_TP_2021-06-10_111339_002.MP4,1329.220,23.98,No focal subject,Bite,Foraging,None|None|None,POINT,995.365,995.365,NA,,
IV_Sctaeniopterus_TP_2021-06-10_111339,2025-07-03 09:35:09,,/Users/ally/Documents/johnson lab/parrotfish bites/IV_Sctaeniopterus_TP_2021-06-10_111339_002.MP4,1329.220,23.98,No focal subject,Bite,Foraging,None|None|None,POINT,996.365,996.365,NA,,
IV_Sctaeniopterus_TP_2021-06-10_111339,2025-07-03 09:35:09,,/Users/ally/Documents/johnson lab/parrotfish bites/IV_Sctaeniopterus_TP_2021-06-10_111339_002.MP4,1329.220,23.98,No focal subject,Bite,Foraging,None|None|None,POINT,996.865,996.865,NA,,
IV_Sctaeniopterus_TP_2021-06-10_111339,2025-07-03 09:35:09,,/Users/ally/Documents/johnson lab/parrotfish bites/IV_Sctaeniopterus_TP_2021-06-10_111339_002.MP4,1329.220,23.98,No focal subject,Bite,Foraging,None|None|None,POINT,997.366,997.366,NA,,
IV_Sctaeniopterus_TP_2021-06-10_111339,2025-07-03 09:35:09,,/Users/ally/Documents/johnson lab/parrotfish bites/IV_Sctaeniopterus_TP_2021-06-10_111339_002.MP4,1329.220,23.98,No focal subject,Bite,Foraging,None|None|None,POINT,999.114,999.114,NA,,
IV_Sctaeniopterus_TP_2021-06-10_111339,2025-07-03 09:35:09,,/Users/ally/Documents/johnson lab/parrotfish bites/IV_Sctaeniopterus_TP_2021-06-10_111339_002.MP4,1329.220,23.98,No focal subject,Bite,Foraging,None|None|None,POINT,999.613,999.613,NA,,
IV_Sctaeniopterus_TP_2021-06-10_111339,2025-07-03 09:35:09,,/Users/ally/Documents/johnson lab/parrotfish bites/IV_Sctaeniopterus_TP_2021-06-10_111339_002.MP4,1329.220,23.98,No focal subject,Bite,Foraging,None|None|None,POINT,1000.366,1000.366,NA,,
IV_Sctaeniopterus_TP_2021-06-10_111339,2025-07-03 09:35:09,,/Users/ally/Documents/johnson lab/parrotfish bites/IV_Sctaeniopterus_TP_2021-06-10_111339_002.MP4,1329.220,23.98,No focal subject,Bite,Foraging,None|None|None,POINT,1000.865,1000.865,NA,,
IV_Sctaeniopterus_TP_2021-06-10_111339,2025-07-03 09:35:09,,/Users/ally/Documents/johnson lab/parrotfish bites/IV_Sctaeniopterus_TP_2021-06-10_111339_002.MP4,1329.220,23.98,No focal subject,Bite,Foraging,None|None|None,POINT,1001.865,1001.865,NA,,
IV_Sctaeniopterus_TP_2021-06-10_111339,2025-07-03 09:35:09,,/Users/ally/Documents/johnson lab/parrotfish bites/IV_Sctaeniopterus_TP_2021-06-10_111339_002.MP4,1329.220,23.98,No focal subject,Bite,Foraging,None|None|None,POINT,1002.365,1002.365,NA,,
IV_Sctaeniopterus_TP_2021-06-10_111339,2025-07-03 09:35:09,,/Users/ally/Documents/johnson lab/parrotfish bites/IV_Sctaeniopterus_TP_2021-06-10_111339_002.MP4,1329.220,23.98,No focal subject,Bite,Foraging,Feces|None|None,POINT,1015.930,1015.930,NA,,
IV_Sctaeniopterus_TP_2021-06-10_111339,2025-07-03 09:35:09,,/Users/ally/Documents/johnson lab/parrotfish bites/IV_Sctaeniopterus_TP_2021-06-10_111339_002.MP4,1329.220,23.98,No focal subject,Bite,Foraging,Feces|None|None,POINT,1018.430,1018.430,NA,,
IV_Sctaeniopterus_TP_2021-06-10_111339,2025-07-03 09:35:09,,/Users/ally/Documents/johnson lab/parrotfish bites/IV_Sctaeniopterus_TP_2021-06-10_111339_002.MP4,1329.220,23.98,No focal subject,Bite,Foraging,None|None|None,POINT,1036.436,1036.436,NA,,
IV_Sctaeniopterus_TP_2021-06-10_111339,2025-07-03 09:35:09,,/Users/ally/Documents/johnson lab/parrotfish bites/IV_Sctaeniopterus_TP_2021-06-10_111339_002.MP4,1329.220,23.98,No focal subject,Bite,Foraging,None|None|None,POINT,1036.936,1036.936,NA,,
IV_Sctaeniopterus_TP_2021-06-10_111339,2025-07-03 09:35:09,,/Users/ally/Documents/johnson lab/parrotfish bites/IV_Sctaeniopterus_TP_2021-06-10_111339_002.MP4,1329.220,23.98,No focal subject,Bite,Foraging,None|None|None,POINT,1037.184,1037.184,NA,,
IV_Sctaeniopterus_TP_2021-06-10_111339,2025-07-03 09:35:09,,/Users/ally/Documents/johnson lab/parrotfish bites/IV_Sctaeniopterus_TP_2021-06-10_111339_002.MP4,1329.220,23.98,No focal subject,Bite,Foraging,None|None|None,POINT,1037.932,1037.932,NA,,
IV_Sctaeniopterus_TP_2021-06-10_111339,2025-07-03 09:35:09,,/Users/ally/Documents/johnson lab/parrotfish bites/IV_Sctaeniopterus_TP_2021-06-10_111339_002.MP4,1329.220,23.98,No focal subject,Bite,Foraging,None|None|None,POINT,1038.438,1038.438,NA,,
IV_Sctaeniopterus_TP_2021-06-10_111339,2025-07-03 09:35:09,,/Users/ally/Documents/johnson lab/parrotfish bites/IV_Sctaeniopterus_TP_2021-06-10_111339_002.MP4,1329.220,23.98,No focal subject,Bite,Foraging,None|None|None,POINT,1038.937,1038.937,NA,,
IV_Sctaeniopterus_TP_2021-06-10_111339,2025-07-03 09:35:09,,/Users/ally/Documents/johnson lab/parrotfish bites/IV_Sctaeniopterus_TP_2021-06-10_111339_002.MP4,1329.220,23.98,No focal subject,Bite,Foraging,None|None|None,POINT,1047.436,1047.436,NA,,
IV_Sctaeniopterus_TP_2021-06-10_111339,2025-07-03 09:35:09,,/Users/ally/Documents/johnson lab/parrotfish bites/IV_Sctaeniopterus_TP_2021-06-10_111339_002.MP4,1329.220,23.98,No focal subject,Bite,Foraging,None|None|None,POINT,1048.438,1048.438,NA,,
IV_Sctaeniopterus_TP_2021-06-10_111339,2025-07-03 09:35:09,,/Users/ally/Documents/johnson lab/parrotfish bites/IV_Sctaeniopterus_TP_2021-06-10_111339_002.MP4,1329.220,23.98,No focal subject,Bite,Foraging,None|None|None,POINT,1050.436,1050.436,NA,,
IV_Sctaeniopterus_TP_2021-06-10_111339,2025-07-03 09:35:09,,/Users/ally/Documents/johnson lab/parrotfish bites/IV_Sctaeniopterus_TP_2021-06-10_111339_002.MP4,1329.220,23.98,No focal subject,Bite,Foraging,None|None|None,POINT,1050.935,1050.935,NA,,
IV_Sctaeniopterus_TP_2021-06-10_111339,2025-07-03 09:35:09,,/Users/ally/Documents/johnson lab/parrotfish bites/IV_Sctaeniopterus_TP_2021-06-10_111339_002.MP4,1329.220,23.98,No focal subject,Bite,Foraging,None|None|None,POINT,1051.436,1051.436,NA,,
IV_Sctaeniopterus_TP_2021-06-10_111339,2025-07-03 09:35:09,,/Users/ally/Documents/johnson lab/parrotfish bites/IV_Sctaeniopterus_TP_2021-06-10_111339_002.MP4,1329.220,23.98,No focal subject,Bite,Foraging,None|None|None,POINT,1052.184,1052.184,NA,,
IV_Sctaeniopterus_TP_2021-06-10_111339,2025-07-03 09:35:09,,/Users/ally/Documents/johnson lab/parrotfish bites/IV_Sctaeniopterus_TP_2021-06-10_111339_002.MP4,1329.220,23.98,No focal subject,Bite,Foraging,None|None|None,POINT,1052.684,1052.684,NA,,
IV_Sctaeniopterus_TP_2021-06-10_111339,2025-07-03 09:35:09,,/Users/ally/Documents/johnson lab/parrotfish bites/IV_Sctaeniopterus_TP_2021-06-10_111339_002.MP4,1329.220,23.98,No focal subject,Bite,Foraging,None|None|None,POINT,1052.935,1052.935,NA,,
IV_Sctaeniopterus_TP_2021-06-10_111339,2025-07-03 09:35:09,,/Users/ally/Documents/johnson lab/parrotfish bites/IV_Sctaeniopterus_TP_2021-06-10_111339_002.MP4,1329.220,23.98,No focal subject,Bite,Foraging,None|None|None,POINT,1053.939,1053.939,NA,,
IV_Sctaeniopterus_TP_2021-06-10_111339,2025-07-03 09:35:09,,/Users/ally/Documents/johnson lab/parrotfish bites/IV_Sctaeniopterus_TP_2021-06-10_111339_002.MP4,1329.220,23.98,No focal subject,Bite,Foraging,None|None|None,POINT,1054.437,1054.437,NA,,
IV_Sctaeniopterus_TP_2021-06-10_111339,2025-07-03 09:35:09,,/Users/ally/Documents/johnson lab/parrotfish bites/IV_Sctaeniopterus_TP_2021-06-10_111339_002.MP4,1329.220,23.98,No focal subject,Bite,Foraging,None|None|None,POINT,1055.438,1055.438,NA,,
IV_Sctaeniopterus_TP_2021-06-10_111339,2025-07-03 09:35:09,,/Users/ally/Documents/johnson lab/parrotfish bites/IV_Sctaeniopterus_TP_2021-06-10_111339_002.MP4,1329.220,23.98,No focal subject,Bite,Foraging,None|None|None,POINT,1063.934,1063.934,NA,,
IV_Sctaeniopterus_TP_2021-06-10_111339,2025-07-03 09:35:09,,/Users/ally/Documents/johnson lab/parrotfish bites/IV_Sctaeniopterus_TP_2021-06-10_111339_002.MP4,1329.220,23.98,No focal subject,Bite,Foraging,None|None|None,POINT,1064.436,1064.436,NA,,
IV_Sctaeniopterus_TP_2021-06-10_111339,2025-07-03 09:35:09,,/Users/ally/Documents/johnson lab/parrotfish bites/IV_Sctaeniopterus_TP_2021-06-10_111339_002.MP4,1329.220,23.98,No focal subject,Bite,Foraging,None|None|None,POINT,1065.436,1065.436,NA,,
IV_Sctaeniopterus_TP_2021-06-10_111339,2025-07-03 09:35:09,,/Users/ally/Documents/johnson lab/parrotfish bites/IV_Sctaeniopterus_TP_2021-06-10_111339_002.MP4,1329.220,23.98,No focal subject,Bite,Foraging,None|None|None,POINT,1069.932,1069.932,NA,,
IV_Sctaeniopterus_TP_2021-06-10_111339,2025-07-03 09:35:09,,/Users/ally/Documents/johnson lab/parrotfish bites/IV_Sctaeniopterus_TP_2021-06-10_111339_002.MP4,1329.220,23.98,No focal subject,Bite,Foraging,None|None|None,POINT,1070.433,1070.433,NA,,
IV_Sctaeniopterus_TP_2021-06-10_111339,2025-07-03 09:35:09,,/Users/ally/Documents/johnson lab/parrotfish bites/IV_Sctaeniopterus_TP_2021-06-10_111339_002.MP4,1329.220,23.98,No focal subject,Bite,Foraging,None|None|None,POINT,1070.934,1070.934,NA,,
IV_Sctaeniopterus_TP_2021-06-10_111339,2025-07-03 09:35:09,,/Users/ally/Documents/johnson lab/parrotfish bites/IV_Sctaeniopterus_TP_2021-06-10_111339_002.MP4,1329.220,23.98,No focal subject,Bite,Foraging,None|None|None,POINT,1071.434,1071.434,NA,,
IV_Sctaeniopterus_TP_2021-06-10_111339,2025-07-03 09:35:09,,/Users/ally/Documents/johnson lab/parrotfish bites/IV_Sctaeniopterus_TP_2021-06-10_111339_002.MP4,1329.220,23.98,No focal subject,Bite,Foraging,None|None|None,POINT,1071.935,1071.935,NA,,
IV_Sctaeniopterus_TP_2021-06-10_111339,2025-07-03 09:35:09,,/Users/ally/Documents/johnson lab/parrotfish bites/IV_Sctaeniopterus_TP_2021-06-10_111339_002.MP4,1329.220,23.98,No focal subject,Bite,Foraging,None|None|None,POINT,1072.935,1072.935,NA,,
IV_Sctaeniopterus_TP_2021-06-10_111339,2025-07-03 09:35:09,,/Users/ally/Documents/johnson lab/parrotfish bites/IV_Sctaeniopterus_TP_2021-06-10_111339_002.MP4,1329.220,23.98,No focal subject,Bite,Foraging,None|None|None,POINT,1073.434,1073.434,NA,,
IV_Sctaeniopterus_TP_2021-06-10_111339,2025-07-03 09:35:09,,/Users/ally/Documents/johnson lab/parrotfish bites/IV_Sctaeniopterus_TP_2021-06-10_111339_002.MP4,1329.220,23.98,No focal subject,Bite,Foraging,None|None|None,POINT,1074.435,1074.435,NA,,
IV_Sctaeniopterus_TP_2021-06-10_111339,2025-07-03 09:35:09,,/Users/ally/Documents/johnson lab/parrotfish bites/IV_Sctaeniopterus_TP_2021-06-10_111339_002.MP4,1329.220,23.98,No focal subject,Bite,Foraging,None|None|None,POINT,1076.934,1076.934,NA,,
IV_Sctaeniopterus_TP_2021-06-10_111339,2025-07-03 09:35:09,,/Users/ally/Documents/johnson lab/parrotfish bites/IV_Sctaeniopterus_TP_2021-06-10_111339_002.MP4,1329.220,23.98,No focal subject,Bite,Foraging,None|None|None,POINT,1077.936,1077.936,NA,,
IV_Sctaeniopterus_TP_2021-06-10_111339,2025-07-03 09:35:09,,/Users/ally/Documents/johnson lab/parrotfish bites/IV_Sctaeniopterus_TP_2021-06-10_111339_002.MP4,1329.220,23.98,No focal subject,Bite,Foraging,None|None|None,POINT,1078.684,1078.684,NA,,
IV_Sctaeniopterus_TP_2021-06-10_111339,2025-07-03 09:35:09,,/Users/ally/Documents/johnson lab/parrotfish bites/IV_Sctaeniopterus_TP_2021-06-10_111339_002.MP4,1329.220,23.98,No focal subject,Bite,Foraging,None|None|None,POINT,1079.183,1079.183,NA,,
IV_Sctaeniopterus_TP_2021-06-10_111339,2025-07-03 09:35:09,,/Users/ally/Documents/johnson lab/parrotfish bites/IV_Sctaeniopterus_TP_2021-06-10_111339_002.MP4,1329.220,23.98,No focal subject,Bite,Foraging,None|None|None,POINT,1079.434,1079.434,NA,,
IV_Sctaeniopterus_TP_2021-06-10_111339,2025-07-03 09:35:09,,/Users/ally/Documents/johnson lab/parrotfish bites/IV_Sctaeniopterus_TP_2021-06-10_111339_002.MP4,1329.220,23.98,No focal subject,Bite,Foraging,None|None|None,POINT,1080.434,1080.434,NA,,
IV_Sctaeniopterus_TP_2021-06-10_111339,2025-07-03 09:35:09,,/Users/ally/Documents/johnson lab/parrotfish bites/IV_Sctaeniopterus_TP_2021-06-10_111339_002.MP4,1329.220,23.98,No focal subject,Bite,Foraging,None|None|None,POINT,1081.434,1081.434,NA,,
IV_Sctaeniopterus_TP_2021-06-10_111339,2025-07-03 09:35:09,,/Users/ally/Documents/johnson lab/parrotfish bites/IV_Sctaeniopterus_TP_2021-06-10_111339_002.MP4,1329.220,23.98,No focal subject,Bite,Foraging,None|None|None,POINT,1081.935,1081.935,NA,,
IV_Sctaeniopterus_TP_2021-06-10_111339,2025-07-03 09:35:09,,/Users/ally/Documents/johnson lab/parrotfish bites/IV_Sctaeniopterus_TP_2021-06-10_111339_002.MP4,1329.220,23.98,No focal subject,Bite,Foraging,None|None|None,POINT,1082.434,1082.434,NA,,
IV_Sctaeniopterus_TP_2021-06-10_111339,2025-07-03 09:35:09,,/Users/ally/Documents/johnson lab/parrotfish bites/IV_Sctaeniopterus_TP_2021-06-10_111339_002.MP4,1329.220,23.98,No focal subject,Bite,Foraging,None|None|None,POINT,1083.684,1083.684,NA,,
IV_Sctaeniopterus_TP_2021-06-10_111339,2025-07-03 09:35:09,,/Users/ally/Documents/johnson lab/parrotfish bites/IV_Sctaeniopterus_TP_2021-06-10_111339_002.MP4,1329.220,23.98,No focal subject,Bite,Foraging,Feces|None|None,POINT,1103.211,1103.211,NA,,
IV_Sctaeniopterus_TP_2021-06-10_111339,2025-07-03 09:35:09,,/Users/ally/Documents/johnson lab/parrotfish bites/IV_Sctaeniopterus_TP_2021-06-10_111339_002.MP4,1329.220,23.98,No focal subject,Bite,Foraging,Feces|None|None,POINT,1113.437,1113.437,NA,,
IV_Sctaeniopterus_TP_2021-06-10_111339,2025-07-03 09:35:09,,/Users/ally/Documents/johnson lab/parrotfish bites/IV_Sctaeniopterus_TP_2021-06-10_111339_002.MP4,1329.220,23.98,No focal subject,Bite,Foraging,None|None|None,POINT,1133.437,1133.437,NA,,
IV_Sctaeniopterus_TP_2021-06-10_111339,2025-07-03 09:35:09,,/Users/ally/Documents/johnson lab/parrotfish bites/IV_Sctaeniopterus_TP_2021-06-10_111339_002.MP4,1329.220,23.98,No focal subject,Bite,Foraging,None|None|None,POINT,1134.436,1134.436,NA,,
IV_Sctaeniopterus_TP_2021-06-10_111339,2025-07-03 09:35:09,,/Users/ally/Documents/johnson lab/parrotfish bites/IV_Sctaeniopterus_TP_2021-06-10_111339_002.MP4,1329.220,23.98,No focal subject,Bite,Foraging,None|None|None,POINT,1134.934,1134.934,NA,,
IV_Sctaeniopterus_TP_2021-06-10_111339,2025-07-03 09:35:09,,/Users/ally/Documents/johnson lab/parrotfish bites/IV_Sctaeniopterus_TP_2021-06-10_111339_002.MP4,1329.220,23.98,No focal subject,Bite,Foraging,None|None|None,POINT,1135.934,1135.934,NA,,
IV_Sctaeniopterus_TP_2021-06-10_111339,2025-07-03 09:35:09,,/Users/ally/Documents/johnson lab/parrotfish bites/IV_Sctaeniopterus_TP_2021-06-10_111339_002.MP4,1329.220,23.98,No focal subject,Bite,Foraging,None|None|None,POINT,1136.435,1136.435,NA,,
IV_Sctaeniopterus_TP_2021-06-10_111339,2025-07-03 09:35:09,,/Users/ally/Documents/johnson lab/parrotfish bites/IV_Sctaeniopterus_TP_2021-06-10_111339_002.MP4,1329.220,23.98,No focal subject,Bite,Foraging,None|None|None,POINT,1137.435,1137.435,NA,,
IV_Sctaeniopterus_TP_2021-06-10_111339,2025-07-03 09:35:09,,/Users/ally/Documents/johnson lab/parrotfish bites/IV_Sctaeniopterus_TP_2021-06-10_111339_002.MP4,1329.220,23.98,No focal subject,Bite,Foraging,None|None|None,POINT,1137.935,1137.935,NA,,
IV_Sctaeniopterus_TP_2021-06-10_111339,2025-07-03 09:35:09,,/Users/ally/Documents/johnson lab/parrotfish bites/IV_Sctaeniopterus_TP_2021-06-10_111339_002.MP4,1329.220,23.98,No focal subject,Bite,Foraging,None|None|None,POINT,1153.820,1153.820,NA,,
IV_Sctaeniopterus_TP_2021-06-10_111339,2025-07-03 09:35:09,,/Users/ally/Documents/johnson lab/parrotfish bites/IV_Sctaeniopterus_TP_2021-06-10_111339_002.MP4,1329.220,23.98,No focal subject,Bite,Foraging,None|None|None,POINT,1155.436,1155.436,NA,,
IV_Sctaeniopterus_TP_2021-06-10_111339,2025-07-03 09:35:09,,/Users/ally/Documents/johnson lab/parrotfish bites/IV_Sctaeniopterus_TP_2021-06-10_111339_002.MP4,1329.220,23.98,No focal subject,Bite,Foraging,None|None|None,POINT,1155.935,1155.935,NA,,
IV_Sctaeniopterus_TP_2021-06-10_111339,2025-07-03 09:35:09,,/Users/ally/Documents/johnson lab/parrotfish bites/IV_Sctaeniopterus_TP_2021-06-10_111339_002.MP4,1329.220,23.98,No focal subject,Bite,Foraging,None|None|None,POINT,1156.934,1156.934,NA,,
IV_Sctaeniopterus_TP_2021-06-10_111339,2025-07-03 09:35:09,,/Users/ally/Documents/johnson lab/parrotfish bites/IV_Sctaeniopterus_TP_2021-06-10_111339_002.MP4,1329.220,23.98,No focal subject,Bite,Foraging,None|None|None,POINT,1158.078,1158.078,NA,,
IV_Sctaeniopterus_TP_2021-06-10_111339,2025-07-03 09:35:09,,/Users/ally/Documents/johnson lab/parrotfish bites/IV_Sctaeniopterus_TP_2021-06-10_111339_002.MP4,1329.220,23.98,No focal subject,Bite,Foraging,None|None|None,POINT,1158.435,1158.435,NA,,
IV_Sctaeniopterus_TP_2021-06-10_111339,2025-07-03 09:35:09,,/Users/ally/Documents/johnson lab/parrotfish bites/IV_Sctaeniopterus_TP_2021-06-10_111339_002.MP4,1329.220,23.98,No focal subject,Bite,Foraging,None|None|None,POINT,1164.326,1164.326,NA,,
IV_Sctaeniopterus_TP_2021-06-10_111339,2025-07-03 09:35:09,,/Users/ally/Documents/johnson lab/parrotfish bites/IV_Sctaeniopterus_TP_2021-06-10_111339_002.MP4,1329.220,23.98,No focal subject,Bite,Foraging,None|None|None,POINT,1165.079,1165.079,NA,,
IV_Sctaeniopterus_TP_2021-06-10_111339,2025-07-03 09:35:09,,/Users/ally/Documents/johnson lab/parrotfish bites/IV_Sctaeniopterus_TP_2021-06-10_111339_002.MP4,1329.220,23.98,No focal subject,Bite,Foraging,None|None|None,POINT,1168.588,1168.588,NA,,
IV_Sctaeniopterus_TP_2021-06-10_111339,2025-07-03 09:35:09,,/Users/ally/Documents/johnson lab/parrotfish bites/IV_Sctaeniopterus_TP_2021-06-10_111339_002.MP4,1329.220,23.98,No focal subject,Bite,Foraging,None|None|None,POINT,1170.083,1170.083,NA,,
IV_Sctaeniopterus_TP_2021-06-10_111339,2025-07-03 09:35:09,,/Users/ally/Documents/johnson lab/parrotfish bites/IV_Sctaeniopterus_TP_2021-06-10_111339_002.MP4,1329.220,23.98,No focal subject,Bite,Foraging,None|None|None,POINT,1170.585,1170.585,NA,,
IV_Sctaeniopterus_TP_2021-06-10_111339,2025-07-03 09:35:09,,/Users/ally/Documents/johnson lab/parrotfish bites/IV_Sctaeniopterus_TP_2021-06-10_111339_002.MP4,1329.220,23.98,No focal subject,Bite,Foraging,None|None|None,POINT,1171.583,1171.583,NA,,
IV_Sctaeniopterus_TP_2021-06-10_111339,2025-07-03 09:35:09,,/Users/ally/Documents/johnson lab/parrotfish bites/IV_Sctaeniopterus_TP_2021-06-10_111339_002.MP4,1329.220,23.98,No focal subject,Bite,Foraging,None|None|None,POINT,1173.085,1173.085,NA,,
IV_Sctaeniopterus_TP_2021-06-10_111339,2025-07-03 09:35:09,,/Users/ally/Documents/johnson lab/parrotfish bites/IV_Sctaeniopterus_TP_2021-06-10_111339_002.MP4,1329.220,23.98,No focal subject,Bite,Foraging,None|None|None,POINT,1174.584,1174.584,NA,,
IV_Sctaeniopterus_TP_2021-06-10_111339,2025-07-03 09:35:09,,/Users/ally/Documents/johnson lab/parrotfish bites/IV_Sctaeniopterus_TP_2021-06-10_111339_002.MP4,1329.220,23.98,No focal subject,Bite,Foraging,None|None|None,POINT,1175.083,1175.083,NA,,
IV_Sctaeniopterus_TP_2021-06-10_111339,2025-07-03 09:35:09,,/Users/ally/Documents/johnson lab/parrotfish bites/IV_Sctaeniopterus_TP_2021-06-10_111339_002.MP4,1329.220,23.98,No focal subject,Bite,Foraging,None|None|None,POINT,1178.083,1178.083,NA,,
IV_Sctaeniopterus_TP_2021-06-10_111339,2025-07-03 09:35:09,,/Users/ally/Documents/johnson lab/parrotfish bites/IV_Sctaeniopterus_TP_2021-06-10_111339_002.MP4,1329.220,23.98,No focal subject,Bite,Foraging,None|None|None,POINT,1180.083,1180.083,NA,,
IV_Sctaeniopterus_TP_2021-06-10_111339,2025-07-03 09:35:09,,/Users/ally/Documents/johnson lab/parrotfish bites/IV_Sctaeniopterus_TP_2021-06-10_111339_002.MP4,1329.220,23.98,No focal subject,Bite,Foraging,None|None|None,POINT,1180.580,1180.580,NA,,
IV_Sctaeniopterus_TP_2021-06-10_111339,2025-07-03 09:35:09,,/Users/ally/Documents/johnson lab/parrotfish bites/IV_Sctaeniopterus_TP_2021-06-10_111339_002.MP4,1329.220,23.98,No focal subject,Bite,Foraging,None|None|None,POINT,1181.082,1181.082,NA,,
IV_Sctaeniopterus_TP_2021-06-10_111339,2025-07-03 09:35:09,,/Users/ally/Documents/johnson lab/parrotfish bites/IV_Sctaeniopterus_TP_2021-06-10_111339_002.MP4,1329.220,23.98,No focal subject,Bite,Foraging,None|None|None,POINT,1181.582,1181.582,NA,,
IV_Sctaeniopterus_TP_2021-06-10_111339,2025-07-03 09:35:09,,/Users/ally/Documents/johnson lab/parrotfish bites/IV_Sctaeniopterus_TP_2021-06-10_111339_002.MP4,1329.220,23.98,No focal subject,Bite,Foraging,None|None|None,POINT,1182.083,1182.083,NA,,
IV_Sctaeniopterus_TP_2021-06-10_111339,2025-07-03 09:35:09,,/Users/ally/Documents/johnson lab/parrotfish bites/IV_Sctaeniopterus_TP_2021-06-10_111339_002.MP4,1329.220,23.98,No focal subject,Bite,Foraging,None|None|None,POINT,1183.084,1183.084,NA,,
IV_Sctaeniopterus_TP_2021-06-10_111339,2025-07-03 09:35:09,,/Users/ally/Documents/johnson lab/parrotfish bites/IV_Sctaeniopterus_TP_2021-06-10_111339_002.MP4,1329.220,23.98,No focal subject,Bite,Foraging,None|None|None,POINT,1183.833,1183.833,NA,,
IV_Sctaeniopterus_TP_2021-06-10_111339,2025-07-03 09:35:09,,/Users/ally/Documents/johnson lab/parrotfish bites/IV_Sctaeniopterus_TP_2021-06-10_111339_002.MP4,1329.220,23.98,No focal subject,Bite,Foraging,None|None|None,POINT,1184.582,1184.582,NA,,
IV_Sctaeniopterus_TP_2021-06-10_111339,2025-07-03 09:35:09,,/Users/ally/Documents/johnson lab/parrotfish bites/IV_Sctaeniopterus_TP_2021-06-10_111339_002.MP4,1329.220,23.98,No focal subject,Bite,Foraging,None|None|None,POINT,1185.083,1185.083,NA,,
IV_Sctaeniopterus_TP_2021-06-10_111339,2025-07-03 09:35:09,,/Users/ally/Documents/johnson lab/parrotfish bites/IV_Sctaeniopterus_TP_2021-06-10_111339_002.MP4,1329.220,23.98,No focal subject,Bite,Foraging,None|None|None,POINT,1185.583,1185.583,NA,,
IV_Sctaeniopterus_TP_2021-06-10_111339,2025-07-03 09:35:09,,/Users/ally/Documents/johnson lab/parrotfish bites/IV_Sctaeniopterus_TP_2021-06-10_111339_002.MP4,1329.220,23.98,No focal subject,Bite,Foraging,None|None|None,POINT,1186.083,1186.083,NA,,
IV_Sctaeniopterus_TP_2021-06-10_111339,2025-07-03 09:35:09,,/Users/ally/Documents/johnson lab/parrotfish bites/IV_Sctaeniopterus_TP_2021-06-10_111339_002.MP4,1329.220,23.98,No focal subject,Bite,Foraging,None|None|None,POINT,1186.583,1186.583,NA,,
IV_Sctaeniopterus_TP_2021-06-10_111339,2025-07-03 09:35:09,,/Users/ally/Documents/johnson lab/parrotfish bites/IV_Sctaeniopterus_TP_2021-06-10_111339_002.MP4,1329.220,23.98,No focal subject,Bite,Foraging,None|None|None,POINT,1187.082,1187.082,NA,,
IV_Sctaeniopterus_TP_2021-06-10_111339,2025-07-03 09:35:09,,/Users/ally/Documents/johnson lab/parrotfish bites/IV_Sctaeniopterus_TP_2021-06-10_111339_002.MP4,1329.220,23.98,No focal subject,Bite,Foraging,None|None|None,POINT,1188.081,1188.081,NA,,
IV_Sctaeniopterus_TP_2021-06-10_111339,2025-07-03 09:35:09,,/Users/ally/Documents/johnson lab/parrotfish bites/IV_Sctaeniopterus_TP_2021-06-10_111339_002.MP4,1329.220,23.98,No focal subject,Cleaning,Social Interactions,,STATE,1217.581,1229.332,11.751,,
IV_Sctaeniopterus_TP_2021-06-10_111339,2025-07-03 09:35:09,,/Users/ally/Documents/johnson lab/parrotfish bites/IV_Sctaeniopterus_TP_2021-06-10_111339_002.MP4,1329.220,23.98,No focal subject,Bite,Foraging,None|None|None,POINT,1261.678,1261.678,NA,,
IV_Sctaeniopterus_TP_2021-06-10_111339,2025-07-03 09:35:09,,/Users/ally/Documents/johnson lab/parrotfish bites/IV_Sctaeniopterus_TP_2021-06-10_111339_002.MP4,1329.220,23.98,No focal subject,Bite,Foraging,None|None|None,POINT,1263.677,1263.677,NA,,
IV_Sctaeniopterus_TP_2021-06-10_111339,2025-07-03 09:35:09,,/Users/ally/Documents/johnson lab/parrotfish bites/IV_Sctaeniopterus_TP_2021-06-10_111339_002.MP4,1329.220,23.98,No focal subject,Bite,Foraging,None|None|None,POINT,1264.672,1264.672,NA,,
IV_Sctaeniopterus_TP_2021-06-10_111339,2025-07-03 09:35:09,,/Users/ally/Documents/johnson lab/parrotfish bites/IV_Sctaeniopterus_TP_2021-06-10_111339_002.MP4,1329.220,23.98,No focal subject,Bite,Foraging,None|None|None,POINT,1267.673,1267.673,NA,,
IV_Sctaeniopterus_TP_2021-06-10_111339,2025-07-03 09:35:09,,/Users/ally/Documents/johnson lab/parrotfish bites/IV_Sctaeniopterus_TP_2021-06-10_111339_002.MP4,1329.220,23.98,No focal subject,Bite,Foraging,None|None|None,POINT,1268.422,1268.422,NA,,
IV_Sctaeniopterus_TP_2021-06-10_111339,2025-07-03 09:35:09,,/Users/ally/Documents/johnson lab/parrotfish bites/IV_Sctaeniopterus_TP_2021-06-10_111339_002.MP4,1329.220,23.98,No focal subject,Bite,Foraging,None|None|None,POINT,1281.178,1281.178,NA,,
IV_Sctaeniopterus_TP_2021-06-10_111339,2025-07-03 09:35:09,,/Users/ally/Documents/johnson lab/parrotfish bites/IV_Sctaeniopterus_TP_2021-06-10_111339_002.MP4,1329.220,23.98,No focal subject,Bite,Foraging,None|None|None,POINT,1282.179,1282.179,NA,,
IV_Sctaeniopterus_TP_2021-06-10_111339,2025-07-03 09:35:09,,/Users/ally/Documents/johnson lab/parrotfish bites/IV_Sctaeniopterus_TP_2021-06-10_111339_002.MP4,1329.220,23.98,No focal subject,Bite,Foraging,None|None|None,POINT,1284.676,1284.676,NA,,
IV_Sctaeniopterus_TP_2021-06-10_111339,2025-07-03 09:35:09,,/Users/ally/Documents/johnson lab/parrotfish bites/IV_Sctaeniopterus_TP_2021-06-10_111339_002.MP4,1329.220,23.98,No focal subject,Bite,Foraging,None|None|None,POINT,1285.424,1285.424,NA,,
IV_Sctaeniopterus_TP_2021-06-10_111339,2025-07-03 09:35:09,,/Users/ally/Documents/johnson lab/parrotfish bites/IV_Sctaeniopterus_TP_2021-06-10_111339_002.MP4,1329.220,23.98,No focal subject,Bite,Foraging,None|None|None,POINT,1285.676,1285.676,NA,,
IV_Sctaeniopterus_TP_2021-06-10_111339,2025-07-03 09:35:09,,/Users/ally/Documents/johnson lab/parrotfish bites/IV_Sctaeniopterus_TP_2021-06-10_111339_002.MP4,1329.220,23.98,No focal subject,Bite,Foraging,None|None|None,POINT,1286.926,1286.926,NA,,
IV_Sctaeniopterus_TP_2021-06-10_111339,2025-07-03 09:35:09,,/Users/ally/Documents/johnson lab/parrotfish bites/IV_Sctaeniopterus_TP_2021-06-10_111339_002.MP4,1329.220,23.98,No focal subject,Bite,Foraging,None|None|None,POINT,1287.678,1287.678,NA,,
IV_Sctaeniopterus_TP_2021-06-10_111339,2025-07-03 09:35:09,,/Users/ally/Documents/johnson lab/parrotfish bites/IV_Sctaeniopterus_TP_2021-06-10_111339_002.MP4,1329.220,23.98,No focal subject,Bite,Foraging,None|None|None,POINT,1288.176,1288.176,NA,,
IV_Sctaeniopterus_TP_2021-06-10_111339,2025-07-03 09:35:09,,/Users/ally/Documents/johnson lab/parrotfish bites/IV_Sctaeniopterus_TP_2021-06-10_111339_002.MP4,1329.220,23.98,No focal subject,Bite,Foraging,None|None|None,POINT,1288.676,1288.676,NA,,
IV_Sctaeniopterus_TP_2021-06-10_111339,2025-07-03 09:35:09,,/Users/ally/Documents/johnson lab/parrotfish bites/IV_Sctaeniopterus_TP_2021-06-10_111339_002.MP4,1329.220,23.98,No focal subject,Bite,Foraging,None|None|None,POINT,1289.679,1289.679,NA,,
IV_Sctaeniopterus_TP_2021-06-10_111339,2025-07-03 09:35:09,,/Users/ally/Documents/johnson lab/parrotfish bites/IV_Sctaeniopterus_TP_2021-06-10_111339_002.MP4,1329.220,23.98,No focal subject,Bite,Foraging,None|None|None,POINT,1291.178,1291.178,NA,,
IV_Sctaeniopterus_TP_2021-06-10_111339,2025-07-03 09:35:09,,/Users/ally/Documents/johnson lab/parrotfish bites/IV_Sctaeniopterus_TP_2021-06-10_111339_002.MP4,1329.220,23.98,No focal subject,Bite,Foraging,None|None|None,POINT,1292.177,1292.177,NA,,
IV_Sctaeniopterus_TP_2021-06-10_111339,2025-07-03 09:35:09,,/Users/ally/Documents/johnson lab/parrotfish bites/IV_Sctaeniopterus_TP_2021-06-10_111339_002.MP4,1329.220,23.98,No focal subject,Bite,Foraging,None|None|None,POINT,1296.928,1296.928,NA,,
IV_Sctaeniopterus_TP_2021-06-10_111339,2025-07-03 09:35:09,,/Users/ally/Documents/johnson lab/parrotfish bites/IV_Sctaeniopterus_TP_2021-06-10_111339_002.MP4,1329.220,23.98,No focal subject,Bite,Foraging,None|None|None,POINT,1297.426,1297.426,NA,,
IV_Sctaeniopterus_TP_2021-06-10_111339,2025-07-03 09:35:09,,/Users/ally/Documents/johnson lab/parrotfish bites/IV_Sctaeniopterus_TP_2021-06-10_111339_002.MP4,1329.220,23.98,No focal subject,Bite,Foraging,None|None|None,POINT,1298.178,1298.178,NA,,
IV_Sctaeniopterus_TP_2021-06-10_111339,2025-07-03 09:35:09,,/Users/ally/Documents/johnson lab/parrotfish bites/IV_Sctaeniopterus_TP_2021-06-10_111339_002.MP4,1329.220,23.98,No focal subject,Bite,Foraging,None|None|None,POINT,1302.678,1302.678,NA,,
IV_Sctaeniopterus_TP_2021-06-10_111339,2025-07-03 09:35:09,,/Users/ally/Documents/johnson lab/parrotfish bites/IV_Sctaeniopterus_TP_2021-06-10_111339_002.MP4,1329.220,23.98,No focal subject,Bite,Foraging,None|None|None,POINT,1304.180,1304.180,NA,,
IV_Sctaeniopterus_TP_2021-06-10_111339,2025-07-03 09:35:09,,/Users/ally/Documents/johnson lab/parrotfish bites/IV_Sctaeniopterus_TP_2021-06-10_111339_002.MP4,1329.220,23.98,No focal subject,Bite,Foraging,None|None|None,POINT,1305.679,1305.679,NA,,
IV_Sctaeniopterus_TP_2021-06-10_111339,2025-07-03 09:35:09,,/Users/ally/Documents/johnson lab/parrotfish bites/IV_Sctaeniopterus_TP_2021-06-10_111339_002.MP4,1329.220,23.98,No focal subject,Bite,Foraging,None|None|None,POINT,1307.176,1307.176,NA,,
IV_Sctaeniopterus_TP_2021-06-10_111339,2025-07-03 09:35:09,,/Users/ally/Documents/johnson lab/parrotfish bites/IV_Sctaeniopterus_TP_2021-06-10_111339_002.MP4,1329.220,23.98,No focal subject,Bite,Foraging,None|None|None,POINT,1309.677,1309.677,NA,,
IV_Sctaeniopterus_TP_2021-06-10_111339,2025-07-03 09:35:09,,/Users/ally/Documents/johnson lab/parrotfish bites/IV_Sctaeniopterus_TP_2021-06-10_111339_002.MP4,1329.220,23.98,No focal subject,Bite,Foraging,None|None|None,POINT,1310.676,1310.676,NA,,
IV_Sctaeniopterus_TP_2021-06-10_111339,2025-07-03 09:35:09,,/Users/ally/Documents/johnson lab/parrotfish bites/IV_Sctaeniopterus_TP_2021-06-10_111339_002.MP4,1329.220,23.98,No focal subject,Bite,Foraging,None|None|None,POINT,1311.676,1311.676,NA,,
IV_Sctaeniopterus_TP_2021-06-10_111339,2025-07-03 09:35:09,,/Users/ally/Documents/johnson lab/parrotfish bites/IV_Sctaeniopterus_TP_2021-06-10_111339_002.MP4,1329.220,23.98,No focal subject,Bite,Foraging,None|None|None,POINT,1314.178,1314.178,NA,,
IV_Sctaeniopterus_TP_2021-06-10_111339,2025-07-03 09:35:09,,/Users/ally/Documents/johnson lab/parrotfish bites/IV_Sctaeniopterus_TP_2021-06-10_111339_002.MP4,1329.220,23.98,No focal subject,Bite,Foraging,None|None|None,POINT,1315.677,1315.677,NA,,
IV_Sctaeniopterus_TP_2021-06-10_111339,2025-07-03 09:35:09,,/Users/ally/Documents/johnson lab/parrotfish bites/IV_Sctaeniopterus_TP_2021-06-10_111339_002.MP4,1329.220,23.98,No focal subject,Watch Time,Time Keeping,111328,POINT,1325.177,1325.177,NA,,
