Observation id,Observation date,Description,Media file,Total length,FPS,Subject,Behavior,Behavioral category,Modifiers,Behavior type,Start (s),Stop (s),Duration (s),Comment start,Comment stop
IV_Sctaeniopterus_TP_2021-07-01_154516,6/25/2025 14:13,,/Users/aimeed/Desktop/BiteCounts/IV_Sctaeniopterus_TP_2021-07-01_154516_001.MP4,1177.73,23.98,No focal subject,Watch Time,Time Keeping,152534,POINT,0.41,0.41,NA,,
IV_Sctaeniopterus_TP_2021-07-01_154516,6/25/2025 14:13,,/Users/aimeed/Desktop/BiteCounts/IV_Sctaeniopterus_TP_2021-07-01_154516_001.MP4,1177.73,23.98,No focal subject,START/STOP,Time Keeping,,STATE,3.912,1173.946,1170.034,,
IV_Sctaeniopterus_TP_2021-07-01_154516,6/25/2025 14:13,,/Users/aimeed/Desktop/BiteCounts/IV_Sctaeniopterus_TP_2021-07-01_154516_001.MP4,1177.73,23.98,No focal subject,Bite,Foraging,None|None|None,POINT,13.911,13.911,NA,,
IV_Sctaeniopterus_TP_2021-07-01_154516,6/25/2025 14:13,,/Users/aimeed/Desktop/BiteCounts/IV_Sctaeniopterus_TP_2021-07-01_154516_001.MP4,1177.73,23.98,No focal subject,Bite,Foraging,None|None|None,POINT,14.412,14.412,NA,,
IV_Sctaeniopterus_TP_2021-07-01_154516,6/25/2025 14:13,,/Users/aimeed/Desktop/BiteCounts/IV_Sctaeniopterus_TP_2021-07-01_154516_001.MP4,1177.73,23.98,No focal subject,Bite,Foraging,None|None|None,POINT,15.414,15.414,NA,,
IV_Sctaeniopterus_TP_2021-07-01_154516,6/25/2025 14:13,,/Users/aimeed/Desktop/BiteCounts/IV_Sctaeniopterus_TP_2021-07-01_154516_001.MP4,1177.73,23.98,No focal subject,Bite,Foraging,None|None|None,POINT,16.414,16.414,NA,,
IV_Sctaeniopterus_TP_2021-07-01_154516,6/25/2025 14:13,,/Users/aimeed/Desktop/BiteCounts/IV_Sctaeniopterus_TP_2021-07-01_154516_001.MP4,1177.73,23.98,No focal subject,Bite,Foraging,None|None|None,POINT,17.912,17.912,NA,,
IV_Sctaeniopterus_TP_2021-07-01_154516,6/25/2025 14:13,,/Users/aimeed/Desktop/BiteCounts/IV_Sctaeniopterus_TP_2021-07-01_154516_001.MP4,1177.73,23.98,No focal subject,Bite,Foraging,None|None|None,POINT,19.411,19.411,NA,,
IV_Sctaeniopterus_TP_2021-07-01_154516,6/25/2025 14:13,,/Users/aimeed/Desktop/BiteCounts/IV_Sctaeniopterus_TP_2021-07-01_154516_001.MP4,1177.73,23.98,No focal subject,Bite,Foraging,None|None|None,POINT,20.161,20.161,NA,,
IV_Sctaeniopterus_TP_2021-07-01_154516,6/25/2025 14:13,,/Users/aimeed/Desktop/BiteCounts/IV_Sctaeniopterus_TP_2021-07-01_154516_001.MP4,1177.73,23.98,No focal subject,Bite,Foraging,None|None|None,POINT,20.662,20.662,NA,,
IV_Sctaeniopterus_TP_2021-07-01_154516,6/25/2025 14:13,,/Users/aimeed/Desktop/BiteCounts/IV_Sctaeniopterus_TP_2021-07-01_154516_001.MP4,1177.73,23.98,No focal subject,Bite,Foraging,None|None|None,POINT,21.413,21.413,NA,,
IV_Sctaeniopterus_TP_2021-07-01_154516,6/25/2025 14:13,,/Users/aimeed/Desktop/BiteCounts/IV_Sctaeniopterus_TP_2021-07-01_154516_001.MP4,1177.73,23.98,No focal subject,Bite,Foraging,None|None|None,POINT,21.912,21.912,NA,,
IV_Sctaeniopterus_TP_2021-07-01_154516,6/25/2025 14:13,,/Users/aimeed/Desktop/BiteCounts/IV_Sctaeniopterus_TP_2021-07-01_154516_001.MP4,1177.73,23.98,No focal subject,Bite,Foraging,None|None|None,POINT,22.913,22.913,NA,,
IV_Sctaeniopterus_TP_2021-07-01_154516,6/25/2025 14:13,,/Users/aimeed/Desktop/BiteCounts/IV_Sctaeniopterus_TP_2021-07-01_154516_001.MP4,1177.73,23.98,No focal subject,Bite,Foraging,None|None|None,POINT,23.915,23.915,NA,,
IV_Sctaeniopterus_TP_2021-07-01_154516,6/25/2025 14:13,,/Users/aimeed/Desktop/BiteCounts/IV_Sctaeniopterus_TP_2021-07-01_154516_001.MP4,1177.73,23.98,No focal subject,Bite,Foraging,None|None|None,POINT,24.411,24.411,NA,,
IV_Sctaeniopterus_TP_2021-07-01_154516,6/25/2025 14:13,,/Users/aimeed/Desktop/BiteCounts/IV_Sctaeniopterus_TP_2021-07-01_154516_001.MP4,1177.73,23.98,No focal subject,Bite,Foraging,None|None|None,POINT,25.914,25.914,NA,,
IV_Sctaeniopterus_TP_2021-07-01_154516,6/25/2025 14:13,,/Users/aimeed/Desktop/BiteCounts/IV_Sctaeniopterus_TP_2021-07-01_154516_001.MP4,1177.73,23.98,No focal subject,Bite,Foraging,None|None|None,POINT,26.915,26.915,NA,,
IV_Sctaeniopterus_TP_2021-07-01_154516,6/25/2025 14:13,,/Users/aimeed/Desktop/BiteCounts/IV_Sctaeniopterus_TP_2021-07-01_154516_001.MP4,1177.73,23.98,No focal subject,Bite,Foraging,None|None|None,POINT,27.415,27.415,NA,,
IV_Sctaeniopterus_TP_2021-07-01_154516,6/25/2025 14:13,,/Users/aimeed/Desktop/BiteCounts/IV_Sctaeniopterus_TP_2021-07-01_154516_001.MP4,1177.73,23.98,No focal subject,Bite,Foraging,None|None|None,POINT,27.912,27.912,NA,,
IV_Sctaeniopterus_TP_2021-07-01_154516,6/25/2025 14:13,,/Users/aimeed/Desktop/BiteCounts/IV_Sctaeniopterus_TP_2021-07-01_154516_001.MP4,1177.73,23.98,No focal subject,Bite,Foraging,None|None|None,POINT,29.91,29.91,NA,,
IV_Sctaeniopterus_TP_2021-07-01_154516,6/25/2025 14:13,,/Users/aimeed/Desktop/BiteCounts/IV_Sctaeniopterus_TP_2021-07-01_154516_001.MP4,1177.73,23.98,No focal subject,Bite,Foraging,None|None|None,POINT,30.162,30.162,NA,,
IV_Sctaeniopterus_TP_2021-07-01_154516,6/25/2025 14:13,,/Users/aimeed/Desktop/BiteCounts/IV_Sctaeniopterus_TP_2021-07-01_154516_001.MP4,1177.73,23.98,No focal subject,Bite,Foraging,None|None|None,POINT,31.415,31.415,NA,,
IV_Sctaeniopterus_TP_2021-07-01_154516,6/25/2025 14:13,,/Users/aimeed/Desktop/BiteCounts/IV_Sctaeniopterus_TP_2021-07-01_154516_001.MP4,1177.73,23.98,No focal subject,Bite,Foraging,None|None|None,POINT,31.911,31.911,NA,,
IV_Sctaeniopterus_TP_2021-07-01_154516,6/25/2025 14:13,,/Users/aimeed/Desktop/BiteCounts/IV_Sctaeniopterus_TP_2021-07-01_154516_001.MP4,1177.73,23.98,No focal subject,Bite,Foraging,None|None|None,POINT,32.411,32.411,NA,,
IV_Sctaeniopterus_TP_2021-07-01_154516,6/25/2025 14:13,,/Users/aimeed/Desktop/BiteCounts/IV_Sctaeniopterus_TP_2021-07-01_154516_001.MP4,1177.73,23.98,No focal subject,Bite,Foraging,None|None|None,POINT,33.664,33.664,NA,,
IV_Sctaeniopterus_TP_2021-07-01_154516,6/25/2025 14:13,,/Users/aimeed/Desktop/BiteCounts/IV_Sctaeniopterus_TP_2021-07-01_154516_001.MP4,1177.73,23.98,No focal subject,Bite,Foraging,None|None|None,POINT,34.161,34.161,NA,,
IV_Sctaeniopterus_TP_2021-07-01_154516,6/25/2025 14:13,,/Users/aimeed/Desktop/BiteCounts/IV_Sctaeniopterus_TP_2021-07-01_154516_001.MP4,1177.73,23.98,No focal subject,Bite,Foraging,None|None|None,POINT,34.915,34.915,NA,,
IV_Sctaeniopterus_TP_2021-07-01_154516,6/25/2025 14:13,,/Users/aimeed/Desktop/BiteCounts/IV_Sctaeniopterus_TP_2021-07-01_154516_001.MP4,1177.73,23.98,No focal subject,Bite,Foraging,None|None|None,POINT,35.412,35.412,NA,,
IV_Sctaeniopterus_TP_2021-07-01_154516,6/25/2025 14:13,,/Users/aimeed/Desktop/BiteCounts/IV_Sctaeniopterus_TP_2021-07-01_154516_001.MP4,1177.73,23.98,No focal subject,Bite,Foraging,None|None|None,POINT,37.415,37.415,NA,,
IV_Sctaeniopterus_TP_2021-07-01_154516,6/25/2025 14:13,,/Users/aimeed/Desktop/BiteCounts/IV_Sctaeniopterus_TP_2021-07-01_154516_001.MP4,1177.73,23.98,No focal subject,Bite,Foraging,None|None|None,POINT,44.911,44.911,NA,,
IV_Sctaeniopterus_TP_2021-07-01_154516,6/25/2025 14:13,,/Users/aimeed/Desktop/BiteCounts/IV_Sctaeniopterus_TP_2021-07-01_154516_001.MP4,1177.73,23.98,No focal subject,Bite,Foraging,None|None|None,POINT,45.41,45.41,NA,,
IV_Sctaeniopterus_TP_2021-07-01_154516,6/25/2025 14:13,,/Users/aimeed/Desktop/BiteCounts/IV_Sctaeniopterus_TP_2021-07-01_154516_001.MP4,1177.73,23.98,No focal subject,Bite,Foraging,None|None|None,POINT,45.912,45.912,NA,,
IV_Sctaeniopterus_TP_2021-07-01_154516,6/25/2025 14:13,,/Users/aimeed/Desktop/BiteCounts/IV_Sctaeniopterus_TP_2021-07-01_154516_001.MP4,1177.73,23.98,No focal subject,Bite,Foraging,None|None|None,POINT,47.41,47.41,NA,,
IV_Sctaeniopterus_TP_2021-07-01_154516,6/25/2025 14:13,,/Users/aimeed/Desktop/BiteCounts/IV_Sctaeniopterus_TP_2021-07-01_154516_001.MP4,1177.73,23.98,No focal subject,Bite,Foraging,None|None|None,POINT,48.159,48.159,NA,,
IV_Sctaeniopterus_TP_2021-07-01_154516,6/25/2025 14:13,,/Users/aimeed/Desktop/BiteCounts/IV_Sctaeniopterus_TP_2021-07-01_154516_001.MP4,1177.73,23.98,No focal subject,Bite,Foraging,None|None|None,POINT,48.91,48.91,NA,,
IV_Sctaeniopterus_TP_2021-07-01_154516,6/25/2025 14:13,,/Users/aimeed/Desktop/BiteCounts/IV_Sctaeniopterus_TP_2021-07-01_154516_001.MP4,1177.73,23.98,No focal subject,Bite,Foraging,None|None|None,POINT,50.155,50.155,NA,,
IV_Sctaeniopterus_TP_2021-07-01_154516,6/25/2025 14:13,,/Users/aimeed/Desktop/BiteCounts/IV_Sctaeniopterus_TP_2021-07-01_154516_001.MP4,1177.73,23.98,No focal subject,Bite,Foraging,None|None|None,POINT,50.91,50.91,NA,,
IV_Sctaeniopterus_TP_2021-07-01_154516,6/25/2025 14:13,,/Users/aimeed/Desktop/BiteCounts/IV_Sctaeniopterus_TP_2021-07-01_154516_001.MP4,1177.73,23.98,No focal subject,Bite,Foraging,None|None|None,POINT,51.91,51.91,NA,,
IV_Sctaeniopterus_TP_2021-07-01_154516,6/25/2025 14:13,,/Users/aimeed/Desktop/BiteCounts/IV_Sctaeniopterus_TP_2021-07-01_154516_001.MP4,1177.73,23.98,No focal subject,Bite,Foraging,None|None|None,POINT,53.159,53.159,NA,,
IV_Sctaeniopterus_TP_2021-07-01_154516,6/25/2025 14:13,,/Users/aimeed/Desktop/BiteCounts/IV_Sctaeniopterus_TP_2021-07-01_154516_001.MP4,1177.73,23.98,No focal subject,Bite,Foraging,None|None|None,POINT,54.412,54.412,NA,,
IV_Sctaeniopterus_TP_2021-07-01_154516,6/25/2025 14:13,,/Users/aimeed/Desktop/BiteCounts/IV_Sctaeniopterus_TP_2021-07-01_154516_001.MP4,1177.73,23.98,No focal subject,Bite,Foraging,None|None|None,POINT,55.658,55.658,NA,,
IV_Sctaeniopterus_TP_2021-07-01_154516,6/25/2025 14:13,,/Users/aimeed/Desktop/BiteCounts/IV_Sctaeniopterus_TP_2021-07-01_154516_001.MP4,1177.73,23.98,No focal subject,Bite,Foraging,None|None|None,POINT,56.658,56.658,NA,,
IV_Sctaeniopterus_TP_2021-07-01_154516,6/25/2025 14:13,,/Users/aimeed/Desktop/BiteCounts/IV_Sctaeniopterus_TP_2021-07-01_154516_001.MP4,1177.73,23.98,No focal subject,Bite,Foraging,None|None|None,POINT,57.91,57.91,NA,,
IV_Sctaeniopterus_TP_2021-07-01_154516,6/25/2025 14:13,,/Users/aimeed/Desktop/BiteCounts/IV_Sctaeniopterus_TP_2021-07-01_154516_001.MP4,1177.73,23.98,No focal subject,Bite,Foraging,None|None|None,POINT,58.912,58.912,NA,,
IV_Sctaeniopterus_TP_2021-07-01_154516,6/25/2025 14:13,,/Users/aimeed/Desktop/BiteCounts/IV_Sctaeniopterus_TP_2021-07-01_154516_001.MP4,1177.73,23.98,No focal subject,Bite,Foraging,None|None|None,POINT,60.411,60.411,NA,,
IV_Sctaeniopterus_TP_2021-07-01_154516,6/25/2025 14:13,,/Users/aimeed/Desktop/BiteCounts/IV_Sctaeniopterus_TP_2021-07-01_154516_001.MP4,1177.73,23.98,No focal subject,Bite,Foraging,None|None|None,POINT,61.411,61.411,NA,,
IV_Sctaeniopterus_TP_2021-07-01_154516,6/25/2025 14:13,,/Users/aimeed/Desktop/BiteCounts/IV_Sctaeniopterus_TP_2021-07-01_154516_001.MP4,1177.73,23.98,No focal subject,Bite,Foraging,None|None|None,POINT,97.658,97.658,NA,,
IV_Sctaeniopterus_TP_2021-07-01_154516,6/25/2025 14:13,,/Users/aimeed/Desktop/BiteCounts/IV_Sctaeniopterus_TP_2021-07-01_154516_001.MP4,1177.73,23.98,No focal subject,Bite,Foraging,None|None|None,POINT,99.41,99.41,NA,,
IV_Sctaeniopterus_TP_2021-07-01_154516,6/25/2025 14:13,,/Users/aimeed/Desktop/BiteCounts/IV_Sctaeniopterus_TP_2021-07-01_154516_001.MP4,1177.73,23.98,No focal subject,Bite,Foraging,None|None|None,POINT,101.413,101.413,NA,,
IV_Sctaeniopterus_TP_2021-07-01_154516,6/25/2025 14:13,,/Users/aimeed/Desktop/BiteCounts/IV_Sctaeniopterus_TP_2021-07-01_154516_001.MP4,1177.73,23.98,No focal subject,Bite,Foraging,None|None|None,POINT,103.156,103.156,NA,,
IV_Sctaeniopterus_TP_2021-07-01_154516,6/25/2025 14:13,,/Users/aimeed/Desktop/BiteCounts/IV_Sctaeniopterus_TP_2021-07-01_154516_001.MP4,1177.73,23.98,No focal subject,Bite,Foraging,None|None|None,POINT,106.411,106.411,NA,,
IV_Sctaeniopterus_TP_2021-07-01_154516,6/25/2025 14:13,,/Users/aimeed/Desktop/BiteCounts/IV_Sctaeniopterus_TP_2021-07-01_154516_001.MP4,1177.73,23.98,No focal subject,Bite,Foraging,None|None|None,POINT,108.155,108.155,NA,,
IV_Sctaeniopterus_TP_2021-07-01_154516,6/25/2025 14:13,,/Users/aimeed/Desktop/BiteCounts/IV_Sctaeniopterus_TP_2021-07-01_154516_001.MP4,1177.73,23.98,No focal subject,Bite,Foraging,None|None|None,POINT,109.159,109.159,NA,,
IV_Sctaeniopterus_TP_2021-07-01_154516,6/25/2025 14:13,,/Users/aimeed/Desktop/BiteCounts/IV_Sctaeniopterus_TP_2021-07-01_154516_001.MP4,1177.73,23.98,No focal subject,Bite,Foraging,None|None|None,POINT,109.911,109.911,NA,,
IV_Sctaeniopterus_TP_2021-07-01_154516,6/25/2025 14:13,,/Users/aimeed/Desktop/BiteCounts/IV_Sctaeniopterus_TP_2021-07-01_154516_001.MP4,1177.73,23.98,No focal subject,Bite,Foraging,None|None|None,POINT,110.911,110.911,NA,,
IV_Sctaeniopterus_TP_2021-07-01_154516,6/25/2025 14:13,,/Users/aimeed/Desktop/BiteCounts/IV_Sctaeniopterus_TP_2021-07-01_154516_001.MP4,1177.73,23.98,No focal subject,Bite,Foraging,None|None|None,POINT,111.659,111.659,NA,,
IV_Sctaeniopterus_TP_2021-07-01_154516,6/25/2025 14:13,,/Users/aimeed/Desktop/BiteCounts/IV_Sctaeniopterus_TP_2021-07-01_154516_001.MP4,1177.73,23.98,No focal subject,Bite,Foraging,None|None|None,POINT,112.412,112.412,NA,,
IV_Sctaeniopterus_TP_2021-07-01_154516,6/25/2025 14:13,,/Users/aimeed/Desktop/BiteCounts/IV_Sctaeniopterus_TP_2021-07-01_154516_001.MP4,1177.73,23.98,No focal subject,Bite,Foraging,None|None|None,POINT,113.661,113.661,NA,,
IV_Sctaeniopterus_TP_2021-07-01_154516,6/25/2025 14:13,,/Users/aimeed/Desktop/BiteCounts/IV_Sctaeniopterus_TP_2021-07-01_154516_001.MP4,1177.73,23.98,No focal subject,Cleaning,Social Interactions,,STATE,140.54,145.549,5.009,,
IV_Sctaeniopterus_TP_2021-07-01_154516,6/25/2025 14:13,,/Users/aimeed/Desktop/BiteCounts/IV_Sctaeniopterus_TP_2021-07-01_154516_001.MP4,1177.73,23.98,No focal subject,Bite,Foraging,None|None|None,POINT,162.549,162.549,NA,,
IV_Sctaeniopterus_TP_2021-07-01_154516,6/25/2025 14:13,,/Users/aimeed/Desktop/BiteCounts/IV_Sctaeniopterus_TP_2021-07-01_154516_001.MP4,1177.73,23.98,No focal subject,Bite,Foraging,None|None|None,POINT,163.297,163.297,NA,,
IV_Sctaeniopterus_TP_2021-07-01_154516,6/25/2025 14:13,,/Users/aimeed/Desktop/BiteCounts/IV_Sctaeniopterus_TP_2021-07-01_154516_001.MP4,1177.73,23.98,No focal subject,Bite,Foraging,None|None|None,POINT,163.795,163.795,NA,,
IV_Sctaeniopterus_TP_2021-07-01_154516,6/25/2025 14:13,,/Users/aimeed/Desktop/BiteCounts/IV_Sctaeniopterus_TP_2021-07-01_154516_001.MP4,1177.73,23.98,No focal subject,Bite,Foraging,None|None|None,POINT,164.548,164.548,NA,,
IV_Sctaeniopterus_TP_2021-07-01_154516,6/25/2025 14:13,,/Users/aimeed/Desktop/BiteCounts/IV_Sctaeniopterus_TP_2021-07-01_154516_001.MP4,1177.73,23.98,No focal subject,Bite,Foraging,None|None|None,POINT,166.296,166.296,NA,,
IV_Sctaeniopterus_TP_2021-07-01_154516,6/25/2025 14:13,,/Users/aimeed/Desktop/BiteCounts/IV_Sctaeniopterus_TP_2021-07-01_154516_001.MP4,1177.73,23.98,No focal subject,Bite,Foraging,None|None|None,POINT,167.049,167.049,NA,,
IV_Sctaeniopterus_TP_2021-07-01_154516,6/25/2025 14:13,,/Users/aimeed/Desktop/BiteCounts/IV_Sctaeniopterus_TP_2021-07-01_154516_001.MP4,1177.73,23.98,No focal subject,Bite,Foraging,None|None|None,POINT,168.296,168.296,NA,,
IV_Sctaeniopterus_TP_2021-07-01_154516,6/25/2025 14:13,,/Users/aimeed/Desktop/BiteCounts/IV_Sctaeniopterus_TP_2021-07-01_154516_001.MP4,1177.73,23.98,No focal subject,Bite,Foraging,None|None|None,POINT,169.297,169.297,NA,,
IV_Sctaeniopterus_TP_2021-07-01_154516,6/25/2025 14:13,,/Users/aimeed/Desktop/BiteCounts/IV_Sctaeniopterus_TP_2021-07-01_154516_001.MP4,1177.73,23.98,No focal subject,Bite,Foraging,None|None|None,POINT,170.297,170.297,NA,,
IV_Sctaeniopterus_TP_2021-07-01_154516,6/25/2025 14:13,,/Users/aimeed/Desktop/BiteCounts/IV_Sctaeniopterus_TP_2021-07-01_154516_001.MP4,1177.73,23.98,No focal subject,Bite,Foraging,None|None|None,POINT,172.795,172.795,NA,,
IV_Sctaeniopterus_TP_2021-07-01_154516,6/25/2025 14:13,,/Users/aimeed/Desktop/BiteCounts/IV_Sctaeniopterus_TP_2021-07-01_154516_001.MP4,1177.73,23.98,No focal subject,Bite,Foraging,None|None|None,POINT,173.296,173.296,NA,,
IV_Sctaeniopterus_TP_2021-07-01_154516,6/25/2025 14:13,,/Users/aimeed/Desktop/BiteCounts/IV_Sctaeniopterus_TP_2021-07-01_154516_001.MP4,1177.73,23.98,No focal subject,Bite,Foraging,None|None|None,POINT,174.049,174.049,NA,,
IV_Sctaeniopterus_TP_2021-07-01_154516,6/25/2025 14:13,,/Users/aimeed/Desktop/BiteCounts/IV_Sctaeniopterus_TP_2021-07-01_154516_001.MP4,1177.73,23.98,No focal subject,Bite,Foraging,None|None|None,POINT,180.297,180.297,NA,,
IV_Sctaeniopterus_TP_2021-07-01_154516,6/25/2025 14:13,,/Users/aimeed/Desktop/BiteCounts/IV_Sctaeniopterus_TP_2021-07-01_154516_001.MP4,1177.73,23.98,No focal subject,Bite,Foraging,None|None|None,POINT,180.798,180.798,NA,,
IV_Sctaeniopterus_TP_2021-07-01_154516,6/25/2025 14:13,,/Users/aimeed/Desktop/BiteCounts/IV_Sctaeniopterus_TP_2021-07-01_154516_001.MP4,1177.73,23.98,No focal subject,Bite,Foraging,None|None|None,POINT,182.295,182.295,NA,,
IV_Sctaeniopterus_TP_2021-07-01_154516,6/25/2025 14:13,,/Users/aimeed/Desktop/BiteCounts/IV_Sctaeniopterus_TP_2021-07-01_154516_001.MP4,1177.73,23.98,No focal subject,Bite,Foraging,None|None|None,POINT,183.297,183.297,NA,,
IV_Sctaeniopterus_TP_2021-07-01_154516,6/25/2025 14:13,,/Users/aimeed/Desktop/BiteCounts/IV_Sctaeniopterus_TP_2021-07-01_154516_001.MP4,1177.73,23.98,No focal subject,Bite,Foraging,None|None|None,POINT,184.048,184.048,NA,,
IV_Sctaeniopterus_TP_2021-07-01_154516,6/25/2025 14:13,,/Users/aimeed/Desktop/BiteCounts/IV_Sctaeniopterus_TP_2021-07-01_154516_001.MP4,1177.73,23.98,No focal subject,Bite,Foraging,None|None|None,POINT,185.048,185.048,NA,,
IV_Sctaeniopterus_TP_2021-07-01_154516,6/25/2025 14:13,,/Users/aimeed/Desktop/BiteCounts/IV_Sctaeniopterus_TP_2021-07-01_154516_001.MP4,1177.73,23.98,No focal subject,Bite,Foraging,None|None|None,POINT,187.048,187.048,NA,,
IV_Sctaeniopterus_TP_2021-07-01_154516,6/25/2025 14:13,,/Users/aimeed/Desktop/BiteCounts/IV_Sctaeniopterus_TP_2021-07-01_154516_001.MP4,1177.73,23.98,No focal subject,Bite,Foraging,None|None|None,POINT,189.048,189.048,NA,,
IV_Sctaeniopterus_TP_2021-07-01_154516,6/25/2025 14:13,,/Users/aimeed/Desktop/BiteCounts/IV_Sctaeniopterus_TP_2021-07-01_154516_001.MP4,1177.73,23.98,No focal subject,Bite,Foraging,None|None|None,POINT,189.791,189.791,NA,,
IV_Sctaeniopterus_TP_2021-07-01_154516,6/25/2025 14:13,,/Users/aimeed/Desktop/BiteCounts/IV_Sctaeniopterus_TP_2021-07-01_154516_001.MP4,1177.73,23.98,No focal subject,Bite,Foraging,None|None|None,POINT,190.292,190.292,NA,,
IV_Sctaeniopterus_TP_2021-07-01_154516,6/25/2025 14:13,,/Users/aimeed/Desktop/BiteCounts/IV_Sctaeniopterus_TP_2021-07-01_154516_001.MP4,1177.73,23.98,No focal subject,Bite,Foraging,None|None|None,POINT,191.295,191.295,NA,,
IV_Sctaeniopterus_TP_2021-07-01_154516,6/25/2025 14:13,,/Users/aimeed/Desktop/BiteCounts/IV_Sctaeniopterus_TP_2021-07-01_154516_001.MP4,1177.73,23.98,No focal subject,Bite,Foraging,None|None|None,POINT,192.048,192.048,NA,,
IV_Sctaeniopterus_TP_2021-07-01_154516,6/25/2025 14:13,,/Users/aimeed/Desktop/BiteCounts/IV_Sctaeniopterus_TP_2021-07-01_154516_001.MP4,1177.73,23.98,No focal subject,Bite,Foraging,None|None|None,POINT,192.797,192.797,NA,,
IV_Sctaeniopterus_TP_2021-07-01_154516,6/25/2025 14:13,,/Users/aimeed/Desktop/BiteCounts/IV_Sctaeniopterus_TP_2021-07-01_154516_001.MP4,1177.73,23.98,No focal subject,Bite,Foraging,None|None|None,POINT,193.797,193.797,NA,,
IV_Sctaeniopterus_TP_2021-07-01_154516,6/25/2025 14:13,,/Users/aimeed/Desktop/BiteCounts/IV_Sctaeniopterus_TP_2021-07-01_154516_001.MP4,1177.73,23.98,No focal subject,Bite,Foraging,None|None|None,POINT,194.546,194.546,NA,,
IV_Sctaeniopterus_TP_2021-07-01_154516,6/25/2025 14:13,,/Users/aimeed/Desktop/BiteCounts/IV_Sctaeniopterus_TP_2021-07-01_154516_001.MP4,1177.73,23.98,No focal subject,Bite,Foraging,None|None|None,POINT,196.297,196.297,NA,,
IV_Sctaeniopterus_TP_2021-07-01_154516,6/25/2025 14:13,,/Users/aimeed/Desktop/BiteCounts/IV_Sctaeniopterus_TP_2021-07-01_154516_001.MP4,1177.73,23.98,No focal subject,Bite,Foraging,None|None|None,POINT,197.797,197.797,NA,,
IV_Sctaeniopterus_TP_2021-07-01_154516,6/25/2025 14:13,,/Users/aimeed/Desktop/BiteCounts/IV_Sctaeniopterus_TP_2021-07-01_154516_001.MP4,1177.73,23.98,No focal subject,Bite,Foraging,None|None|None,POINT,198.547,198.547,NA,,
IV_Sctaeniopterus_TP_2021-07-01_154516,6/25/2025 14:13,,/Users/aimeed/Desktop/BiteCounts/IV_Sctaeniopterus_TP_2021-07-01_154516_001.MP4,1177.73,23.98,No focal subject,Bite,Foraging,None|None|None,POINT,201.549,201.549,NA,,
IV_Sctaeniopterus_TP_2021-07-01_154516,6/25/2025 14:13,,/Users/aimeed/Desktop/BiteCounts/IV_Sctaeniopterus_TP_2021-07-01_154516_001.MP4,1177.73,23.98,No focal subject,Bite,Foraging,None|None|None,POINT,209.798,209.798,NA,,
IV_Sctaeniopterus_TP_2021-07-01_154516,6/25/2025 14:13,,/Users/aimeed/Desktop/BiteCounts/IV_Sctaeniopterus_TP_2021-07-01_154516_001.MP4,1177.73,23.98,No focal subject,Bite,Foraging,None|None|None,POINT,212.797,212.797,NA,,
IV_Sctaeniopterus_TP_2021-07-01_154516,6/25/2025 14:13,,/Users/aimeed/Desktop/BiteCounts/IV_Sctaeniopterus_TP_2021-07-01_154516_001.MP4,1177.73,23.98,No focal subject,Bite,Foraging,None|None|None,POINT,214.544,214.544,NA,,
IV_Sctaeniopterus_TP_2021-07-01_154516,6/25/2025 14:13,,/Users/aimeed/Desktop/BiteCounts/IV_Sctaeniopterus_TP_2021-07-01_154516_001.MP4,1177.73,23.98,No focal subject,Bite,Foraging,None|None|None,POINT,215.295,215.295,NA,,
IV_Sctaeniopterus_TP_2021-07-01_154516,6/25/2025 14:13,,/Users/aimeed/Desktop/BiteCounts/IV_Sctaeniopterus_TP_2021-07-01_154516_001.MP4,1177.73,23.98,No focal subject,Bite,Foraging,None|None|None,POINT,216.049,216.049,NA,,
IV_Sctaeniopterus_TP_2021-07-01_154516,6/25/2025 14:13,,/Users/aimeed/Desktop/BiteCounts/IV_Sctaeniopterus_TP_2021-07-01_154516_001.MP4,1177.73,23.98,No focal subject,Bite,Foraging,None|None|None,POINT,217.548,217.548,NA,,
IV_Sctaeniopterus_TP_2021-07-01_154516,6/25/2025 14:13,,/Users/aimeed/Desktop/BiteCounts/IV_Sctaeniopterus_TP_2021-07-01_154516_001.MP4,1177.73,23.98,No focal subject,Bite,Foraging,None|None|None,POINT,218.548,218.548,NA,,
IV_Sctaeniopterus_TP_2021-07-01_154516,6/25/2025 14:13,,/Users/aimeed/Desktop/BiteCounts/IV_Sctaeniopterus_TP_2021-07-01_154516_001.MP4,1177.73,23.98,No focal subject,Bite,Foraging,None|None|None,POINT,219.548,219.548,NA,,
IV_Sctaeniopterus_TP_2021-07-01_154516,6/25/2025 14:13,,/Users/aimeed/Desktop/BiteCounts/IV_Sctaeniopterus_TP_2021-07-01_154516_001.MP4,1177.73,23.98,No focal subject,Bite,Foraging,None|None|None,POINT,220.05,220.05,NA,,
IV_Sctaeniopterus_TP_2021-07-01_154516,6/25/2025 14:13,,/Users/aimeed/Desktop/BiteCounts/IV_Sctaeniopterus_TP_2021-07-01_154516_001.MP4,1177.73,23.98,No focal subject,Bite,Foraging,None|None|None,POINT,221.295,221.295,NA,,
IV_Sctaeniopterus_TP_2021-07-01_154516,6/25/2025 14:13,,/Users/aimeed/Desktop/BiteCounts/IV_Sctaeniopterus_TP_2021-07-01_154516_001.MP4,1177.73,23.98,No focal subject,Bite,Foraging,None|None|None,POINT,221.796,221.796,NA,,
IV_Sctaeniopterus_TP_2021-07-01_154516,6/25/2025 14:13,,/Users/aimeed/Desktop/BiteCounts/IV_Sctaeniopterus_TP_2021-07-01_154516_001.MP4,1177.73,23.98,No focal subject,Bite,Foraging,None|None|None,POINT,223.297,223.297,NA,,
IV_Sctaeniopterus_TP_2021-07-01_154516,6/25/2025 14:13,,/Users/aimeed/Desktop/BiteCounts/IV_Sctaeniopterus_TP_2021-07-01_154516_001.MP4,1177.73,23.98,No focal subject,Bite,Foraging,None|None|None,POINT,225.793,225.793,NA,,
IV_Sctaeniopterus_TP_2021-07-01_154516,6/25/2025 14:13,,/Users/aimeed/Desktop/BiteCounts/IV_Sctaeniopterus_TP_2021-07-01_154516_001.MP4,1177.73,23.98,No focal subject,Bite,Foraging,None|None|None,POINT,226.796,226.796,NA,,
IV_Sctaeniopterus_TP_2021-07-01_154516,6/25/2025 14:13,,/Users/aimeed/Desktop/BiteCounts/IV_Sctaeniopterus_TP_2021-07-01_154516_001.MP4,1177.73,23.98,No focal subject,Bite,Foraging,None|None|None,POINT,228.797,228.797,NA,,
IV_Sctaeniopterus_TP_2021-07-01_154516,6/25/2025 14:13,,/Users/aimeed/Desktop/BiteCounts/IV_Sctaeniopterus_TP_2021-07-01_154516_001.MP4,1177.73,23.98,No focal subject,Bite,Foraging,None|None|None,POINT,235.546,235.546,NA,,
IV_Sctaeniopterus_TP_2021-07-01_154516,6/25/2025 14:13,,/Users/aimeed/Desktop/BiteCounts/IV_Sctaeniopterus_TP_2021-07-01_154516_001.MP4,1177.73,23.98,No focal subject,Bite,Foraging,None|None|None,POINT,239.297,239.297,NA,,
IV_Sctaeniopterus_TP_2021-07-01_154516,6/25/2025 14:13,,/Users/aimeed/Desktop/BiteCounts/IV_Sctaeniopterus_TP_2021-07-01_154516_001.MP4,1177.73,23.98,No focal subject,Bite,Foraging,None|None|None,POINT,255.797,255.797,NA,,
IV_Sctaeniopterus_TP_2021-07-01_154516,6/25/2025 14:13,,/Users/aimeed/Desktop/BiteCounts/IV_Sctaeniopterus_TP_2021-07-01_154516_001.MP4,1177.73,23.98,No focal subject,Bite,Foraging,None|None|None,POINT,257.293,257.293,NA,,
IV_Sctaeniopterus_TP_2021-07-01_154516,6/25/2025 14:13,,/Users/aimeed/Desktop/BiteCounts/IV_Sctaeniopterus_TP_2021-07-01_154516_001.MP4,1177.73,23.98,No focal subject,Bite,Foraging,None|None|None,POINT,257.548,257.548,NA,,
IV_Sctaeniopterus_TP_2021-07-01_154516,6/25/2025 14:13,,/Users/aimeed/Desktop/BiteCounts/IV_Sctaeniopterus_TP_2021-07-01_154516_001.MP4,1177.73,23.98,No focal subject,Bite,Foraging,None|None|None,POINT,260.05,260.05,NA,,
IV_Sctaeniopterus_TP_2021-07-01_154516,6/25/2025 14:13,,/Users/aimeed/Desktop/BiteCounts/IV_Sctaeniopterus_TP_2021-07-01_154516_001.MP4,1177.73,23.98,No focal subject,Bite,Foraging,None|None|None,POINT,261.797,261.797,NA,,
IV_Sctaeniopterus_TP_2021-07-01_154516,6/25/2025 14:13,,/Users/aimeed/Desktop/BiteCounts/IV_Sctaeniopterus_TP_2021-07-01_154516_001.MP4,1177.73,23.98,No focal subject,Bite,Foraging,None|None|None,POINT,264.297,264.297,NA,,
IV_Sctaeniopterus_TP_2021-07-01_154516,6/25/2025 14:13,,/Users/aimeed/Desktop/BiteCounts/IV_Sctaeniopterus_TP_2021-07-01_154516_001.MP4,1177.73,23.98,No focal subject,Bite,Foraging,None|None|None,POINT,265.048,265.048,NA,,
IV_Sctaeniopterus_TP_2021-07-01_154516,6/25/2025 14:13,,/Users/aimeed/Desktop/BiteCounts/IV_Sctaeniopterus_TP_2021-07-01_154516_001.MP4,1177.73,23.98,No focal subject,Bite,Foraging,None|None|None,POINT,265.294,265.294,NA,,
IV_Sctaeniopterus_TP_2021-07-01_154516,6/25/2025 14:13,,/Users/aimeed/Desktop/BiteCounts/IV_Sctaeniopterus_TP_2021-07-01_154516_001.MP4,1177.73,23.98,No focal subject,Bite,Foraging,None|None|None,POINT,266.048,266.048,NA,,
IV_Sctaeniopterus_TP_2021-07-01_154516,6/25/2025 14:13,,/Users/aimeed/Desktop/BiteCounts/IV_Sctaeniopterus_TP_2021-07-01_154516_001.MP4,1177.73,23.98,No focal subject,Bite,Foraging,None|None|None,POINT,266.547,266.547,NA,,
IV_Sctaeniopterus_TP_2021-07-01_154516,6/25/2025 14:13,,/Users/aimeed/Desktop/BiteCounts/IV_Sctaeniopterus_TP_2021-07-01_154516_001.MP4,1177.73,23.98,No focal subject,Bite,Foraging,None|None|None,POINT,267.05,267.05,NA,,
IV_Sctaeniopterus_TP_2021-07-01_154516,6/25/2025 14:13,,/Users/aimeed/Desktop/BiteCounts/IV_Sctaeniopterus_TP_2021-07-01_154516_001.MP4,1177.73,23.98,No focal subject,Bite,Foraging,None|None|None,POINT,267.793,267.793,NA,,
IV_Sctaeniopterus_TP_2021-07-01_154516,6/25/2025 14:13,,/Users/aimeed/Desktop/BiteCounts/IV_Sctaeniopterus_TP_2021-07-01_154516_001.MP4,1177.73,23.98,No focal subject,Bite,Foraging,None|None|None,POINT,268.547,268.547,NA,,
IV_Sctaeniopterus_TP_2021-07-01_154516,6/25/2025 14:13,,/Users/aimeed/Desktop/BiteCounts/IV_Sctaeniopterus_TP_2021-07-01_154516_001.MP4,1177.73,23.98,No focal subject,Bite,Foraging,None|None|None,POINT,268.796,268.796,NA,,
IV_Sctaeniopterus_TP_2021-07-01_154516,6/25/2025 14:13,,/Users/aimeed/Desktop/BiteCounts/IV_Sctaeniopterus_TP_2021-07-01_154516_001.MP4,1177.73,23.98,No focal subject,Bite,Foraging,None|None|None,POINT,269.297,269.297,NA,,
IV_Sctaeniopterus_TP_2021-07-01_154516,6/25/2025 14:13,,/Users/aimeed/Desktop/BiteCounts/IV_Sctaeniopterus_TP_2021-07-01_154516_001.MP4,1177.73,23.98,No focal subject,Bite,Foraging,None|None|None,POINT,269.797,269.797,NA,,
IV_Sctaeniopterus_TP_2021-07-01_154516,6/25/2025 14:13,,/Users/aimeed/Desktop/BiteCounts/IV_Sctaeniopterus_TP_2021-07-01_154516_001.MP4,1177.73,23.98,No focal subject,Bite,Foraging,None|None|None,POINT,270.797,270.797,NA,,
IV_Sctaeniopterus_TP_2021-07-01_154516,6/25/2025 14:13,,/Users/aimeed/Desktop/BiteCounts/IV_Sctaeniopterus_TP_2021-07-01_154516_001.MP4,1177.73,23.98,No focal subject,Bite,Foraging,None|None|None,POINT,271.797,271.797,NA,,
IV_Sctaeniopterus_TP_2021-07-01_154516,6/25/2025 14:13,,/Users/aimeed/Desktop/BiteCounts/IV_Sctaeniopterus_TP_2021-07-01_154516_001.MP4,1177.73,23.98,No focal subject,Bite,Foraging,None|None|None,POINT,272.548,272.548,NA,,
IV_Sctaeniopterus_TP_2021-07-01_154516,6/25/2025 14:13,,/Users/aimeed/Desktop/BiteCounts/IV_Sctaeniopterus_TP_2021-07-01_154516_001.MP4,1177.73,23.98,No focal subject,Bite,Foraging,None|None|None,POINT,273.297,273.297,NA,,
IV_Sctaeniopterus_TP_2021-07-01_154516,6/25/2025 14:13,,/Users/aimeed/Desktop/BiteCounts/IV_Sctaeniopterus_TP_2021-07-01_154516_001.MP4,1177.73,23.98,No focal subject,Bite,Foraging,None|None|None,POINT,275.049,275.049,NA,,
IV_Sctaeniopterus_TP_2021-07-01_154516,6/25/2025 14:13,,/Users/aimeed/Desktop/BiteCounts/IV_Sctaeniopterus_TP_2021-07-01_154516_001.MP4,1177.73,23.98,No focal subject,Bite,Foraging,None|None|None,POINT,278.051,278.051,NA,,
IV_Sctaeniopterus_TP_2021-07-01_154516,6/25/2025 14:13,,/Users/aimeed/Desktop/BiteCounts/IV_Sctaeniopterus_TP_2021-07-01_154516_001.MP4,1177.73,23.98,No focal subject,Bite,Foraging,None|None|None,POINT,279.049,279.049,NA,,
IV_Sctaeniopterus_TP_2021-07-01_154516,6/25/2025 14:13,,/Users/aimeed/Desktop/BiteCounts/IV_Sctaeniopterus_TP_2021-07-01_154516_001.MP4,1177.73,23.98,No focal subject,Bite,Foraging,None|None|None,POINT,280.797,280.797,NA,,
IV_Sctaeniopterus_TP_2021-07-01_154516,6/25/2025 14:13,,/Users/aimeed/Desktop/BiteCounts/IV_Sctaeniopterus_TP_2021-07-01_154516_001.MP4,1177.73,23.98,No focal subject,Bite,Foraging,None|None|None,POINT,281.296,281.296,NA,,
IV_Sctaeniopterus_TP_2021-07-01_154516,6/25/2025 14:13,,/Users/aimeed/Desktop/BiteCounts/IV_Sctaeniopterus_TP_2021-07-01_154516_001.MP4,1177.73,23.98,No focal subject,Bite,Foraging,None|None|None,POINT,282.05,282.05,NA,,
IV_Sctaeniopterus_TP_2021-07-01_154516,6/25/2025 14:13,,/Users/aimeed/Desktop/BiteCounts/IV_Sctaeniopterus_TP_2021-07-01_154516_001.MP4,1177.73,23.98,No focal subject,Bite,Foraging,None|None|None,POINT,283.05,283.05,NA,,
IV_Sctaeniopterus_TP_2021-07-01_154516,6/25/2025 14:13,,/Users/aimeed/Desktop/BiteCounts/IV_Sctaeniopterus_TP_2021-07-01_154516_001.MP4,1177.73,23.98,No focal subject,Bite,Foraging,None|None|None,POINT,284.294,284.294,NA,,
IV_Sctaeniopterus_TP_2021-07-01_154516,6/25/2025 14:13,,/Users/aimeed/Desktop/BiteCounts/IV_Sctaeniopterus_TP_2021-07-01_154516_001.MP4,1177.73,23.98,No focal subject,Bite,Foraging,None|None|None,POINT,297.047,297.047,NA,,
IV_Sctaeniopterus_TP_2021-07-01_154516,6/25/2025 14:13,,/Users/aimeed/Desktop/BiteCounts/IV_Sctaeniopterus_TP_2021-07-01_154516_001.MP4,1177.73,23.98,No focal subject,Bite,Foraging,None|None|None,POINT,298.048,298.048,NA,,
IV_Sctaeniopterus_TP_2021-07-01_154516,6/25/2025 14:13,,/Users/aimeed/Desktop/BiteCounts/IV_Sctaeniopterus_TP_2021-07-01_154516_001.MP4,1177.73,23.98,No focal subject,Bite,Foraging,None|None|None,POINT,299.05,299.05,NA,,
IV_Sctaeniopterus_TP_2021-07-01_154516,6/25/2025 14:13,,/Users/aimeed/Desktop/BiteCounts/IV_Sctaeniopterus_TP_2021-07-01_154516_001.MP4,1177.73,23.98,No focal subject,Bite,Foraging,None|None|None,POINT,300.797,300.797,NA,,
IV_Sctaeniopterus_TP_2021-07-01_154516,6/25/2025 14:13,,/Users/aimeed/Desktop/BiteCounts/IV_Sctaeniopterus_TP_2021-07-01_154516_001.MP4,1177.73,23.98,No focal subject,Bite,Foraging,None|None|None,POINT,302.296,302.296,NA,,
IV_Sctaeniopterus_TP_2021-07-01_154516,6/25/2025 14:13,,/Users/aimeed/Desktop/BiteCounts/IV_Sctaeniopterus_TP_2021-07-01_154516_001.MP4,1177.73,23.98,No focal subject,Bite,Foraging,None|None|None,POINT,302.797,302.797,NA,,
IV_Sctaeniopterus_TP_2021-07-01_154516,6/25/2025 14:13,,/Users/aimeed/Desktop/BiteCounts/IV_Sctaeniopterus_TP_2021-07-01_154516_001.MP4,1177.73,23.98,No focal subject,Bite,Foraging,None|None|None,POINT,303.297,303.297,NA,,
IV_Sctaeniopterus_TP_2021-07-01_154516,6/25/2025 14:13,,/Users/aimeed/Desktop/BiteCounts/IV_Sctaeniopterus_TP_2021-07-01_154516_001.MP4,1177.73,23.98,No focal subject,Bite,Foraging,None|None|None,POINT,304.296,304.296,NA,,
IV_Sctaeniopterus_TP_2021-07-01_154516,6/25/2025 14:13,,/Users/aimeed/Desktop/BiteCounts/IV_Sctaeniopterus_TP_2021-07-01_154516_001.MP4,1177.73,23.98,No focal subject,Bite,Foraging,None|None|None,POINT,304.798,304.798,NA,,
IV_Sctaeniopterus_TP_2021-07-01_154516,6/25/2025 14:13,,/Users/aimeed/Desktop/BiteCounts/IV_Sctaeniopterus_TP_2021-07-01_154516_001.MP4,1177.73,23.98,No focal subject,Bite,Foraging,None|None|None,POINT,305.797,305.797,NA,,
IV_Sctaeniopterus_TP_2021-07-01_154516,6/25/2025 14:13,,/Users/aimeed/Desktop/BiteCounts/IV_Sctaeniopterus_TP_2021-07-01_154516_001.MP4,1177.73,23.98,No focal subject,Bite,Foraging,None|None|None,POINT,307.293,307.293,NA,,
IV_Sctaeniopterus_TP_2021-07-01_154516,6/25/2025 14:13,,/Users/aimeed/Desktop/BiteCounts/IV_Sctaeniopterus_TP_2021-07-01_154516_001.MP4,1177.73,23.98,No focal subject,Bite,Foraging,None|None|None,POINT,307.798,307.798,NA,,
IV_Sctaeniopterus_TP_2021-07-01_154516,6/25/2025 14:13,,/Users/aimeed/Desktop/BiteCounts/IV_Sctaeniopterus_TP_2021-07-01_154516_001.MP4,1177.73,23.98,No focal subject,Bite,Foraging,None|None|None,POINT,308.547,308.547,NA,,
IV_Sctaeniopterus_TP_2021-07-01_154516,6/25/2025 14:13,,/Users/aimeed/Desktop/BiteCounts/IV_Sctaeniopterus_TP_2021-07-01_154516_001.MP4,1177.73,23.98,No focal subject,Bite,Foraging,None|None|None,POINT,309.547,309.547,NA,,
IV_Sctaeniopterus_TP_2021-07-01_154516,6/25/2025 14:13,,/Users/aimeed/Desktop/BiteCounts/IV_Sctaeniopterus_TP_2021-07-01_154516_001.MP4,1177.73,23.98,No focal subject,Bite,Foraging,None|None|None,POINT,311.047,311.047,NA,,
IV_Sctaeniopterus_TP_2021-07-01_154516,6/25/2025 14:13,,/Users/aimeed/Desktop/BiteCounts/IV_Sctaeniopterus_TP_2021-07-01_154516_001.MP4,1177.73,23.98,No focal subject,Bite,Foraging,None|None|None,POINT,311.547,311.547,NA,,
IV_Sctaeniopterus_TP_2021-07-01_154516,6/25/2025 14:13,,/Users/aimeed/Desktop/BiteCounts/IV_Sctaeniopterus_TP_2021-07-01_154516_001.MP4,1177.73,23.98,No focal subject,Bite,Foraging,None|None|None,POINT,312.296,312.296,NA,,
IV_Sctaeniopterus_TP_2021-07-01_154516,6/25/2025 14:13,,/Users/aimeed/Desktop/BiteCounts/IV_Sctaeniopterus_TP_2021-07-01_154516_001.MP4,1177.73,23.98,No focal subject,Bite,Foraging,None|None|None,POINT,312.797,312.797,NA,,
IV_Sctaeniopterus_TP_2021-07-01_154516,6/25/2025 14:13,,/Users/aimeed/Desktop/BiteCounts/IV_Sctaeniopterus_TP_2021-07-01_154516_001.MP4,1177.73,23.98,No focal subject,Bite,Foraging,None|None|None,POINT,313.545,313.545,NA,,
IV_Sctaeniopterus_TP_2021-07-01_154516,6/25/2025 14:13,,/Users/aimeed/Desktop/BiteCounts/IV_Sctaeniopterus_TP_2021-07-01_154516_001.MP4,1177.73,23.98,No focal subject,Bite,Foraging,None|None|None,POINT,314.547,314.547,NA,,
IV_Sctaeniopterus_TP_2021-07-01_154516,6/25/2025 14:13,,/Users/aimeed/Desktop/BiteCounts/IV_Sctaeniopterus_TP_2021-07-01_154516_001.MP4,1177.73,23.98,No focal subject,Bite,Foraging,None|None|None,POINT,315.298,315.298,NA,,
IV_Sctaeniopterus_TP_2021-07-01_154516,6/25/2025 14:13,,/Users/aimeed/Desktop/BiteCounts/IV_Sctaeniopterus_TP_2021-07-01_154516_001.MP4,1177.73,23.98,No focal subject,Bite,Foraging,None|None|None,POINT,315.796,315.796,NA,,
IV_Sctaeniopterus_TP_2021-07-01_154516,6/25/2025 14:13,,/Users/aimeed/Desktop/BiteCounts/IV_Sctaeniopterus_TP_2021-07-01_154516_001.MP4,1177.73,23.98,No focal subject,Bite,Foraging,None|None|None,POINT,316.548,316.548,NA,,
IV_Sctaeniopterus_TP_2021-07-01_154516,6/25/2025 14:13,,/Users/aimeed/Desktop/BiteCounts/IV_Sctaeniopterus_TP_2021-07-01_154516_001.MP4,1177.73,23.98,No focal subject,Bite,Foraging,None|None|None,POINT,318.797,318.797,NA,,
IV_Sctaeniopterus_TP_2021-07-01_154516,6/25/2025 14:13,,/Users/aimeed/Desktop/BiteCounts/IV_Sctaeniopterus_TP_2021-07-01_154516_001.MP4,1177.73,23.98,No focal subject,Bite,Foraging,None|None|None,POINT,319.296,319.296,NA,,
IV_Sctaeniopterus_TP_2021-07-01_154516,6/25/2025 14:13,,/Users/aimeed/Desktop/BiteCounts/IV_Sctaeniopterus_TP_2021-07-01_154516_001.MP4,1177.73,23.98,No focal subject,Bite,Foraging,None|None|None,POINT,320.047,320.047,NA,,
IV_Sctaeniopterus_TP_2021-07-01_154516,6/25/2025 14:13,,/Users/aimeed/Desktop/BiteCounts/IV_Sctaeniopterus_TP_2021-07-01_154516_001.MP4,1177.73,23.98,No focal subject,Bite,Foraging,None|None|None,POINT,321.05,321.05,NA,,
IV_Sctaeniopterus_TP_2021-07-01_154516,6/25/2025 14:13,,/Users/aimeed/Desktop/BiteCounts/IV_Sctaeniopterus_TP_2021-07-01_154516_001.MP4,1177.73,23.98,No focal subject,Bite,Foraging,None|None|None,POINT,322.548,322.548,NA,,
IV_Sctaeniopterus_TP_2021-07-01_154516,6/25/2025 14:13,,/Users/aimeed/Desktop/BiteCounts/IV_Sctaeniopterus_TP_2021-07-01_154516_001.MP4,1177.73,23.98,No focal subject,Bite,Foraging,None|None|None,POINT,324.048,324.048,NA,,
IV_Sctaeniopterus_TP_2021-07-01_154516,6/25/2025 14:13,,/Users/aimeed/Desktop/BiteCounts/IV_Sctaeniopterus_TP_2021-07-01_154516_001.MP4,1177.73,23.98,No focal subject,Bite,Foraging,None|None|None,POINT,325.295,325.295,NA,,
IV_Sctaeniopterus_TP_2021-07-01_154516,6/25/2025 14:13,,/Users/aimeed/Desktop/BiteCounts/IV_Sctaeniopterus_TP_2021-07-01_154516_001.MP4,1177.73,23.98,No focal subject,Bite,Foraging,None|None|None,POINT,329.297,329.297,NA,,
IV_Sctaeniopterus_TP_2021-07-01_154516,6/25/2025 14:13,,/Users/aimeed/Desktop/BiteCounts/IV_Sctaeniopterus_TP_2021-07-01_154516_001.MP4,1177.73,23.98,No focal subject,Bite,Foraging,None|None|None,POINT,330.048,330.048,NA,,
IV_Sctaeniopterus_TP_2021-07-01_154516,6/25/2025 14:13,,/Users/aimeed/Desktop/BiteCounts/IV_Sctaeniopterus_TP_2021-07-01_154516_001.MP4,1177.73,23.98,No focal subject,Bite,Foraging,None|None|None,POINT,331.296,331.296,NA,,
IV_Sctaeniopterus_TP_2021-07-01_154516,6/25/2025 14:13,,/Users/aimeed/Desktop/BiteCounts/IV_Sctaeniopterus_TP_2021-07-01_154516_001.MP4,1177.73,23.98,No focal subject,Bite,Foraging,None|None|None,POINT,341.548,341.548,NA,,
IV_Sctaeniopterus_TP_2021-07-01_154516,6/25/2025 14:13,,/Users/aimeed/Desktop/BiteCounts/IV_Sctaeniopterus_TP_2021-07-01_154516_001.MP4,1177.73,23.98,No focal subject,Bite,Foraging,None|None|None,POINT,350.049,350.049,NA,,
IV_Sctaeniopterus_TP_2021-07-01_154516,6/25/2025 14:13,,/Users/aimeed/Desktop/BiteCounts/IV_Sctaeniopterus_TP_2021-07-01_154516_001.MP4,1177.73,23.98,No focal subject,Bite,Foraging,None|None|None,POINT,351.293,351.293,NA,,
IV_Sctaeniopterus_TP_2021-07-01_154516,6/25/2025 14:13,,/Users/aimeed/Desktop/BiteCounts/IV_Sctaeniopterus_TP_2021-07-01_154516_001.MP4,1177.73,23.98,No focal subject,Bite,Foraging,None|None|None,POINT,357.548,357.548,NA,,
IV_Sctaeniopterus_TP_2021-07-01_154516,6/25/2025 14:13,,/Users/aimeed/Desktop/BiteCounts/IV_Sctaeniopterus_TP_2021-07-01_154516_001.MP4,1177.73,23.98,No focal subject,Bite,Foraging,None|None|None,POINT,359.297,359.297,NA,,
IV_Sctaeniopterus_TP_2021-07-01_154516,6/25/2025 14:13,,/Users/aimeed/Desktop/BiteCounts/IV_Sctaeniopterus_TP_2021-07-01_154516_001.MP4,1177.73,23.98,No focal subject,Bite,Foraging,None|None|None,POINT,359.796,359.796,NA,,
IV_Sctaeniopterus_TP_2021-07-01_154516,6/25/2025 14:13,,/Users/aimeed/Desktop/BiteCounts/IV_Sctaeniopterus_TP_2021-07-01_154516_001.MP4,1177.73,23.98,No focal subject,Bite,Foraging,None|None|None,POINT,360.797,360.797,NA,,
IV_Sctaeniopterus_TP_2021-07-01_154516,6/25/2025 14:13,,/Users/aimeed/Desktop/BiteCounts/IV_Sctaeniopterus_TP_2021-07-01_154516_001.MP4,1177.73,23.98,No focal subject,Bite,Foraging,None|None|None,POINT,363.798,363.798,NA,,
IV_Sctaeniopterus_TP_2021-07-01_154516,6/25/2025 14:13,,/Users/aimeed/Desktop/BiteCounts/IV_Sctaeniopterus_TP_2021-07-01_154516_001.MP4,1177.73,23.98,No focal subject,Bite,Foraging,None|None|None,POINT,370.298,370.298,NA,,
IV_Sctaeniopterus_TP_2021-07-01_154516,6/25/2025 14:13,,/Users/aimeed/Desktop/BiteCounts/IV_Sctaeniopterus_TP_2021-07-01_154516_001.MP4,1177.73,23.98,No focal subject,Bite,Foraging,None|None|None,POINT,370.796,370.796,NA,,
IV_Sctaeniopterus_TP_2021-07-01_154516,6/25/2025 14:13,,/Users/aimeed/Desktop/BiteCounts/IV_Sctaeniopterus_TP_2021-07-01_154516_001.MP4,1177.73,23.98,No focal subject,Bite,Foraging,None|None|None,POINT,372.048,372.048,NA,,
IV_Sctaeniopterus_TP_2021-07-01_154516,6/25/2025 14:13,,/Users/aimeed/Desktop/BiteCounts/IV_Sctaeniopterus_TP_2021-07-01_154516_001.MP4,1177.73,23.98,No focal subject,Bite,Foraging,None|None|None,POINT,373.798,373.798,NA,,
IV_Sctaeniopterus_TP_2021-07-01_154516,6/25/2025 14:13,,/Users/aimeed/Desktop/BiteCounts/IV_Sctaeniopterus_TP_2021-07-01_154516_001.MP4,1177.73,23.98,No focal subject,Bite,Foraging,None|None|None,POINT,374.549,374.549,NA,,
IV_Sctaeniopterus_TP_2021-07-01_154516,6/25/2025 14:13,,/Users/aimeed/Desktop/BiteCounts/IV_Sctaeniopterus_TP_2021-07-01_154516_001.MP4,1177.73,23.98,No focal subject,Bite,Foraging,None|None|None,POINT,375.798,375.798,NA,,
IV_Sctaeniopterus_TP_2021-07-01_154516,6/25/2025 14:13,,/Users/aimeed/Desktop/BiteCounts/IV_Sctaeniopterus_TP_2021-07-01_154516_001.MP4,1177.73,23.98,No focal subject,Bite,Foraging,None|None|None,POINT,377.798,377.798,NA,,
IV_Sctaeniopterus_TP_2021-07-01_154516,6/25/2025 14:13,,/Users/aimeed/Desktop/BiteCounts/IV_Sctaeniopterus_TP_2021-07-01_154516_001.MP4,1177.73,23.98,No focal subject,Bite,Foraging,None|None|None,POINT,383.797,383.797,NA,,
IV_Sctaeniopterus_TP_2021-07-01_154516,6/25/2025 14:13,,/Users/aimeed/Desktop/BiteCounts/IV_Sctaeniopterus_TP_2021-07-01_154516_001.MP4,1177.73,23.98,No focal subject,Bite,Foraging,None|None|None,POINT,388.803,388.803,NA,,
IV_Sctaeniopterus_TP_2021-07-01_154516,6/25/2025 14:13,,/Users/aimeed/Desktop/BiteCounts/IV_Sctaeniopterus_TP_2021-07-01_154516_001.MP4,1177.73,23.98,No focal subject,Bite,Foraging,None|None|None,POINT,390.298,390.298,NA,,
IV_Sctaeniopterus_TP_2021-07-01_154516,6/25/2025 14:13,,/Users/aimeed/Desktop/BiteCounts/IV_Sctaeniopterus_TP_2021-07-01_154516_001.MP4,1177.73,23.98,No focal subject,Bite,Foraging,None|None|None,POINT,391.298,391.298,NA,,
IV_Sctaeniopterus_TP_2021-07-01_154516,6/25/2025 14:13,,/Users/aimeed/Desktop/BiteCounts/IV_Sctaeniopterus_TP_2021-07-01_154516_001.MP4,1177.73,23.98,No focal subject,Bite,Foraging,None|None|None,POINT,392.047,392.047,NA,,
IV_Sctaeniopterus_TP_2021-07-01_154516,6/25/2025 14:13,,/Users/aimeed/Desktop/BiteCounts/IV_Sctaeniopterus_TP_2021-07-01_154516_001.MP4,1177.73,23.98,No focal subject,Bite,Foraging,None|None|None,POINT,393.544,393.544,NA,,
IV_Sctaeniopterus_TP_2021-07-01_154516,6/25/2025 14:13,,/Users/aimeed/Desktop/BiteCounts/IV_Sctaeniopterus_TP_2021-07-01_154516_001.MP4,1177.73,23.98,No focal subject,Bite,Foraging,None|None|None,POINT,394.298,394.298,NA,,
IV_Sctaeniopterus_TP_2021-07-01_154516,6/25/2025 14:13,,/Users/aimeed/Desktop/BiteCounts/IV_Sctaeniopterus_TP_2021-07-01_154516_001.MP4,1177.73,23.98,No focal subject,Bite,Foraging,None|None|None,POINT,397.8,397.8,NA,,
IV_Sctaeniopterus_TP_2021-07-01_154516,6/25/2025 14:13,,/Users/aimeed/Desktop/BiteCounts/IV_Sctaeniopterus_TP_2021-07-01_154516_001.MP4,1177.73,23.98,No focal subject,Bite,Foraging,None|None|None,POINT,399.297,399.297,NA,,
IV_Sctaeniopterus_TP_2021-07-01_154516,6/25/2025 14:13,,/Users/aimeed/Desktop/BiteCounts/IV_Sctaeniopterus_TP_2021-07-01_154516_001.MP4,1177.73,23.98,No focal subject,Bite,Foraging,None|None|None,POINT,400.546,400.546,NA,,
IV_Sctaeniopterus_TP_2021-07-01_154516,6/25/2025 14:13,,/Users/aimeed/Desktop/BiteCounts/IV_Sctaeniopterus_TP_2021-07-01_154516_001.MP4,1177.73,23.98,No focal subject,Bite,Foraging,None|None|None,POINT,401.298,401.298,NA,,
IV_Sctaeniopterus_TP_2021-07-01_154516,6/25/2025 14:13,,/Users/aimeed/Desktop/BiteCounts/IV_Sctaeniopterus_TP_2021-07-01_154516_001.MP4,1177.73,23.98,No focal subject,Bite,Foraging,None|None|None,POINT,403.299,403.299,NA,,
IV_Sctaeniopterus_TP_2021-07-01_154516,6/25/2025 14:13,,/Users/aimeed/Desktop/BiteCounts/IV_Sctaeniopterus_TP_2021-07-01_154516_001.MP4,1177.73,23.98,No focal subject,Bite,Foraging,None|None|None,POINT,403.797,403.797,NA,,
IV_Sctaeniopterus_TP_2021-07-01_154516,6/25/2025 14:13,,/Users/aimeed/Desktop/BiteCounts/IV_Sctaeniopterus_TP_2021-07-01_154516_001.MP4,1177.73,23.98,No focal subject,Bite,Foraging,None|None|None,POINT,405.044,405.044,NA,,
IV_Sctaeniopterus_TP_2021-07-01_154516,6/25/2025 14:13,,/Users/aimeed/Desktop/BiteCounts/IV_Sctaeniopterus_TP_2021-07-01_154516_001.MP4,1177.73,23.98,No focal subject,Bite,Foraging,None|None|None,POINT,405.547,405.547,NA,,
IV_Sctaeniopterus_TP_2021-07-01_154516,6/25/2025 14:13,,/Users/aimeed/Desktop/BiteCounts/IV_Sctaeniopterus_TP_2021-07-01_154516_001.MP4,1177.73,23.98,No focal subject,Bite,Foraging,None|None|None,POINT,406.047,406.047,NA,,
IV_Sctaeniopterus_TP_2021-07-01_154516,6/25/2025 14:13,,/Users/aimeed/Desktop/BiteCounts/IV_Sctaeniopterus_TP_2021-07-01_154516_001.MP4,1177.73,23.98,No focal subject,Bite,Foraging,None|None|None,POINT,407.799,407.799,NA,,
IV_Sctaeniopterus_TP_2021-07-01_154516,6/25/2025 14:13,,/Users/aimeed/Desktop/BiteCounts/IV_Sctaeniopterus_TP_2021-07-01_154516_001.MP4,1177.73,23.98,No focal subject,Bite,Foraging,None|None|None,POINT,408.293,408.293,NA,,
IV_Sctaeniopterus_TP_2021-07-01_154516,6/25/2025 14:13,,/Users/aimeed/Desktop/BiteCounts/IV_Sctaeniopterus_TP_2021-07-01_154516_001.MP4,1177.73,23.98,No focal subject,Bite,Foraging,None|None|None,POINT,409.298,409.298,NA,,
IV_Sctaeniopterus_TP_2021-07-01_154516,6/25/2025 14:13,,/Users/aimeed/Desktop/BiteCounts/IV_Sctaeniopterus_TP_2021-07-01_154516_001.MP4,1177.73,23.98,No focal subject,Bite,Foraging,None|None|None,POINT,410.299,410.299,NA,,
IV_Sctaeniopterus_TP_2021-07-01_154516,6/25/2025 14:13,,/Users/aimeed/Desktop/BiteCounts/IV_Sctaeniopterus_TP_2021-07-01_154516_001.MP4,1177.73,23.98,No focal subject,Bite,Foraging,None|None|None,POINT,414.295,414.295,NA,,
IV_Sctaeniopterus_TP_2021-07-01_154516,6/25/2025 14:13,,/Users/aimeed/Desktop/BiteCounts/IV_Sctaeniopterus_TP_2021-07-01_154516_001.MP4,1177.73,23.98,No focal subject,Bite,Foraging,None|None|None,POINT,415.797,415.797,NA,,
IV_Sctaeniopterus_TP_2021-07-01_154516,6/25/2025 14:13,,/Users/aimeed/Desktop/BiteCounts/IV_Sctaeniopterus_TP_2021-07-01_154516_001.MP4,1177.73,23.98,No focal subject,Bite,Foraging,None|None|None,POINT,417.047,417.047,NA,,
IV_Sctaeniopterus_TP_2021-07-01_154516,6/25/2025 14:13,,/Users/aimeed/Desktop/BiteCounts/IV_Sctaeniopterus_TP_2021-07-01_154516_001.MP4,1177.73,23.98,No focal subject,Bite,Foraging,None|None|None,POINT,417.8,417.8,NA,,
IV_Sctaeniopterus_TP_2021-07-01_154516,6/25/2025 14:13,,/Users/aimeed/Desktop/BiteCounts/IV_Sctaeniopterus_TP_2021-07-01_154516_001.MP4,1177.73,23.98,No focal subject,Bite,Foraging,None|None|None,POINT,419.799,419.799,NA,,
IV_Sctaeniopterus_TP_2021-07-01_154516,6/25/2025 14:13,,/Users/aimeed/Desktop/BiteCounts/IV_Sctaeniopterus_TP_2021-07-01_154516_001.MP4,1177.73,23.98,No focal subject,Bite,Foraging,None|None|None,POINT,437.798,437.798,NA,,
IV_Sctaeniopterus_TP_2021-07-01_154516,6/25/2025 14:13,,/Users/aimeed/Desktop/BiteCounts/IV_Sctaeniopterus_TP_2021-07-01_154516_001.MP4,1177.73,23.98,No focal subject,Bite,Foraging,None|None|None,POINT,438.798,438.798,NA,,
IV_Sctaeniopterus_TP_2021-07-01_154516,6/25/2025 14:13,,/Users/aimeed/Desktop/BiteCounts/IV_Sctaeniopterus_TP_2021-07-01_154516_001.MP4,1177.73,23.98,No focal subject,Bite,Foraging,None|None|None,POINT,439.298,439.298,NA,,
IV_Sctaeniopterus_TP_2021-07-01_154516,6/25/2025 14:13,,/Users/aimeed/Desktop/BiteCounts/IV_Sctaeniopterus_TP_2021-07-01_154516_001.MP4,1177.73,23.98,No focal subject,Bite,Foraging,None|None|None,POINT,440.798,440.798,NA,,
IV_Sctaeniopterus_TP_2021-07-01_154516,6/25/2025 14:13,,/Users/aimeed/Desktop/BiteCounts/IV_Sctaeniopterus_TP_2021-07-01_154516_001.MP4,1177.73,23.98,No focal subject,Bite,Foraging,None|None|None,POINT,442.297,442.297,NA,,
IV_Sctaeniopterus_TP_2021-07-01_154516,6/25/2025 14:13,,/Users/aimeed/Desktop/BiteCounts/IV_Sctaeniopterus_TP_2021-07-01_154516_001.MP4,1177.73,23.98,No focal subject,Bite,Foraging,None|None|None,POINT,443.799,443.799,NA,,
IV_Sctaeniopterus_TP_2021-07-01_154516,6/25/2025 14:13,,/Users/aimeed/Desktop/BiteCounts/IV_Sctaeniopterus_TP_2021-07-01_154516_001.MP4,1177.73,23.98,No focal subject,Bite,Foraging,None|None|None,POINT,447.545,447.545,NA,,
IV_Sctaeniopterus_TP_2021-07-01_154516,6/25/2025 14:13,,/Users/aimeed/Desktop/BiteCounts/IV_Sctaeniopterus_TP_2021-07-01_154516_001.MP4,1177.73,23.98,No focal subject,Bite,Foraging,None|None|None,POINT,448.799,448.799,NA,,
IV_Sctaeniopterus_TP_2021-07-01_154516,6/25/2025 14:13,,/Users/aimeed/Desktop/BiteCounts/IV_Sctaeniopterus_TP_2021-07-01_154516_001.MP4,1177.73,23.98,No focal subject,Bite,Foraging,None|None|None,POINT,449.8,449.8,NA,,
IV_Sctaeniopterus_TP_2021-07-01_154516,6/25/2025 14:13,,/Users/aimeed/Desktop/BiteCounts/IV_Sctaeniopterus_TP_2021-07-01_154516_001.MP4,1177.73,23.98,No focal subject,Bite,Foraging,None|None|None,POINT,450.547,450.547,NA,,
IV_Sctaeniopterus_TP_2021-07-01_154516,6/25/2025 14:13,,/Users/aimeed/Desktop/BiteCounts/IV_Sctaeniopterus_TP_2021-07-01_154516_001.MP4,1177.73,23.98,No focal subject,Bite,Foraging,None|None|None,POINT,453.047,453.047,NA,,
IV_Sctaeniopterus_TP_2021-07-01_154516,6/25/2025 14:13,,/Users/aimeed/Desktop/BiteCounts/IV_Sctaeniopterus_TP_2021-07-01_154516_001.MP4,1177.73,23.98,No focal subject,Bite,Foraging,None|None|None,POINT,454.548,454.548,NA,,
IV_Sctaeniopterus_TP_2021-07-01_154516,6/25/2025 14:13,,/Users/aimeed/Desktop/BiteCounts/IV_Sctaeniopterus_TP_2021-07-01_154516_001.MP4,1177.73,23.98,No focal subject,Bite,Foraging,None|None|None,POINT,457.546,457.546,NA,,
IV_Sctaeniopterus_TP_2021-07-01_154516,6/25/2025 14:13,,/Users/aimeed/Desktop/BiteCounts/IV_Sctaeniopterus_TP_2021-07-01_154516_001.MP4,1177.73,23.98,No focal subject,Bite,Foraging,None|None|None,POINT,459.3,459.3,NA,,
IV_Sctaeniopterus_TP_2021-07-01_154516,6/25/2025 14:13,,/Users/aimeed/Desktop/BiteCounts/IV_Sctaeniopterus_TP_2021-07-01_154516_001.MP4,1177.73,23.98,No focal subject,Bite,Foraging,None|None|None,POINT,459.543,459.543,NA,,
IV_Sctaeniopterus_TP_2021-07-01_154516,6/25/2025 14:13,,/Users/aimeed/Desktop/BiteCounts/IV_Sctaeniopterus_TP_2021-07-01_154516_001.MP4,1177.73,23.98,No focal subject,Bite,Foraging,None|None|None,POINT,460.55,460.55,NA,,
IV_Sctaeniopterus_TP_2021-07-01_154516,6/25/2025 14:13,,/Users/aimeed/Desktop/BiteCounts/IV_Sctaeniopterus_TP_2021-07-01_154516_001.MP4,1177.73,23.98,No focal subject,Bite,Foraging,None|None|None,POINT,469.795,469.795,NA,,
IV_Sctaeniopterus_TP_2021-07-01_154516,6/25/2025 14:13,,/Users/aimeed/Desktop/BiteCounts/IV_Sctaeniopterus_TP_2021-07-01_154516_001.MP4,1177.73,23.98,No focal subject,Bite,Foraging,None|None|None,POINT,470.045,470.045,NA,,
IV_Sctaeniopterus_TP_2021-07-01_154516,6/25/2025 14:13,,/Users/aimeed/Desktop/BiteCounts/IV_Sctaeniopterus_TP_2021-07-01_154516_001.MP4,1177.73,23.98,No focal subject,Bite,Foraging,None|None|None,POINT,471.798,471.798,NA,,
IV_Sctaeniopterus_TP_2021-07-01_154516,6/25/2025 14:13,,/Users/aimeed/Desktop/BiteCounts/IV_Sctaeniopterus_TP_2021-07-01_154516_001.MP4,1177.73,23.98,No focal subject,Bite,Foraging,None|None|None,POINT,472.798,472.798,NA,,
IV_Sctaeniopterus_TP_2021-07-01_154516,6/25/2025 14:13,,/Users/aimeed/Desktop/BiteCounts/IV_Sctaeniopterus_TP_2021-07-01_154516_001.MP4,1177.73,23.98,No focal subject,Bite,Foraging,None|None|None,POINT,484.547,484.547,NA,,
IV_Sctaeniopterus_TP_2021-07-01_154516,6/25/2025 14:13,,/Users/aimeed/Desktop/BiteCounts/IV_Sctaeniopterus_TP_2021-07-01_154516_001.MP4,1177.73,23.98,No focal subject,Bite,Foraging,None|None|None,POINT,485.047,485.047,NA,,
IV_Sctaeniopterus_TP_2021-07-01_154516,6/25/2025 14:13,,/Users/aimeed/Desktop/BiteCounts/IV_Sctaeniopterus_TP_2021-07-01_154516_001.MP4,1177.73,23.98,No focal subject,Bite,Foraging,None|None|None,POINT,485.798,485.798,NA,,
IV_Sctaeniopterus_TP_2021-07-01_154516,6/25/2025 14:13,,/Users/aimeed/Desktop/BiteCounts/IV_Sctaeniopterus_TP_2021-07-01_154516_001.MP4,1177.73,23.98,No focal subject,Bite,Foraging,None|None|None,POINT,486.545,486.545,NA,,
IV_Sctaeniopterus_TP_2021-07-01_154516,6/25/2025 14:13,,/Users/aimeed/Desktop/BiteCounts/IV_Sctaeniopterus_TP_2021-07-01_154516_001.MP4,1177.73,23.98,No focal subject,Bite,Foraging,None|None|None,POINT,487.544,487.544,NA,,
IV_Sctaeniopterus_TP_2021-07-01_154516,6/25/2025 14:13,,/Users/aimeed/Desktop/BiteCounts/IV_Sctaeniopterus_TP_2021-07-01_154516_001.MP4,1177.73,23.98,No focal subject,Bite,Foraging,None|None|None,POINT,488.3,488.3,NA,,
IV_Sctaeniopterus_TP_2021-07-01_154516,6/25/2025 14:13,,/Users/aimeed/Desktop/BiteCounts/IV_Sctaeniopterus_TP_2021-07-01_154516_001.MP4,1177.73,23.98,No focal subject,Bite,Foraging,None|None|None,POINT,489.044,489.044,NA,,
IV_Sctaeniopterus_TP_2021-07-01_154516,6/25/2025 14:13,,/Users/aimeed/Desktop/BiteCounts/IV_Sctaeniopterus_TP_2021-07-01_154516_001.MP4,1177.73,23.98,No focal subject,Bite,Foraging,None|None|None,POINT,489.548,489.548,NA,,
IV_Sctaeniopterus_TP_2021-07-01_154516,6/25/2025 14:13,,/Users/aimeed/Desktop/BiteCounts/IV_Sctaeniopterus_TP_2021-07-01_154516_001.MP4,1177.73,23.98,No focal subject,Bite,Foraging,None|None|None,POINT,490.546,490.546,NA,,
IV_Sctaeniopterus_TP_2021-07-01_154516,6/25/2025 14:13,,/Users/aimeed/Desktop/BiteCounts/IV_Sctaeniopterus_TP_2021-07-01_154516_001.MP4,1177.73,23.98,No focal subject,Bite,Foraging,None|None|None,POINT,491.544,491.544,NA,,
IV_Sctaeniopterus_TP_2021-07-01_154516,6/25/2025 14:13,,/Users/aimeed/Desktop/BiteCounts/IV_Sctaeniopterus_TP_2021-07-01_154516_001.MP4,1177.73,23.98,No focal subject,Bite,Foraging,None|None|None,POINT,492.297,492.297,NA,,
IV_Sctaeniopterus_TP_2021-07-01_154516,6/25/2025 14:13,,/Users/aimeed/Desktop/BiteCounts/IV_Sctaeniopterus_TP_2021-07-01_154516_001.MP4,1177.73,23.98,No focal subject,Bite,Foraging,None|None|None,POINT,493.048,493.048,NA,,
IV_Sctaeniopterus_TP_2021-07-01_154516,6/25/2025 14:13,,/Users/aimeed/Desktop/BiteCounts/IV_Sctaeniopterus_TP_2021-07-01_154516_001.MP4,1177.73,23.98,No focal subject,Bite,Foraging,None|None|None,POINT,506.298,506.298,NA,,
IV_Sctaeniopterus_TP_2021-07-01_154516,6/25/2025 14:13,,/Users/aimeed/Desktop/BiteCounts/IV_Sctaeniopterus_TP_2021-07-01_154516_001.MP4,1177.73,23.98,No focal subject,Bite,Foraging,None|None|None,POINT,507.799,507.799,NA,,
IV_Sctaeniopterus_TP_2021-07-01_154516,6/25/2025 14:13,,/Users/aimeed/Desktop/BiteCounts/IV_Sctaeniopterus_TP_2021-07-01_154516_001.MP4,1177.73,23.98,No focal subject,Bite,Foraging,None|None|None,POINT,529.548,529.548,NA,,
IV_Sctaeniopterus_TP_2021-07-01_154516,6/25/2025 14:13,,/Users/aimeed/Desktop/BiteCounts/IV_Sctaeniopterus_TP_2021-07-01_154516_001.MP4,1177.73,23.98,No focal subject,Bite,Foraging,None|None|None,POINT,531.299,531.299,NA,,
IV_Sctaeniopterus_TP_2021-07-01_154516,6/25/2025 14:13,,/Users/aimeed/Desktop/BiteCounts/IV_Sctaeniopterus_TP_2021-07-01_154516_001.MP4,1177.73,23.98,No focal subject,Bite,Foraging,None|None|None,POINT,533.046,533.046,NA,,
IV_Sctaeniopterus_TP_2021-07-01_154516,6/25/2025 14:13,,/Users/aimeed/Desktop/BiteCounts/IV_Sctaeniopterus_TP_2021-07-01_154516_001.MP4,1177.73,23.98,No focal subject,Bite,Foraging,None|None|None,POINT,534.547,534.547,NA,,
IV_Sctaeniopterus_TP_2021-07-01_154516,6/25/2025 14:13,,/Users/aimeed/Desktop/BiteCounts/IV_Sctaeniopterus_TP_2021-07-01_154516_001.MP4,1177.73,23.98,No focal subject,Bite,Foraging,None|None|None,POINT,536.048,536.048,NA,,
IV_Sctaeniopterus_TP_2021-07-01_154516,6/25/2025 14:13,,/Users/aimeed/Desktop/BiteCounts/IV_Sctaeniopterus_TP_2021-07-01_154516_001.MP4,1177.73,23.98,No focal subject,Bite,Foraging,None|None|None,POINT,542.548,542.548,NA,,
IV_Sctaeniopterus_TP_2021-07-01_154516,6/25/2025 14:13,,/Users/aimeed/Desktop/BiteCounts/IV_Sctaeniopterus_TP_2021-07-01_154516_001.MP4,1177.73,23.98,No focal subject,Bite,Foraging,None|None|None,POINT,545.296,545.296,NA,,
IV_Sctaeniopterus_TP_2021-07-01_154516,6/25/2025 14:13,,/Users/aimeed/Desktop/BiteCounts/IV_Sctaeniopterus_TP_2021-07-01_154516_001.MP4,1177.73,23.98,No focal subject,Bite,Foraging,None|None|None,POINT,546.048,546.048,NA,,
IV_Sctaeniopterus_TP_2021-07-01_154516,6/25/2025 14:13,,/Users/aimeed/Desktop/BiteCounts/IV_Sctaeniopterus_TP_2021-07-01_154516_001.MP4,1177.73,23.98,No focal subject,Bite,Foraging,None|None|None,POINT,546.799,546.799,NA,,
IV_Sctaeniopterus_TP_2021-07-01_154516,6/25/2025 14:13,,/Users/aimeed/Desktop/BiteCounts/IV_Sctaeniopterus_TP_2021-07-01_154516_001.MP4,1177.73,23.98,No focal subject,Bite,Foraging,None|None|None,POINT,548.047,548.047,NA,,
IV_Sctaeniopterus_TP_2021-07-01_154516,6/25/2025 14:13,,/Users/aimeed/Desktop/BiteCounts/IV_Sctaeniopterus_TP_2021-07-01_154516_001.MP4,1177.73,23.98,No focal subject,Bite,Foraging,None|None|None,POINT,549.299,549.299,NA,,
IV_Sctaeniopterus_TP_2021-07-01_154516,6/25/2025 14:13,,/Users/aimeed/Desktop/BiteCounts/IV_Sctaeniopterus_TP_2021-07-01_154516_001.MP4,1177.73,23.98,No focal subject,Bite,Foraging,None|None|None,POINT,550.042,550.042,NA,,
IV_Sctaeniopterus_TP_2021-07-01_154516,6/25/2025 14:13,,/Users/aimeed/Desktop/BiteCounts/IV_Sctaeniopterus_TP_2021-07-01_154516_001.MP4,1177.73,23.98,No focal subject,Bite,Foraging,None|None|None,POINT,551.297,551.297,NA,,
IV_Sctaeniopterus_TP_2021-07-01_154516,6/25/2025 14:13,,/Users/aimeed/Desktop/BiteCounts/IV_Sctaeniopterus_TP_2021-07-01_154516_001.MP4,1177.73,23.98,No focal subject,Bite,Foraging,None|None|None,POINT,552.298,552.298,NA,,
IV_Sctaeniopterus_TP_2021-07-01_154516,6/25/2025 14:13,,/Users/aimeed/Desktop/BiteCounts/IV_Sctaeniopterus_TP_2021-07-01_154516_001.MP4,1177.73,23.98,No focal subject,Bite,Foraging,None|None|None,POINT,558.545,558.545,NA,,
IV_Sctaeniopterus_TP_2021-07-01_154516,6/25/2025 14:13,,/Users/aimeed/Desktop/BiteCounts/IV_Sctaeniopterus_TP_2021-07-01_154516_001.MP4,1177.73,23.98,No focal subject,Bite,Foraging,None|None|None,POINT,559.8,559.8,NA,,
IV_Sctaeniopterus_TP_2021-07-01_154516,6/25/2025 14:13,,/Users/aimeed/Desktop/BiteCounts/IV_Sctaeniopterus_TP_2021-07-01_154516_001.MP4,1177.73,23.98,No focal subject,Bite,Foraging,None|None|None,POINT,560.8,560.8,NA,,
IV_Sctaeniopterus_TP_2021-07-01_154516,6/25/2025 14:13,,/Users/aimeed/Desktop/BiteCounts/IV_Sctaeniopterus_TP_2021-07-01_154516_001.MP4,1177.73,23.98,No focal subject,Bite,Foraging,None|None|None,POINT,561.799,561.799,NA,,
IV_Sctaeniopterus_TP_2021-07-01_154516,6/25/2025 14:13,,/Users/aimeed/Desktop/BiteCounts/IV_Sctaeniopterus_TP_2021-07-01_154516_001.MP4,1177.73,23.98,No focal subject,Bite,Foraging,None|None|None,POINT,564.299,564.299,NA,,
IV_Sctaeniopterus_TP_2021-07-01_154516,6/25/2025 14:13,,/Users/aimeed/Desktop/BiteCounts/IV_Sctaeniopterus_TP_2021-07-01_154516_001.MP4,1177.73,23.98,No focal subject,Bite,Foraging,None|None|None,POINT,565.799,565.799,NA,,
IV_Sctaeniopterus_TP_2021-07-01_154516,6/25/2025 14:13,,/Users/aimeed/Desktop/BiteCounts/IV_Sctaeniopterus_TP_2021-07-01_154516_001.MP4,1177.73,23.98,No focal subject,Bite,Foraging,None|None|None,POINT,566.547,566.547,NA,,
IV_Sctaeniopterus_TP_2021-07-01_154516,6/25/2025 14:13,,/Users/aimeed/Desktop/BiteCounts/IV_Sctaeniopterus_TP_2021-07-01_154516_001.MP4,1177.73,23.98,No focal subject,Bite,Foraging,None|None|None,POINT,568.299,568.299,NA,,
IV_Sctaeniopterus_TP_2021-07-01_154516,6/25/2025 14:13,,/Users/aimeed/Desktop/BiteCounts/IV_Sctaeniopterus_TP_2021-07-01_154516_001.MP4,1177.73,23.98,No focal subject,Bite,Foraging,None|None|None,POINT,569.301,569.301,NA,,
IV_Sctaeniopterus_TP_2021-07-01_154516,6/25/2025 14:13,,/Users/aimeed/Desktop/BiteCounts/IV_Sctaeniopterus_TP_2021-07-01_154516_001.MP4,1177.73,23.98,No focal subject,Bite,Foraging,None|None|None,POINT,570.3,570.3,NA,,
IV_Sctaeniopterus_TP_2021-07-01_154516,6/25/2025 14:13,,/Users/aimeed/Desktop/BiteCounts/IV_Sctaeniopterus_TP_2021-07-01_154516_001.MP4,1177.73,23.98,No focal subject,Bite,Foraging,None|None|None,POINT,571.298,571.298,NA,,
IV_Sctaeniopterus_TP_2021-07-01_154516,6/25/2025 14:13,,/Users/aimeed/Desktop/BiteCounts/IV_Sctaeniopterus_TP_2021-07-01_154516_001.MP4,1177.73,23.98,No focal subject,Bite,Foraging,None|None|None,POINT,572.301,572.301,NA,,
IV_Sctaeniopterus_TP_2021-07-01_154516,6/25/2025 14:13,,/Users/aimeed/Desktop/BiteCounts/IV_Sctaeniopterus_TP_2021-07-01_154516_001.MP4,1177.73,23.98,No focal subject,Bite,Foraging,None|None|None,POINT,574.545,574.545,NA,,
IV_Sctaeniopterus_TP_2021-07-01_154516,6/25/2025 14:13,,/Users/aimeed/Desktop/BiteCounts/IV_Sctaeniopterus_TP_2021-07-01_154516_001.MP4,1177.73,23.98,No focal subject,Bite,Foraging,None|None|None,POINT,575.8,575.8,NA,,
IV_Sctaeniopterus_TP_2021-07-01_154516,6/25/2025 14:13,,/Users/aimeed/Desktop/BiteCounts/IV_Sctaeniopterus_TP_2021-07-01_154516_001.MP4,1177.73,23.98,No focal subject,Bite,Foraging,None|None|None,POINT,576.549,576.549,NA,,
IV_Sctaeniopterus_TP_2021-07-01_154516,6/25/2025 14:13,,/Users/aimeed/Desktop/BiteCounts/IV_Sctaeniopterus_TP_2021-07-01_154516_001.MP4,1177.73,23.98,No focal subject,Bite,Foraging,None|None|None,POINT,597.047,597.047,NA,,
IV_Sctaeniopterus_TP_2021-07-01_154516,6/25/2025 14:13,,/Users/aimeed/Desktop/BiteCounts/IV_Sctaeniopterus_TP_2021-07-01_154516_001.MP4,1177.73,23.98,No focal subject,Bite,Foraging,None|None|None,POINT,598.547,598.547,NA,,
IV_Sctaeniopterus_TP_2021-07-01_154516,6/25/2025 14:13,,/Users/aimeed/Desktop/BiteCounts/IV_Sctaeniopterus_TP_2021-07-01_154516_001.MP4,1177.73,23.98,No focal subject,Bite,Foraging,None|None|None,POINT,599.8,599.8,NA,,
IV_Sctaeniopterus_TP_2021-07-01_154516,6/25/2025 14:13,,/Users/aimeed/Desktop/BiteCounts/IV_Sctaeniopterus_TP_2021-07-01_154516_001.MP4,1177.73,23.98,No focal subject,Bite,Foraging,None|None|None,POINT,601.299,601.299,NA,,
IV_Sctaeniopterus_TP_2021-07-01_154516,6/25/2025 14:13,,/Users/aimeed/Desktop/BiteCounts/IV_Sctaeniopterus_TP_2021-07-01_154516_001.MP4,1177.73,23.98,No focal subject,Bite,Foraging,None|None|None,POINT,603.046,603.046,NA,,
IV_Sctaeniopterus_TP_2021-07-01_154516,6/25/2025 14:13,,/Users/aimeed/Desktop/BiteCounts/IV_Sctaeniopterus_TP_2021-07-01_154516_001.MP4,1177.73,23.98,No focal subject,Cleaning,Social Interactions,,STATE,611.515,622.267,10.752,,
IV_Sctaeniopterus_TP_2021-07-01_154516,6/25/2025 14:13,,/Users/aimeed/Desktop/BiteCounts/IV_Sctaeniopterus_TP_2021-07-01_154516_001.MP4,1177.73,23.98,No focal subject,Bite,Foraging,None|None|None,POINT,631.268,631.268,NA,,
IV_Sctaeniopterus_TP_2021-07-01_154516,6/25/2025 14:13,,/Users/aimeed/Desktop/BiteCounts/IV_Sctaeniopterus_TP_2021-07-01_154516_001.MP4,1177.73,23.98,No focal subject,Bite,Foraging,None|None|None,POINT,632.267,632.267,NA,,
IV_Sctaeniopterus_TP_2021-07-01_154516,6/25/2025 14:13,,/Users/aimeed/Desktop/BiteCounts/IV_Sctaeniopterus_TP_2021-07-01_154516_001.MP4,1177.73,23.98,No focal subject,Bite,Foraging,None|None|None,POINT,633.019,633.019,NA,,
IV_Sctaeniopterus_TP_2021-07-01_154516,6/25/2025 14:13,,/Users/aimeed/Desktop/BiteCounts/IV_Sctaeniopterus_TP_2021-07-01_154516_001.MP4,1177.73,23.98,No focal subject,Bite,Foraging,None|None|None,POINT,635.267,635.267,NA,,
IV_Sctaeniopterus_TP_2021-07-01_154516,6/25/2025 14:13,,/Users/aimeed/Desktop/BiteCounts/IV_Sctaeniopterus_TP_2021-07-01_154516_001.MP4,1177.73,23.98,No focal subject,Bite,Foraging,None|None|None,POINT,636.266,636.266,NA,,
IV_Sctaeniopterus_TP_2021-07-01_154516,6/25/2025 14:13,,/Users/aimeed/Desktop/BiteCounts/IV_Sctaeniopterus_TP_2021-07-01_154516_001.MP4,1177.73,23.98,No focal subject,Bite,Foraging,None|None|None,POINT,640.766,640.766,NA,,
IV_Sctaeniopterus_TP_2021-07-01_154516,6/25/2025 14:13,,/Users/aimeed/Desktop/BiteCounts/IV_Sctaeniopterus_TP_2021-07-01_154516_001.MP4,1177.73,23.98,No focal subject,Bite,Foraging,None|None|None,POINT,641.515,641.515,NA,,
IV_Sctaeniopterus_TP_2021-07-01_154516,6/25/2025 14:13,,/Users/aimeed/Desktop/BiteCounts/IV_Sctaeniopterus_TP_2021-07-01_154516_001.MP4,1177.73,23.98,No focal subject,Bite,Foraging,None|None|None,POINT,642.522,642.522,NA,,
IV_Sctaeniopterus_TP_2021-07-01_154516,6/25/2025 14:13,,/Users/aimeed/Desktop/BiteCounts/IV_Sctaeniopterus_TP_2021-07-01_154516_001.MP4,1177.73,23.98,No focal subject,Bite,Foraging,None|None|None,POINT,643.268,643.268,NA,,
IV_Sctaeniopterus_TP_2021-07-01_154516,6/25/2025 14:13,,/Users/aimeed/Desktop/BiteCounts/IV_Sctaeniopterus_TP_2021-07-01_154516_001.MP4,1177.73,23.98,No focal subject,Bite,Foraging,None|None|None,POINT,644.267,644.267,NA,,
IV_Sctaeniopterus_TP_2021-07-01_154516,6/25/2025 14:13,,/Users/aimeed/Desktop/BiteCounts/IV_Sctaeniopterus_TP_2021-07-01_154516_001.MP4,1177.73,23.98,No focal subject,Bite,Foraging,None|None|None,POINT,645.019,645.019,NA,,
IV_Sctaeniopterus_TP_2021-07-01_154516,6/25/2025 14:13,,/Users/aimeed/Desktop/BiteCounts/IV_Sctaeniopterus_TP_2021-07-01_154516_001.MP4,1177.73,23.98,No focal subject,Bite,Foraging,None|None|None,POINT,645.266,645.266,NA,,
IV_Sctaeniopterus_TP_2021-07-01_154516,6/25/2025 14:13,,/Users/aimeed/Desktop/BiteCounts/IV_Sctaeniopterus_TP_2021-07-01_154516_001.MP4,1177.73,23.98,No focal subject,Bite,Foraging,None|None|None,POINT,647.018,647.018,NA,,
IV_Sctaeniopterus_TP_2021-07-01_154516,6/25/2025 14:13,,/Users/aimeed/Desktop/BiteCounts/IV_Sctaeniopterus_TP_2021-07-01_154516_001.MP4,1177.73,23.98,No focal subject,Bite,Foraging,None|None|None,POINT,648.266,648.266,NA,,
IV_Sctaeniopterus_TP_2021-07-01_154516,6/25/2025 14:13,,/Users/aimeed/Desktop/BiteCounts/IV_Sctaeniopterus_TP_2021-07-01_154516_001.MP4,1177.73,23.98,No focal subject,Bite,Foraging,None|None|None,POINT,662.768,662.768,NA,,
IV_Sctaeniopterus_TP_2021-07-01_154516,6/25/2025 14:13,,/Users/aimeed/Desktop/BiteCounts/IV_Sctaeniopterus_TP_2021-07-01_154516_001.MP4,1177.73,23.98,No focal subject,Bite,Foraging,None|None|None,POINT,664.521,664.521,NA,,
IV_Sctaeniopterus_TP_2021-07-01_154516,6/25/2025 14:13,,/Users/aimeed/Desktop/BiteCounts/IV_Sctaeniopterus_TP_2021-07-01_154516_001.MP4,1177.73,23.98,No focal subject,Bite,Foraging,None|None|None,POINT,666.271,666.271,NA,,
IV_Sctaeniopterus_TP_2021-07-01_154516,6/25/2025 14:13,,/Users/aimeed/Desktop/BiteCounts/IV_Sctaeniopterus_TP_2021-07-01_154516_001.MP4,1177.73,23.98,No focal subject,Bite,Foraging,None|None|None,POINT,667.769,667.769,NA,,
IV_Sctaeniopterus_TP_2021-07-01_154516,6/25/2025 14:13,,/Users/aimeed/Desktop/BiteCounts/IV_Sctaeniopterus_TP_2021-07-01_154516_001.MP4,1177.73,23.98,No focal subject,Bite,Foraging,None|None|None,POINT,669.264,669.264,NA,,
IV_Sctaeniopterus_TP_2021-07-01_154516,6/25/2025 14:13,,/Users/aimeed/Desktop/BiteCounts/IV_Sctaeniopterus_TP_2021-07-01_154516_001.MP4,1177.73,23.98,No focal subject,Cleaning,Social Interactions,,STATE,688.268,692.018,3.75,,
IV_Sctaeniopterus_TP_2021-07-01_154516,6/25/2025 14:13,,/Users/aimeed/Desktop/BiteCounts/IV_Sctaeniopterus_TP_2021-07-01_154516_001.MP4,1177.73,23.98,No focal subject,Bite,Foraging,None|None|None,POINT,697.522,697.522,NA,,
IV_Sctaeniopterus_TP_2021-07-01_154516,6/25/2025 14:13,,/Users/aimeed/Desktop/BiteCounts/IV_Sctaeniopterus_TP_2021-07-01_154516_001.MP4,1177.73,23.98,No focal subject,Bite,Foraging,None|None|None,POINT,698.519,698.519,NA,,
IV_Sctaeniopterus_TP_2021-07-01_154516,6/25/2025 14:13,,/Users/aimeed/Desktop/BiteCounts/IV_Sctaeniopterus_TP_2021-07-01_154516_001.MP4,1177.73,23.98,No focal subject,Bite,Foraging,None|None|None,POINT,699.519,699.519,NA,,
IV_Sctaeniopterus_TP_2021-07-01_154516,6/25/2025 14:13,,/Users/aimeed/Desktop/BiteCounts/IV_Sctaeniopterus_TP_2021-07-01_154516_001.MP4,1177.73,23.98,No focal subject,Bite,Foraging,None|None|None,POINT,700.021,700.021,NA,,
IV_Sctaeniopterus_TP_2021-07-01_154516,6/25/2025 14:13,,/Users/aimeed/Desktop/BiteCounts/IV_Sctaeniopterus_TP_2021-07-01_154516_001.MP4,1177.73,23.98,No focal subject,Bite,Foraging,None|None|None,POINT,700.266,700.266,NA,,
IV_Sctaeniopterus_TP_2021-07-01_154516,6/25/2025 14:13,,/Users/aimeed/Desktop/BiteCounts/IV_Sctaeniopterus_TP_2021-07-01_154516_001.MP4,1177.73,23.98,No focal subject,Bite,Foraging,None|None|None,POINT,701.769,701.769,NA,,
IV_Sctaeniopterus_TP_2021-07-01_154516,6/25/2025 14:13,,/Users/aimeed/Desktop/BiteCounts/IV_Sctaeniopterus_TP_2021-07-01_154516_001.MP4,1177.73,23.98,No focal subject,Bite,Foraging,None|None|None,POINT,707.769,707.769,NA,,
IV_Sctaeniopterus_TP_2021-07-01_154516,6/25/2025 14:13,,/Users/aimeed/Desktop/BiteCounts/IV_Sctaeniopterus_TP_2021-07-01_154516_001.MP4,1177.73,23.98,No focal subject,Bite,Foraging,None|None|None,POINT,709.015,709.015,NA,,
IV_Sctaeniopterus_TP_2021-07-01_154516,6/25/2025 14:13,,/Users/aimeed/Desktop/BiteCounts/IV_Sctaeniopterus_TP_2021-07-01_154516_002.MP4,1177.73,23.98,No focal subject,Bite,Foraging,None|None|None,POINT,709.72,709.72,NA,,
IV_Sctaeniopterus_TP_2021-07-01_154516,6/25/2025 14:13,,/Users/aimeed/Desktop/BiteCounts/IV_Sctaeniopterus_TP_2021-07-01_154516_002.MP4,1177.73,23.98,No focal subject,Bite,Foraging,None|None|None,POINT,710.879,710.879,NA,,
IV_Sctaeniopterus_TP_2021-07-01_154516,6/25/2025 14:13,,/Users/aimeed/Desktop/BiteCounts/IV_Sctaeniopterus_TP_2021-07-01_154516_002.MP4,1177.73,23.98,No focal subject,Bite,Foraging,None|None|None,POINT,712.132,712.132,NA,,
IV_Sctaeniopterus_TP_2021-07-01_154516,6/25/2025 14:13,,/Users/aimeed/Desktop/BiteCounts/IV_Sctaeniopterus_TP_2021-07-01_154516_002.MP4,1177.73,23.98,No focal subject,Bite,Foraging,None|None|None,POINT,714.879,714.879,NA,,
IV_Sctaeniopterus_TP_2021-07-01_154516,6/25/2025 14:13,,/Users/aimeed/Desktop/BiteCounts/IV_Sctaeniopterus_TP_2021-07-01_154516_002.MP4,1177.73,23.98,No focal subject,Bite,Foraging,None|None|None,POINT,718.132,718.132,NA,,
IV_Sctaeniopterus_TP_2021-07-01_154516,6/25/2025 14:13,,/Users/aimeed/Desktop/BiteCounts/IV_Sctaeniopterus_TP_2021-07-01_154516_002.MP4,1177.73,23.98,No focal subject,Bite,Foraging,None|None|None,POINT,719.131,719.131,NA,,
IV_Sctaeniopterus_TP_2021-07-01_154516,6/25/2025 14:13,,/Users/aimeed/Desktop/BiteCounts/IV_Sctaeniopterus_TP_2021-07-01_154516_002.MP4,1177.73,23.98,No focal subject,Bite,Foraging,None|None|None,POINT,719.88,719.88,NA,,
IV_Sctaeniopterus_TP_2021-07-01_154516,6/25/2025 14:13,,/Users/aimeed/Desktop/BiteCounts/IV_Sctaeniopterus_TP_2021-07-01_154516_002.MP4,1177.73,23.98,No focal subject,Bite,Foraging,None|None|None,POINT,720.632,720.632,NA,,
IV_Sctaeniopterus_TP_2021-07-01_154516,6/25/2025 14:13,,/Users/aimeed/Desktop/BiteCounts/IV_Sctaeniopterus_TP_2021-07-01_154516_002.MP4,1177.73,23.98,No focal subject,Bite,Foraging,None|None|None,POINT,721.879,721.879,NA,,
IV_Sctaeniopterus_TP_2021-07-01_154516,6/25/2025 14:13,,/Users/aimeed/Desktop/BiteCounts/IV_Sctaeniopterus_TP_2021-07-01_154516_002.MP4,1177.73,23.98,No focal subject,Bite,Foraging,None|None|None,POINT,723.13,723.13,NA,,
IV_Sctaeniopterus_TP_2021-07-01_154516,6/25/2025 14:13,,/Users/aimeed/Desktop/BiteCounts/IV_Sctaeniopterus_TP_2021-07-01_154516_002.MP4,1177.73,23.98,No focal subject,Bite,Foraging,None|None|None,POINT,723.88,723.88,NA,,
IV_Sctaeniopterus_TP_2021-07-01_154516,6/25/2025 14:13,,/Users/aimeed/Desktop/BiteCounts/IV_Sctaeniopterus_TP_2021-07-01_154516_002.MP4,1177.73,23.98,No focal subject,Bite,Foraging,None|None|None,POINT,724.88,724.88,NA,,
IV_Sctaeniopterus_TP_2021-07-01_154516,6/25/2025 14:13,,/Users/aimeed/Desktop/BiteCounts/IV_Sctaeniopterus_TP_2021-07-01_154516_002.MP4,1177.73,23.98,No focal subject,Bite,Foraging,None|None|None,POINT,726.379,726.379,NA,,
IV_Sctaeniopterus_TP_2021-07-01_154516,6/25/2025 14:13,,/Users/aimeed/Desktop/BiteCounts/IV_Sctaeniopterus_TP_2021-07-01_154516_002.MP4,1177.73,23.98,No focal subject,Bite,Foraging,None|None|None,POINT,726.877,726.877,NA,,
IV_Sctaeniopterus_TP_2021-07-01_154516,6/25/2025 14:13,,/Users/aimeed/Desktop/BiteCounts/IV_Sctaeniopterus_TP_2021-07-01_154516_002.MP4,1177.73,23.98,No focal subject,Bite,Foraging,None|None|None,POINT,727.878,727.878,NA,,
IV_Sctaeniopterus_TP_2021-07-01_154516,6/25/2025 14:13,,/Users/aimeed/Desktop/BiteCounts/IV_Sctaeniopterus_TP_2021-07-01_154516_002.MP4,1177.73,23.98,No focal subject,Bite,Foraging,None|None|None,POINT,742.131,742.131,NA,,
IV_Sctaeniopterus_TP_2021-07-01_154516,6/25/2025 14:13,,/Users/aimeed/Desktop/BiteCounts/IV_Sctaeniopterus_TP_2021-07-01_154516_002.MP4,1177.73,23.98,No focal subject,Bite,Foraging,None|None|None,POINT,743.629,743.629,NA,,
IV_Sctaeniopterus_TP_2021-07-01_154516,6/25/2025 14:13,,/Users/aimeed/Desktop/BiteCounts/IV_Sctaeniopterus_TP_2021-07-01_154516_002.MP4,1177.73,23.98,No focal subject,Bite,Foraging,None|None|None,POINT,744.379,744.379,NA,,
IV_Sctaeniopterus_TP_2021-07-01_154516,6/25/2025 14:13,,/Users/aimeed/Desktop/BiteCounts/IV_Sctaeniopterus_TP_2021-07-01_154516_002.MP4,1177.73,23.98,No focal subject,Bite,Foraging,None|None|None,POINT,745.63,745.63,NA,,
IV_Sctaeniopterus_TP_2021-07-01_154516,6/25/2025 14:13,,/Users/aimeed/Desktop/BiteCounts/IV_Sctaeniopterus_TP_2021-07-01_154516_002.MP4,1177.73,23.98,No focal subject,Bite,Foraging,None|None|None,POINT,748.378,748.378,NA,,
IV_Sctaeniopterus_TP_2021-07-01_154516,6/25/2025 14:13,,/Users/aimeed/Desktop/BiteCounts/IV_Sctaeniopterus_TP_2021-07-01_154516_002.MP4,1177.73,23.98,No focal subject,Bite,Foraging,None|None|None,POINT,749.379,749.379,NA,,
IV_Sctaeniopterus_TP_2021-07-01_154516,6/25/2025 14:13,,/Users/aimeed/Desktop/BiteCounts/IV_Sctaeniopterus_TP_2021-07-01_154516_002.MP4,1177.73,23.98,No focal subject,Bite,Foraging,None|None|None,POINT,750.632,750.632,NA,,
IV_Sctaeniopterus_TP_2021-07-01_154516,6/25/2025 14:13,,/Users/aimeed/Desktop/BiteCounts/IV_Sctaeniopterus_TP_2021-07-01_154516_002.MP4,1177.73,23.98,No focal subject,Bite,Foraging,None|None|None,POINT,752.132,752.132,NA,,
IV_Sctaeniopterus_TP_2021-07-01_154516,6/25/2025 14:13,,/Users/aimeed/Desktop/BiteCounts/IV_Sctaeniopterus_TP_2021-07-01_154516_002.MP4,1177.73,23.98,No focal subject,Bite,Foraging,None|None|None,POINT,785.693,785.693,NA,,
IV_Sctaeniopterus_TP_2021-07-01_154516,6/25/2025 14:13,,/Users/aimeed/Desktop/BiteCounts/IV_Sctaeniopterus_TP_2021-07-01_154516_002.MP4,1177.73,23.98,No focal subject,Bite,Foraging,None|None|None,POINT,786.439,786.439,NA,,
IV_Sctaeniopterus_TP_2021-07-01_154516,6/25/2025 14:13,,/Users/aimeed/Desktop/BiteCounts/IV_Sctaeniopterus_TP_2021-07-01_154516_002.MP4,1177.73,23.98,No focal subject,Bite,Foraging,None|None|None,POINT,787.693,787.693,NA,,
IV_Sctaeniopterus_TP_2021-07-01_154516,6/25/2025 14:13,,/Users/aimeed/Desktop/BiteCounts/IV_Sctaeniopterus_TP_2021-07-01_154516_002.MP4,1177.73,23.98,No focal subject,Bite,Foraging,None|None|None,POINT,788.44,788.44,NA,,
IV_Sctaeniopterus_TP_2021-07-01_154516,6/25/2025 14:13,,/Users/aimeed/Desktop/BiteCounts/IV_Sctaeniopterus_TP_2021-07-01_154516_002.MP4,1177.73,23.98,No focal subject,Bite,Foraging,None|None|None,POINT,789.192,789.192,NA,,
IV_Sctaeniopterus_TP_2021-07-01_154516,6/25/2025 14:13,,/Users/aimeed/Desktop/BiteCounts/IV_Sctaeniopterus_TP_2021-07-01_154516_002.MP4,1177.73,23.98,No focal subject,Bite,Foraging,None|None|None,POINT,789.692,789.692,NA,,
IV_Sctaeniopterus_TP_2021-07-01_154516,6/25/2025 14:13,,/Users/aimeed/Desktop/BiteCounts/IV_Sctaeniopterus_TP_2021-07-01_154516_002.MP4,1177.73,23.98,No focal subject,Bite,Foraging,None|None|None,POINT,790.19,790.19,NA,,
IV_Sctaeniopterus_TP_2021-07-01_154516,6/25/2025 14:13,,/Users/aimeed/Desktop/BiteCounts/IV_Sctaeniopterus_TP_2021-07-01_154516_002.MP4,1177.73,23.98,No focal subject,Bite,Foraging,None|None|None,POINT,790.441,790.441,NA,,
IV_Sctaeniopterus_TP_2021-07-01_154516,6/25/2025 14:13,,/Users/aimeed/Desktop/BiteCounts/IV_Sctaeniopterus_TP_2021-07-01_154516_002.MP4,1177.73,23.98,No focal subject,Bite,Foraging,None|None|None,POINT,819.7,819.7,NA,,
IV_Sctaeniopterus_TP_2021-07-01_154516,6/25/2025 14:13,,/Users/aimeed/Desktop/BiteCounts/IV_Sctaeniopterus_TP_2021-07-01_154516_002.MP4,1177.73,23.98,No focal subject,Bite,Foraging,None|None|None,POINT,820.197,820.197,NA,,
IV_Sctaeniopterus_TP_2021-07-01_154516,6/25/2025 14:13,,/Users/aimeed/Desktop/BiteCounts/IV_Sctaeniopterus_TP_2021-07-01_154516_002.MP4,1177.73,23.98,No focal subject,Bite,Foraging,None|None|None,POINT,820.946,820.946,NA,,
IV_Sctaeniopterus_TP_2021-07-01_154516,6/25/2025 14:13,,/Users/aimeed/Desktop/BiteCounts/IV_Sctaeniopterus_TP_2021-07-01_154516_002.MP4,1177.73,23.98,No focal subject,Bite,Foraging,None|None|None,POINT,821.946,821.946,NA,,
IV_Sctaeniopterus_TP_2021-07-01_154516,6/25/2025 14:13,,/Users/aimeed/Desktop/BiteCounts/IV_Sctaeniopterus_TP_2021-07-01_154516_002.MP4,1177.73,23.98,No focal subject,Bite,Foraging,None|None|None,POINT,827.945,827.945,NA,,
IV_Sctaeniopterus_TP_2021-07-01_154516,6/25/2025 14:13,,/Users/aimeed/Desktop/BiteCounts/IV_Sctaeniopterus_TP_2021-07-01_154516_002.MP4,1177.73,23.98,No focal subject,Bite,Foraging,None|None|None,POINT,828.945,828.945,NA,,
IV_Sctaeniopterus_TP_2021-07-01_154516,6/25/2025 14:13,,/Users/aimeed/Desktop/BiteCounts/IV_Sctaeniopterus_TP_2021-07-01_154516_002.MP4,1177.73,23.98,No focal subject,Bite,Foraging,None|None|None,POINT,830.197,830.197,NA,,
IV_Sctaeniopterus_TP_2021-07-01_154516,6/25/2025 14:13,,/Users/aimeed/Desktop/BiteCounts/IV_Sctaeniopterus_TP_2021-07-01_154516_002.MP4,1177.73,23.98,No focal subject,Bite,Foraging,None|None|None,POINT,831.443,831.443,NA,,
IV_Sctaeniopterus_TP_2021-07-01_154516,6/25/2025 14:13,,/Users/aimeed/Desktop/BiteCounts/IV_Sctaeniopterus_TP_2021-07-01_154516_002.MP4,1177.73,23.98,No focal subject,Bite,Foraging,None|None|None,POINT,832.444,832.444,NA,,
IV_Sctaeniopterus_TP_2021-07-01_154516,6/25/2025 14:13,,/Users/aimeed/Desktop/BiteCounts/IV_Sctaeniopterus_TP_2021-07-01_154516_002.MP4,1177.73,23.98,No focal subject,Bite,Foraging,None|None|None,POINT,833.694,833.694,NA,,
IV_Sctaeniopterus_TP_2021-07-01_154516,6/25/2025 14:13,,/Users/aimeed/Desktop/BiteCounts/IV_Sctaeniopterus_TP_2021-07-01_154516_002.MP4,1177.73,23.98,No focal subject,Bite,Foraging,None|None|None,POINT,834.694,834.694,NA,,
IV_Sctaeniopterus_TP_2021-07-01_154516,6/25/2025 14:13,,/Users/aimeed/Desktop/BiteCounts/IV_Sctaeniopterus_TP_2021-07-01_154516_002.MP4,1177.73,23.98,No focal subject,Bite,Foraging,None|None|None,POINT,835.94,835.94,NA,,
IV_Sctaeniopterus_TP_2021-07-01_154516,6/25/2025 14:13,,/Users/aimeed/Desktop/BiteCounts/IV_Sctaeniopterus_TP_2021-07-01_154516_002.MP4,1177.73,23.98,No focal subject,Bite,Foraging,None|None|None,POINT,836.696,836.696,NA,,
IV_Sctaeniopterus_TP_2021-07-01_154516,6/25/2025 14:13,,/Users/aimeed/Desktop/BiteCounts/IV_Sctaeniopterus_TP_2021-07-01_154516_002.MP4,1177.73,23.98,No focal subject,Bite,Foraging,None|None|None,POINT,837.442,837.442,NA,,
IV_Sctaeniopterus_TP_2021-07-01_154516,6/25/2025 14:13,,/Users/aimeed/Desktop/BiteCounts/IV_Sctaeniopterus_TP_2021-07-01_154516_002.MP4,1177.73,23.98,No focal subject,Bite,Foraging,None|None|None,POINT,848.939,848.939,NA,,
IV_Sctaeniopterus_TP_2021-07-01_154516,6/25/2025 14:13,,/Users/aimeed/Desktop/BiteCounts/IV_Sctaeniopterus_TP_2021-07-01_154516_002.MP4,1177.73,23.98,No focal subject,Bite,Foraging,None|None|None,POINT,854.195,854.195,NA,,
IV_Sctaeniopterus_TP_2021-07-01_154516,6/25/2025 14:13,,/Users/aimeed/Desktop/BiteCounts/IV_Sctaeniopterus_TP_2021-07-01_154516_002.MP4,1177.73,23.98,No focal subject,Bite,Foraging,None|None|None,POINT,855.196,855.196,NA,,
IV_Sctaeniopterus_TP_2021-07-01_154516,6/25/2025 14:13,,/Users/aimeed/Desktop/BiteCounts/IV_Sctaeniopterus_TP_2021-07-01_154516_002.MP4,1177.73,23.98,No focal subject,Bite,Foraging,None|None|None,POINT,859.697,859.697,NA,,
IV_Sctaeniopterus_TP_2021-07-01_154516,6/25/2025 14:13,,/Users/aimeed/Desktop/BiteCounts/IV_Sctaeniopterus_TP_2021-07-01_154516_002.MP4,1177.73,23.98,No focal subject,Bite,Foraging,None|None|None,POINT,860.698,860.698,NA,,
IV_Sctaeniopterus_TP_2021-07-01_154516,6/25/2025 14:13,,/Users/aimeed/Desktop/BiteCounts/IV_Sctaeniopterus_TP_2021-07-01_154516_002.MP4,1177.73,23.98,No focal subject,Bite,Foraging,None|None|None,POINT,861.697,861.697,NA,,
IV_Sctaeniopterus_TP_2021-07-01_154516,6/25/2025 14:13,,/Users/aimeed/Desktop/BiteCounts/IV_Sctaeniopterus_TP_2021-07-01_154516_002.MP4,1177.73,23.98,No focal subject,Bite,Foraging,None|None|None,POINT,862.696,862.696,NA,,
IV_Sctaeniopterus_TP_2021-07-01_154516,6/25/2025 14:13,,/Users/aimeed/Desktop/BiteCounts/IV_Sctaeniopterus_TP_2021-07-01_154516_002.MP4,1177.73,23.98,No focal subject,Bite,Foraging,None|None|None,POINT,864.943,864.943,NA,,
IV_Sctaeniopterus_TP_2021-07-01_154516,6/25/2025 14:13,,/Users/aimeed/Desktop/BiteCounts/IV_Sctaeniopterus_TP_2021-07-01_154516_002.MP4,1177.73,23.98,No focal subject,Bite,Foraging,None|None|None,POINT,869.945,869.945,NA,,
IV_Sctaeniopterus_TP_2021-07-01_154516,6/25/2025 14:13,,/Users/aimeed/Desktop/BiteCounts/IV_Sctaeniopterus_TP_2021-07-01_154516_002.MP4,1177.73,23.98,No focal subject,Bite,Foraging,None|None|None,POINT,870.696,870.696,NA,,
IV_Sctaeniopterus_TP_2021-07-01_154516,6/25/2025 14:13,,/Users/aimeed/Desktop/BiteCounts/IV_Sctaeniopterus_TP_2021-07-01_154516_002.MP4,1177.73,23.98,No focal subject,Bite,Foraging,None|None|None,POINT,871.196,871.196,NA,,
IV_Sctaeniopterus_TP_2021-07-01_154516,6/25/2025 14:13,,/Users/aimeed/Desktop/BiteCounts/IV_Sctaeniopterus_TP_2021-07-01_154516_002.MP4,1177.73,23.98,No focal subject,Bite,Foraging,None|None|None,POINT,871.943,871.943,NA,,
IV_Sctaeniopterus_TP_2021-07-01_154516,6/25/2025 14:13,,/Users/aimeed/Desktop/BiteCounts/IV_Sctaeniopterus_TP_2021-07-01_154516_002.MP4,1177.73,23.98,No focal subject,Bite,Foraging,None|None|None,POINT,872.442,872.442,NA,,
IV_Sctaeniopterus_TP_2021-07-01_154516,6/25/2025 14:13,,/Users/aimeed/Desktop/BiteCounts/IV_Sctaeniopterus_TP_2021-07-01_154516_002.MP4,1177.73,23.98,No focal subject,Bite,Foraging,None|None|None,POINT,873.196,873.196,NA,,
IV_Sctaeniopterus_TP_2021-07-01_154516,6/25/2025 14:13,,/Users/aimeed/Desktop/BiteCounts/IV_Sctaeniopterus_TP_2021-07-01_154516_002.MP4,1177.73,23.98,No focal subject,Bite,Foraging,None|None|None,POINT,874.197,874.197,NA,,
IV_Sctaeniopterus_TP_2021-07-01_154516,6/25/2025 14:13,,/Users/aimeed/Desktop/BiteCounts/IV_Sctaeniopterus_TP_2021-07-01_154516_002.MP4,1177.73,23.98,No focal subject,Bite,Foraging,None|None|None,POINT,875.195,875.195,NA,,
IV_Sctaeniopterus_TP_2021-07-01_154516,6/25/2025 14:13,,/Users/aimeed/Desktop/BiteCounts/IV_Sctaeniopterus_TP_2021-07-01_154516_002.MP4,1177.73,23.98,No focal subject,Bite,Foraging,None|None|None,POINT,875.697,875.697,NA,,
IV_Sctaeniopterus_TP_2021-07-01_154516,6/25/2025 14:13,,/Users/aimeed/Desktop/BiteCounts/IV_Sctaeniopterus_TP_2021-07-01_154516_002.MP4,1177.73,23.98,No focal subject,Bite,Foraging,None|None|None,POINT,876.94,876.94,NA,,
IV_Sctaeniopterus_TP_2021-07-01_154516,6/25/2025 14:13,,/Users/aimeed/Desktop/BiteCounts/IV_Sctaeniopterus_TP_2021-07-01_154516_002.MP4,1177.73,23.98,No focal subject,Bite,Foraging,None|None|None,POINT,877.939,877.939,NA,,
IV_Sctaeniopterus_TP_2021-07-01_154516,6/25/2025 14:13,,/Users/aimeed/Desktop/BiteCounts/IV_Sctaeniopterus_TP_2021-07-01_154516_002.MP4,1177.73,23.98,No focal subject,Bite,Foraging,None|None|None,POINT,878.193,878.193,NA,,
IV_Sctaeniopterus_TP_2021-07-01_154516,6/25/2025 14:13,,/Users/aimeed/Desktop/BiteCounts/IV_Sctaeniopterus_TP_2021-07-01_154516_002.MP4,1177.73,23.98,No focal subject,Bite,Foraging,None|None|None,POINT,878.941,878.941,NA,,
IV_Sctaeniopterus_TP_2021-07-01_154516,6/25/2025 14:13,,/Users/aimeed/Desktop/BiteCounts/IV_Sctaeniopterus_TP_2021-07-01_154516_002.MP4,1177.73,23.98,No focal subject,Bite,Foraging,None|None|None,POINT,879.443,879.443,NA,,
IV_Sctaeniopterus_TP_2021-07-01_154516,6/25/2025 14:13,,/Users/aimeed/Desktop/BiteCounts/IV_Sctaeniopterus_TP_2021-07-01_154516_002.MP4,1177.73,23.98,No focal subject,Bite,Foraging,None|None|None,POINT,880.69,880.69,NA,,
IV_Sctaeniopterus_TP_2021-07-01_154516,6/25/2025 14:13,,/Users/aimeed/Desktop/BiteCounts/IV_Sctaeniopterus_TP_2021-07-01_154516_002.MP4,1177.73,23.98,No focal subject,Bite,Foraging,None|None|None,POINT,881.441,881.441,NA,,
IV_Sctaeniopterus_TP_2021-07-01_154516,6/25/2025 14:13,,/Users/aimeed/Desktop/BiteCounts/IV_Sctaeniopterus_TP_2021-07-01_154516_002.MP4,1177.73,23.98,No focal subject,Bite,Foraging,None|None|None,POINT,883.444,883.444,NA,,
IV_Sctaeniopterus_TP_2021-07-01_154516,6/25/2025 14:13,,/Users/aimeed/Desktop/BiteCounts/IV_Sctaeniopterus_TP_2021-07-01_154516_002.MP4,1177.73,23.98,No focal subject,Bite,Foraging,None|None|None,POINT,884.195,884.195,NA,,
IV_Sctaeniopterus_TP_2021-07-01_154516,6/25/2025 14:13,,/Users/aimeed/Desktop/BiteCounts/IV_Sctaeniopterus_TP_2021-07-01_154516_002.MP4,1177.73,23.98,No focal subject,Bite,Foraging,None|None|None,POINT,884.944,884.944,NA,,
IV_Sctaeniopterus_TP_2021-07-01_154516,6/25/2025 14:13,,/Users/aimeed/Desktop/BiteCounts/IV_Sctaeniopterus_TP_2021-07-01_154516_002.MP4,1177.73,23.98,No focal subject,Bite,Foraging,None|None|None,POINT,885.697,885.697,NA,,
IV_Sctaeniopterus_TP_2021-07-01_154516,6/25/2025 14:13,,/Users/aimeed/Desktop/BiteCounts/IV_Sctaeniopterus_TP_2021-07-01_154516_002.MP4,1177.73,23.98,No focal subject,Bite,Foraging,None|None|None,POINT,886.697,886.697,NA,,
IV_Sctaeniopterus_TP_2021-07-01_154516,6/25/2025 14:13,,/Users/aimeed/Desktop/BiteCounts/IV_Sctaeniopterus_TP_2021-07-01_154516_002.MP4,1177.73,23.98,No focal subject,Bite,Foraging,None|None|None,POINT,887.695,887.695,NA,,
IV_Sctaeniopterus_TP_2021-07-01_154516,6/25/2025 14:13,,/Users/aimeed/Desktop/BiteCounts/IV_Sctaeniopterus_TP_2021-07-01_154516_002.MP4,1177.73,23.98,No focal subject,Bite,Foraging,None|None|None,POINT,908.944,908.944,NA,,
IV_Sctaeniopterus_TP_2021-07-01_154516,6/25/2025 14:13,,/Users/aimeed/Desktop/BiteCounts/IV_Sctaeniopterus_TP_2021-07-01_154516_002.MP4,1177.73,23.98,No focal subject,Bite,Foraging,None|None|None,POINT,913.944,913.944,NA,,
IV_Sctaeniopterus_TP_2021-07-01_154516,6/25/2025 14:13,,/Users/aimeed/Desktop/BiteCounts/IV_Sctaeniopterus_TP_2021-07-01_154516_002.MP4,1177.73,23.98,No focal subject,Bite,Foraging,None|None|None,POINT,914.695,914.695,NA,,
IV_Sctaeniopterus_TP_2021-07-01_154516,6/25/2025 14:13,,/Users/aimeed/Desktop/BiteCounts/IV_Sctaeniopterus_TP_2021-07-01_154516_002.MP4,1177.73,23.98,No focal subject,Bite,Foraging,None|None|None,POINT,915.443,915.443,NA,,
IV_Sctaeniopterus_TP_2021-07-01_154516,6/25/2025 14:13,,/Users/aimeed/Desktop/BiteCounts/IV_Sctaeniopterus_TP_2021-07-01_154516_002.MP4,1177.73,23.98,No focal subject,Bite,Foraging,None|None|None,POINT,916.194,916.194,NA,,
IV_Sctaeniopterus_TP_2021-07-01_154516,6/25/2025 14:13,,/Users/aimeed/Desktop/BiteCounts/IV_Sctaeniopterus_TP_2021-07-01_154516_002.MP4,1177.73,23.98,No focal subject,Bite,Foraging,None|None|None,POINT,916.944,916.944,NA,,
IV_Sctaeniopterus_TP_2021-07-01_154516,6/25/2025 14:13,,/Users/aimeed/Desktop/BiteCounts/IV_Sctaeniopterus_TP_2021-07-01_154516_002.MP4,1177.73,23.98,No focal subject,Bite,Foraging,None|None|None,POINT,917.195,917.195,NA,,
IV_Sctaeniopterus_TP_2021-07-01_154516,6/25/2025 14:13,,/Users/aimeed/Desktop/BiteCounts/IV_Sctaeniopterus_TP_2021-07-01_154516_002.MP4,1177.73,23.98,No focal subject,Bite,Foraging,None|None|None,POINT,918.197,918.197,NA,,
IV_Sctaeniopterus_TP_2021-07-01_154516,6/25/2025 14:13,,/Users/aimeed/Desktop/BiteCounts/IV_Sctaeniopterus_TP_2021-07-01_154516_002.MP4,1177.73,23.98,No focal subject,Bite,Foraging,None|None|None,POINT,933.694,933.694,NA,,
IV_Sctaeniopterus_TP_2021-07-01_154516,6/25/2025 14:13,,/Users/aimeed/Desktop/BiteCounts/IV_Sctaeniopterus_TP_2021-07-01_154516_002.MP4,1177.73,23.98,No focal subject,Bite,Foraging,None|None|None,POINT,935.193,935.193,NA,,
IV_Sctaeniopterus_TP_2021-07-01_154516,6/25/2025 14:13,,/Users/aimeed/Desktop/BiteCounts/IV_Sctaeniopterus_TP_2021-07-01_154516_002.MP4,1177.73,23.98,No focal subject,Bite,Foraging,None|None|None,POINT,937.197,937.197,NA,,
IV_Sctaeniopterus_TP_2021-07-01_154516,6/25/2025 14:13,,/Users/aimeed/Desktop/BiteCounts/IV_Sctaeniopterus_TP_2021-07-01_154516_002.MP4,1177.73,23.98,No focal subject,Bite,Foraging,None|None|None,POINT,942.445,942.445,NA,,
IV_Sctaeniopterus_TP_2021-07-01_154516,6/25/2025 14:13,,/Users/aimeed/Desktop/BiteCounts/IV_Sctaeniopterus_TP_2021-07-01_154516_002.MP4,1177.73,23.98,No focal subject,Bite,Foraging,None|None|None,POINT,943.697,943.697,NA,,
IV_Sctaeniopterus_TP_2021-07-01_154516,6/25/2025 14:13,,/Users/aimeed/Desktop/BiteCounts/IV_Sctaeniopterus_TP_2021-07-01_154516_002.MP4,1177.73,23.98,No focal subject,Bite,Foraging,None|None|None,POINT,961.696,961.696,NA,,
IV_Sctaeniopterus_TP_2021-07-01_154516,6/25/2025 14:13,,/Users/aimeed/Desktop/BiteCounts/IV_Sctaeniopterus_TP_2021-07-01_154516_002.MP4,1177.73,23.98,No focal subject,Bite,Foraging,None|None|None,POINT,962.696,962.696,NA,,
IV_Sctaeniopterus_TP_2021-07-01_154516,6/25/2025 14:13,,/Users/aimeed/Desktop/BiteCounts/IV_Sctaeniopterus_TP_2021-07-01_154516_002.MP4,1177.73,23.98,No focal subject,Bite,Foraging,None|None|None,POINT,963.441,963.441,NA,,
IV_Sctaeniopterus_TP_2021-07-01_154516,6/25/2025 14:13,,/Users/aimeed/Desktop/BiteCounts/IV_Sctaeniopterus_TP_2021-07-01_154516_002.MP4,1177.73,23.98,No focal subject,Bite,Foraging,None|None|None,POINT,965.444,965.444,NA,,
IV_Sctaeniopterus_TP_2021-07-01_154516,6/25/2025 14:13,,/Users/aimeed/Desktop/BiteCounts/IV_Sctaeniopterus_TP_2021-07-01_154516_002.MP4,1177.73,23.98,No focal subject,Bite,Foraging,None|None|None,POINT,966.944,966.944,NA,,
IV_Sctaeniopterus_TP_2021-07-01_154516,6/25/2025 14:13,,/Users/aimeed/Desktop/BiteCounts/IV_Sctaeniopterus_TP_2021-07-01_154516_002.MP4,1177.73,23.98,No focal subject,Bite,Foraging,None|None|None,POINT,970.444,970.444,NA,,
IV_Sctaeniopterus_TP_2021-07-01_154516,6/25/2025 14:13,,/Users/aimeed/Desktop/BiteCounts/IV_Sctaeniopterus_TP_2021-07-01_154516_002.MP4,1177.73,23.98,No focal subject,Bite,Foraging,None|None|None,POINT,971.197,971.197,NA,,
IV_Sctaeniopterus_TP_2021-07-01_154516,6/25/2025 14:13,,/Users/aimeed/Desktop/BiteCounts/IV_Sctaeniopterus_TP_2021-07-01_154516_002.MP4,1177.73,23.98,No focal subject,Bite,Foraging,None|None|None,POINT,972.441,972.441,NA,,
IV_Sctaeniopterus_TP_2021-07-01_154516,6/25/2025 14:13,,/Users/aimeed/Desktop/BiteCounts/IV_Sctaeniopterus_TP_2021-07-01_154516_002.MP4,1177.73,23.98,No focal subject,Bite,Foraging,None|None|None,POINT,973.196,973.196,NA,,
IV_Sctaeniopterus_TP_2021-07-01_154516,6/25/2025 14:13,,/Users/aimeed/Desktop/BiteCounts/IV_Sctaeniopterus_TP_2021-07-01_154516_002.MP4,1177.73,23.98,No focal subject,Bite,Foraging,None|None|None,POINT,974.197,974.197,NA,,
IV_Sctaeniopterus_TP_2021-07-01_154516,6/25/2025 14:13,,/Users/aimeed/Desktop/BiteCounts/IV_Sctaeniopterus_TP_2021-07-01_154516_002.MP4,1177.73,23.98,No focal subject,Bite,Foraging,None|None|None,POINT,975.198,975.198,NA,,
IV_Sctaeniopterus_TP_2021-07-01_154516,6/25/2025 14:13,,/Users/aimeed/Desktop/BiteCounts/IV_Sctaeniopterus_TP_2021-07-01_154516_002.MP4,1177.73,23.98,No focal subject,Bite,Foraging,None|None|None,POINT,975.941,975.941,NA,,
IV_Sctaeniopterus_TP_2021-07-01_154516,6/25/2025 14:13,,/Users/aimeed/Desktop/BiteCounts/IV_Sctaeniopterus_TP_2021-07-01_154516_002.MP4,1177.73,23.98,No focal subject,Bite,Foraging,None|None|None,POINT,976.695,976.695,NA,,
IV_Sctaeniopterus_TP_2021-07-01_154516,6/25/2025 14:13,,/Users/aimeed/Desktop/BiteCounts/IV_Sctaeniopterus_TP_2021-07-01_154516_002.MP4,1177.73,23.98,No focal subject,Bite,Foraging,None|None|None,POINT,978.696,978.696,NA,,
IV_Sctaeniopterus_TP_2021-07-01_154516,6/25/2025 14:13,,/Users/aimeed/Desktop/BiteCounts/IV_Sctaeniopterus_TP_2021-07-01_154516_002.MP4,1177.73,23.98,No focal subject,Bite,Foraging,None|None|None,POINT,979.196,979.196,NA,,
IV_Sctaeniopterus_TP_2021-07-01_154516,6/25/2025 14:13,,/Users/aimeed/Desktop/BiteCounts/IV_Sctaeniopterus_TP_2021-07-01_154516_002.MP4,1177.73,23.98,No focal subject,Bite,Foraging,None|None|None,POINT,979.943,979.943,NA,,
IV_Sctaeniopterus_TP_2021-07-01_154516,6/25/2025 14:13,,/Users/aimeed/Desktop/BiteCounts/IV_Sctaeniopterus_TP_2021-07-01_154516_002.MP4,1177.73,23.98,No focal subject,Bite,Foraging,None|None|None,POINT,980.444,980.444,NA,,
IV_Sctaeniopterus_TP_2021-07-01_154516,6/25/2025 14:13,,/Users/aimeed/Desktop/BiteCounts/IV_Sctaeniopterus_TP_2021-07-01_154516_002.MP4,1177.73,23.98,No focal subject,Bite,Foraging,None|None|None,POINT,980.944,980.944,NA,,
IV_Sctaeniopterus_TP_2021-07-01_154516,6/25/2025 14:13,,/Users/aimeed/Desktop/BiteCounts/IV_Sctaeniopterus_TP_2021-07-01_154516_002.MP4,1177.73,23.98,No focal subject,Bite,Foraging,None|None|None,POINT,981.695,981.695,NA,,
IV_Sctaeniopterus_TP_2021-07-01_154516,6/25/2025 14:13,,/Users/aimeed/Desktop/BiteCounts/IV_Sctaeniopterus_TP_2021-07-01_154516_002.MP4,1177.73,23.98,No focal subject,Bite,Foraging,None|None|None,POINT,982.697,982.697,NA,,
IV_Sctaeniopterus_TP_2021-07-01_154516,6/25/2025 14:13,,/Users/aimeed/Desktop/BiteCounts/IV_Sctaeniopterus_TP_2021-07-01_154516_002.MP4,1177.73,23.98,No focal subject,Bite,Foraging,None|None|None,POINT,983.195,983.195,NA,,
IV_Sctaeniopterus_TP_2021-07-01_154516,6/25/2025 14:13,,/Users/aimeed/Desktop/BiteCounts/IV_Sctaeniopterus_TP_2021-07-01_154516_002.MP4,1177.73,23.98,No focal subject,Bite,Foraging,None|None|None,POINT,983.697,983.697,NA,,
IV_Sctaeniopterus_TP_2021-07-01_154516,6/25/2025 14:13,,/Users/aimeed/Desktop/BiteCounts/IV_Sctaeniopterus_TP_2021-07-01_154516_002.MP4,1177.73,23.98,No focal subject,Bite,Foraging,None|None|None,POINT,984.446,984.446,NA,,
IV_Sctaeniopterus_TP_2021-07-01_154516,6/25/2025 14:13,,/Users/aimeed/Desktop/BiteCounts/IV_Sctaeniopterus_TP_2021-07-01_154516_002.MP4,1177.73,23.98,No focal subject,Bite,Foraging,None|None|None,POINT,985.695,985.695,NA,,
IV_Sctaeniopterus_TP_2021-07-01_154516,6/25/2025 14:13,,/Users/aimeed/Desktop/BiteCounts/IV_Sctaeniopterus_TP_2021-07-01_154516_002.MP4,1177.73,23.98,No focal subject,Bite,Foraging,None|None|None,POINT,987.196,987.196,NA,,
IV_Sctaeniopterus_TP_2021-07-01_154516,6/25/2025 14:13,,/Users/aimeed/Desktop/BiteCounts/IV_Sctaeniopterus_TP_2021-07-01_154516_002.MP4,1177.73,23.98,No focal subject,Bite,Foraging,None|None|None,POINT,987.698,987.698,NA,,
IV_Sctaeniopterus_TP_2021-07-01_154516,6/25/2025 14:13,,/Users/aimeed/Desktop/BiteCounts/IV_Sctaeniopterus_TP_2021-07-01_154516_002.MP4,1177.73,23.98,No focal subject,Bite,Foraging,None|None|None,POINT,988.696,988.696,NA,,
IV_Sctaeniopterus_TP_2021-07-01_154516,6/25/2025 14:13,,/Users/aimeed/Desktop/BiteCounts/IV_Sctaeniopterus_TP_2021-07-01_154516_002.MP4,1177.73,23.98,No focal subject,Bite,Foraging,None|None|None,POINT,990.444,990.444,NA,,
IV_Sctaeniopterus_TP_2021-07-01_154516,6/25/2025 14:13,,/Users/aimeed/Desktop/BiteCounts/IV_Sctaeniopterus_TP_2021-07-01_154516_002.MP4,1177.73,23.98,No focal subject,Bite,Foraging,None|None|None,POINT,991.696,991.696,NA,,
IV_Sctaeniopterus_TP_2021-07-01_154516,6/25/2025 14:13,,/Users/aimeed/Desktop/BiteCounts/IV_Sctaeniopterus_TP_2021-07-01_154516_002.MP4,1177.73,23.98,No focal subject,Bite,Foraging,None|None|None,POINT,994.195,994.195,NA,,
IV_Sctaeniopterus_TP_2021-07-01_154516,6/25/2025 14:13,,/Users/aimeed/Desktop/BiteCounts/IV_Sctaeniopterus_TP_2021-07-01_154516_002.MP4,1177.73,23.98,No focal subject,Bite,Foraging,None|None|None,POINT,994.943,994.943,NA,,
IV_Sctaeniopterus_TP_2021-07-01_154516,6/25/2025 14:13,,/Users/aimeed/Desktop/BiteCounts/IV_Sctaeniopterus_TP_2021-07-01_154516_002.MP4,1177.73,23.98,No focal subject,Bite,Foraging,None|None|None,POINT,996.444,996.444,NA,,
IV_Sctaeniopterus_TP_2021-07-01_154516,6/25/2025 14:13,,/Users/aimeed/Desktop/BiteCounts/IV_Sctaeniopterus_TP_2021-07-01_154516_002.MP4,1177.73,23.98,No focal subject,Bite,Foraging,None|None|None,POINT,996.944,996.944,NA,,
IV_Sctaeniopterus_TP_2021-07-01_154516,6/25/2025 14:13,,/Users/aimeed/Desktop/BiteCounts/IV_Sctaeniopterus_TP_2021-07-01_154516_002.MP4,1177.73,23.98,No focal subject,Bite,Foraging,None|None|None,POINT,997.443,997.443,NA,,
IV_Sctaeniopterus_TP_2021-07-01_154516,6/25/2025 14:13,,/Users/aimeed/Desktop/BiteCounts/IV_Sctaeniopterus_TP_2021-07-01_154516_002.MP4,1177.73,23.98,No focal subject,Bite,Foraging,None|None|None,POINT,998.196,998.196,NA,,
IV_Sctaeniopterus_TP_2021-07-01_154516,6/25/2025 14:13,,/Users/aimeed/Desktop/BiteCounts/IV_Sctaeniopterus_TP_2021-07-01_154516_002.MP4,1177.73,23.98,No focal subject,Bite,Foraging,None|None|None,POINT,998.939,998.939,NA,,
IV_Sctaeniopterus_TP_2021-07-01_154516,6/25/2025 14:13,,/Users/aimeed/Desktop/BiteCounts/IV_Sctaeniopterus_TP_2021-07-01_154516_002.MP4,1177.73,23.98,No focal subject,Bite,Foraging,None|None|None,POINT,999.442,999.442,NA,,
IV_Sctaeniopterus_TP_2021-07-01_154516,6/25/2025 14:13,,/Users/aimeed/Desktop/BiteCounts/IV_Sctaeniopterus_TP_2021-07-01_154516_002.MP4,1177.73,23.98,No focal subject,Bite,Foraging,None|None|None,POINT,1000.197,1000.197,NA,,
IV_Sctaeniopterus_TP_2021-07-01_154516,6/25/2025 14:13,,/Users/aimeed/Desktop/BiteCounts/IV_Sctaeniopterus_TP_2021-07-01_154516_002.MP4,1177.73,23.98,No focal subject,Bite,Foraging,None|None|None,POINT,1000.943,1000.943,NA,,
IV_Sctaeniopterus_TP_2021-07-01_154516,6/25/2025 14:13,,/Users/aimeed/Desktop/BiteCounts/IV_Sctaeniopterus_TP_2021-07-01_154516_002.MP4,1177.73,23.98,No focal subject,Bite,Foraging,None|None|None,POINT,1001.943,1001.943,NA,,
IV_Sctaeniopterus_TP_2021-07-01_154516,6/25/2025 14:13,,/Users/aimeed/Desktop/BiteCounts/IV_Sctaeniopterus_TP_2021-07-01_154516_002.MP4,1177.73,23.98,No focal subject,Bite,Foraging,None|None|None,POINT,1009.443,1009.443,NA,,
IV_Sctaeniopterus_TP_2021-07-01_154516,6/25/2025 14:13,,/Users/aimeed/Desktop/BiteCounts/IV_Sctaeniopterus_TP_2021-07-01_154516_002.MP4,1177.73,23.98,No focal subject,Bite,Foraging,None|None|None,POINT,1010.444,1010.444,NA,,
IV_Sctaeniopterus_TP_2021-07-01_154516,6/25/2025 14:13,,/Users/aimeed/Desktop/BiteCounts/IV_Sctaeniopterus_TP_2021-07-01_154516_002.MP4,1177.73,23.98,No focal subject,Bite,Foraging,None|None|None,POINT,1011.441,1011.441,NA,,
IV_Sctaeniopterus_TP_2021-07-01_154516,6/25/2025 14:13,,/Users/aimeed/Desktop/BiteCounts/IV_Sctaeniopterus_TP_2021-07-01_154516_002.MP4,1177.73,23.98,No focal subject,Bite,Foraging,None|None|None,POINT,1012.443,1012.443,NA,,
IV_Sctaeniopterus_TP_2021-07-01_154516,6/25/2025 14:13,,/Users/aimeed/Desktop/BiteCounts/IV_Sctaeniopterus_TP_2021-07-01_154516_002.MP4,1177.73,23.98,No focal subject,Bite,Foraging,None|None|None,POINT,1013.696,1013.696,NA,,
IV_Sctaeniopterus_TP_2021-07-01_154516,6/25/2025 14:13,,/Users/aimeed/Desktop/BiteCounts/IV_Sctaeniopterus_TP_2021-07-01_154516_002.MP4,1177.73,23.98,No focal subject,Bite,Foraging,None|None|None,POINT,1015.444,1015.444,NA,,
IV_Sctaeniopterus_TP_2021-07-01_154516,6/25/2025 14:13,,/Users/aimeed/Desktop/BiteCounts/IV_Sctaeniopterus_TP_2021-07-01_154516_002.MP4,1177.73,23.98,No focal subject,Bite,Foraging,None|None|None,POINT,1017.198,1017.198,NA,,
IV_Sctaeniopterus_TP_2021-07-01_154516,6/25/2025 14:13,,/Users/aimeed/Desktop/BiteCounts/IV_Sctaeniopterus_TP_2021-07-01_154516_002.MP4,1177.73,23.98,No focal subject,Bite,Foraging,None|None|None,POINT,1017.944,1017.944,NA,,
IV_Sctaeniopterus_TP_2021-07-01_154516,6/25/2025 14:13,,/Users/aimeed/Desktop/BiteCounts/IV_Sctaeniopterus_TP_2021-07-01_154516_002.MP4,1177.73,23.98,No focal subject,Bite,Foraging,None|None|None,POINT,1032.195,1032.195,NA,,
IV_Sctaeniopterus_TP_2021-07-01_154516,6/25/2025 14:13,,/Users/aimeed/Desktop/BiteCounts/IV_Sctaeniopterus_TP_2021-07-01_154516_002.MP4,1177.73,23.98,No focal subject,Bite,Foraging,None|None|None,POINT,1032.947,1032.947,NA,,
IV_Sctaeniopterus_TP_2021-07-01_154516,6/25/2025 14:13,,/Users/aimeed/Desktop/BiteCounts/IV_Sctaeniopterus_TP_2021-07-01_154516_002.MP4,1177.73,23.98,No focal subject,Bite,Foraging,None|None|None,POINT,1033.946,1033.946,NA,,
IV_Sctaeniopterus_TP_2021-07-01_154516,6/25/2025 14:13,,/Users/aimeed/Desktop/BiteCounts/IV_Sctaeniopterus_TP_2021-07-01_154516_002.MP4,1177.73,23.98,No focal subject,Bite,Foraging,None|None|None,POINT,1036.446,1036.446,NA,,
IV_Sctaeniopterus_TP_2021-07-01_154516,6/25/2025 14:13,,/Users/aimeed/Desktop/BiteCounts/IV_Sctaeniopterus_TP_2021-07-01_154516_002.MP4,1177.73,23.98,No focal subject,Bite,Foraging,None|None|None,POINT,1039.195,1039.195,NA,,
IV_Sctaeniopterus_TP_2021-07-01_154516,6/25/2025 14:13,,/Users/aimeed/Desktop/BiteCounts/IV_Sctaeniopterus_TP_2021-07-01_154516_002.MP4,1177.73,23.98,No focal subject,Bite,Foraging,None|None|None,POINT,1041.449,1041.449,NA,,
IV_Sctaeniopterus_TP_2021-07-01_154516,6/25/2025 14:13,,/Users/aimeed/Desktop/BiteCounts/IV_Sctaeniopterus_TP_2021-07-01_154516_002.MP4,1177.73,23.98,No focal subject,Bite,Foraging,None|None|None,POINT,1043.695,1043.695,NA,,
IV_Sctaeniopterus_TP_2021-07-01_154516,6/25/2025 14:13,,/Users/aimeed/Desktop/BiteCounts/IV_Sctaeniopterus_TP_2021-07-01_154516_002.MP4,1177.73,23.98,No focal subject,Bite,Foraging,None|None|None,POINT,1044.445,1044.445,NA,,
IV_Sctaeniopterus_TP_2021-07-01_154516,6/25/2025 14:13,,/Users/aimeed/Desktop/BiteCounts/IV_Sctaeniopterus_TP_2021-07-01_154516_002.MP4,1177.73,23.98,No focal subject,Bite,Foraging,None|None|None,POINT,1047.195,1047.195,NA,,
IV_Sctaeniopterus_TP_2021-07-01_154516,6/25/2025 14:13,,/Users/aimeed/Desktop/BiteCounts/IV_Sctaeniopterus_TP_2021-07-01_154516_002.MP4,1177.73,23.98,No focal subject,Bite,Foraging,None|None|None,POINT,1048.445,1048.445,NA,,
IV_Sctaeniopterus_TP_2021-07-01_154516,6/25/2025 14:13,,/Users/aimeed/Desktop/BiteCounts/IV_Sctaeniopterus_TP_2021-07-01_154516_002.MP4,1177.73,23.98,No focal subject,Bite,Foraging,None|None|None,POINT,1049.696,1049.696,NA,,
IV_Sctaeniopterus_TP_2021-07-01_154516,6/25/2025 14:13,,/Users/aimeed/Desktop/BiteCounts/IV_Sctaeniopterus_TP_2021-07-01_154516_002.MP4,1177.73,23.98,No focal subject,Bite,Foraging,None|None|None,POINT,1050.945,1050.945,NA,,
IV_Sctaeniopterus_TP_2021-07-01_154516,6/25/2025 14:13,,/Users/aimeed/Desktop/BiteCounts/IV_Sctaeniopterus_TP_2021-07-01_154516_002.MP4,1177.73,23.98,No focal subject,Bite,Foraging,None|None|None,POINT,1052.193,1052.193,NA,,
IV_Sctaeniopterus_TP_2021-07-01_154516,6/25/2025 14:13,,/Users/aimeed/Desktop/BiteCounts/IV_Sctaeniopterus_TP_2021-07-01_154516_002.MP4,1177.73,23.98,No focal subject,Bite,Foraging,None|None|None,POINT,1053.694,1053.694,NA,,
IV_Sctaeniopterus_TP_2021-07-01_154516,6/25/2025 14:13,,/Users/aimeed/Desktop/BiteCounts/IV_Sctaeniopterus_TP_2021-07-01_154516_002.MP4,1177.73,23.98,No focal subject,Bite,Foraging,None|None|None,POINT,1055.694,1055.694,NA,,
IV_Sctaeniopterus_TP_2021-07-01_154516,6/25/2025 14:13,,/Users/aimeed/Desktop/BiteCounts/IV_Sctaeniopterus_TP_2021-07-01_154516_002.MP4,1177.73,23.98,No focal subject,Bite,Foraging,None|None|None,POINT,1056.945,1056.945,NA,,
IV_Sctaeniopterus_TP_2021-07-01_154516,6/25/2025 14:13,,/Users/aimeed/Desktop/BiteCounts/IV_Sctaeniopterus_TP_2021-07-01_154516_002.MP4,1177.73,23.98,No focal subject,Bite,Foraging,None|None|None,POINT,1058.445,1058.445,NA,,
IV_Sctaeniopterus_TP_2021-07-01_154516,6/25/2025 14:13,,/Users/aimeed/Desktop/BiteCounts/IV_Sctaeniopterus_TP_2021-07-01_154516_002.MP4,1177.73,23.98,No focal subject,Bite,Foraging,None|None|None,POINT,1059.194,1059.194,NA,,
IV_Sctaeniopterus_TP_2021-07-01_154516,6/25/2025 14:13,,/Users/aimeed/Desktop/BiteCounts/IV_Sctaeniopterus_TP_2021-07-01_154516_002.MP4,1177.73,23.98,No focal subject,Bite,Foraging,None|None|None,POINT,1060.194,1060.194,NA,,
IV_Sctaeniopterus_TP_2021-07-01_154516,6/25/2025 14:13,,/Users/aimeed/Desktop/BiteCounts/IV_Sctaeniopterus_TP_2021-07-01_154516_002.MP4,1177.73,23.98,No focal subject,Bite,Foraging,None|None|None,POINT,1061.194,1061.194,NA,,
IV_Sctaeniopterus_TP_2021-07-01_154516,6/25/2025 14:13,,/Users/aimeed/Desktop/BiteCounts/IV_Sctaeniopterus_TP_2021-07-01_154516_002.MP4,1177.73,23.98,No focal subject,Bite,Foraging,None|None|None,POINT,1062.194,1062.194,NA,,
IV_Sctaeniopterus_TP_2021-07-01_154516,6/25/2025 14:13,,/Users/aimeed/Desktop/BiteCounts/IV_Sctaeniopterus_TP_2021-07-01_154516_002.MP4,1177.73,23.98,No focal subject,Bite,Foraging,None|None|None,POINT,1062.944,1062.944,NA,,
IV_Sctaeniopterus_TP_2021-07-01_154516,6/25/2025 14:13,,/Users/aimeed/Desktop/BiteCounts/IV_Sctaeniopterus_TP_2021-07-01_154516_002.MP4,1177.73,23.98,No focal subject,Bite,Foraging,None|None|None,POINT,1065.694,1065.694,NA,,
IV_Sctaeniopterus_TP_2021-07-01_154516,6/25/2025 14:13,,/Users/aimeed/Desktop/BiteCounts/IV_Sctaeniopterus_TP_2021-07-01_154516_002.MP4,1177.73,23.98,No focal subject,Bite,Foraging,None|None|None,POINT,1066.443,1066.443,NA,,
IV_Sctaeniopterus_TP_2021-07-01_154516,6/25/2025 14:13,,/Users/aimeed/Desktop/BiteCounts/IV_Sctaeniopterus_TP_2021-07-01_154516_002.MP4,1177.73,23.98,No focal subject,Bite,Foraging,None|None|None,POINT,1067.195,1067.195,NA,,
IV_Sctaeniopterus_TP_2021-07-01_154516,6/25/2025 14:13,,/Users/aimeed/Desktop/BiteCounts/IV_Sctaeniopterus_TP_2021-07-01_154516_002.MP4,1177.73,23.98,No focal subject,Bite,Foraging,None|None|None,POINT,1067.947,1067.947,NA,,
IV_Sctaeniopterus_TP_2021-07-01_154516,6/25/2025 14:13,,/Users/aimeed/Desktop/BiteCounts/IV_Sctaeniopterus_TP_2021-07-01_154516_002.MP4,1177.73,23.98,No focal subject,Bite,Foraging,None|None|None,POINT,1069.693,1069.693,NA,,
IV_Sctaeniopterus_TP_2021-07-01_154516,6/25/2025 14:13,,/Users/aimeed/Desktop/BiteCounts/IV_Sctaeniopterus_TP_2021-07-01_154516_002.MP4,1177.73,23.98,No focal subject,Bite,Foraging,None|None|None,POINT,1070.695,1070.695,NA,,
IV_Sctaeniopterus_TP_2021-07-01_154516,6/25/2025 14:13,,/Users/aimeed/Desktop/BiteCounts/IV_Sctaeniopterus_TP_2021-07-01_154516_002.MP4,1177.73,23.98,No focal subject,Bite,Foraging,None|None|None,POINT,1072.443,1072.443,NA,,
IV_Sctaeniopterus_TP_2021-07-01_154516,6/25/2025 14:13,,/Users/aimeed/Desktop/BiteCounts/IV_Sctaeniopterus_TP_2021-07-01_154516_002.MP4,1177.73,23.98,No focal subject,Bite,Foraging,None|None|None,POINT,1073.444,1073.444,NA,,
IV_Sctaeniopterus_TP_2021-07-01_154516,6/25/2025 14:13,,/Users/aimeed/Desktop/BiteCounts/IV_Sctaeniopterus_TP_2021-07-01_154516_002.MP4,1177.73,23.98,No focal subject,Bite,Foraging,None|None|None,POINT,1074.195,1074.195,NA,,
IV_Sctaeniopterus_TP_2021-07-01_154516,6/25/2025 14:13,,/Users/aimeed/Desktop/BiteCounts/IV_Sctaeniopterus_TP_2021-07-01_154516_002.MP4,1177.73,23.98,No focal subject,Bite,Foraging,None|None|None,POINT,1074.945,1074.945,NA,,
IV_Sctaeniopterus_TP_2021-07-01_154516,6/25/2025 14:13,,/Users/aimeed/Desktop/BiteCounts/IV_Sctaeniopterus_TP_2021-07-01_154516_002.MP4,1177.73,23.98,No focal subject,Bite,Foraging,None|None|None,POINT,1076.445,1076.445,NA,,
IV_Sctaeniopterus_TP_2021-07-01_154516,6/25/2025 14:13,,/Users/aimeed/Desktop/BiteCounts/IV_Sctaeniopterus_TP_2021-07-01_154516_002.MP4,1177.73,23.98,No focal subject,Bite,Foraging,None|None|None,POINT,1077.694,1077.694,NA,,
IV_Sctaeniopterus_TP_2021-07-01_154516,6/25/2025 14:13,,/Users/aimeed/Desktop/BiteCounts/IV_Sctaeniopterus_TP_2021-07-01_154516_002.MP4,1177.73,23.98,No focal subject,Bite,Foraging,None|None|None,POINT,1078.695,1078.695,NA,,
IV_Sctaeniopterus_TP_2021-07-01_154516,6/25/2025 14:13,,/Users/aimeed/Desktop/BiteCounts/IV_Sctaeniopterus_TP_2021-07-01_154516_002.MP4,1177.73,23.98,No focal subject,Cleaning,Social Interactions,,STATE,1092.192,1098.693,6.501,,
IV_Sctaeniopterus_TP_2021-07-01_154516,6/25/2025 14:13,,/Users/aimeed/Desktop/BiteCounts/IV_Sctaeniopterus_TP_2021-07-01_154516_002.MP4,1177.73,23.98,No focal subject,Bite,Foraging,None|None|None,POINT,1116.948,1116.948,NA,,
IV_Sctaeniopterus_TP_2021-07-01_154516,6/25/2025 14:13,,/Users/aimeed/Desktop/BiteCounts/IV_Sctaeniopterus_TP_2021-07-01_154516_002.MP4,1177.73,23.98,No focal subject,Bite,Foraging,None|None|None,POINT,1117.943,1117.943,NA,,
IV_Sctaeniopterus_TP_2021-07-01_154516,6/25/2025 14:13,,/Users/aimeed/Desktop/BiteCounts/IV_Sctaeniopterus_TP_2021-07-01_154516_002.MP4,1177.73,23.98,No focal subject,Bite,Foraging,None|None|None,POINT,1118.693,1118.693,NA,,
IV_Sctaeniopterus_TP_2021-07-01_154516,6/25/2025 14:13,,/Users/aimeed/Desktop/BiteCounts/IV_Sctaeniopterus_TP_2021-07-01_154516_002.MP4,1177.73,23.98,No focal subject,Bite,Foraging,None|None|None,POINT,1119.694,1119.694,NA,,
IV_Sctaeniopterus_TP_2021-07-01_154516,6/25/2025 14:13,,/Users/aimeed/Desktop/BiteCounts/IV_Sctaeniopterus_TP_2021-07-01_154516_002.MP4,1177.73,23.98,No focal subject,Bite,Foraging,None|None|None,POINT,1120.446,1120.446,NA,,
IV_Sctaeniopterus_TP_2021-07-01_154516,6/25/2025 14:13,,/Users/aimeed/Desktop/BiteCounts/IV_Sctaeniopterus_TP_2021-07-01_154516_002.MP4,1177.73,23.98,No focal subject,Bite,Foraging,None|None|None,POINT,1121.194,1121.194,NA,,
IV_Sctaeniopterus_TP_2021-07-01_154516,6/25/2025 14:13,,/Users/aimeed/Desktop/BiteCounts/IV_Sctaeniopterus_TP_2021-07-01_154516_002.MP4,1177.73,23.98,No focal subject,Bite,Foraging,None|None|None,POINT,1122.195,1122.195,NA,,
IV_Sctaeniopterus_TP_2021-07-01_154516,6/25/2025 14:13,,/Users/aimeed/Desktop/BiteCounts/IV_Sctaeniopterus_TP_2021-07-01_154516_002.MP4,1177.73,23.98,No focal subject,Bite,Foraging,None|None|None,POINT,1122.694,1122.694,NA,,
IV_Sctaeniopterus_TP_2021-07-01_154516,6/25/2025 14:13,,/Users/aimeed/Desktop/BiteCounts/IV_Sctaeniopterus_TP_2021-07-01_154516_002.MP4,1177.73,23.98,No focal subject,Bite,Foraging,None|None|None,POINT,1123.444,1123.444,NA,,
IV_Sctaeniopterus_TP_2021-07-01_154516,6/25/2025 14:13,,/Users/aimeed/Desktop/BiteCounts/IV_Sctaeniopterus_TP_2021-07-01_154516_002.MP4,1177.73,23.98,No focal subject,Bite,Foraging,None|None|None,POINT,1124.193,1124.193,NA,,
IV_Sctaeniopterus_TP_2021-07-01_154516,6/25/2025 14:13,,/Users/aimeed/Desktop/BiteCounts/IV_Sctaeniopterus_TP_2021-07-01_154516_002.MP4,1177.73,23.98,No focal subject,Bite,Foraging,None|None|None,POINT,1124.946,1124.946,NA,,
IV_Sctaeniopterus_TP_2021-07-01_154516,6/25/2025 14:13,,/Users/aimeed/Desktop/BiteCounts/IV_Sctaeniopterus_TP_2021-07-01_154516_002.MP4,1177.73,23.98,No focal subject,Bite,Foraging,None|None|None,POINT,1132.693,1132.693,NA,,
IV_Sctaeniopterus_TP_2021-07-01_154516,6/25/2025 14:13,,/Users/aimeed/Desktop/BiteCounts/IV_Sctaeniopterus_TP_2021-07-01_154516_002.MP4,1177.73,23.98,No focal subject,Bite,Foraging,None|None|None,POINT,1133.194,1133.194,NA,,
IV_Sctaeniopterus_TP_2021-07-01_154516,6/25/2025 14:13,,/Users/aimeed/Desktop/BiteCounts/IV_Sctaeniopterus_TP_2021-07-01_154516_002.MP4,1177.73,23.98,No focal subject,Bite,Foraging,None|None|None,POINT,1133.946,1133.946,NA,,
IV_Sctaeniopterus_TP_2021-07-01_154516,6/25/2025 14:13,,/Users/aimeed/Desktop/BiteCounts/IV_Sctaeniopterus_TP_2021-07-01_154516_002.MP4,1177.73,23.98,No focal subject,Bite,Foraging,None|None|None,POINT,1134.944,1134.944,NA,,
IV_Sctaeniopterus_TP_2021-07-01_154516,6/25/2025 14:13,,/Users/aimeed/Desktop/BiteCounts/IV_Sctaeniopterus_TP_2021-07-01_154516_002.MP4,1177.73,23.98,No focal subject,Bite,Foraging,None|None|None,POINT,1135.945,1135.945,NA,,
IV_Sctaeniopterus_TP_2021-07-01_154516,6/25/2025 14:13,,/Users/aimeed/Desktop/BiteCounts/IV_Sctaeniopterus_TP_2021-07-01_154516_002.MP4,1177.73,23.98,No focal subject,Bite,Foraging,None|None|None,POINT,1136.695,1136.695,NA,,
IV_Sctaeniopterus_TP_2021-07-01_154516,6/25/2025 14:13,,/Users/aimeed/Desktop/BiteCounts/IV_Sctaeniopterus_TP_2021-07-01_154516_002.MP4,1177.73,23.98,No focal subject,Bite,Foraging,None|None|None,POINT,1137.694,1137.694,NA,,
IV_Sctaeniopterus_TP_2021-07-01_154516,6/25/2025 14:13,,/Users/aimeed/Desktop/BiteCounts/IV_Sctaeniopterus_TP_2021-07-01_154516_002.MP4,1177.73,23.98,No focal subject,Bite,Foraging,None|None|None,POINT,1138.693,1138.693,NA,,
IV_Sctaeniopterus_TP_2021-07-01_154516,6/25/2025 14:13,,/Users/aimeed/Desktop/BiteCounts/IV_Sctaeniopterus_TP_2021-07-01_154516_002.MP4,1177.73,23.98,No focal subject,Bite,Foraging,None|None|None,POINT,1139.445,1139.445,NA,,
IV_Sctaeniopterus_TP_2021-07-01_154516,6/25/2025 14:13,,/Users/aimeed/Desktop/BiteCounts/IV_Sctaeniopterus_TP_2021-07-01_154516_002.MP4,1177.73,23.98,No focal subject,Bite,Foraging,None|None|None,POINT,1140.194,1140.194,NA,,
IV_Sctaeniopterus_TP_2021-07-01_154516,6/25/2025 14:13,,/Users/aimeed/Desktop/BiteCounts/IV_Sctaeniopterus_TP_2021-07-01_154516_002.MP4,1177.73,23.98,No focal subject,Bite,Foraging,None|None|None,POINT,1140.946,1140.946,NA,,
IV_Sctaeniopterus_TP_2021-07-01_154516,6/25/2025 14:13,,/Users/aimeed/Desktop/BiteCounts/IV_Sctaeniopterus_TP_2021-07-01_154516_002.MP4,1177.73,23.98,No focal subject,Bite,Foraging,None|None|None,POINT,1141.696,1141.696,NA,,
IV_Sctaeniopterus_TP_2021-07-01_154516,6/25/2025 14:13,,/Users/aimeed/Desktop/BiteCounts/IV_Sctaeniopterus_TP_2021-07-01_154516_002.MP4,1177.73,23.98,No focal subject,Bite,Foraging,None|None|None,POINT,1142.446,1142.446,NA,,
IV_Sctaeniopterus_TP_2021-07-01_154516,6/25/2025 14:13,,/Users/aimeed/Desktop/BiteCounts/IV_Sctaeniopterus_TP_2021-07-01_154516_002.MP4,1177.73,23.98,No focal subject,Bite,Foraging,None|None|None,POINT,1143.194,1143.194,NA,,
IV_Sctaeniopterus_TP_2021-07-01_154516,6/25/2025 14:13,,/Users/aimeed/Desktop/BiteCounts/IV_Sctaeniopterus_TP_2021-07-01_154516_002.MP4,1177.73,23.98,No focal subject,Bite,Foraging,None|None|None,POINT,1144.693,1144.693,NA,,
IV_Sctaeniopterus_TP_2021-07-01_154516,6/25/2025 14:13,,/Users/aimeed/Desktop/BiteCounts/IV_Sctaeniopterus_TP_2021-07-01_154516_002.MP4,1177.73,23.98,No focal subject,Bite,Foraging,None|None|None,POINT,1145.193,1145.193,NA,,
IV_Sctaeniopterus_TP_2021-07-01_154516,6/25/2025 14:13,,/Users/aimeed/Desktop/BiteCounts/IV_Sctaeniopterus_TP_2021-07-01_154516_002.MP4,1177.73,23.98,No focal subject,Bite,Foraging,None|None|None,POINT,1145.945,1145.945,NA,,
IV_Sctaeniopterus_TP_2021-07-01_154516,6/25/2025 14:13,,/Users/aimeed/Desktop/BiteCounts/IV_Sctaeniopterus_TP_2021-07-01_154516_002.MP4,1177.73,23.98,No focal subject,Bite,Foraging,None|None|None,POINT,1146.446,1146.446,NA,,
IV_Sctaeniopterus_TP_2021-07-01_154516,6/25/2025 14:13,,/Users/aimeed/Desktop/BiteCounts/IV_Sctaeniopterus_TP_2021-07-01_154516_002.MP4,1177.73,23.98,No focal subject,Bite,Foraging,None|None|None,POINT,1146.946,1146.946,NA,,
IV_Sctaeniopterus_TP_2021-07-01_154516,6/25/2025 14:13,,/Users/aimeed/Desktop/BiteCounts/IV_Sctaeniopterus_TP_2021-07-01_154516_002.MP4,1177.73,23.98,No focal subject,Bite,Foraging,None|None|None,POINT,1147.947,1147.947,NA,,
IV_Sctaeniopterus_TP_2021-07-01_154516,6/25/2025 14:13,,/Users/aimeed/Desktop/BiteCounts/IV_Sctaeniopterus_TP_2021-07-01_154516_002.MP4,1177.73,23.98,No focal subject,Bite,Foraging,None|None|None,POINT,1148.697,1148.697,NA,,
IV_Sctaeniopterus_TP_2021-07-01_154516,6/25/2025 14:13,,/Users/aimeed/Desktop/BiteCounts/IV_Sctaeniopterus_TP_2021-07-01_154516_002.MP4,1177.73,23.98,No focal subject,Bite,Foraging,None|None|None,POINT,1149.445,1149.445,NA,,
IV_Sctaeniopterus_TP_2021-07-01_154516,6/25/2025 14:13,,/Users/aimeed/Desktop/BiteCounts/IV_Sctaeniopterus_TP_2021-07-01_154516_002.MP4,1177.73,23.98,No focal subject,Bite,Foraging,None|None|None,POINT,1150.449,1150.449,NA,,
IV_Sctaeniopterus_TP_2021-07-01_154516,6/25/2025 14:13,,/Users/aimeed/Desktop/BiteCounts/IV_Sctaeniopterus_TP_2021-07-01_154516_002.MP4,1177.73,23.98,No focal subject,Bite,Foraging,None|None|None,POINT,1151.446,1151.446,NA,,
IV_Sctaeniopterus_TP_2021-07-01_154516,6/25/2025 14:13,,/Users/aimeed/Desktop/BiteCounts/IV_Sctaeniopterus_TP_2021-07-01_154516_002.MP4,1177.73,23.98,No focal subject,Bite,Foraging,None|None|None,POINT,1152.202,1152.202,NA,,
IV_Sctaeniopterus_TP_2021-07-01_154516,6/25/2025 14:13,,/Users/aimeed/Desktop/BiteCounts/IV_Sctaeniopterus_TP_2021-07-01_154516_002.MP4,1177.73,23.98,No focal subject,Bite,Foraging,None|None|None,POINT,1153.448,1153.448,NA,,
IV_Sctaeniopterus_TP_2021-07-01_154516,6/25/2025 14:13,,/Users/aimeed/Desktop/BiteCounts/IV_Sctaeniopterus_TP_2021-07-01_154516_002.MP4,1177.73,23.98,No focal subject,Watch Time,Time Keeping,154508,POINT,1174.447,1174.447,NA,,
