Observation id,Observation date,Description,Media file,Total length,FPS,Subject,Behavior,Behavioral category,Modifiers,Behavior type,Start (s),Stop (s),Duration (s),Comment start,Comment stop
IV_Sctaeniopterus_TP_2021-06-12_111439,6/26/2025 15:08,,/Volumes/Pillar/Manning_Bonaire2021_FishFollows/IV/Sctaeniopterus/IV_Sctaeniopterus_TP_2021-06-12_111439_001.MP4,1308.53,23.98,No focal subject,Watch Time,Time Keeping,105253,POINT,3.172,3.172,NA,,
IV_Sctaeniopterus_TP_2021-06-12_111439,6/26/2025 15:08,,/Volumes/Pillar/Manning_Bonaire2021_FishFollows/IV/Sctaeniopterus/IV_Sctaeniopterus_TP_2021-06-12_111439_001.MP4,1308.53,23.98,No focal subject,START/STOP,Time Keeping,,STATE,12.108,1305.463,1293.355,,
IV_Sctaeniopterus_TP_2021-06-12_111439,6/26/2025 15:08,,/Volumes/Pillar/Manning_Bonaire2021_FishFollows/IV/Sctaeniopterus/IV_Sctaeniopterus_TP_2021-06-12_111439_001.MP4,1308.53,23.98,No focal subject,Bite,Foraging,None|None|None,POINT,13.671,13.671,NA,,
IV_Sctaeniopterus_TP_2021-06-12_111439,6/26/2025 15:08,,/Volumes/Pillar/Manning_Bonaire2021_FishFollows/IV/Sctaeniopterus/IV_Sctaeniopterus_TP_2021-06-12_111439_001.MP4,1308.53,23.98,No focal subject,Bite,Foraging,None|None|None,POINT,14.44,14.44,NA,,
IV_Sctaeniopterus_TP_2021-06-12_111439,6/26/2025 15:08,,/Volumes/Pillar/Manning_Bonaire2021_FishFollows/IV/Sctaeniopterus/IV_Sctaeniopterus_TP_2021-06-12_111439_001.MP4,1308.53,23.98,No focal subject,Bite,Foraging,None|None|None,POINT,15.951,15.951,NA,,
IV_Sctaeniopterus_TP_2021-06-12_111439,6/26/2025 15:08,,/Volumes/Pillar/Manning_Bonaire2021_FishFollows/IV/Sctaeniopterus/IV_Sctaeniopterus_TP_2021-06-12_111439_001.MP4,1308.53,23.98,No focal subject,Bite,Foraging,None|None|None,POINT,16.92,16.92,NA,,
IV_Sctaeniopterus_TP_2021-06-12_111439,6/26/2025 15:08,,/Volumes/Pillar/Manning_Bonaire2021_FishFollows/IV/Sctaeniopterus/IV_Sctaeniopterus_TP_2021-06-12_111439_001.MP4,1308.53,23.98,No focal subject,Bite,Foraging,None|None|None,POINT,17.94,17.94,NA,,
IV_Sctaeniopterus_TP_2021-06-12_111439,6/26/2025 15:08,,/Volumes/Pillar/Manning_Bonaire2021_FishFollows/IV/Sctaeniopterus/IV_Sctaeniopterus_TP_2021-06-12_111439_001.MP4,1308.53,23.98,No focal subject,Bite,Foraging,None|None|None,POINT,19.191,19.191,NA,,
IV_Sctaeniopterus_TP_2021-06-12_111439,6/26/2025 15:08,,/Volumes/Pillar/Manning_Bonaire2021_FishFollows/IV/Sctaeniopterus/IV_Sctaeniopterus_TP_2021-06-12_111439_001.MP4,1308.53,23.98,No focal subject,Bite,Foraging,None|None|None,POINT,20.205,20.205,NA,,
IV_Sctaeniopterus_TP_2021-06-12_111439,6/26/2025 15:08,,/Volumes/Pillar/Manning_Bonaire2021_FishFollows/IV/Sctaeniopterus/IV_Sctaeniopterus_TP_2021-06-12_111439_001.MP4,1308.53,23.98,No focal subject,Bite,Foraging,None|None|None,POINT,21.196,21.196,NA,,
IV_Sctaeniopterus_TP_2021-06-12_111439,6/26/2025 15:08,,/Volumes/Pillar/Manning_Bonaire2021_FishFollows/IV/Sctaeniopterus/IV_Sctaeniopterus_TP_2021-06-12_111439_001.MP4,1308.53,23.98,No focal subject,Bite,Foraging,None|None|None,POINT,22.42,22.42,NA,,
IV_Sctaeniopterus_TP_2021-06-12_111439,6/26/2025 15:08,,/Volumes/Pillar/Manning_Bonaire2021_FishFollows/IV/Sctaeniopterus/IV_Sctaeniopterus_TP_2021-06-12_111439_001.MP4,1308.53,23.98,No focal subject,Bite,Foraging,None|None|None,POINT,23.458,23.458,NA,,
IV_Sctaeniopterus_TP_2021-06-12_111439,6/26/2025 15:08,,/Volumes/Pillar/Manning_Bonaire2021_FishFollows/IV/Sctaeniopterus/IV_Sctaeniopterus_TP_2021-06-12_111439_001.MP4,1308.53,23.98,No focal subject,Bite,Foraging,None|None|None,POINT,24.462,24.462,NA,,
IV_Sctaeniopterus_TP_2021-06-12_111439,6/26/2025 15:08,,/Volumes/Pillar/Manning_Bonaire2021_FishFollows/IV/Sctaeniopterus/IV_Sctaeniopterus_TP_2021-06-12_111439_001.MP4,1308.53,23.98,No focal subject,Bite,Foraging,None|None|None,POINT,25.948,25.948,NA,,
IV_Sctaeniopterus_TP_2021-06-12_111439,6/26/2025 15:08,,/Volumes/Pillar/Manning_Bonaire2021_FishFollows/IV/Sctaeniopterus/IV_Sctaeniopterus_TP_2021-06-12_111439_001.MP4,1308.53,23.98,No focal subject,Bite,Foraging,None|None|None,POINT,42.664,42.664,NA,,
IV_Sctaeniopterus_TP_2021-06-12_111439,6/26/2025 15:08,,/Volumes/Pillar/Manning_Bonaire2021_FishFollows/IV/Sctaeniopterus/IV_Sctaeniopterus_TP_2021-06-12_111439_001.MP4,1308.53,23.98,No focal subject,Bite,Foraging,None|None|None,POINT,43.162,43.162,NA,,
IV_Sctaeniopterus_TP_2021-06-12_111439,6/26/2025 15:08,,/Volumes/Pillar/Manning_Bonaire2021_FishFollows/IV/Sctaeniopterus/IV_Sctaeniopterus_TP_2021-06-12_111439_001.MP4,1308.53,23.98,No focal subject,Bite,Foraging,None|None|None,POINT,43.915,43.915,NA,,
IV_Sctaeniopterus_TP_2021-06-12_111439,6/26/2025 15:08,,/Volumes/Pillar/Manning_Bonaire2021_FishFollows/IV/Sctaeniopterus/IV_Sctaeniopterus_TP_2021-06-12_111439_001.MP4,1308.53,23.98,No focal subject,Bite,Foraging,None|None|None,POINT,44.433,44.433,NA,,
IV_Sctaeniopterus_TP_2021-06-12_111439,6/26/2025 15:08,,/Volumes/Pillar/Manning_Bonaire2021_FishFollows/IV/Sctaeniopterus/IV_Sctaeniopterus_TP_2021-06-12_111439_001.MP4,1308.53,23.98,No focal subject,Bite,Foraging,None|None|None,POINT,47.917,47.917,NA,,
IV_Sctaeniopterus_TP_2021-06-12_111439,6/26/2025 15:08,,/Volumes/Pillar/Manning_Bonaire2021_FishFollows/IV/Sctaeniopterus/IV_Sctaeniopterus_TP_2021-06-12_111439_001.MP4,1308.53,23.98,No focal subject,Bite,Foraging,None|None|None,POINT,48.949,48.949,NA,,
IV_Sctaeniopterus_TP_2021-06-12_111439,6/26/2025 15:08,,/Volumes/Pillar/Manning_Bonaire2021_FishFollows/IV/Sctaeniopterus/IV_Sctaeniopterus_TP_2021-06-12_111439_001.MP4,1308.53,23.98,No focal subject,Bite,Foraging,None|None|None,POINT,49.162,49.162,NA,,
IV_Sctaeniopterus_TP_2021-06-12_111439,6/26/2025 15:08,,/Volumes/Pillar/Manning_Bonaire2021_FishFollows/IV/Sctaeniopterus/IV_Sctaeniopterus_TP_2021-06-12_111439_001.MP4,1308.53,23.98,No focal subject,Bite,Foraging,None|None|None,POINT,57.174,57.174,NA,,
IV_Sctaeniopterus_TP_2021-06-12_111439,6/26/2025 15:08,,/Volumes/Pillar/Manning_Bonaire2021_FishFollows/IV/Sctaeniopterus/IV_Sctaeniopterus_TP_2021-06-12_111439_001.MP4,1308.53,23.98,No focal subject,Bite,Foraging,None|None|None,POINT,57.416,57.416,NA,,
IV_Sctaeniopterus_TP_2021-06-12_111439,6/26/2025 15:08,,/Volumes/Pillar/Manning_Bonaire2021_FishFollows/IV/Sctaeniopterus/IV_Sctaeniopterus_TP_2021-06-12_111439_001.MP4,1308.53,23.98,No focal subject,Bite,Foraging,None|None|None,POINT,58.165,58.165,NA,,
IV_Sctaeniopterus_TP_2021-06-12_111439,6/26/2025 15:08,,/Volumes/Pillar/Manning_Bonaire2021_FishFollows/IV/Sctaeniopterus/IV_Sctaeniopterus_TP_2021-06-12_111439_001.MP4,1308.53,23.98,No focal subject,Bite,Foraging,None|None|None,POINT,61.429,61.429,NA,,
IV_Sctaeniopterus_TP_2021-06-12_111439,6/26/2025 15:08,,/Volumes/Pillar/Manning_Bonaire2021_FishFollows/IV/Sctaeniopterus/IV_Sctaeniopterus_TP_2021-06-12_111439_001.MP4,1308.53,23.98,No focal subject,Bite,Foraging,None|None|None,POINT,62.717,62.717,NA,,
IV_Sctaeniopterus_TP_2021-06-12_111439,6/26/2025 15:08,,/Volumes/Pillar/Manning_Bonaire2021_FishFollows/IV/Sctaeniopterus/IV_Sctaeniopterus_TP_2021-06-12_111439_001.MP4,1308.53,23.98,No focal subject,Bite,Foraging,None|None|None,POINT,79.664,79.664,NA,,
IV_Sctaeniopterus_TP_2021-06-12_111439,6/26/2025 15:08,,/Volumes/Pillar/Manning_Bonaire2021_FishFollows/IV/Sctaeniopterus/IV_Sctaeniopterus_TP_2021-06-12_111439_001.MP4,1308.53,23.98,No focal subject,Bite,Foraging,None|None|None,POINT,80.663,80.663,NA,,
IV_Sctaeniopterus_TP_2021-06-12_111439,6/26/2025 15:08,,/Volumes/Pillar/Manning_Bonaire2021_FishFollows/IV/Sctaeniopterus/IV_Sctaeniopterus_TP_2021-06-12_111439_001.MP4,1308.53,23.98,No focal subject,Bite,Foraging,None|None|None,POINT,82.162,82.162,NA,,
IV_Sctaeniopterus_TP_2021-06-12_111439,6/26/2025 15:08,,/Volumes/Pillar/Manning_Bonaire2021_FishFollows/IV/Sctaeniopterus/IV_Sctaeniopterus_TP_2021-06-12_111439_001.MP4,1308.53,23.98,No focal subject,Bite,Foraging,None|None|None,POINT,83.176,83.176,NA,,
IV_Sctaeniopterus_TP_2021-06-12_111439,6/26/2025 15:08,,/Volumes/Pillar/Manning_Bonaire2021_FishFollows/IV/Sctaeniopterus/IV_Sctaeniopterus_TP_2021-06-12_111439_001.MP4,1308.53,23.98,No focal subject,Bite,Foraging,None|None|None,POINT,83.954,83.954,NA,,
IV_Sctaeniopterus_TP_2021-06-12_111439,6/26/2025 15:08,,/Volumes/Pillar/Manning_Bonaire2021_FishFollows/IV/Sctaeniopterus/IV_Sctaeniopterus_TP_2021-06-12_111439_001.MP4,1308.53,23.98,No focal subject,Bite,Foraging,None|None|None,POINT,84.697,84.697,NA,,
IV_Sctaeniopterus_TP_2021-06-12_111439,6/26/2025 15:08,,/Volumes/Pillar/Manning_Bonaire2021_FishFollows/IV/Sctaeniopterus/IV_Sctaeniopterus_TP_2021-06-12_111439_001.MP4,1308.53,23.98,No focal subject,Bite,Foraging,None|None|None,POINT,85.663,85.663,NA,,
IV_Sctaeniopterus_TP_2021-06-12_111439,6/26/2025 15:08,,/Volumes/Pillar/Manning_Bonaire2021_FishFollows/IV/Sctaeniopterus/IV_Sctaeniopterus_TP_2021-06-12_111439_001.MP4,1308.53,23.98,No focal subject,Bite,Foraging,None|None|None,POINT,87.163,87.163,NA,,
IV_Sctaeniopterus_TP_2021-06-12_111439,6/26/2025 15:08,,/Volumes/Pillar/Manning_Bonaire2021_FishFollows/IV/Sctaeniopterus/IV_Sctaeniopterus_TP_2021-06-12_111439_001.MP4,1308.53,23.98,No focal subject,Bite,Foraging,None|None|None,POINT,89.924,89.924,NA,,
IV_Sctaeniopterus_TP_2021-06-12_111439,6/26/2025 15:08,,/Volumes/Pillar/Manning_Bonaire2021_FishFollows/IV/Sctaeniopterus/IV_Sctaeniopterus_TP_2021-06-12_111439_001.MP4,1308.53,23.98,No focal subject,Bite,Foraging,None|None|None,POINT,114.164,114.164,NA,,
IV_Sctaeniopterus_TP_2021-06-12_111439,6/26/2025 15:08,,/Volumes/Pillar/Manning_Bonaire2021_FishFollows/IV/Sctaeniopterus/IV_Sctaeniopterus_TP_2021-06-12_111439_001.MP4,1308.53,23.98,No focal subject,Bite,Foraging,None|None|None,POINT,115.16,115.16,NA,,
IV_Sctaeniopterus_TP_2021-06-12_111439,6/26/2025 15:08,,/Volumes/Pillar/Manning_Bonaire2021_FishFollows/IV/Sctaeniopterus/IV_Sctaeniopterus_TP_2021-06-12_111439_001.MP4,1308.53,23.98,No focal subject,Bite,Foraging,None|None|None,POINT,116.17,116.17,NA,,
IV_Sctaeniopterus_TP_2021-06-12_111439,6/26/2025 15:08,,/Volumes/Pillar/Manning_Bonaire2021_FishFollows/IV/Sctaeniopterus/IV_Sctaeniopterus_TP_2021-06-12_111439_001.MP4,1308.53,23.98,No focal subject,Bite,Foraging,None|None|None,POINT,116.932,116.932,NA,,
IV_Sctaeniopterus_TP_2021-06-12_111439,6/26/2025 15:08,,/Volumes/Pillar/Manning_Bonaire2021_FishFollows/IV/Sctaeniopterus/IV_Sctaeniopterus_TP_2021-06-12_111439_001.MP4,1308.53,23.98,No focal subject,Bite,Foraging,None|None|None,POINT,118.161,118.161,NA,,
IV_Sctaeniopterus_TP_2021-06-12_111439,6/26/2025 15:08,,/Volumes/Pillar/Manning_Bonaire2021_FishFollows/IV/Sctaeniopterus/IV_Sctaeniopterus_TP_2021-06-12_111439_001.MP4,1308.53,23.98,No focal subject,Bite,Foraging,None|None|None,POINT,118.914,118.914,NA,,
IV_Sctaeniopterus_TP_2021-06-12_111439,6/26/2025 15:08,,/Volumes/Pillar/Manning_Bonaire2021_FishFollows/IV/Sctaeniopterus/IV_Sctaeniopterus_TP_2021-06-12_111439_001.MP4,1308.53,23.98,No focal subject,Bite,Foraging,None|None|None,POINT,120.163,120.163,NA,,
IV_Sctaeniopterus_TP_2021-06-12_111439,6/26/2025 15:08,,/Volumes/Pillar/Manning_Bonaire2021_FishFollows/IV/Sctaeniopterus/IV_Sctaeniopterus_TP_2021-06-12_111439_001.MP4,1308.53,23.98,No focal subject,Bite,Foraging,None|None|None,POINT,143.415,143.415,NA,,
IV_Sctaeniopterus_TP_2021-06-12_111439,6/26/2025 15:08,,/Volumes/Pillar/Manning_Bonaire2021_FishFollows/IV/Sctaeniopterus/IV_Sctaeniopterus_TP_2021-06-12_111439_001.MP4,1308.53,23.98,No focal subject,Bite,Foraging,None|None|None,POINT,144.916,144.916,NA,,
IV_Sctaeniopterus_TP_2021-06-12_111439,6/26/2025 15:08,,/Volumes/Pillar/Manning_Bonaire2021_FishFollows/IV/Sctaeniopterus/IV_Sctaeniopterus_TP_2021-06-12_111439_001.MP4,1308.53,23.98,No focal subject,Bite,Foraging,None|None|None,POINT,146.416,146.416,NA,,
IV_Sctaeniopterus_TP_2021-06-12_111439,6/26/2025 15:08,,/Volumes/Pillar/Manning_Bonaire2021_FishFollows/IV/Sctaeniopterus/IV_Sctaeniopterus_TP_2021-06-12_111439_001.MP4,1308.53,23.98,No focal subject,Bite,Foraging,None|None|None,POINT,149.16,149.16,NA,,
IV_Sctaeniopterus_TP_2021-06-12_111439,6/26/2025 15:08,,/Volumes/Pillar/Manning_Bonaire2021_FishFollows/IV/Sctaeniopterus/IV_Sctaeniopterus_TP_2021-06-12_111439_001.MP4,1308.53,23.98,No focal subject,Bite,Foraging,None|None|None,POINT,149.913,149.913,NA,,
IV_Sctaeniopterus_TP_2021-06-12_111439,6/26/2025 15:08,,/Volumes/Pillar/Manning_Bonaire2021_FishFollows/IV/Sctaeniopterus/IV_Sctaeniopterus_TP_2021-06-12_111439_001.MP4,1308.53,23.98,No focal subject,Bite,Foraging,None|None|None,POINT,150.66,150.66,NA,,
IV_Sctaeniopterus_TP_2021-06-12_111439,6/26/2025 15:08,,/Volumes/Pillar/Manning_Bonaire2021_FishFollows/IV/Sctaeniopterus/IV_Sctaeniopterus_TP_2021-06-12_111439_001.MP4,1308.53,23.98,No focal subject,Bite,Foraging,None|None|None,POINT,153.423,153.423,NA,,
IV_Sctaeniopterus_TP_2021-06-12_111439,6/26/2025 15:08,,/Volumes/Pillar/Manning_Bonaire2021_FishFollows/IV/Sctaeniopterus/IV_Sctaeniopterus_TP_2021-06-12_111439_001.MP4,1308.53,23.98,No focal subject,Bite,Foraging,None|None|None,POINT,153.918,153.918,NA,,
IV_Sctaeniopterus_TP_2021-06-12_111439,6/26/2025 15:08,,/Volumes/Pillar/Manning_Bonaire2021_FishFollows/IV/Sctaeniopterus/IV_Sctaeniopterus_TP_2021-06-12_111439_001.MP4,1308.53,23.98,No focal subject,Bite,Foraging,None|None|None,POINT,154.663,154.663,NA,,
IV_Sctaeniopterus_TP_2021-06-12_111439,6/26/2025 15:08,,/Volumes/Pillar/Manning_Bonaire2021_FishFollows/IV/Sctaeniopterus/IV_Sctaeniopterus_TP_2021-06-12_111439_001.MP4,1308.53,23.98,No focal subject,Bite,Foraging,None|None|None,POINT,155.42,155.42,NA,,
IV_Sctaeniopterus_TP_2021-06-12_111439,6/26/2025 15:08,,/Volumes/Pillar/Manning_Bonaire2021_FishFollows/IV/Sctaeniopterus/IV_Sctaeniopterus_TP_2021-06-12_111439_001.MP4,1308.53,23.98,No focal subject,Bite,Foraging,None|None|None,POINT,155.916,155.916,NA,,
IV_Sctaeniopterus_TP_2021-06-12_111439,6/26/2025 15:08,,/Volumes/Pillar/Manning_Bonaire2021_FishFollows/IV/Sctaeniopterus/IV_Sctaeniopterus_TP_2021-06-12_111439_001.MP4,1308.53,23.98,No focal subject,Bite,Foraging,None|None|None,POINT,156.426,156.426,NA,,
IV_Sctaeniopterus_TP_2021-06-12_111439,6/26/2025 15:08,,/Volumes/Pillar/Manning_Bonaire2021_FishFollows/IV/Sctaeniopterus/IV_Sctaeniopterus_TP_2021-06-12_111439_001.MP4,1308.53,23.98,No focal subject,Bite,Foraging,None|None|None,POINT,157.168,157.168,NA,,
IV_Sctaeniopterus_TP_2021-06-12_111439,6/26/2025 15:08,,/Volumes/Pillar/Manning_Bonaire2021_FishFollows/IV/Sctaeniopterus/IV_Sctaeniopterus_TP_2021-06-12_111439_001.MP4,1308.53,23.98,No focal subject,Bite,Foraging,None|None|None,POINT,157.663,157.663,NA,,
IV_Sctaeniopterus_TP_2021-06-12_111439,6/26/2025 15:08,,/Volumes/Pillar/Manning_Bonaire2021_FishFollows/IV/Sctaeniopterus/IV_Sctaeniopterus_TP_2021-06-12_111439_001.MP4,1308.53,23.98,No focal subject,Bite,Foraging,None|None|None,POINT,158.418,158.418,NA,,
IV_Sctaeniopterus_TP_2021-06-12_111439,6/26/2025 15:08,,/Volumes/Pillar/Manning_Bonaire2021_FishFollows/IV/Sctaeniopterus/IV_Sctaeniopterus_TP_2021-06-12_111439_001.MP4,1308.53,23.98,No focal subject,Bite,Foraging,None|None|None,POINT,179.915,179.915,NA,,
IV_Sctaeniopterus_TP_2021-06-12_111439,6/26/2025 15:08,,/Volumes/Pillar/Manning_Bonaire2021_FishFollows/IV/Sctaeniopterus/IV_Sctaeniopterus_TP_2021-06-12_111439_001.MP4,1308.53,23.98,No focal subject,Bite,Foraging,None|None|None,POINT,180.661,180.661,NA,,
IV_Sctaeniopterus_TP_2021-06-12_111439,6/26/2025 15:08,,/Volumes/Pillar/Manning_Bonaire2021_FishFollows/IV/Sctaeniopterus/IV_Sctaeniopterus_TP_2021-06-12_111439_001.MP4,1308.53,23.98,No focal subject,Bite,Foraging,None|None|None,POINT,181.697,181.697,NA,,
IV_Sctaeniopterus_TP_2021-06-12_111439,6/26/2025 15:08,,/Volumes/Pillar/Manning_Bonaire2021_FishFollows/IV/Sctaeniopterus/IV_Sctaeniopterus_TP_2021-06-12_111439_001.MP4,1308.53,23.98,No focal subject,Bite,Foraging,None|None|None,POINT,182.446,182.446,NA,,
IV_Sctaeniopterus_TP_2021-06-12_111439,6/26/2025 15:08,,/Volumes/Pillar/Manning_Bonaire2021_FishFollows/IV/Sctaeniopterus/IV_Sctaeniopterus_TP_2021-06-12_111439_001.MP4,1308.53,23.98,No focal subject,Bite,Foraging,None|None|None,POINT,183.692,183.692,NA,,
IV_Sctaeniopterus_TP_2021-06-12_111439,6/26/2025 15:08,,/Volumes/Pillar/Manning_Bonaire2021_FishFollows/IV/Sctaeniopterus/IV_Sctaeniopterus_TP_2021-06-12_111439_001.MP4,1308.53,23.98,No focal subject,Bite,Foraging,None|None|None,POINT,185.191,185.191,NA,,
IV_Sctaeniopterus_TP_2021-06-12_111439,6/26/2025 15:08,,/Volumes/Pillar/Manning_Bonaire2021_FishFollows/IV/Sctaeniopterus/IV_Sctaeniopterus_TP_2021-06-12_111439_001.MP4,1308.53,23.98,No focal subject,Bite,Foraging,None|None|None,POINT,186.165,186.165,NA,,
IV_Sctaeniopterus_TP_2021-06-12_111439,6/26/2025 15:08,,/Volumes/Pillar/Manning_Bonaire2021_FishFollows/IV/Sctaeniopterus/IV_Sctaeniopterus_TP_2021-06-12_111439_001.MP4,1308.53,23.98,No focal subject,Bite,Foraging,None|None|None,POINT,191.414,191.414,NA,,
IV_Sctaeniopterus_TP_2021-06-12_111439,6/26/2025 15:08,,/Volumes/Pillar/Manning_Bonaire2021_FishFollows/IV/Sctaeniopterus/IV_Sctaeniopterus_TP_2021-06-12_111439_001.MP4,1308.53,23.98,No focal subject,Bite,Foraging,None|None|None,POINT,192.453,192.453,NA,,
IV_Sctaeniopterus_TP_2021-06-12_111439,6/26/2025 15:08,,/Volumes/Pillar/Manning_Bonaire2021_FishFollows/IV/Sctaeniopterus/IV_Sctaeniopterus_TP_2021-06-12_111439_001.MP4,1308.53,23.98,No focal subject,Bite,Foraging,None|None|None,POINT,193.701,193.701,NA,,
IV_Sctaeniopterus_TP_2021-06-12_111439,6/26/2025 15:08,,/Volumes/Pillar/Manning_Bonaire2021_FishFollows/IV/Sctaeniopterus/IV_Sctaeniopterus_TP_2021-06-12_111439_001.MP4,1308.53,23.98,No focal subject,Bite,Foraging,None|None|None,POINT,194.415,194.415,NA,,
IV_Sctaeniopterus_TP_2021-06-12_111439,6/26/2025 15:08,,/Volumes/Pillar/Manning_Bonaire2021_FishFollows/IV/Sctaeniopterus/IV_Sctaeniopterus_TP_2021-06-12_111439_001.MP4,1308.53,23.98,No focal subject,Bite,Foraging,None|None|None,POINT,194.707,194.707,NA,,
IV_Sctaeniopterus_TP_2021-06-12_111439,6/26/2025 15:08,,/Volumes/Pillar/Manning_Bonaire2021_FishFollows/IV/Sctaeniopterus/IV_Sctaeniopterus_TP_2021-06-12_111439_001.MP4,1308.53,23.98,No focal subject,Bite,Foraging,None|None|None,POINT,195.943,195.943,NA,,
IV_Sctaeniopterus_TP_2021-06-12_111439,6/26/2025 15:08,,/Volumes/Pillar/Manning_Bonaire2021_FishFollows/IV/Sctaeniopterus/IV_Sctaeniopterus_TP_2021-06-12_111439_001.MP4,1308.53,23.98,No focal subject,Bite,Foraging,None|None|None,POINT,196.914,196.914,NA,,
IV_Sctaeniopterus_TP_2021-06-12_111439,6/26/2025 15:08,,/Volumes/Pillar/Manning_Bonaire2021_FishFollows/IV/Sctaeniopterus/IV_Sctaeniopterus_TP_2021-06-12_111439_001.MP4,1308.53,23.98,No focal subject,Bite,Foraging,None|None|None,POINT,197.69,197.69,NA,,
IV_Sctaeniopterus_TP_2021-06-12_111439,6/26/2025 15:08,,/Volumes/Pillar/Manning_Bonaire2021_FishFollows/IV/Sctaeniopterus/IV_Sctaeniopterus_TP_2021-06-12_111439_001.MP4,1308.53,23.98,No focal subject,Bite,Foraging,None|None|None,POINT,198.918,198.918,NA,,
IV_Sctaeniopterus_TP_2021-06-12_111439,6/26/2025 15:08,,/Volumes/Pillar/Manning_Bonaire2021_FishFollows/IV/Sctaeniopterus/IV_Sctaeniopterus_TP_2021-06-12_111439_001.MP4,1308.53,23.98,No focal subject,Bite,Foraging,None|None|None,POINT,199.459,199.459,NA,,
IV_Sctaeniopterus_TP_2021-06-12_111439,6/26/2025 15:08,,/Volumes/Pillar/Manning_Bonaire2021_FishFollows/IV/Sctaeniopterus/IV_Sctaeniopterus_TP_2021-06-12_111439_001.MP4,1308.53,23.98,No focal subject,Bite,Foraging,None|None|None,POINT,200.206,200.206,NA,,
IV_Sctaeniopterus_TP_2021-06-12_111439,6/26/2025 15:08,,/Volumes/Pillar/Manning_Bonaire2021_FishFollows/IV/Sctaeniopterus/IV_Sctaeniopterus_TP_2021-06-12_111439_001.MP4,1308.53,23.98,No focal subject,Bite,Foraging,None|None|None,POINT,201.186,201.186,NA,,
IV_Sctaeniopterus_TP_2021-06-12_111439,6/26/2025 15:08,,/Volumes/Pillar/Manning_Bonaire2021_FishFollows/IV/Sctaeniopterus/IV_Sctaeniopterus_TP_2021-06-12_111439_001.MP4,1308.53,23.98,No focal subject,Bite,Foraging,None|None|None,POINT,202.204,202.204,NA,,
IV_Sctaeniopterus_TP_2021-06-12_111439,6/26/2025 15:08,,/Volumes/Pillar/Manning_Bonaire2021_FishFollows/IV/Sctaeniopterus/IV_Sctaeniopterus_TP_2021-06-12_111439_001.MP4,1308.53,23.98,No focal subject,Bite,Foraging,None|None|None,POINT,204.415,204.415,NA,,
IV_Sctaeniopterus_TP_2021-06-12_111439,6/26/2025 15:08,,/Volumes/Pillar/Manning_Bonaire2021_FishFollows/IV/Sctaeniopterus/IV_Sctaeniopterus_TP_2021-06-12_111439_001.MP4,1308.53,23.98,No focal subject,Bite,Foraging,None|None|None,POINT,205.161,205.161,NA,,
IV_Sctaeniopterus_TP_2021-06-12_111439,6/26/2025 15:08,,/Volumes/Pillar/Manning_Bonaire2021_FishFollows/IV/Sctaeniopterus/IV_Sctaeniopterus_TP_2021-06-12_111439_001.MP4,1308.53,23.98,No focal subject,Bite,Foraging,None|None|None,POINT,205.459,205.459,NA,,
IV_Sctaeniopterus_TP_2021-06-12_111439,6/26/2025 15:08,,/Volumes/Pillar/Manning_Bonaire2021_FishFollows/IV/Sctaeniopterus/IV_Sctaeniopterus_TP_2021-06-12_111439_001.MP4,1308.53,23.98,No focal subject,Bite,Foraging,None|None|None,POINT,206.414,206.414,NA,,
IV_Sctaeniopterus_TP_2021-06-12_111439,6/26/2025 15:08,,/Volumes/Pillar/Manning_Bonaire2021_FishFollows/IV/Sctaeniopterus/IV_Sctaeniopterus_TP_2021-06-12_111439_001.MP4,1308.53,23.98,No focal subject,Bite,Foraging,None|None|None,POINT,207.162,207.162,NA,,
IV_Sctaeniopterus_TP_2021-06-12_111439,6/26/2025 15:08,,/Volumes/Pillar/Manning_Bonaire2021_FishFollows/IV/Sctaeniopterus/IV_Sctaeniopterus_TP_2021-06-12_111439_001.MP4,1308.53,23.98,No focal subject,Bite,Foraging,None|None|None,POINT,207.705,207.705,NA,,
IV_Sctaeniopterus_TP_2021-06-12_111439,6/26/2025 15:08,,/Volumes/Pillar/Manning_Bonaire2021_FishFollows/IV/Sctaeniopterus/IV_Sctaeniopterus_TP_2021-06-12_111439_001.MP4,1308.53,23.98,No focal subject,Bite,Foraging,None|None|None,POINT,209.692,209.692,NA,,
IV_Sctaeniopterus_TP_2021-06-12_111439,6/26/2025 15:08,,/Volumes/Pillar/Manning_Bonaire2021_FishFollows/IV/Sctaeniopterus/IV_Sctaeniopterus_TP_2021-06-12_111439_001.MP4,1308.53,23.98,No focal subject,Bite,Foraging,None|None|None,POINT,211.418,211.418,NA,,
IV_Sctaeniopterus_TP_2021-06-12_111439,6/26/2025 15:08,,/Volumes/Pillar/Manning_Bonaire2021_FishFollows/IV/Sctaeniopterus/IV_Sctaeniopterus_TP_2021-06-12_111439_001.MP4,1308.53,23.98,No focal subject,Bite,Foraging,None|None|None,POINT,212.915,212.915,NA,,
IV_Sctaeniopterus_TP_2021-06-12_111439,6/26/2025 15:08,,/Volumes/Pillar/Manning_Bonaire2021_FishFollows/IV/Sctaeniopterus/IV_Sctaeniopterus_TP_2021-06-12_111439_001.MP4,1308.53,23.98,No focal subject,Bite,Foraging,None|None|None,POINT,213.664,213.664,NA,,
IV_Sctaeniopterus_TP_2021-06-12_111439,6/26/2025 15:08,,/Volumes/Pillar/Manning_Bonaire2021_FishFollows/IV/Sctaeniopterus/IV_Sctaeniopterus_TP_2021-06-12_111439_001.MP4,1308.53,23.98,No focal subject,Bite,Foraging,None|None|None,POINT,214.661,214.661,NA,,
IV_Sctaeniopterus_TP_2021-06-12_111439,6/26/2025 15:08,,/Volumes/Pillar/Manning_Bonaire2021_FishFollows/IV/Sctaeniopterus/IV_Sctaeniopterus_TP_2021-06-12_111439_001.MP4,1308.53,23.98,No focal subject,Bite,Foraging,None|None|None,POINT,215.413,215.413,NA,,
IV_Sctaeniopterus_TP_2021-06-12_111439,6/26/2025 15:08,,/Volumes/Pillar/Manning_Bonaire2021_FishFollows/IV/Sctaeniopterus/IV_Sctaeniopterus_TP_2021-06-12_111439_001.MP4,1308.53,23.98,No focal subject,Bite,Foraging,None|None|None,POINT,226.94,226.94,NA,,
IV_Sctaeniopterus_TP_2021-06-12_111439,6/26/2025 15:08,,/Volumes/Pillar/Manning_Bonaire2021_FishFollows/IV/Sctaeniopterus/IV_Sctaeniopterus_TP_2021-06-12_111439_001.MP4,1308.53,23.98,No focal subject,Bite,Foraging,None|None|None,POINT,227.69,227.69,NA,,
IV_Sctaeniopterus_TP_2021-06-12_111439,6/26/2025 15:08,,/Volumes/Pillar/Manning_Bonaire2021_FishFollows/IV/Sctaeniopterus/IV_Sctaeniopterus_TP_2021-06-12_111439_001.MP4,1308.53,23.98,No focal subject,Bite,Foraging,None|None|None,POINT,261.425,261.425,NA,,
IV_Sctaeniopterus_TP_2021-06-12_111439,6/26/2025 15:08,,/Volumes/Pillar/Manning_Bonaire2021_FishFollows/IV/Sctaeniopterus/IV_Sctaeniopterus_TP_2021-06-12_111439_001.MP4,1308.53,23.98,No focal subject,Bite,Foraging,None|None|None,POINT,264.913,264.913,NA,,
IV_Sctaeniopterus_TP_2021-06-12_111439,6/26/2025 15:08,,/Volumes/Pillar/Manning_Bonaire2021_FishFollows/IV/Sctaeniopterus/IV_Sctaeniopterus_TP_2021-06-12_111439_001.MP4,1308.53,23.98,No focal subject,Bite,Foraging,None|None|None,POINT,267.78,267.78,NA,,
IV_Sctaeniopterus_TP_2021-06-12_111439,6/26/2025 15:08,,/Volumes/Pillar/Manning_Bonaire2021_FishFollows/IV/Sctaeniopterus/IV_Sctaeniopterus_TP_2021-06-12_111439_001.MP4,1308.53,23.98,No focal subject,Bite,Foraging,None|None|None,POINT,268.42,268.42,NA,,
IV_Sctaeniopterus_TP_2021-06-12_111439,6/26/2025 15:08,,/Volumes/Pillar/Manning_Bonaire2021_FishFollows/IV/Sctaeniopterus/IV_Sctaeniopterus_TP_2021-06-12_111439_001.MP4,1308.53,23.98,No focal subject,Bite,Foraging,None|None|None,POINT,269.186,269.186,NA,,
IV_Sctaeniopterus_TP_2021-06-12_111439,6/26/2025 15:08,,/Volumes/Pillar/Manning_Bonaire2021_FishFollows/IV/Sctaeniopterus/IV_Sctaeniopterus_TP_2021-06-12_111439_001.MP4,1308.53,23.98,No focal subject,Bite,Foraging,None|None|None,POINT,269.962,269.962,NA,,
IV_Sctaeniopterus_TP_2021-06-12_111439,6/26/2025 15:08,,/Volumes/Pillar/Manning_Bonaire2021_FishFollows/IV/Sctaeniopterus/IV_Sctaeniopterus_TP_2021-06-12_111439_001.MP4,1308.53,23.98,No focal subject,Bite,Foraging,None|None|None,POINT,271.425,271.425,NA,,
IV_Sctaeniopterus_TP_2021-06-12_111439,6/26/2025 15:08,,/Volumes/Pillar/Manning_Bonaire2021_FishFollows/IV/Sctaeniopterus/IV_Sctaeniopterus_TP_2021-06-12_111439_001.MP4,1308.53,23.98,No focal subject,Bite,Foraging,None|None|None,POINT,272.17,272.17,NA,,
IV_Sctaeniopterus_TP_2021-06-12_111439,6/26/2025 15:08,,/Volumes/Pillar/Manning_Bonaire2021_FishFollows/IV/Sctaeniopterus/IV_Sctaeniopterus_TP_2021-06-12_111439_001.MP4,1308.53,23.98,No focal subject,Bite,Foraging,None|None|None,POINT,272.912,272.912,NA,,
IV_Sctaeniopterus_TP_2021-06-12_111439,6/26/2025 15:08,,/Volumes/Pillar/Manning_Bonaire2021_FishFollows/IV/Sctaeniopterus/IV_Sctaeniopterus_TP_2021-06-12_111439_001.MP4,1308.53,23.98,No focal subject,Bite,Foraging,None|None|None,POINT,273.206,273.206,NA,,
IV_Sctaeniopterus_TP_2021-06-12_111439,6/26/2025 15:08,,/Volumes/Pillar/Manning_Bonaire2021_FishFollows/IV/Sctaeniopterus/IV_Sctaeniopterus_TP_2021-06-12_111439_001.MP4,1308.53,23.98,No focal subject,Bite,Foraging,None|None|None,POINT,276.412,276.412,NA,,
IV_Sctaeniopterus_TP_2021-06-12_111439,6/26/2025 15:08,,/Volumes/Pillar/Manning_Bonaire2021_FishFollows/IV/Sctaeniopterus/IV_Sctaeniopterus_TP_2021-06-12_111439_001.MP4,1308.53,23.98,No focal subject,Bite,Foraging,None|None|None,POINT,277.912,277.912,NA,,
IV_Sctaeniopterus_TP_2021-06-12_111439,6/26/2025 15:08,,/Volumes/Pillar/Manning_Bonaire2021_FishFollows/IV/Sctaeniopterus/IV_Sctaeniopterus_TP_2021-06-12_111439_001.MP4,1308.53,23.98,No focal subject,Bite,Foraging,None|None|None,POINT,278.205,278.205,NA,,
IV_Sctaeniopterus_TP_2021-06-12_111439,6/26/2025 15:08,,/Volumes/Pillar/Manning_Bonaire2021_FishFollows/IV/Sctaeniopterus/IV_Sctaeniopterus_TP_2021-06-12_111439_001.MP4,1308.53,23.98,No focal subject,Bite,Foraging,None|None|None,POINT,279.168,279.168,NA,,
IV_Sctaeniopterus_TP_2021-06-12_111439,6/26/2025 15:08,,/Volumes/Pillar/Manning_Bonaire2021_FishFollows/IV/Sctaeniopterus/IV_Sctaeniopterus_TP_2021-06-12_111439_001.MP4,1308.53,23.98,No focal subject,Bite,Foraging,None|None|None,POINT,280.409,280.409,NA,,
IV_Sctaeniopterus_TP_2021-06-12_111439,6/26/2025 15:08,,/Volumes/Pillar/Manning_Bonaire2021_FishFollows/IV/Sctaeniopterus/IV_Sctaeniopterus_TP_2021-06-12_111439_001.MP4,1308.53,23.98,No focal subject,Bite,Foraging,None|None|None,POINT,282.168,282.168,NA,,
IV_Sctaeniopterus_TP_2021-06-12_111439,6/26/2025 15:08,,/Volumes/Pillar/Manning_Bonaire2021_FishFollows/IV/Sctaeniopterus/IV_Sctaeniopterus_TP_2021-06-12_111439_001.MP4,1308.53,23.98,No focal subject,Bite,Foraging,None|None|None,POINT,284.169,284.169,NA,,
IV_Sctaeniopterus_TP_2021-06-12_111439,6/26/2025 15:08,,/Volumes/Pillar/Manning_Bonaire2021_FishFollows/IV/Sctaeniopterus/IV_Sctaeniopterus_TP_2021-06-12_111439_001.MP4,1308.53,23.98,No focal subject,Bite,Foraging,None|None|None,POINT,285.171,285.171,NA,,
IV_Sctaeniopterus_TP_2021-06-12_111439,6/26/2025 15:08,,/Volumes/Pillar/Manning_Bonaire2021_FishFollows/IV/Sctaeniopterus/IV_Sctaeniopterus_TP_2021-06-12_111439_001.MP4,1308.53,23.98,No focal subject,Bite,Foraging,None|None|None,POINT,286.192,286.192,NA,,
IV_Sctaeniopterus_TP_2021-06-12_111439,6/26/2025 15:08,,/Volumes/Pillar/Manning_Bonaire2021_FishFollows/IV/Sctaeniopterus/IV_Sctaeniopterus_TP_2021-06-12_111439_001.MP4,1308.53,23.98,No focal subject,Bite,Foraging,None|None|None,POINT,286.913,286.913,NA,,
IV_Sctaeniopterus_TP_2021-06-12_111439,6/26/2025 15:08,,/Volumes/Pillar/Manning_Bonaire2021_FishFollows/IV/Sctaeniopterus/IV_Sctaeniopterus_TP_2021-06-12_111439_001.MP4,1308.53,23.98,No focal subject,Bite,Foraging,None|None|None,POINT,288.41,288.41,NA,,
IV_Sctaeniopterus_TP_2021-06-12_111439,6/26/2025 15:08,,/Volumes/Pillar/Manning_Bonaire2021_FishFollows/IV/Sctaeniopterus/IV_Sctaeniopterus_TP_2021-06-12_111439_001.MP4,1308.53,23.98,No focal subject,Bite,Foraging,None|None|None,POINT,324.668,324.668,NA,,
IV_Sctaeniopterus_TP_2021-06-12_111439,6/26/2025 15:08,,/Volumes/Pillar/Manning_Bonaire2021_FishFollows/IV/Sctaeniopterus/IV_Sctaeniopterus_TP_2021-06-12_111439_001.MP4,1308.53,23.98,No focal subject,Bite,Foraging,None|None|None,POINT,325.189,325.189,NA,,
IV_Sctaeniopterus_TP_2021-06-12_111439,6/26/2025 15:08,,/Volumes/Pillar/Manning_Bonaire2021_FishFollows/IV/Sctaeniopterus/IV_Sctaeniopterus_TP_2021-06-12_111439_001.MP4,1308.53,23.98,No focal subject,Bite,Foraging,None|None|None,POINT,326.167,326.167,NA,,
IV_Sctaeniopterus_TP_2021-06-12_111439,6/26/2025 15:08,,/Volumes/Pillar/Manning_Bonaire2021_FishFollows/IV/Sctaeniopterus/IV_Sctaeniopterus_TP_2021-06-12_111439_001.MP4,1308.53,23.98,No focal subject,Bite,Foraging,None|None|None,POINT,326.68,326.68,NA,,
IV_Sctaeniopterus_TP_2021-06-12_111439,6/26/2025 15:08,,/Volumes/Pillar/Manning_Bonaire2021_FishFollows/IV/Sctaeniopterus/IV_Sctaeniopterus_TP_2021-06-12_111439_001.MP4,1308.53,23.98,No focal subject,Bite,Foraging,None|None|None,POINT,327.912,327.912,NA,,
IV_Sctaeniopterus_TP_2021-06-12_111439,6/26/2025 15:08,,/Volumes/Pillar/Manning_Bonaire2021_FishFollows/IV/Sctaeniopterus/IV_Sctaeniopterus_TP_2021-06-12_111439_001.MP4,1308.53,23.98,No focal subject,Bite,Foraging,None|None|None,POINT,328.924,328.924,NA,,
IV_Sctaeniopterus_TP_2021-06-12_111439,6/26/2025 15:08,,/Volumes/Pillar/Manning_Bonaire2021_FishFollows/IV/Sctaeniopterus/IV_Sctaeniopterus_TP_2021-06-12_111439_001.MP4,1308.53,23.98,No focal subject,Bite,Foraging,None|None|None,POINT,330.168,330.168,NA,,
IV_Sctaeniopterus_TP_2021-06-12_111439,6/26/2025 15:08,,/Volumes/Pillar/Manning_Bonaire2021_FishFollows/IV/Sctaeniopterus/IV_Sctaeniopterus_TP_2021-06-12_111439_001.MP4,1308.53,23.98,No focal subject,Bite,Foraging,None|None|None,POINT,330.667,330.667,NA,,
IV_Sctaeniopterus_TP_2021-06-12_111439,6/26/2025 15:08,,/Volumes/Pillar/Manning_Bonaire2021_FishFollows/IV/Sctaeniopterus/IV_Sctaeniopterus_TP_2021-06-12_111439_001.MP4,1308.53,23.98,No focal subject,Bite,Foraging,None|None|None,POINT,331.925,331.925,NA,,
IV_Sctaeniopterus_TP_2021-06-12_111439,6/26/2025 15:08,,/Volumes/Pillar/Manning_Bonaire2021_FishFollows/IV/Sctaeniopterus/IV_Sctaeniopterus_TP_2021-06-12_111439_001.MP4,1308.53,23.98,No focal subject,Bite,Foraging,None|None|None,POINT,332.411,332.411,NA,,
IV_Sctaeniopterus_TP_2021-06-12_111439,6/26/2025 15:08,,/Volumes/Pillar/Manning_Bonaire2021_FishFollows/IV/Sctaeniopterus/IV_Sctaeniopterus_TP_2021-06-12_111439_001.MP4,1308.53,23.98,No focal subject,Bite,Foraging,None|None|None,POINT,333.168,333.168,NA,,
IV_Sctaeniopterus_TP_2021-06-12_111439,6/26/2025 15:08,,/Volumes/Pillar/Manning_Bonaire2021_FishFollows/IV/Sctaeniopterus/IV_Sctaeniopterus_TP_2021-06-12_111439_001.MP4,1308.53,23.98,No focal subject,Bite,Foraging,None|None|None,POINT,335.911,335.911,NA,,
IV_Sctaeniopterus_TP_2021-06-12_111439,6/26/2025 15:08,,/Volumes/Pillar/Manning_Bonaire2021_FishFollows/IV/Sctaeniopterus/IV_Sctaeniopterus_TP_2021-06-12_111439_001.MP4,1308.53,23.98,No focal subject,Bite,Foraging,None|None|None,POINT,344.166,344.166,NA,,
IV_Sctaeniopterus_TP_2021-06-12_111439,6/26/2025 15:08,,/Volumes/Pillar/Manning_Bonaire2021_FishFollows/IV/Sctaeniopterus/IV_Sctaeniopterus_TP_2021-06-12_111439_001.MP4,1308.53,23.98,No focal subject,Bite,Foraging,None|None|None,POINT,345.918,345.918,NA,,
IV_Sctaeniopterus_TP_2021-06-12_111439,6/26/2025 15:08,,/Volumes/Pillar/Manning_Bonaire2021_FishFollows/IV/Sctaeniopterus/IV_Sctaeniopterus_TP_2021-06-12_111439_001.MP4,1308.53,23.98,No focal subject,Bite,Foraging,None|None|None,POINT,346.691,346.691,NA,,
IV_Sctaeniopterus_TP_2021-06-12_111439,6/26/2025 15:08,,/Volumes/Pillar/Manning_Bonaire2021_FishFollows/IV/Sctaeniopterus/IV_Sctaeniopterus_TP_2021-06-12_111439_001.MP4,1308.53,23.98,No focal subject,Bite,Foraging,None|None|None,POINT,347.667,347.667,NA,,
IV_Sctaeniopterus_TP_2021-06-12_111439,6/26/2025 15:08,,/Volumes/Pillar/Manning_Bonaire2021_FishFollows/IV/Sctaeniopterus/IV_Sctaeniopterus_TP_2021-06-12_111439_001.MP4,1308.53,23.98,No focal subject,Bite,Foraging,None|None|None,POINT,351.911,351.911,NA,,
IV_Sctaeniopterus_TP_2021-06-12_111439,6/26/2025 15:08,,/Volumes/Pillar/Manning_Bonaire2021_FishFollows/IV/Sctaeniopterus/IV_Sctaeniopterus_TP_2021-06-12_111439_001.MP4,1308.53,23.98,No focal subject,Bite,Foraging,None|None|None,POINT,354.67,354.67,NA,,
IV_Sctaeniopterus_TP_2021-06-12_111439,6/26/2025 15:08,,/Volumes/Pillar/Manning_Bonaire2021_FishFollows/IV/Sctaeniopterus/IV_Sctaeniopterus_TP_2021-06-12_111439_001.MP4,1308.53,23.98,No focal subject,Bite,Foraging,None|None|None,POINT,355.183,355.183,NA,,
IV_Sctaeniopterus_TP_2021-06-12_111439,6/26/2025 15:08,,/Volumes/Pillar/Manning_Bonaire2021_FishFollows/IV/Sctaeniopterus/IV_Sctaeniopterus_TP_2021-06-12_111439_001.MP4,1308.53,23.98,No focal subject,Bite,Foraging,None|None|None,POINT,355.92,355.92,NA,,
IV_Sctaeniopterus_TP_2021-06-12_111439,6/26/2025 15:08,,/Volumes/Pillar/Manning_Bonaire2021_FishFollows/IV/Sctaeniopterus/IV_Sctaeniopterus_TP_2021-06-12_111439_001.MP4,1308.53,23.98,No focal subject,Bite,Foraging,None|None|None,POINT,408.179,408.179,NA,,
IV_Sctaeniopterus_TP_2021-06-12_111439,6/26/2025 15:08,,/Volumes/Pillar/Manning_Bonaire2021_FishFollows/IV/Sctaeniopterus/IV_Sctaeniopterus_TP_2021-06-12_111439_001.MP4,1308.53,23.98,No focal subject,Bite,Foraging,None|None|None,POINT,409.91,409.91,NA,,
IV_Sctaeniopterus_TP_2021-06-12_111439,6/26/2025 15:08,,/Volumes/Pillar/Manning_Bonaire2021_FishFollows/IV/Sctaeniopterus/IV_Sctaeniopterus_TP_2021-06-12_111439_001.MP4,1308.53,23.98,No focal subject,Bite,Foraging,None|None|None,POINT,410.422,410.422,NA,,
IV_Sctaeniopterus_TP_2021-06-12_111439,6/26/2025 15:08,,/Volumes/Pillar/Manning_Bonaire2021_FishFollows/IV/Sctaeniopterus/IV_Sctaeniopterus_TP_2021-06-12_111439_001.MP4,1308.53,23.98,No focal subject,Bite,Foraging,None|None|None,POINT,411.411,411.411,NA,,
IV_Sctaeniopterus_TP_2021-06-12_111439,6/26/2025 15:08,,/Volumes/Pillar/Manning_Bonaire2021_FishFollows/IV/Sctaeniopterus/IV_Sctaeniopterus_TP_2021-06-12_111439_001.MP4,1308.53,23.98,No focal subject,Bite,Foraging,None|None|None,POINT,412.681,412.681,NA,,
IV_Sctaeniopterus_TP_2021-06-12_111439,6/26/2025 15:08,,/Volumes/Pillar/Manning_Bonaire2021_FishFollows/IV/Sctaeniopterus/IV_Sctaeniopterus_TP_2021-06-12_111439_001.MP4,1308.53,23.98,No focal subject,Bite,Foraging,None|None|None,POINT,413.665,413.665,NA,,
IV_Sctaeniopterus_TP_2021-06-12_111439,6/26/2025 15:08,,/Volumes/Pillar/Manning_Bonaire2021_FishFollows/IV/Sctaeniopterus/IV_Sctaeniopterus_TP_2021-06-12_111439_001.MP4,1308.53,23.98,No focal subject,Bite,Foraging,None|None|None,POINT,414.179,414.179,NA,,
IV_Sctaeniopterus_TP_2021-06-12_111439,6/26/2025 15:08,,/Volumes/Pillar/Manning_Bonaire2021_FishFollows/IV/Sctaeniopterus/IV_Sctaeniopterus_TP_2021-06-12_111439_001.MP4,1308.53,23.98,No focal subject,Bite,Foraging,None|None|None,POINT,414.665,414.665,NA,,
IV_Sctaeniopterus_TP_2021-06-12_111439,6/26/2025 15:08,,/Volumes/Pillar/Manning_Bonaire2021_FishFollows/IV/Sctaeniopterus/IV_Sctaeniopterus_TP_2021-06-12_111439_001.MP4,1308.53,23.98,No focal subject,Bite,Foraging,None|None|None,POINT,415.411,415.411,NA,,
IV_Sctaeniopterus_TP_2021-06-12_111439,6/26/2025 15:08,,/Volumes/Pillar/Manning_Bonaire2021_FishFollows/IV/Sctaeniopterus/IV_Sctaeniopterus_TP_2021-06-12_111439_001.MP4,1308.53,23.98,No focal subject,Bite,Foraging,None|None|None,POINT,416.165,416.165,NA,,
IV_Sctaeniopterus_TP_2021-06-12_111439,6/26/2025 15:08,,/Volumes/Pillar/Manning_Bonaire2021_FishFollows/IV/Sctaeniopterus/IV_Sctaeniopterus_TP_2021-06-12_111439_001.MP4,1308.53,23.98,No focal subject,Bite,Foraging,None|None|None,POINT,417.666,417.666,NA,,
IV_Sctaeniopterus_TP_2021-06-12_111439,6/26/2025 15:08,,/Volumes/Pillar/Manning_Bonaire2021_FishFollows/IV/Sctaeniopterus/IV_Sctaeniopterus_TP_2021-06-12_111439_001.MP4,1308.53,23.98,No focal subject,Bite,Foraging,None|None|None,POINT,419.411,419.411,NA,,
IV_Sctaeniopterus_TP_2021-06-12_111439,6/26/2025 15:08,,/Volumes/Pillar/Manning_Bonaire2021_FishFollows/IV/Sctaeniopterus/IV_Sctaeniopterus_TP_2021-06-12_111439_001.MP4,1308.53,23.98,No focal subject,Bite,Foraging,None|None|None,POINT,420.167,420.167,NA,,
IV_Sctaeniopterus_TP_2021-06-12_111439,6/26/2025 15:08,,/Volumes/Pillar/Manning_Bonaire2021_FishFollows/IV/Sctaeniopterus/IV_Sctaeniopterus_TP_2021-06-12_111439_001.MP4,1308.53,23.98,No focal subject,Bite,Foraging,None|None|None,POINT,421.173,421.173,NA,,
IV_Sctaeniopterus_TP_2021-06-12_111439,6/26/2025 15:08,,/Volumes/Pillar/Manning_Bonaire2021_FishFollows/IV/Sctaeniopterus/IV_Sctaeniopterus_TP_2021-06-12_111439_001.MP4,1308.53,23.98,No focal subject,Bite,Foraging,None|None|None,POINT,441.414,441.414,NA,,
IV_Sctaeniopterus_TP_2021-06-12_111439,6/26/2025 15:08,,/Volumes/Pillar/Manning_Bonaire2021_FishFollows/IV/Sctaeniopterus/IV_Sctaeniopterus_TP_2021-06-12_111439_001.MP4,1308.53,23.98,No focal subject,Bite,Foraging,None|None|None,POINT,470.175,470.175,NA,,
IV_Sctaeniopterus_TP_2021-06-12_111439,6/26/2025 15:08,,/Volumes/Pillar/Manning_Bonaire2021_FishFollows/IV/Sctaeniopterus/IV_Sctaeniopterus_TP_2021-06-12_111439_001.MP4,1308.53,23.98,No focal subject,Bite,Foraging,None|None|None,POINT,470.923,470.923,NA,,
IV_Sctaeniopterus_TP_2021-06-12_111439,6/26/2025 15:08,,/Volumes/Pillar/Manning_Bonaire2021_FishFollows/IV/Sctaeniopterus/IV_Sctaeniopterus_TP_2021-06-12_111439_001.MP4,1308.53,23.98,No focal subject,Bite,Foraging,None|None|None,POINT,472.18,472.18,NA,,
IV_Sctaeniopterus_TP_2021-06-12_111439,6/26/2025 15:08,,/Volumes/Pillar/Manning_Bonaire2021_FishFollows/IV/Sctaeniopterus/IV_Sctaeniopterus_TP_2021-06-12_111439_001.MP4,1308.53,23.98,No focal subject,Bite,Foraging,None|None|None,POINT,472.922,472.922,NA,,
IV_Sctaeniopterus_TP_2021-06-12_111439,6/26/2025 15:08,,/Volumes/Pillar/Manning_Bonaire2021_FishFollows/IV/Sctaeniopterus/IV_Sctaeniopterus_TP_2021-06-12_111439_001.MP4,1308.53,23.98,No focal subject,Bite,Foraging,None|None|None,POINT,474.172,474.172,NA,,
IV_Sctaeniopterus_TP_2021-06-12_111439,6/26/2025 15:08,,/Volumes/Pillar/Manning_Bonaire2021_FishFollows/IV/Sctaeniopterus/IV_Sctaeniopterus_TP_2021-06-12_111439_001.MP4,1308.53,23.98,No focal subject,Bite,Foraging,None|None|None,POINT,474.911,474.911,NA,,
IV_Sctaeniopterus_TP_2021-06-12_111439,6/26/2025 15:08,,/Volumes/Pillar/Manning_Bonaire2021_FishFollows/IV/Sctaeniopterus/IV_Sctaeniopterus_TP_2021-06-12_111439_001.MP4,1308.53,23.98,No focal subject,Bite,Foraging,None|None|None,POINT,481.909,481.909,NA,,
IV_Sctaeniopterus_TP_2021-06-12_111439,6/26/2025 15:08,,/Volumes/Pillar/Manning_Bonaire2021_FishFollows/IV/Sctaeniopterus/IV_Sctaeniopterus_TP_2021-06-12_111439_001.MP4,1308.53,23.98,No focal subject,Bite,Foraging,None|None|None,POINT,482.659,482.659,NA,,
IV_Sctaeniopterus_TP_2021-06-12_111439,6/26/2025 15:08,,/Volumes/Pillar/Manning_Bonaire2021_FishFollows/IV/Sctaeniopterus/IV_Sctaeniopterus_TP_2021-06-12_111439_001.MP4,1308.53,23.98,No focal subject,Bite,Foraging,None|None|None,POINT,483.41,483.41,NA,,
IV_Sctaeniopterus_TP_2021-06-12_111439,6/26/2025 15:08,,/Volumes/Pillar/Manning_Bonaire2021_FishFollows/IV/Sctaeniopterus/IV_Sctaeniopterus_TP_2021-06-12_111439_001.MP4,1308.53,23.98,No focal subject,Bite,Foraging,None|None|None,POINT,484.911,484.911,NA,,
IV_Sctaeniopterus_TP_2021-06-12_111439,6/26/2025 15:08,,/Volumes/Pillar/Manning_Bonaire2021_FishFollows/IV/Sctaeniopterus/IV_Sctaeniopterus_TP_2021-06-12_111439_001.MP4,1308.53,23.98,No focal subject,Bite,Foraging,None|None|None,POINT,485.194,485.194,NA,,
IV_Sctaeniopterus_TP_2021-06-12_111439,6/26/2025 15:08,,/Volumes/Pillar/Manning_Bonaire2021_FishFollows/IV/Sctaeniopterus/IV_Sctaeniopterus_TP_2021-06-12_111439_001.MP4,1308.53,23.98,No focal subject,Bite,Foraging,None|None|None,POINT,486.41,486.41,NA,,
IV_Sctaeniopterus_TP_2021-06-12_111439,6/26/2025 15:08,,/Volumes/Pillar/Manning_Bonaire2021_FishFollows/IV/Sctaeniopterus/IV_Sctaeniopterus_TP_2021-06-12_111439_001.MP4,1308.53,23.98,No focal subject,Bite,Foraging,None|None|None,POINT,487.167,487.167,NA,,
IV_Sctaeniopterus_TP_2021-06-12_111439,6/26/2025 15:08,,/Volumes/Pillar/Manning_Bonaire2021_FishFollows/IV/Sctaeniopterus/IV_Sctaeniopterus_TP_2021-06-12_111439_001.MP4,1308.53,23.98,No focal subject,Bite,Foraging,None|None|None,POINT,487.91,487.91,NA,,
IV_Sctaeniopterus_TP_2021-06-12_111439,6/26/2025 15:08,,/Volumes/Pillar/Manning_Bonaire2021_FishFollows/IV/Sctaeniopterus/IV_Sctaeniopterus_TP_2021-06-12_111439_001.MP4,1308.53,23.98,No focal subject,Bite,Foraging,None|None|None,POINT,489.164,489.164,NA,,
IV_Sctaeniopterus_TP_2021-06-12_111439,6/26/2025 15:08,,/Volumes/Pillar/Manning_Bonaire2021_FishFollows/IV/Sctaeniopterus/IV_Sctaeniopterus_TP_2021-06-12_111439_001.MP4,1308.53,23.98,No focal subject,Bite,Foraging,None|None|None,POINT,489.684,489.684,NA,,
IV_Sctaeniopterus_TP_2021-06-12_111439,6/26/2025 15:08,,/Volumes/Pillar/Manning_Bonaire2021_FishFollows/IV/Sctaeniopterus/IV_Sctaeniopterus_TP_2021-06-12_111439_001.MP4,1308.53,23.98,No focal subject,Bite,Foraging,None|None|None,POINT,490.666,490.666,NA,,
IV_Sctaeniopterus_TP_2021-06-12_111439,6/26/2025 15:08,,/Volumes/Pillar/Manning_Bonaire2021_FishFollows/IV/Sctaeniopterus/IV_Sctaeniopterus_TP_2021-06-12_111439_001.MP4,1308.53,23.98,No focal subject,Bite,Foraging,None|None|None,POINT,491.667,491.667,NA,,
IV_Sctaeniopterus_TP_2021-06-12_111439,6/26/2025 15:08,,/Volumes/Pillar/Manning_Bonaire2021_FishFollows/IV/Sctaeniopterus/IV_Sctaeniopterus_TP_2021-06-12_111439_001.MP4,1308.53,23.98,No focal subject,Bite,Foraging,None|None|None,POINT,494.412,494.412,NA,,
IV_Sctaeniopterus_TP_2021-06-12_111439,6/26/2025 15:08,,/Volumes/Pillar/Manning_Bonaire2021_FishFollows/IV/Sctaeniopterus/IV_Sctaeniopterus_TP_2021-06-12_111439_001.MP4,1308.53,23.98,No focal subject,Bite,Foraging,None|None|None,POINT,495.167,495.167,NA,,
IV_Sctaeniopterus_TP_2021-06-12_111439,6/26/2025 15:08,,/Volumes/Pillar/Manning_Bonaire2021_FishFollows/IV/Sctaeniopterus/IV_Sctaeniopterus_TP_2021-06-12_111439_001.MP4,1308.53,23.98,No focal subject,Bite,Foraging,None|None|None,POINT,495.682,495.682,NA,,
IV_Sctaeniopterus_TP_2021-06-12_111439,6/26/2025 15:08,,/Volumes/Pillar/Manning_Bonaire2021_FishFollows/IV/Sctaeniopterus/IV_Sctaeniopterus_TP_2021-06-12_111439_001.MP4,1308.53,23.98,No focal subject,Bite,Foraging,None|None|None,POINT,497.174,497.174,NA,,
IV_Sctaeniopterus_TP_2021-06-12_111439,6/26/2025 15:08,,/Volumes/Pillar/Manning_Bonaire2021_FishFollows/IV/Sctaeniopterus/IV_Sctaeniopterus_TP_2021-06-12_111439_001.MP4,1308.53,23.98,No focal subject,Bite,Foraging,None|None|None,POINT,497.921,497.921,NA,,
IV_Sctaeniopterus_TP_2021-06-12_111439,6/26/2025 15:08,,/Volumes/Pillar/Manning_Bonaire2021_FishFollows/IV/Sctaeniopterus/IV_Sctaeniopterus_TP_2021-06-12_111439_001.MP4,1308.53,23.98,No focal subject,Bite,Foraging,None|None|None,POINT,499.662,499.662,NA,,
IV_Sctaeniopterus_TP_2021-06-12_111439,6/26/2025 15:08,,/Volumes/Pillar/Manning_Bonaire2021_FishFollows/IV/Sctaeniopterus/IV_Sctaeniopterus_TP_2021-06-12_111439_001.MP4,1308.53,23.98,No focal subject,Bite,Foraging,None|None|None,POINT,500.412,500.412,NA,,
IV_Sctaeniopterus_TP_2021-06-12_111439,6/26/2025 15:08,,/Volumes/Pillar/Manning_Bonaire2021_FishFollows/IV/Sctaeniopterus/IV_Sctaeniopterus_TP_2021-06-12_111439_001.MP4,1308.53,23.98,No focal subject,Bite,Foraging,None|None|None,POINT,501.415,501.415,NA,,
IV_Sctaeniopterus_TP_2021-06-12_111439,6/26/2025 15:08,,/Volumes/Pillar/Manning_Bonaire2021_FishFollows/IV/Sctaeniopterus/IV_Sctaeniopterus_TP_2021-06-12_111439_001.MP4,1308.53,23.98,No focal subject,Bite,Foraging,None|None|None,POINT,502.162,502.162,NA,,
IV_Sctaeniopterus_TP_2021-06-12_111439,6/26/2025 15:08,,/Volumes/Pillar/Manning_Bonaire2021_FishFollows/IV/Sctaeniopterus/IV_Sctaeniopterus_TP_2021-06-12_111439_001.MP4,1308.53,23.98,No focal subject,Bite,Foraging,None|None|None,POINT,503.166,503.166,NA,,
IV_Sctaeniopterus_TP_2021-06-12_111439,6/26/2025 15:08,,/Volumes/Pillar/Manning_Bonaire2021_FishFollows/IV/Sctaeniopterus/IV_Sctaeniopterus_TP_2021-06-12_111439_001.MP4,1308.53,23.98,No focal subject,Bite,Foraging,None|None|None,POINT,503.93,503.93,NA,,
IV_Sctaeniopterus_TP_2021-06-12_111439,6/26/2025 15:08,,/Volumes/Pillar/Manning_Bonaire2021_FishFollows/IV/Sctaeniopterus/IV_Sctaeniopterus_TP_2021-06-12_111439_001.MP4,1308.53,23.98,No focal subject,Bite,Foraging,None|None|None,POINT,504.916,504.916,NA,,
IV_Sctaeniopterus_TP_2021-06-12_111439,6/26/2025 15:08,,/Volumes/Pillar/Manning_Bonaire2021_FishFollows/IV/Sctaeniopterus/IV_Sctaeniopterus_TP_2021-06-12_111439_001.MP4,1308.53,23.98,No focal subject,Bite,Foraging,None|None|None,POINT,505.915,505.915,NA,,
IV_Sctaeniopterus_TP_2021-06-12_111439,6/26/2025 15:08,,/Volumes/Pillar/Manning_Bonaire2021_FishFollows/IV/Sctaeniopterus/IV_Sctaeniopterus_TP_2021-06-12_111439_001.MP4,1308.53,23.98,No focal subject,Bite,Foraging,None|None|None,POINT,518.17,518.17,NA,,
IV_Sctaeniopterus_TP_2021-06-12_111439,6/26/2025 15:08,,/Volumes/Pillar/Manning_Bonaire2021_FishFollows/IV/Sctaeniopterus/IV_Sctaeniopterus_TP_2021-06-12_111439_001.MP4,1308.53,23.98,No focal subject,Bite,Foraging,None|None|None,POINT,518.933,518.933,NA,,
IV_Sctaeniopterus_TP_2021-06-12_111439,6/26/2025 15:08,,/Volumes/Pillar/Manning_Bonaire2021_FishFollows/IV/Sctaeniopterus/IV_Sctaeniopterus_TP_2021-06-12_111439_001.MP4,1308.53,23.98,No focal subject,Bite,Foraging,None|None|None,POINT,519.417,519.417,NA,,
IV_Sctaeniopterus_TP_2021-06-12_111439,6/26/2025 15:08,,/Volumes/Pillar/Manning_Bonaire2021_FishFollows/IV/Sctaeniopterus/IV_Sctaeniopterus_TP_2021-06-12_111439_001.MP4,1308.53,23.98,No focal subject,Bite,Foraging,None|None|None,POINT,525.68,525.68,NA,,
IV_Sctaeniopterus_TP_2021-06-12_111439,6/26/2025 15:08,,/Volumes/Pillar/Manning_Bonaire2021_FishFollows/IV/Sctaeniopterus/IV_Sctaeniopterus_TP_2021-06-12_111439_001.MP4,1308.53,23.98,No focal subject,Bite,Foraging,None|None|None,POINT,526.161,526.161,NA,,
IV_Sctaeniopterus_TP_2021-06-12_111439,6/26/2025 15:08,,/Volumes/Pillar/Manning_Bonaire2021_FishFollows/IV/Sctaeniopterus/IV_Sctaeniopterus_TP_2021-06-12_111439_001.MP4,1308.53,23.98,No focal subject,Bite,Foraging,None|None|None,POINT,526.915,526.915,NA,,
IV_Sctaeniopterus_TP_2021-06-12_111439,6/26/2025 15:08,,/Volumes/Pillar/Manning_Bonaire2021_FishFollows/IV/Sctaeniopterus/IV_Sctaeniopterus_TP_2021-06-12_111439_001.MP4,1308.53,23.98,No focal subject,Bite,Foraging,None|None|None,POINT,527.661,527.661,NA,,
IV_Sctaeniopterus_TP_2021-06-12_111439,6/26/2025 15:08,,/Volumes/Pillar/Manning_Bonaire2021_FishFollows/IV/Sctaeniopterus/IV_Sctaeniopterus_TP_2021-06-12_111439_001.MP4,1308.53,23.98,No focal subject,Bite,Foraging,None|None|None,POINT,528.674,528.674,NA,,
IV_Sctaeniopterus_TP_2021-06-12_111439,6/26/2025 15:08,,/Volumes/Pillar/Manning_Bonaire2021_FishFollows/IV/Sctaeniopterus/IV_Sctaeniopterus_TP_2021-06-12_111439_001.MP4,1308.53,23.98,No focal subject,Bite,Foraging,None|None|None,POINT,529.44,529.44,NA,,
IV_Sctaeniopterus_TP_2021-06-12_111439,6/26/2025 15:08,,/Volumes/Pillar/Manning_Bonaire2021_FishFollows/IV/Sctaeniopterus/IV_Sctaeniopterus_TP_2021-06-12_111439_001.MP4,1308.53,23.98,No focal subject,Bite,Foraging,None|None|None,POINT,529.911,529.911,NA,,
IV_Sctaeniopterus_TP_2021-06-12_111439,6/26/2025 15:08,,/Volumes/Pillar/Manning_Bonaire2021_FishFollows/IV/Sctaeniopterus/IV_Sctaeniopterus_TP_2021-06-12_111439_001.MP4,1308.53,23.98,No focal subject,Bite,Foraging,None|None|None,POINT,531.437,531.437,NA,,
IV_Sctaeniopterus_TP_2021-06-12_111439,6/26/2025 15:08,,/Volumes/Pillar/Manning_Bonaire2021_FishFollows/IV/Sctaeniopterus/IV_Sctaeniopterus_TP_2021-06-12_111439_001.MP4,1308.53,23.98,No focal subject,Bite,Foraging,None|None|None,POINT,532.413,532.413,NA,,
IV_Sctaeniopterus_TP_2021-06-12_111439,6/26/2025 15:08,,/Volumes/Pillar/Manning_Bonaire2021_FishFollows/IV/Sctaeniopterus/IV_Sctaeniopterus_TP_2021-06-12_111439_001.MP4,1308.53,23.98,No focal subject,Bite,Foraging,None|None|None,POINT,532.94,532.94,NA,,
IV_Sctaeniopterus_TP_2021-06-12_111439,6/26/2025 15:08,,/Volumes/Pillar/Manning_Bonaire2021_FishFollows/IV/Sctaeniopterus/IV_Sctaeniopterus_TP_2021-06-12_111439_001.MP4,1308.53,23.98,No focal subject,Bite,Foraging,None|None|None,POINT,534.16,534.16,NA,,
IV_Sctaeniopterus_TP_2021-06-12_111439,6/26/2025 15:08,,/Volumes/Pillar/Manning_Bonaire2021_FishFollows/IV/Sctaeniopterus/IV_Sctaeniopterus_TP_2021-06-12_111439_001.MP4,1308.53,23.98,No focal subject,Bite,Foraging,None|None|None,POINT,534.917,534.917,NA,,
IV_Sctaeniopterus_TP_2021-06-12_111439,6/26/2025 15:08,,/Volumes/Pillar/Manning_Bonaire2021_FishFollows/IV/Sctaeniopterus/IV_Sctaeniopterus_TP_2021-06-12_111439_001.MP4,1308.53,23.98,No focal subject,Bite,Foraging,None|None|None,POINT,535.958,535.958,NA,,
IV_Sctaeniopterus_TP_2021-06-12_111439,6/26/2025 15:08,,/Volumes/Pillar/Manning_Bonaire2021_FishFollows/IV/Sctaeniopterus/IV_Sctaeniopterus_TP_2021-06-12_111439_001.MP4,1308.53,23.98,No focal subject,Bite,Foraging,None|None|None,POINT,536.917,536.917,NA,,
IV_Sctaeniopterus_TP_2021-06-12_111439,6/26/2025 15:08,,/Volumes/Pillar/Manning_Bonaire2021_FishFollows/IV/Sctaeniopterus/IV_Sctaeniopterus_TP_2021-06-12_111439_001.MP4,1308.53,23.98,No focal subject,Bite,Foraging,None|None|None,POINT,538.677,538.677,NA,,
IV_Sctaeniopterus_TP_2021-06-12_111439,6/26/2025 15:08,,/Volumes/Pillar/Manning_Bonaire2021_FishFollows/IV/Sctaeniopterus/IV_Sctaeniopterus_TP_2021-06-12_111439_001.MP4,1308.53,23.98,No focal subject,Bite,Foraging,None|None|None,POINT,542.661,542.661,NA,,
IV_Sctaeniopterus_TP_2021-06-12_111439,6/26/2025 15:08,,/Volumes/Pillar/Manning_Bonaire2021_FishFollows/IV/Sctaeniopterus/IV_Sctaeniopterus_TP_2021-06-12_111439_001.MP4,1308.53,23.98,No focal subject,Bite,Foraging,None|None|None,POINT,563.161,563.161,NA,,
IV_Sctaeniopterus_TP_2021-06-12_111439,6/26/2025 15:08,,/Volumes/Pillar/Manning_Bonaire2021_FishFollows/IV/Sctaeniopterus/IV_Sctaeniopterus_TP_2021-06-12_111439_001.MP4,1308.53,23.98,No focal subject,Bite,Foraging,None|None|None,POINT,563.439,563.439,NA,,
IV_Sctaeniopterus_TP_2021-06-12_111439,6/26/2025 15:08,,/Volumes/Pillar/Manning_Bonaire2021_FishFollows/IV/Sctaeniopterus/IV_Sctaeniopterus_TP_2021-06-12_111439_001.MP4,1308.53,23.98,No focal subject,Bite,Foraging,None|None|None,POINT,563.937,563.937,NA,,
IV_Sctaeniopterus_TP_2021-06-12_111439,6/26/2025 15:08,,/Volumes/Pillar/Manning_Bonaire2021_FishFollows/IV/Sctaeniopterus/IV_Sctaeniopterus_TP_2021-06-12_111439_001.MP4,1308.53,23.98,No focal subject,Bite,Foraging,None|None|None,POINT,564.917,564.917,NA,,
IV_Sctaeniopterus_TP_2021-06-12_111439,6/26/2025 15:08,,/Volumes/Pillar/Manning_Bonaire2021_FishFollows/IV/Sctaeniopterus/IV_Sctaeniopterus_TP_2021-06-12_111439_001.MP4,1308.53,23.98,No focal subject,Bite,Foraging,None|None|None,POINT,565.2,565.2,NA,,
IV_Sctaeniopterus_TP_2021-06-12_111439,6/26/2025 15:08,,/Volumes/Pillar/Manning_Bonaire2021_FishFollows/IV/Sctaeniopterus/IV_Sctaeniopterus_TP_2021-06-12_111439_001.MP4,1308.53,23.98,No focal subject,Bite,Foraging,None|None|None,POINT,566.419,566.419,NA,,
IV_Sctaeniopterus_TP_2021-06-12_111439,6/26/2025 15:08,,/Volumes/Pillar/Manning_Bonaire2021_FishFollows/IV/Sctaeniopterus/IV_Sctaeniopterus_TP_2021-06-12_111439_001.MP4,1308.53,23.98,No focal subject,Bite,Foraging,None|None|None,POINT,566.694,566.694,NA,,
IV_Sctaeniopterus_TP_2021-06-12_111439,6/26/2025 15:08,,/Volumes/Pillar/Manning_Bonaire2021_FishFollows/IV/Sctaeniopterus/IV_Sctaeniopterus_TP_2021-06-12_111439_001.MP4,1308.53,23.98,No focal subject,Bite,Foraging,None|None|None,POINT,567.436,567.436,NA,,
IV_Sctaeniopterus_TP_2021-06-12_111439,6/26/2025 15:08,,/Volumes/Pillar/Manning_Bonaire2021_FishFollows/IV/Sctaeniopterus/IV_Sctaeniopterus_TP_2021-06-12_111439_001.MP4,1308.53,23.98,No focal subject,Bite,Foraging,None|None|None,POINT,568.158,568.158,NA,,
IV_Sctaeniopterus_TP_2021-06-12_111439,6/26/2025 15:08,,/Volumes/Pillar/Manning_Bonaire2021_FishFollows/IV/Sctaeniopterus/IV_Sctaeniopterus_TP_2021-06-12_111439_001.MP4,1308.53,23.98,No focal subject,Bite,Foraging,None|None|None,POINT,573.444,573.444,NA,,
IV_Sctaeniopterus_TP_2021-06-12_111439,6/26/2025 15:08,,/Volumes/Pillar/Manning_Bonaire2021_FishFollows/IV/Sctaeniopterus/IV_Sctaeniopterus_TP_2021-06-12_111439_001.MP4,1308.53,23.98,No focal subject,Bite,Foraging,None|None|None,POINT,574.175,574.175,NA,,
IV_Sctaeniopterus_TP_2021-06-12_111439,6/26/2025 15:08,,/Volumes/Pillar/Manning_Bonaire2021_FishFollows/IV/Sctaeniopterus/IV_Sctaeniopterus_TP_2021-06-12_111439_001.MP4,1308.53,23.98,No focal subject,Bite,Foraging,None|None|None,POINT,574.935,574.935,NA,,
IV_Sctaeniopterus_TP_2021-06-12_111439,6/26/2025 15:08,,/Volumes/Pillar/Manning_Bonaire2021_FishFollows/IV/Sctaeniopterus/IV_Sctaeniopterus_TP_2021-06-12_111439_001.MP4,1308.53,23.98,No focal subject,Bite,Foraging,None|None|None,POINT,576.454,576.454,NA,,
IV_Sctaeniopterus_TP_2021-06-12_111439,6/26/2025 15:08,,/Volumes/Pillar/Manning_Bonaire2021_FishFollows/IV/Sctaeniopterus/IV_Sctaeniopterus_TP_2021-06-12_111439_001.MP4,1308.53,23.98,No focal subject,Bite,Foraging,None|None|None,POINT,577.443,577.443,NA,,
IV_Sctaeniopterus_TP_2021-06-12_111439,6/26/2025 15:08,,/Volumes/Pillar/Manning_Bonaire2021_FishFollows/IV/Sctaeniopterus/IV_Sctaeniopterus_TP_2021-06-12_111439_001.MP4,1308.53,23.98,No focal subject,Bite,Foraging,None|None|None,POINT,578.416,578.416,NA,,
IV_Sctaeniopterus_TP_2021-06-12_111439,6/26/2025 15:08,,/Volumes/Pillar/Manning_Bonaire2021_FishFollows/IV/Sctaeniopterus/IV_Sctaeniopterus_TP_2021-06-12_111439_001.MP4,1308.53,23.98,No focal subject,Bite,Foraging,None|None|None,POINT,608.163,608.163,NA,,
IV_Sctaeniopterus_TP_2021-06-12_111439,6/26/2025 15:08,,/Volumes/Pillar/Manning_Bonaire2021_FishFollows/IV/Sctaeniopterus/IV_Sctaeniopterus_TP_2021-06-12_111439_001.MP4,1308.53,23.98,No focal subject,Bite,Foraging,None|None|None,POINT,609.161,609.161,NA,,
IV_Sctaeniopterus_TP_2021-06-12_111439,6/26/2025 15:08,,/Volumes/Pillar/Manning_Bonaire2021_FishFollows/IV/Sctaeniopterus/IV_Sctaeniopterus_TP_2021-06-12_111439_001.MP4,1308.53,23.98,No focal subject,Bite,Foraging,None|None|None,POINT,610.17,610.17,NA,,
IV_Sctaeniopterus_TP_2021-06-12_111439,6/26/2025 15:08,,/Volumes/Pillar/Manning_Bonaire2021_FishFollows/IV/Sctaeniopterus/IV_Sctaeniopterus_TP_2021-06-12_111439_001.MP4,1308.53,23.98,No focal subject,Bite,Foraging,None|None|None,POINT,613.172,613.172,NA,,
IV_Sctaeniopterus_TP_2021-06-12_111439,6/26/2025 15:08,,/Volumes/Pillar/Manning_Bonaire2021_FishFollows/IV/Sctaeniopterus/IV_Sctaeniopterus_TP_2021-06-12_111439_001.MP4,1308.53,23.98,No focal subject,Bite,Foraging,None|None|None,POINT,614.913,614.913,NA,,
IV_Sctaeniopterus_TP_2021-06-12_111439,6/26/2025 15:08,,/Volumes/Pillar/Manning_Bonaire2021_FishFollows/IV/Sctaeniopterus/IV_Sctaeniopterus_TP_2021-06-12_111439_001.MP4,1308.53,23.98,No focal subject,Bite,Foraging,None|None|None,POINT,615.436,615.436,NA,,
IV_Sctaeniopterus_TP_2021-06-12_111439,6/26/2025 15:08,,/Volumes/Pillar/Manning_Bonaire2021_FishFollows/IV/Sctaeniopterus/IV_Sctaeniopterus_TP_2021-06-12_111439_001.MP4,1308.53,23.98,No focal subject,Bite,Foraging,None|None|None,POINT,617.411,617.411,NA,,
IV_Sctaeniopterus_TP_2021-06-12_111439,6/26/2025 15:08,,/Volumes/Pillar/Manning_Bonaire2021_FishFollows/IV/Sctaeniopterus/IV_Sctaeniopterus_TP_2021-06-12_111439_001.MP4,1308.53,23.98,No focal subject,Bite,Foraging,None|None|None,POINT,619.661,619.661,NA,,
IV_Sctaeniopterus_TP_2021-06-12_111439,6/26/2025 15:08,,/Volumes/Pillar/Manning_Bonaire2021_FishFollows/IV/Sctaeniopterus/IV_Sctaeniopterus_TP_2021-06-12_111439_001.MP4,1308.53,23.98,No focal subject,Bite,Foraging,None|None|None,POINT,620.685,620.685,NA,,
IV_Sctaeniopterus_TP_2021-06-12_111439,6/26/2025 15:08,,/Volumes/Pillar/Manning_Bonaire2021_FishFollows/IV/Sctaeniopterus/IV_Sctaeniopterus_TP_2021-06-12_111439_001.MP4,1308.53,23.98,No focal subject,Bite,Foraging,None|None|None,POINT,622.952,622.952,NA,,
IV_Sctaeniopterus_TP_2021-06-12_111439,6/26/2025 15:08,,/Volumes/Pillar/Manning_Bonaire2021_FishFollows/IV/Sctaeniopterus/IV_Sctaeniopterus_TP_2021-06-12_111439_001.MP4,1308.53,23.98,No focal subject,Bite,Foraging,None|None|None,POINT,623.924,623.924,NA,,
IV_Sctaeniopterus_TP_2021-06-12_111439,6/26/2025 15:08,,/Volumes/Pillar/Manning_Bonaire2021_FishFollows/IV/Sctaeniopterus/IV_Sctaeniopterus_TP_2021-06-12_111439_001.MP4,1308.53,23.98,No focal subject,Bite,Foraging,None|None|None,POINT,624.688,624.688,NA,,
IV_Sctaeniopterus_TP_2021-06-12_111439,6/26/2025 15:08,,/Volumes/Pillar/Manning_Bonaire2021_FishFollows/IV/Sctaeniopterus/IV_Sctaeniopterus_TP_2021-06-12_111439_001.MP4,1308.53,23.98,No focal subject,Bite,Foraging,None|None|None,POINT,625.662,625.662,NA,,
IV_Sctaeniopterus_TP_2021-06-12_111439,6/26/2025 15:08,,/Volumes/Pillar/Manning_Bonaire2021_FishFollows/IV/Sctaeniopterus/IV_Sctaeniopterus_TP_2021-06-12_111439_001.MP4,1308.53,23.98,No focal subject,Bite,Foraging,None|None|None,POINT,626.416,626.416,NA,,
IV_Sctaeniopterus_TP_2021-06-12_111439,6/26/2025 15:08,,/Volumes/Pillar/Manning_Bonaire2021_FishFollows/IV/Sctaeniopterus/IV_Sctaeniopterus_TP_2021-06-12_111439_001.MP4,1308.53,23.98,No focal subject,Bite,Foraging,None|None|None,POINT,629.169,629.169,NA,,
IV_Sctaeniopterus_TP_2021-06-12_111439,6/26/2025 15:08,,/Volumes/Pillar/Manning_Bonaire2021_FishFollows/IV/Sctaeniopterus/IV_Sctaeniopterus_TP_2021-06-12_111439_001.MP4,1308.53,23.98,No focal subject,Bite,Foraging,None|None|None,POINT,629.93,629.93,NA,,
IV_Sctaeniopterus_TP_2021-06-12_111439,6/26/2025 15:08,,/Volumes/Pillar/Manning_Bonaire2021_FishFollows/IV/Sctaeniopterus/IV_Sctaeniopterus_TP_2021-06-12_111439_001.MP4,1308.53,23.98,No focal subject,Bite,Foraging,None|None|None,POINT,630.914,630.914,NA,,
IV_Sctaeniopterus_TP_2021-06-12_111439,6/26/2025 15:08,,/Volumes/Pillar/Manning_Bonaire2021_FishFollows/IV/Sctaeniopterus/IV_Sctaeniopterus_TP_2021-06-12_111439_001.MP4,1308.53,23.98,No focal subject,Bite,Foraging,None|None|None,POINT,631.916,631.916,NA,,
IV_Sctaeniopterus_TP_2021-06-12_111439,6/26/2025 15:08,,/Volumes/Pillar/Manning_Bonaire2021_FishFollows/IV/Sctaeniopterus/IV_Sctaeniopterus_TP_2021-06-12_111439_001.MP4,1308.53,23.98,No focal subject,Bite,Foraging,None|None|None,POINT,632.415,632.415,NA,,
IV_Sctaeniopterus_TP_2021-06-12_111439,6/26/2025 15:08,,/Volumes/Pillar/Manning_Bonaire2021_FishFollows/IV/Sctaeniopterus/IV_Sctaeniopterus_TP_2021-06-12_111439_001.MP4,1308.53,23.98,No focal subject,Bite,Foraging,None|None|None,POINT,632.937,632.937,NA,,
IV_Sctaeniopterus_TP_2021-06-12_111439,6/26/2025 15:08,,/Volumes/Pillar/Manning_Bonaire2021_FishFollows/IV/Sctaeniopterus/IV_Sctaeniopterus_TP_2021-06-12_111439_001.MP4,1308.53,23.98,No focal subject,Bite,Foraging,None|None|None,POINT,633.912,633.912,NA,,
IV_Sctaeniopterus_TP_2021-06-12_111439,6/26/2025 15:08,,/Volumes/Pillar/Manning_Bonaire2021_FishFollows/IV/Sctaeniopterus/IV_Sctaeniopterus_TP_2021-06-12_111439_001.MP4,1308.53,23.98,No focal subject,Bite,Foraging,None|None|None,POINT,635.166,635.166,NA,,
IV_Sctaeniopterus_TP_2021-06-12_111439,6/26/2025 15:08,,/Volumes/Pillar/Manning_Bonaire2021_FishFollows/IV/Sctaeniopterus/IV_Sctaeniopterus_TP_2021-06-12_111439_001.MP4,1308.53,23.98,No focal subject,Bite,Foraging,None|None|None,POINT,636.462,636.462,NA,,
IV_Sctaeniopterus_TP_2021-06-12_111439,6/26/2025 15:08,,/Volumes/Pillar/Manning_Bonaire2021_FishFollows/IV/Sctaeniopterus/IV_Sctaeniopterus_TP_2021-06-12_111439_001.MP4,1308.53,23.98,No focal subject,Bite,Foraging,None|None|None,POINT,637.174,637.174,NA,,
IV_Sctaeniopterus_TP_2021-06-12_111439,6/26/2025 15:08,,/Volumes/Pillar/Manning_Bonaire2021_FishFollows/IV/Sctaeniopterus/IV_Sctaeniopterus_TP_2021-06-12_111439_001.MP4,1308.53,23.98,No focal subject,Bite,Foraging,None|None|None,POINT,638.416,638.416,NA,,
IV_Sctaeniopterus_TP_2021-06-12_111439,6/26/2025 15:08,,/Volumes/Pillar/Manning_Bonaire2021_FishFollows/IV/Sctaeniopterus/IV_Sctaeniopterus_TP_2021-06-12_111439_001.MP4,1308.53,23.98,No focal subject,Bite,Foraging,None|None|None,POINT,639.437,639.437,NA,,
IV_Sctaeniopterus_TP_2021-06-12_111439,6/26/2025 15:08,,/Volumes/Pillar/Manning_Bonaire2021_FishFollows/IV/Sctaeniopterus/IV_Sctaeniopterus_TP_2021-06-12_111439_001.MP4,1308.53,23.98,No focal subject,Bite,Foraging,None|None|None,POINT,640.415,640.415,NA,,
IV_Sctaeniopterus_TP_2021-06-12_111439,6/26/2025 15:08,,/Volumes/Pillar/Manning_Bonaire2021_FishFollows/IV/Sctaeniopterus/IV_Sctaeniopterus_TP_2021-06-12_111439_001.MP4,1308.53,23.98,No focal subject,Bite,Foraging,None|None|None,POINT,641.16,641.16,NA,,
IV_Sctaeniopterus_TP_2021-06-12_111439,6/26/2025 15:08,,/Volumes/Pillar/Manning_Bonaire2021_FishFollows/IV/Sctaeniopterus/IV_Sctaeniopterus_TP_2021-06-12_111439_001.MP4,1308.53,23.98,No focal subject,Bite,Foraging,None|None|None,POINT,641.915,641.915,NA,,
IV_Sctaeniopterus_TP_2021-06-12_111439,6/26/2025 15:08,,/Volumes/Pillar/Manning_Bonaire2021_FishFollows/IV/Sctaeniopterus/IV_Sctaeniopterus_TP_2021-06-12_111439_001.MP4,1308.53,23.98,No focal subject,Bite,Foraging,None|None|None,POINT,643.168,643.168,NA,,
IV_Sctaeniopterus_TP_2021-06-12_111439,6/26/2025 15:08,,/Volumes/Pillar/Manning_Bonaire2021_FishFollows/IV/Sctaeniopterus/IV_Sctaeniopterus_TP_2021-06-12_111439_001.MP4,1308.53,23.98,No focal subject,Bite,Foraging,None|None|None,POINT,644.16,644.16,NA,,
IV_Sctaeniopterus_TP_2021-06-12_111439,6/26/2025 15:08,,/Volumes/Pillar/Manning_Bonaire2021_FishFollows/IV/Sctaeniopterus/IV_Sctaeniopterus_TP_2021-06-12_111439_001.MP4,1308.53,23.98,No focal subject,Bite,Foraging,None|None|None,POINT,645.159,645.159,NA,,
IV_Sctaeniopterus_TP_2021-06-12_111439,6/26/2025 15:08,,/Volumes/Pillar/Manning_Bonaire2021_FishFollows/IV/Sctaeniopterus/IV_Sctaeniopterus_TP_2021-06-12_111439_001.MP4,1308.53,23.98,No focal subject,Bite,Foraging,None|None|None,POINT,646.415,646.415,NA,,
IV_Sctaeniopterus_TP_2021-06-12_111439,6/26/2025 15:08,,/Volumes/Pillar/Manning_Bonaire2021_FishFollows/IV/Sctaeniopterus/IV_Sctaeniopterus_TP_2021-06-12_111439_001.MP4,1308.53,23.98,No focal subject,Bite,Foraging,None|None|None,POINT,646.937,646.937,NA,,
IV_Sctaeniopterus_TP_2021-06-12_111439,6/26/2025 15:08,,/Volumes/Pillar/Manning_Bonaire2021_FishFollows/IV/Sctaeniopterus/IV_Sctaeniopterus_TP_2021-06-12_111439_001.MP4,1308.53,23.98,No focal subject,Bite,Foraging,None|None|None,POINT,648.425,648.425,NA,,
IV_Sctaeniopterus_TP_2021-06-12_111439,6/26/2025 15:08,,/Volumes/Pillar/Manning_Bonaire2021_FishFollows/IV/Sctaeniopterus/IV_Sctaeniopterus_TP_2021-06-12_111439_001.MP4,1308.53,23.98,No focal subject,Bite,Foraging,None|None|None,POINT,649.183,649.183,NA,,
IV_Sctaeniopterus_TP_2021-06-12_111439,6/26/2025 15:08,,/Volumes/Pillar/Manning_Bonaire2021_FishFollows/IV/Sctaeniopterus/IV_Sctaeniopterus_TP_2021-06-12_111439_001.MP4,1308.53,23.98,No focal subject,Bite,Foraging,None|None|None,POINT,667.916,667.916,NA,,
IV_Sctaeniopterus_TP_2021-06-12_111439,6/26/2025 15:08,,/Volumes/Pillar/Manning_Bonaire2021_FishFollows/IV/Sctaeniopterus/IV_Sctaeniopterus_TP_2021-06-12_111439_001.MP4,1308.53,23.98,No focal subject,Bite,Foraging,None|None|None,POINT,668.661,668.661,NA,,
IV_Sctaeniopterus_TP_2021-06-12_111439,6/26/2025 15:08,,/Volumes/Pillar/Manning_Bonaire2021_FishFollows/IV/Sctaeniopterus/IV_Sctaeniopterus_TP_2021-06-12_111439_001.MP4,1308.53,23.98,No focal subject,Bite,Foraging,None|None|None,POINT,669.673,669.673,NA,,
IV_Sctaeniopterus_TP_2021-06-12_111439,6/26/2025 15:08,,/Volumes/Pillar/Manning_Bonaire2021_FishFollows/IV/Sctaeniopterus/IV_Sctaeniopterus_TP_2021-06-12_111439_001.MP4,1308.53,23.98,No focal subject,Bite,Foraging,None|None|None,POINT,670.429,670.429,NA,,
IV_Sctaeniopterus_TP_2021-06-12_111439,6/26/2025 15:08,,/Volumes/Pillar/Manning_Bonaire2021_FishFollows/IV/Sctaeniopterus/IV_Sctaeniopterus_TP_2021-06-12_111439_001.MP4,1308.53,23.98,No focal subject,Bite,Foraging,None|None|None,POINT,671.182,671.182,NA,,
IV_Sctaeniopterus_TP_2021-06-12_111439,6/26/2025 15:08,,/Volumes/Pillar/Manning_Bonaire2021_FishFollows/IV/Sctaeniopterus/IV_Sctaeniopterus_TP_2021-06-12_111439_001.MP4,1308.53,23.98,No focal subject,Bite,Foraging,None|None|None,POINT,672.915,672.915,NA,,
IV_Sctaeniopterus_TP_2021-06-12_111439,6/26/2025 15:08,,/Volumes/Pillar/Manning_Bonaire2021_FishFollows/IV/Sctaeniopterus/IV_Sctaeniopterus_TP_2021-06-12_111439_001.MP4,1308.53,23.98,No focal subject,Lost Time,Time Keeping,,STATE,692.662,694.426,1.764,,
IV_Sctaeniopterus_TP_2021-06-12_111439,6/26/2025 15:08,,/Volumes/Pillar/Manning_Bonaire2021_FishFollows/IV/Sctaeniopterus/IV_Sctaeniopterus_TP_2021-06-12_111439_001.MP4,1308.53,23.98,No focal subject,Bite,Foraging,None|None|None,POINT,701.162,701.162,NA,,
IV_Sctaeniopterus_TP_2021-06-12_111439,6/26/2025 15:08,,/Volumes/Pillar/Manning_Bonaire2021_FishFollows/IV/Sctaeniopterus/IV_Sctaeniopterus_TP_2021-06-12_111439_001.MP4,1308.53,23.98,No focal subject,Bite,Foraging,None|None|None,POINT,701.599,701.599,NA,,
IV_Sctaeniopterus_TP_2021-06-12_111439,6/26/2025 15:08,,/Volumes/Pillar/Manning_Bonaire2021_FishFollows/IV/Sctaeniopterus/IV_Sctaeniopterus_TP_2021-06-12_111439_001.MP4,1308.53,23.98,No focal subject,Bite,Foraging,None|None|None,POINT,703.162,703.162,NA,,
IV_Sctaeniopterus_TP_2021-06-12_111439,6/26/2025 15:08,,/Volumes/Pillar/Manning_Bonaire2021_FishFollows/IV/Sctaeniopterus/IV_Sctaeniopterus_TP_2021-06-12_111439_001.MP4,1308.53,23.98,No focal subject,Bite,Foraging,None|None|None,POINT,704.662,704.662,NA,,
IV_Sctaeniopterus_TP_2021-06-12_111439,6/26/2025 15:08,,/Volumes/Pillar/Manning_Bonaire2021_FishFollows/IV/Sctaeniopterus/IV_Sctaeniopterus_TP_2021-06-12_111439_001.MP4,1308.53,23.98,No focal subject,Bite,Foraging,None|None|None,POINT,705.419,705.419,NA,,
IV_Sctaeniopterus_TP_2021-06-12_111439,6/26/2025 15:08,,/Volumes/Pillar/Manning_Bonaire2021_FishFollows/IV/Sctaeniopterus/IV_Sctaeniopterus_TP_2021-06-12_111439_001.MP4,1308.53,23.98,No focal subject,Bite,Foraging,None|None|None,POINT,706.465,706.465,NA,,
IV_Sctaeniopterus_TP_2021-06-12_111439,6/26/2025 15:08,,/Volumes/Pillar/Manning_Bonaire2021_FishFollows/IV/Sctaeniopterus/IV_Sctaeniopterus_TP_2021-06-12_111439_001.MP4,1308.53,23.98,No focal subject,Bite,Foraging,None|None|None,POINT,707.112,707.112,NA,,
IV_Sctaeniopterus_TP_2021-06-12_111439,6/26/2025 15:08,,/Volumes/Pillar/Manning_Bonaire2021_FishFollows/IV/Sctaeniopterus/IV_Sctaeniopterus_TP_2021-06-12_111439_001.MP4,1308.53,23.98,No focal subject,Bite,Foraging,BCM|None|None,POINT,707.925,707.925,NA,,
IV_Sctaeniopterus_TP_2021-06-12_111439,6/26/2025 15:08,,/Volumes/Pillar/Manning_Bonaire2021_FishFollows/IV/Sctaeniopterus/IV_Sctaeniopterus_TP_2021-06-12_111439_001.MP4,1308.53,23.98,No focal subject,Bite,Foraging,None|None|None,POINT,708.938,708.938,NA,,
IV_Sctaeniopterus_TP_2021-06-12_111439,6/26/2025 15:08,,/Volumes/Pillar/Manning_Bonaire2021_FishFollows/IV/Sctaeniopterus/IV_Sctaeniopterus_TP_2021-06-12_111439_002.MP4,1308.53,23.98,No focal subject,Bite,Foraging,None|None|None,POINT,709.72,709.72,NA,,
IV_Sctaeniopterus_TP_2021-06-12_111439,6/26/2025 15:08,,/Volumes/Pillar/Manning_Bonaire2021_FishFollows/IV/Sctaeniopterus/IV_Sctaeniopterus_TP_2021-06-12_111439_002.MP4,1308.53,23.98,No focal subject,Bite,Foraging,None|None|None,POINT,717.875,717.875,NA,,
IV_Sctaeniopterus_TP_2021-06-12_111439,6/26/2025 15:08,,/Volumes/Pillar/Manning_Bonaire2021_FishFollows/IV/Sctaeniopterus/IV_Sctaeniopterus_TP_2021-06-12_111439_002.MP4,1308.53,23.98,No focal subject,Bite,Foraging,None|None|None,POINT,718.162,718.162,NA,,
IV_Sctaeniopterus_TP_2021-06-12_111439,6/26/2025 15:08,,/Volumes/Pillar/Manning_Bonaire2021_FishFollows/IV/Sctaeniopterus/IV_Sctaeniopterus_TP_2021-06-12_111439_002.MP4,1308.53,23.98,No focal subject,Bite,Foraging,None|None|None,POINT,718.917,718.917,NA,,
IV_Sctaeniopterus_TP_2021-06-12_111439,6/26/2025 15:08,,/Volumes/Pillar/Manning_Bonaire2021_FishFollows/IV/Sctaeniopterus/IV_Sctaeniopterus_TP_2021-06-12_111439_002.MP4,1308.53,23.98,No focal subject,Bite,Foraging,None|None|None,POINT,720.123,720.123,NA,,
IV_Sctaeniopterus_TP_2021-06-12_111439,6/26/2025 15:08,,/Volumes/Pillar/Manning_Bonaire2021_FishFollows/IV/Sctaeniopterus/IV_Sctaeniopterus_TP_2021-06-12_111439_002.MP4,1308.53,23.98,No focal subject,Bite,Foraging,None|None|None,POINT,720.875,720.875,NA,,
IV_Sctaeniopterus_TP_2021-06-12_111439,6/26/2025 15:08,,/Volumes/Pillar/Manning_Bonaire2021_FishFollows/IV/Sctaeniopterus/IV_Sctaeniopterus_TP_2021-06-12_111439_002.MP4,1308.53,23.98,No focal subject,Bite,Foraging,None|None|None,POINT,721.164,721.164,NA,,
IV_Sctaeniopterus_TP_2021-06-12_111439,6/26/2025 15:08,,/Volumes/Pillar/Manning_Bonaire2021_FishFollows/IV/Sctaeniopterus/IV_Sctaeniopterus_TP_2021-06-12_111439_002.MP4,1308.53,23.98,No focal subject,Bite,Foraging,None|None|None,POINT,722.375,722.375,NA,,
IV_Sctaeniopterus_TP_2021-06-12_111439,6/26/2025 15:08,,/Volumes/Pillar/Manning_Bonaire2021_FishFollows/IV/Sctaeniopterus/IV_Sctaeniopterus_TP_2021-06-12_111439_002.MP4,1308.53,23.98,No focal subject,Bite,Foraging,None|None|None,POINT,723.121,723.121,NA,,
IV_Sctaeniopterus_TP_2021-06-12_111439,6/26/2025 15:08,,/Volumes/Pillar/Manning_Bonaire2021_FishFollows/IV/Sctaeniopterus/IV_Sctaeniopterus_TP_2021-06-12_111439_002.MP4,1308.53,23.98,No focal subject,Bite,Foraging,None|None|None,POINT,723.403,723.403,NA,,
IV_Sctaeniopterus_TP_2021-06-12_111439,6/26/2025 15:08,,/Volumes/Pillar/Manning_Bonaire2021_FishFollows/IV/Sctaeniopterus/IV_Sctaeniopterus_TP_2021-06-12_111439_002.MP4,1308.53,23.98,No focal subject,Bite,Foraging,None|None|None,POINT,724.153,724.153,NA,,
IV_Sctaeniopterus_TP_2021-06-12_111439,6/26/2025 15:08,,/Volumes/Pillar/Manning_Bonaire2021_FishFollows/IV/Sctaeniopterus/IV_Sctaeniopterus_TP_2021-06-12_111439_002.MP4,1308.53,23.98,No focal subject,Bite,Foraging,None|None|None,POINT,725.375,725.375,NA,,
IV_Sctaeniopterus_TP_2021-06-12_111439,6/26/2025 15:08,,/Volumes/Pillar/Manning_Bonaire2021_FishFollows/IV/Sctaeniopterus/IV_Sctaeniopterus_TP_2021-06-12_111439_002.MP4,1308.53,23.98,No focal subject,Bite,Foraging,None|None|None,POINT,726.404,726.404,NA,,
IV_Sctaeniopterus_TP_2021-06-12_111439,6/26/2025 15:08,,/Volumes/Pillar/Manning_Bonaire2021_FishFollows/IV/Sctaeniopterus/IV_Sctaeniopterus_TP_2021-06-12_111439_002.MP4,1308.53,23.98,No focal subject,Bite,Foraging,None|None|None,POINT,727.153,727.153,NA,,
IV_Sctaeniopterus_TP_2021-06-12_111439,6/26/2025 15:08,,/Volumes/Pillar/Manning_Bonaire2021_FishFollows/IV/Sctaeniopterus/IV_Sctaeniopterus_TP_2021-06-12_111439_002.MP4,1308.53,23.98,No focal subject,Bite,Foraging,None|None|None,POINT,727.899,727.899,NA,,
IV_Sctaeniopterus_TP_2021-06-12_111439,6/26/2025 15:08,,/Volumes/Pillar/Manning_Bonaire2021_FishFollows/IV/Sctaeniopterus/IV_Sctaeniopterus_TP_2021-06-12_111439_002.MP4,1308.53,23.98,No focal subject,Bite,Foraging,None|None|None,POINT,728.646,728.646,NA,,
IV_Sctaeniopterus_TP_2021-06-12_111439,6/26/2025 15:08,,/Volumes/Pillar/Manning_Bonaire2021_FishFollows/IV/Sctaeniopterus/IV_Sctaeniopterus_TP_2021-06-12_111439_002.MP4,1308.53,23.98,No focal subject,Bite,Foraging,None|None|None,POINT,729.121,729.121,NA,,
IV_Sctaeniopterus_TP_2021-06-12_111439,6/26/2025 15:08,,/Volumes/Pillar/Manning_Bonaire2021_FishFollows/IV/Sctaeniopterus/IV_Sctaeniopterus_TP_2021-06-12_111439_002.MP4,1308.53,23.98,No focal subject,Bite,Foraging,None|None|None,POINT,729.875,729.875,NA,,
IV_Sctaeniopterus_TP_2021-06-12_111439,6/26/2025 15:08,,/Volumes/Pillar/Manning_Bonaire2021_FishFollows/IV/Sctaeniopterus/IV_Sctaeniopterus_TP_2021-06-12_111439_002.MP4,1308.53,23.98,No focal subject,Bite,Foraging,None|None|None,POINT,730.652,730.652,NA,,
IV_Sctaeniopterus_TP_2021-06-12_111439,6/26/2025 15:08,,/Volumes/Pillar/Manning_Bonaire2021_FishFollows/IV/Sctaeniopterus/IV_Sctaeniopterus_TP_2021-06-12_111439_002.MP4,1308.53,23.98,No focal subject,Bite,Foraging,None|None|None,POINT,740.625,740.625,NA,,
IV_Sctaeniopterus_TP_2021-06-12_111439,6/26/2025 15:08,,/Volumes/Pillar/Manning_Bonaire2021_FishFollows/IV/Sctaeniopterus/IV_Sctaeniopterus_TP_2021-06-12_111439_002.MP4,1308.53,23.98,No focal subject,Bite,Foraging,None|None|None,POINT,741.155,741.155,NA,,
IV_Sctaeniopterus_TP_2021-06-12_111439,6/26/2025 15:08,,/Volumes/Pillar/Manning_Bonaire2021_FishFollows/IV/Sctaeniopterus/IV_Sctaeniopterus_TP_2021-06-12_111439_002.MP4,1308.53,23.98,No focal subject,Bite,Foraging,None|None|None,POINT,743.411,743.411,NA,,
IV_Sctaeniopterus_TP_2021-06-12_111439,6/26/2025 15:08,,/Volumes/Pillar/Manning_Bonaire2021_FishFollows/IV/Sctaeniopterus/IV_Sctaeniopterus_TP_2021-06-12_111439_002.MP4,1308.53,23.98,No focal subject,Bite,Foraging,None|None|None,POINT,744.164,744.164,NA,,
IV_Sctaeniopterus_TP_2021-06-12_111439,6/26/2025 15:08,,/Volumes/Pillar/Manning_Bonaire2021_FishFollows/IV/Sctaeniopterus/IV_Sctaeniopterus_TP_2021-06-12_111439_002.MP4,1308.53,23.98,No focal subject,Bite,Foraging,None|None|None,POINT,744.904,744.904,NA,,
IV_Sctaeniopterus_TP_2021-06-12_111439,6/26/2025 15:08,,/Volumes/Pillar/Manning_Bonaire2021_FishFollows/IV/Sctaeniopterus/IV_Sctaeniopterus_TP_2021-06-12_111439_002.MP4,1308.53,23.98,No focal subject,Bite,Foraging,None|None|None,POINT,745.65,745.65,NA,,
IV_Sctaeniopterus_TP_2021-06-12_111439,6/26/2025 15:08,,/Volumes/Pillar/Manning_Bonaire2021_FishFollows/IV/Sctaeniopterus/IV_Sctaeniopterus_TP_2021-06-12_111439_002.MP4,1308.53,23.98,No focal subject,Bite,Foraging,None|None|None,POINT,753.191,753.191,NA,,
IV_Sctaeniopterus_TP_2021-06-12_111439,6/26/2025 15:08,,/Volumes/Pillar/Manning_Bonaire2021_FishFollows/IV/Sctaeniopterus/IV_Sctaeniopterus_TP_2021-06-12_111439_002.MP4,1308.53,23.98,No focal subject,Bite,Foraging,None|None|None,POINT,753.907,753.907,NA,,
IV_Sctaeniopterus_TP_2021-06-12_111439,6/26/2025 15:08,,/Volumes/Pillar/Manning_Bonaire2021_FishFollows/IV/Sctaeniopterus/IV_Sctaeniopterus_TP_2021-06-12_111439_002.MP4,1308.53,23.98,No focal subject,Bite,Foraging,None|None|None,POINT,754.375,754.375,NA,,
IV_Sctaeniopterus_TP_2021-06-12_111439,6/26/2025 15:08,,/Volumes/Pillar/Manning_Bonaire2021_FishFollows/IV/Sctaeniopterus/IV_Sctaeniopterus_TP_2021-06-12_111439_002.MP4,1308.53,23.98,No focal subject,Bite,Foraging,None|None|None,POINT,755.125,755.125,NA,,
IV_Sctaeniopterus_TP_2021-06-12_111439,6/26/2025 15:08,,/Volumes/Pillar/Manning_Bonaire2021_FishFollows/IV/Sctaeniopterus/IV_Sctaeniopterus_TP_2021-06-12_111439_002.MP4,1308.53,23.98,No focal subject,Bite,Foraging,None|None|None,POINT,755.448,755.448,NA,,
IV_Sctaeniopterus_TP_2021-06-12_111439,6/26/2025 15:08,,/Volumes/Pillar/Manning_Bonaire2021_FishFollows/IV/Sctaeniopterus/IV_Sctaeniopterus_TP_2021-06-12_111439_002.MP4,1308.53,23.98,No focal subject,Bite,Foraging,None|None|None,POINT,755.874,755.874,NA,,
IV_Sctaeniopterus_TP_2021-06-12_111439,6/26/2025 15:08,,/Volumes/Pillar/Manning_Bonaire2021_FishFollows/IV/Sctaeniopterus/IV_Sctaeniopterus_TP_2021-06-12_111439_002.MP4,1308.53,23.98,No focal subject,Bite,Foraging,None|None|None,POINT,756.488,756.488,NA,,
IV_Sctaeniopterus_TP_2021-06-12_111439,6/26/2025 15:08,,/Volumes/Pillar/Manning_Bonaire2021_FishFollows/IV/Sctaeniopterus/IV_Sctaeniopterus_TP_2021-06-12_111439_002.MP4,1308.53,23.98,No focal subject,Bite,Foraging,None|None|None,POINT,757.371,757.371,NA,,
IV_Sctaeniopterus_TP_2021-06-12_111439,6/26/2025 15:08,,/Volumes/Pillar/Manning_Bonaire2021_FishFollows/IV/Sctaeniopterus/IV_Sctaeniopterus_TP_2021-06-12_111439_002.MP4,1308.53,23.98,No focal subject,Bite,Foraging,None|None|None,POINT,757.659,757.659,NA,,
IV_Sctaeniopterus_TP_2021-06-12_111439,6/26/2025 15:08,,/Volumes/Pillar/Manning_Bonaire2021_FishFollows/IV/Sctaeniopterus/IV_Sctaeniopterus_TP_2021-06-12_111439_002.MP4,1308.53,23.98,No focal subject,Bite,Foraging,None|None|None,POINT,767.625,767.625,NA,,
IV_Sctaeniopterus_TP_2021-06-12_111439,6/26/2025 15:08,,/Volumes/Pillar/Manning_Bonaire2021_FishFollows/IV/Sctaeniopterus/IV_Sctaeniopterus_TP_2021-06-12_111439_002.MP4,1308.53,23.98,No focal subject,Bite,Foraging,None|None|None,POINT,794.16,794.16,NA,,
IV_Sctaeniopterus_TP_2021-06-12_111439,6/26/2025 15:08,,/Volumes/Pillar/Manning_Bonaire2021_FishFollows/IV/Sctaeniopterus/IV_Sctaeniopterus_TP_2021-06-12_111439_002.MP4,1308.53,23.98,No focal subject,Bite,Foraging,None|None|None,POINT,794.654,794.654,NA,,
IV_Sctaeniopterus_TP_2021-06-12_111439,6/26/2025 15:08,,/Volumes/Pillar/Manning_Bonaire2021_FishFollows/IV/Sctaeniopterus/IV_Sctaeniopterus_TP_2021-06-12_111439_002.MP4,1308.53,23.98,No focal subject,Bite,Foraging,None|None|None,POINT,795.409,795.409,NA,,
IV_Sctaeniopterus_TP_2021-06-12_111439,6/26/2025 15:08,,/Volumes/Pillar/Manning_Bonaire2021_FishFollows/IV/Sctaeniopterus/IV_Sctaeniopterus_TP_2021-06-12_111439_002.MP4,1308.53,23.98,No focal subject,Bite,Foraging,None|None|None,POINT,796.382,796.382,NA,,
IV_Sctaeniopterus_TP_2021-06-12_111439,6/26/2025 15:08,,/Volumes/Pillar/Manning_Bonaire2021_FishFollows/IV/Sctaeniopterus/IV_Sctaeniopterus_TP_2021-06-12_111439_002.MP4,1308.53,23.98,No focal subject,Bite,Foraging,None|None|None,POINT,797.379,797.379,NA,,
IV_Sctaeniopterus_TP_2021-06-12_111439,6/26/2025 15:08,,/Volumes/Pillar/Manning_Bonaire2021_FishFollows/IV/Sctaeniopterus/IV_Sctaeniopterus_TP_2021-06-12_111439_002.MP4,1308.53,23.98,No focal subject,Bite,Foraging,None|None|None,POINT,797.651,797.651,NA,,
IV_Sctaeniopterus_TP_2021-06-12_111439,6/26/2025 15:08,,/Volumes/Pillar/Manning_Bonaire2021_FishFollows/IV/Sctaeniopterus/IV_Sctaeniopterus_TP_2021-06-12_111439_002.MP4,1308.53,23.98,No focal subject,Bite,Foraging,None|None|None,POINT,798.132,798.132,NA,,
IV_Sctaeniopterus_TP_2021-06-12_111439,6/26/2025 15:08,,/Volumes/Pillar/Manning_Bonaire2021_FishFollows/IV/Sctaeniopterus/IV_Sctaeniopterus_TP_2021-06-12_111439_002.MP4,1308.53,23.98,No focal subject,Bite,Foraging,None|None|None,POINT,798.641,798.641,NA,,
IV_Sctaeniopterus_TP_2021-06-12_111439,6/26/2025 15:08,,/Volumes/Pillar/Manning_Bonaire2021_FishFollows/IV/Sctaeniopterus/IV_Sctaeniopterus_TP_2021-06-12_111439_002.MP4,1308.53,23.98,No focal subject,Bite,Foraging,None|None|None,POINT,804.888,804.888,NA,,
IV_Sctaeniopterus_TP_2021-06-12_111439,6/26/2025 15:08,,/Volumes/Pillar/Manning_Bonaire2021_FishFollows/IV/Sctaeniopterus/IV_Sctaeniopterus_TP_2021-06-12_111439_002.MP4,1308.53,23.98,No focal subject,Bite,Foraging,None|None|None,POINT,805.64,805.64,NA,,
IV_Sctaeniopterus_TP_2021-06-12_111439,6/26/2025 15:08,,/Volumes/Pillar/Manning_Bonaire2021_FishFollows/IV/Sctaeniopterus/IV_Sctaeniopterus_TP_2021-06-12_111439_002.MP4,1308.53,23.98,No focal subject,Bite,Foraging,None|None|None,POINT,806.398,806.398,NA,,
IV_Sctaeniopterus_TP_2021-06-12_111439,6/26/2025 15:08,,/Volumes/Pillar/Manning_Bonaire2021_FishFollows/IV/Sctaeniopterus/IV_Sctaeniopterus_TP_2021-06-12_111439_002.MP4,1308.53,23.98,No focal subject,Bite,Foraging,None|None|None,POINT,807.384,807.384,NA,,
IV_Sctaeniopterus_TP_2021-06-12_111439,6/26/2025 15:08,,/Volumes/Pillar/Manning_Bonaire2021_FishFollows/IV/Sctaeniopterus/IV_Sctaeniopterus_TP_2021-06-12_111439_002.MP4,1308.53,23.98,No focal subject,Bite,Foraging,None|None|None,POINT,808.141,808.141,NA,,
IV_Sctaeniopterus_TP_2021-06-12_111439,6/26/2025 15:08,,/Volumes/Pillar/Manning_Bonaire2021_FishFollows/IV/Sctaeniopterus/IV_Sctaeniopterus_TP_2021-06-12_111439_002.MP4,1308.53,23.98,No focal subject,Bite,Foraging,None|None|None,POINT,809.635,809.635,NA,,
IV_Sctaeniopterus_TP_2021-06-12_111439,6/26/2025 15:08,,/Volumes/Pillar/Manning_Bonaire2021_FishFollows/IV/Sctaeniopterus/IV_Sctaeniopterus_TP_2021-06-12_111439_002.MP4,1308.53,23.98,No focal subject,Bite,Foraging,None|None|None,POINT,810.136,810.136,NA,,
IV_Sctaeniopterus_TP_2021-06-12_111439,6/26/2025 15:08,,/Volumes/Pillar/Manning_Bonaire2021_FishFollows/IV/Sctaeniopterus/IV_Sctaeniopterus_TP_2021-06-12_111439_002.MP4,1308.53,23.98,No focal subject,Bite,Foraging,None|None|None,POINT,811.883,811.883,NA,,
IV_Sctaeniopterus_TP_2021-06-12_111439,6/26/2025 15:08,,/Volumes/Pillar/Manning_Bonaire2021_FishFollows/IV/Sctaeniopterus/IV_Sctaeniopterus_TP_2021-06-12_111439_002.MP4,1308.53,23.98,No focal subject,Bite,Foraging,None|None|None,POINT,812.638,812.638,NA,,
IV_Sctaeniopterus_TP_2021-06-12_111439,6/26/2025 15:08,,/Volumes/Pillar/Manning_Bonaire2021_FishFollows/IV/Sctaeniopterus/IV_Sctaeniopterus_TP_2021-06-12_111439_002.MP4,1308.53,23.98,No focal subject,Bite,Foraging,None|None|None,POINT,812.922,812.922,NA,,
IV_Sctaeniopterus_TP_2021-06-12_111439,6/26/2025 15:08,,/Volumes/Pillar/Manning_Bonaire2021_FishFollows/IV/Sctaeniopterus/IV_Sctaeniopterus_TP_2021-06-12_111439_002.MP4,1308.53,23.98,No focal subject,Bite,Foraging,None|None|None,POINT,813.886,813.886,NA,,
IV_Sctaeniopterus_TP_2021-06-12_111439,6/26/2025 15:08,,/Volumes/Pillar/Manning_Bonaire2021_FishFollows/IV/Sctaeniopterus/IV_Sctaeniopterus_TP_2021-06-12_111439_002.MP4,1308.53,23.98,No focal subject,Bite,Foraging,None|None|None,POINT,825.136,825.136,NA,,
IV_Sctaeniopterus_TP_2021-06-12_111439,6/26/2025 15:08,,/Volumes/Pillar/Manning_Bonaire2021_FishFollows/IV/Sctaeniopterus/IV_Sctaeniopterus_TP_2021-06-12_111439_002.MP4,1308.53,23.98,No focal subject,Bite,Foraging,None|None|None,POINT,826.64,826.64,NA,,
IV_Sctaeniopterus_TP_2021-06-12_111439,6/26/2025 15:08,,/Volumes/Pillar/Manning_Bonaire2021_FishFollows/IV/Sctaeniopterus/IV_Sctaeniopterus_TP_2021-06-12_111439_002.MP4,1308.53,23.98,No focal subject,Bite,Foraging,None|None|None,POINT,837.646,837.646,NA,,
IV_Sctaeniopterus_TP_2021-06-12_111439,6/26/2025 15:08,,/Volumes/Pillar/Manning_Bonaire2021_FishFollows/IV/Sctaeniopterus/IV_Sctaeniopterus_TP_2021-06-12_111439_002.MP4,1308.53,23.98,No focal subject,Bite,Foraging,None|None|None,POINT,838.886,838.886,NA,,
IV_Sctaeniopterus_TP_2021-06-12_111439,6/26/2025 15:08,,/Volumes/Pillar/Manning_Bonaire2021_FishFollows/IV/Sctaeniopterus/IV_Sctaeniopterus_TP_2021-06-12_111439_002.MP4,1308.53,23.98,No focal subject,Bite,Foraging,None|None|None,POINT,839.643,839.643,NA,,
IV_Sctaeniopterus_TP_2021-06-12_111439,6/26/2025 15:08,,/Volumes/Pillar/Manning_Bonaire2021_FishFollows/IV/Sctaeniopterus/IV_Sctaeniopterus_TP_2021-06-12_111439_002.MP4,1308.53,23.98,No focal subject,Bite,Foraging,None|None|None,POINT,840.656,840.656,NA,,
IV_Sctaeniopterus_TP_2021-06-12_111439,6/26/2025 15:08,,/Volumes/Pillar/Manning_Bonaire2021_FishFollows/IV/Sctaeniopterus/IV_Sctaeniopterus_TP_2021-06-12_111439_002.MP4,1308.53,23.98,No focal subject,Bite,Foraging,None|None|None,POINT,844.385,844.385,NA,,
IV_Sctaeniopterus_TP_2021-06-12_111439,6/26/2025 15:08,,/Volumes/Pillar/Manning_Bonaire2021_FishFollows/IV/Sctaeniopterus/IV_Sctaeniopterus_TP_2021-06-12_111439_002.MP4,1308.53,23.98,No focal subject,Bite,Foraging,None|None|None,POINT,845.638,845.638,NA,,
IV_Sctaeniopterus_TP_2021-06-12_111439,6/26/2025 15:08,,/Volumes/Pillar/Manning_Bonaire2021_FishFollows/IV/Sctaeniopterus/IV_Sctaeniopterus_TP_2021-06-12_111439_002.MP4,1308.53,23.98,No focal subject,Bite,Foraging,None|None|None,POINT,846.172,846.172,NA,,
IV_Sctaeniopterus_TP_2021-06-12_111439,6/26/2025 15:08,,/Volumes/Pillar/Manning_Bonaire2021_FishFollows/IV/Sctaeniopterus/IV_Sctaeniopterus_TP_2021-06-12_111439_002.MP4,1308.53,23.98,No focal subject,Bite,Foraging,None|None|None,POINT,846.884,846.884,NA,,
IV_Sctaeniopterus_TP_2021-06-12_111439,6/26/2025 15:08,,/Volumes/Pillar/Manning_Bonaire2021_FishFollows/IV/Sctaeniopterus/IV_Sctaeniopterus_TP_2021-06-12_111439_002.MP4,1308.53,23.98,No focal subject,Bite,Foraging,None|None|None,POINT,849.144,849.144,NA,,
IV_Sctaeniopterus_TP_2021-06-12_111439,6/26/2025 15:08,,/Volumes/Pillar/Manning_Bonaire2021_FishFollows/IV/Sctaeniopterus/IV_Sctaeniopterus_TP_2021-06-12_111439_002.MP4,1308.53,23.98,No focal subject,Bite,Foraging,None|None|None,POINT,861.382,861.382,NA,,
IV_Sctaeniopterus_TP_2021-06-12_111439,6/26/2025 15:08,,/Volumes/Pillar/Manning_Bonaire2021_FishFollows/IV/Sctaeniopterus/IV_Sctaeniopterus_TP_2021-06-12_111439_002.MP4,1308.53,23.98,No focal subject,Bite,Foraging,None|None|None,POINT,862.141,862.141,NA,,
IV_Sctaeniopterus_TP_2021-06-12_111439,6/26/2025 15:08,,/Volumes/Pillar/Manning_Bonaire2021_FishFollows/IV/Sctaeniopterus/IV_Sctaeniopterus_TP_2021-06-12_111439_002.MP4,1308.53,23.98,No focal subject,Lost Time,Time Keeping,,STATE,874.153,875.14,0.987,,
IV_Sctaeniopterus_TP_2021-06-12_111439,6/26/2025 15:08,,/Volumes/Pillar/Manning_Bonaire2021_FishFollows/IV/Sctaeniopterus/IV_Sctaeniopterus_TP_2021-06-12_111439_002.MP4,1308.53,23.98,No focal subject,Bite,Foraging,None|None|None,POINT,884.141,884.141,NA,,
IV_Sctaeniopterus_TP_2021-06-12_111439,6/26/2025 15:08,,/Volumes/Pillar/Manning_Bonaire2021_FishFollows/IV/Sctaeniopterus/IV_Sctaeniopterus_TP_2021-06-12_111439_002.MP4,1308.53,23.98,No focal subject,Bite,Foraging,None|None|None,POINT,889.154,889.154,NA,,
IV_Sctaeniopterus_TP_2021-06-12_111439,6/26/2025 15:08,,/Volumes/Pillar/Manning_Bonaire2021_FishFollows/IV/Sctaeniopterus/IV_Sctaeniopterus_TP_2021-06-12_111439_002.MP4,1308.53,23.98,No focal subject,Bite,Foraging,None|None|None,POINT,892.146,892.146,NA,,
IV_Sctaeniopterus_TP_2021-06-12_111439,6/26/2025 15:08,,/Volumes/Pillar/Manning_Bonaire2021_FishFollows/IV/Sctaeniopterus/IV_Sctaeniopterus_TP_2021-06-12_111439_002.MP4,1308.53,23.98,No focal subject,Bite,Foraging,None|None|None,POINT,893.885,893.885,NA,,
IV_Sctaeniopterus_TP_2021-06-12_111439,6/26/2025 15:08,,/Volumes/Pillar/Manning_Bonaire2021_FishFollows/IV/Sctaeniopterus/IV_Sctaeniopterus_TP_2021-06-12_111439_002.MP4,1308.53,23.98,No focal subject,Bite,Foraging,None|None|None,POINT,901.387,901.387,NA,,
IV_Sctaeniopterus_TP_2021-06-12_111439,6/26/2025 15:08,,/Volumes/Pillar/Manning_Bonaire2021_FishFollows/IV/Sctaeniopterus/IV_Sctaeniopterus_TP_2021-06-12_111439_002.MP4,1308.53,23.98,No focal subject,Bite,Foraging,None|None|None,POINT,901.639,901.639,NA,,
IV_Sctaeniopterus_TP_2021-06-12_111439,6/26/2025 15:08,,/Volumes/Pillar/Manning_Bonaire2021_FishFollows/IV/Sctaeniopterus/IV_Sctaeniopterus_TP_2021-06-12_111439_002.MP4,1308.53,23.98,No focal subject,Bite,Foraging,None|None|None,POINT,902.139,902.139,NA,,
IV_Sctaeniopterus_TP_2021-06-12_111439,6/26/2025 15:08,,/Volumes/Pillar/Manning_Bonaire2021_FishFollows/IV/Sctaeniopterus/IV_Sctaeniopterus_TP_2021-06-12_111439_002.MP4,1308.53,23.98,No focal subject,Bite,Foraging,None|None|None,POINT,902.656,902.656,NA,,
IV_Sctaeniopterus_TP_2021-06-12_111439,6/26/2025 15:08,,/Volumes/Pillar/Manning_Bonaire2021_FishFollows/IV/Sctaeniopterus/IV_Sctaeniopterus_TP_2021-06-12_111439_002.MP4,1308.53,23.98,No focal subject,Bite,Foraging,None|None|None,POINT,903.884,903.884,NA,,
IV_Sctaeniopterus_TP_2021-06-12_111439,6/26/2025 15:08,,/Volumes/Pillar/Manning_Bonaire2021_FishFollows/IV/Sctaeniopterus/IV_Sctaeniopterus_TP_2021-06-12_111439_002.MP4,1308.53,23.98,No focal subject,Bite,Foraging,None|None|None,POINT,904.898,904.898,NA,,
IV_Sctaeniopterus_TP_2021-06-12_111439,6/26/2025 15:08,,/Volumes/Pillar/Manning_Bonaire2021_FishFollows/IV/Sctaeniopterus/IV_Sctaeniopterus_TP_2021-06-12_111439_002.MP4,1308.53,23.98,No focal subject,Bite,Foraging,None|None|None,POINT,905.39,905.39,NA,,
IV_Sctaeniopterus_TP_2021-06-12_111439,6/26/2025 15:08,,/Volumes/Pillar/Manning_Bonaire2021_FishFollows/IV/Sctaeniopterus/IV_Sctaeniopterus_TP_2021-06-12_111439_002.MP4,1308.53,23.98,No focal subject,Bite,Foraging,None|None|None,POINT,905.669,905.669,NA,,
IV_Sctaeniopterus_TP_2021-06-12_111439,6/26/2025 15:08,,/Volumes/Pillar/Manning_Bonaire2021_FishFollows/IV/Sctaeniopterus/IV_Sctaeniopterus_TP_2021-06-12_111439_002.MP4,1308.53,23.98,No focal subject,Bite,Foraging,None|None|None,POINT,906.642,906.642,NA,,
IV_Sctaeniopterus_TP_2021-06-12_111439,6/26/2025 15:08,,/Volumes/Pillar/Manning_Bonaire2021_FishFollows/IV/Sctaeniopterus/IV_Sctaeniopterus_TP_2021-06-12_111439_002.MP4,1308.53,23.98,No focal subject,Bite,Foraging,None|None|None,POINT,907.386,907.386,NA,,
IV_Sctaeniopterus_TP_2021-06-12_111439,6/26/2025 15:08,,/Volumes/Pillar/Manning_Bonaire2021_FishFollows/IV/Sctaeniopterus/IV_Sctaeniopterus_TP_2021-06-12_111439_002.MP4,1308.53,23.98,No focal subject,Bite,Foraging,None|None|None,POINT,908.647,908.647,NA,,
IV_Sctaeniopterus_TP_2021-06-12_111439,6/26/2025 15:08,,/Volumes/Pillar/Manning_Bonaire2021_FishFollows/IV/Sctaeniopterus/IV_Sctaeniopterus_TP_2021-06-12_111439_002.MP4,1308.53,23.98,No focal subject,Bite,Foraging,None|None|None,POINT,909.394,909.394,NA,,
IV_Sctaeniopterus_TP_2021-06-12_111439,6/26/2025 15:08,,/Volumes/Pillar/Manning_Bonaire2021_FishFollows/IV/Sctaeniopterus/IV_Sctaeniopterus_TP_2021-06-12_111439_002.MP4,1308.53,23.98,No focal subject,Bite,Foraging,None|None|None,POINT,910.384,910.384,NA,,
IV_Sctaeniopterus_TP_2021-06-12_111439,6/26/2025 15:08,,/Volumes/Pillar/Manning_Bonaire2021_FishFollows/IV/Sctaeniopterus/IV_Sctaeniopterus_TP_2021-06-12_111439_002.MP4,1308.53,23.98,No focal subject,Bite,Foraging,None|None|None,POINT,910.898,910.898,NA,,
IV_Sctaeniopterus_TP_2021-06-12_111439,6/26/2025 15:08,,/Volumes/Pillar/Manning_Bonaire2021_FishFollows/IV/Sctaeniopterus/IV_Sctaeniopterus_TP_2021-06-12_111439_002.MP4,1308.53,23.98,No focal subject,Bite,Foraging,None|None|None,POINT,911.652,911.652,NA,,
IV_Sctaeniopterus_TP_2021-06-12_111439,6/26/2025 15:08,,/Volumes/Pillar/Manning_Bonaire2021_FishFollows/IV/Sctaeniopterus/IV_Sctaeniopterus_TP_2021-06-12_111439_002.MP4,1308.53,23.98,No focal subject,Bite,Foraging,None|None|None,POINT,948.884,948.884,NA,,
IV_Sctaeniopterus_TP_2021-06-12_111439,6/26/2025 15:08,,/Volumes/Pillar/Manning_Bonaire2021_FishFollows/IV/Sctaeniopterus/IV_Sctaeniopterus_TP_2021-06-12_111439_002.MP4,1308.53,23.98,No focal subject,Bite,Foraging,None|None|None,POINT,949.41,949.41,NA,,
IV_Sctaeniopterus_TP_2021-06-12_111439,6/26/2025 15:08,,/Volumes/Pillar/Manning_Bonaire2021_FishFollows/IV/Sctaeniopterus/IV_Sctaeniopterus_TP_2021-06-12_111439_002.MP4,1308.53,23.98,No focal subject,Bite,Foraging,None|None|None,POINT,950.903,950.903,NA,,
IV_Sctaeniopterus_TP_2021-06-12_111439,6/26/2025 15:08,,/Volumes/Pillar/Manning_Bonaire2021_FishFollows/IV/Sctaeniopterus/IV_Sctaeniopterus_TP_2021-06-12_111439_002.MP4,1308.53,23.98,No focal subject,Bite,Foraging,None|None|None,POINT,951.638,951.638,NA,,
IV_Sctaeniopterus_TP_2021-06-12_111439,6/26/2025 15:08,,/Volumes/Pillar/Manning_Bonaire2021_FishFollows/IV/Sctaeniopterus/IV_Sctaeniopterus_TP_2021-06-12_111439_002.MP4,1308.53,23.98,No focal subject,Bite,Foraging,None|None|None,POINT,953.402,953.402,NA,,
IV_Sctaeniopterus_TP_2021-06-12_111439,6/26/2025 15:08,,/Volumes/Pillar/Manning_Bonaire2021_FishFollows/IV/Sctaeniopterus/IV_Sctaeniopterus_TP_2021-06-12_111439_002.MP4,1308.53,23.98,No focal subject,Bite,Foraging,None|None|None,POINT,958.136,958.136,NA,,
IV_Sctaeniopterus_TP_2021-06-12_111439,6/26/2025 15:08,,/Volumes/Pillar/Manning_Bonaire2021_FishFollows/IV/Sctaeniopterus/IV_Sctaeniopterus_TP_2021-06-12_111439_002.MP4,1308.53,23.98,No focal subject,Bite,Foraging,None|None|None,POINT,959.164,959.164,NA,,
IV_Sctaeniopterus_TP_2021-06-12_111439,6/26/2025 15:08,,/Volumes/Pillar/Manning_Bonaire2021_FishFollows/IV/Sctaeniopterus/IV_Sctaeniopterus_TP_2021-06-12_111439_002.MP4,1308.53,23.98,No focal subject,Bite,Foraging,None|None|None,POINT,959.989,959.989,NA,,
IV_Sctaeniopterus_TP_2021-06-12_111439,6/26/2025 15:08,,/Volumes/Pillar/Manning_Bonaire2021_FishFollows/IV/Sctaeniopterus/IV_Sctaeniopterus_TP_2021-06-12_111439_002.MP4,1308.53,23.98,No focal subject,Bite,Foraging,None|None|None,POINT,961.396,961.396,NA,,
IV_Sctaeniopterus_TP_2021-06-12_111439,6/26/2025 15:08,,/Volumes/Pillar/Manning_Bonaire2021_FishFollows/IV/Sctaeniopterus/IV_Sctaeniopterus_TP_2021-06-12_111439_002.MP4,1308.53,23.98,No focal subject,Bite,Foraging,None|None|None,POINT,963.639,963.639,NA,,
IV_Sctaeniopterus_TP_2021-06-12_111439,6/26/2025 15:08,,/Volumes/Pillar/Manning_Bonaire2021_FishFollows/IV/Sctaeniopterus/IV_Sctaeniopterus_TP_2021-06-12_111439_002.MP4,1308.53,23.98,No focal subject,Bite,Foraging,None|None|None,POINT,981.89,981.89,NA,,
IV_Sctaeniopterus_TP_2021-06-12_111439,6/20/2025 12:06,,/Volumes/Pillar/Manning_Bonaire2021_FishFollows/IV/Sctaeniopterus/IV_Sctaeniopterus_TP_2021-06-12_111439_002.MP4,1308.53,23.98,No focal subject,Bite,Foraging,None|None|None,POINT,982.173,982.173,NA,,
IV_Sctaeniopterus_TP_2021-06-12_111439,6/26/2025 15:08,,/Volumes/Pillar/Manning_Bonaire2021_FishFollows/IV/Sctaeniopterus/IV_Sctaeniopterus_TP_2021-06-12_111439_002.MP4,1308.53,23.98,No focal subject,Bite,Foraging,None|None|None,POINT,982.631,982.631,NA,,
IV_Sctaeniopterus_TP_2021-06-12_111439,6/26/2025 15:08,,/Volumes/Pillar/Manning_Bonaire2021_FishFollows/IV/Sctaeniopterus/IV_Sctaeniopterus_TP_2021-06-12_111439_002.MP4,1308.53,23.98,No focal subject,Bite,Foraging,None|None|None,POINT,983.386,983.386,NA,,
IV_Sctaeniopterus_TP_2021-06-12_111439,6/20/2025 12:06,,/Volumes/Pillar/Manning_Bonaire2021_FishFollows/IV/Sctaeniopterus/IV_Sctaeniopterus_TP_2021-06-12_111439_002.MP4,1308.53,23.98,No focal subject,Bite,Foraging,None|None|None,POINT,984.634,984.634,NA,,
IV_Sctaeniopterus_TP_2021-06-12_111439,6/26/2025 15:08,,/Volumes/Pillar/Manning_Bonaire2021_FishFollows/IV/Sctaeniopterus/IV_Sctaeniopterus_TP_2021-06-12_111439_002.MP4,1308.53,23.98,No focal subject,Bite,Foraging,None|None|None,POINT,984.641,984.641,NA,,
IV_Sctaeniopterus_TP_2021-06-12_111439,6/20/2025 12:06,,/Volumes/Pillar/Manning_Bonaire2021_FishFollows/IV/Sctaeniopterus/IV_Sctaeniopterus_TP_2021-06-12_111439_002.MP4,1308.53,23.98,No focal subject,Bite,Foraging,None|None|None,POINT,985.638,985.638,NA,,
IV_Sctaeniopterus_TP_2021-06-12_111439,6/26/2025 15:08,,/Volumes/Pillar/Manning_Bonaire2021_FishFollows/IV/Sctaeniopterus/IV_Sctaeniopterus_TP_2021-06-12_111439_002.MP4,1308.53,23.98,No focal subject,Bite,Foraging,None|None|None,POINT,986.143,986.143,NA,,
IV_Sctaeniopterus_TP_2021-06-12_111439,6/26/2025 15:08,,/Volumes/Pillar/Manning_Bonaire2021_FishFollows/IV/Sctaeniopterus/IV_Sctaeniopterus_TP_2021-06-12_111439_002.MP4,1308.53,23.98,No focal subject,Cleaning,Social Interactions,,STATE,1002.134,1005.894,3.76,,
IV_Sctaeniopterus_TP_2021-06-12_111439,6/20/2025 12:06,,/Volumes/Pillar/Manning_Bonaire2021_FishFollows/IV/Sctaeniopterus/IV_Sctaeniopterus_TP_2021-06-12_111439_002.MP4,1308.53,23.98,No focal subject,Bite,Foraging,None|None|None,POINT,1004.909,1004.909,NA,,
IV_Sctaeniopterus_TP_2021-06-12_111439,6/20/2025 12:06,,/Volumes/Pillar/Manning_Bonaire2021_FishFollows/IV/Sctaeniopterus/IV_Sctaeniopterus_TP_2021-06-12_111439_002.MP4,1308.53,23.98,No focal subject,Bite,Foraging,None|None|None,POINT,1015.878,1015.878,NA,,
IV_Sctaeniopterus_TP_2021-06-12_111439,6/26/2025 15:08,,/Volumes/Pillar/Manning_Bonaire2021_FishFollows/IV/Sctaeniopterus/IV_Sctaeniopterus_TP_2021-06-12_111439_002.MP4,1308.53,23.98,No focal subject,Bite,Foraging,None|None|None,POINT,1016.153,1016.153,NA,,
IV_Sctaeniopterus_TP_2021-06-12_111439,6/26/2025 15:08,,/Volumes/Pillar/Manning_Bonaire2021_FishFollows/IV/Sctaeniopterus/IV_Sctaeniopterus_TP_2021-06-12_111439_002.MP4,1308.53,23.98,No focal subject,Bite,Foraging,None|None|None,POINT,1016.414,1016.414,NA,,
IV_Sctaeniopterus_TP_2021-06-12_111439,6/20/2025 12:06,,/Volumes/Pillar/Manning_Bonaire2021_FishFollows/IV/Sctaeniopterus/IV_Sctaeniopterus_TP_2021-06-12_111439_002.MP4,1308.53,23.98,No focal subject,Bite,Foraging,None|None|None,POINT,1016.713,1016.713,NA,,
IV_Sctaeniopterus_TP_2021-06-12_111439,6/20/2025 12:06,,/Volumes/Pillar/Manning_Bonaire2021_FishFollows/IV/Sctaeniopterus/IV_Sctaeniopterus_TP_2021-06-12_111439_002.MP4,1308.53,23.98,No focal subject,Bite,Foraging,None|None|None,POINT,1017.231,1017.231,NA,,
IV_Sctaeniopterus_TP_2021-06-12_111439,6/20/2025 12:06,,/Volumes/Pillar/Manning_Bonaire2021_FishFollows/IV/Sctaeniopterus/IV_Sctaeniopterus_TP_2021-06-12_111439_002.MP4,1308.53,23.98,No focal subject,Bite,Foraging,None|None|None,POINT,1017.991,1017.991,NA,,
IV_Sctaeniopterus_TP_2021-06-12_111439,6/20/2025 12:06,,/Volumes/Pillar/Manning_Bonaire2021_FishFollows/IV/Sctaeniopterus/IV_Sctaeniopterus_TP_2021-06-12_111439_002.MP4,1308.53,23.98,No focal subject,Bite,Foraging,None|None|None,POINT,1019.717,1019.717,NA,,
IV_Sctaeniopterus_TP_2021-06-12_111439,6/20/2025 12:06,,/Volumes/Pillar/Manning_Bonaire2021_FishFollows/IV/Sctaeniopterus/IV_Sctaeniopterus_TP_2021-06-12_111439_002.MP4,1308.53,23.98,No focal subject,Bite,Foraging,None|None|None,POINT,1023.977,1023.977,NA,,
IV_Sctaeniopterus_TP_2021-06-12_111439,6/20/2025 12:06,,/Volumes/Pillar/Manning_Bonaire2021_FishFollows/IV/Sctaeniopterus/IV_Sctaeniopterus_TP_2021-06-12_111439_002.MP4,1308.53,23.98,No focal subject,Bite,Foraging,None|None|None,POINT,1024.627,1024.627,NA,,
IV_Sctaeniopterus_TP_2021-06-12_111439,6/20/2025 12:06,,/Volumes/Pillar/Manning_Bonaire2021_FishFollows/IV/Sctaeniopterus/IV_Sctaeniopterus_TP_2021-06-12_111439_002.MP4,1308.53,23.98,No focal subject,Bite,Foraging,None|None|None,POINT,1025.468,1025.468,NA,,
IV_Sctaeniopterus_TP_2021-06-12_111439,6/20/2025 12:06,,/Volumes/Pillar/Manning_Bonaire2021_FishFollows/IV/Sctaeniopterus/IV_Sctaeniopterus_TP_2021-06-12_111439_002.MP4,1308.53,23.98,No focal subject,Bite,Foraging,None|None|None,POINT,1026.224,1026.224,NA,,
IV_Sctaeniopterus_TP_2021-06-12_111439,6/20/2025 12:06,,/Volumes/Pillar/Manning_Bonaire2021_FishFollows/IV/Sctaeniopterus/IV_Sctaeniopterus_TP_2021-06-12_111439_002.MP4,1308.53,23.98,No focal subject,Bite,Foraging,None|None|None,POINT,1027.127,1027.127,NA,,
IV_Sctaeniopterus_TP_2021-06-12_111439,6/20/2025 12:06,,/Volumes/Pillar/Manning_Bonaire2021_FishFollows/IV/Sctaeniopterus/IV_Sctaeniopterus_TP_2021-06-12_111439_002.MP4,1308.53,23.98,No focal subject,Bite,Foraging,None|None|None,POINT,1027.968,1027.968,NA,,
IV_Sctaeniopterus_TP_2021-06-12_111439,6/20/2025 12:06,,/Volumes/Pillar/Manning_Bonaire2021_FishFollows/IV/Sctaeniopterus/IV_Sctaeniopterus_TP_2021-06-12_111439_002.MP4,1308.53,23.98,No focal subject,Bite,Foraging,None|None|None,POINT,1028.996,1028.996,NA,,
IV_Sctaeniopterus_TP_2021-06-12_111439,6/20/2025 12:06,,/Volumes/Pillar/Manning_Bonaire2021_FishFollows/IV/Sctaeniopterus/IV_Sctaeniopterus_TP_2021-06-12_111439_002.MP4,1308.53,23.98,No focal subject,Bite,Foraging,None|None|None,POINT,1030.266,1030.266,NA,,
IV_Sctaeniopterus_TP_2021-06-12_111439,6/20/2025 12:06,,/Volumes/Pillar/Manning_Bonaire2021_FishFollows/IV/Sctaeniopterus/IV_Sctaeniopterus_TP_2021-06-12_111439_002.MP4,1308.53,23.98,No focal subject,Bite,Foraging,None|None|None,POINT,1032.728,1032.728,NA,,
IV_Sctaeniopterus_TP_2021-06-12_111439,6/20/2025 12:06,,/Volumes/Pillar/Manning_Bonaire2021_FishFollows/IV/Sctaeniopterus/IV_Sctaeniopterus_TP_2021-06-12_111439_002.MP4,1308.53,23.98,No focal subject,Bite,Foraging,None|None|None,POINT,1033.232,1033.232,NA,,
IV_Sctaeniopterus_TP_2021-06-12_111439,6/20/2025 12:06,,/Volumes/Pillar/Manning_Bonaire2021_FishFollows/IV/Sctaeniopterus/IV_Sctaeniopterus_TP_2021-06-12_111439_002.MP4,1308.53,23.98,No focal subject,Bite,Foraging,None|None|None,POINT,1033.969,1033.969,NA,,
IV_Sctaeniopterus_TP_2021-06-12_111439,6/20/2025 12:06,,/Volumes/Pillar/Manning_Bonaire2021_FishFollows/IV/Sctaeniopterus/IV_Sctaeniopterus_TP_2021-06-12_111439_002.MP4,1308.53,23.98,No focal subject,Bite,Foraging,None|None|None,POINT,1035.878,1035.878,NA,,
IV_Sctaeniopterus_TP_2021-06-12_111439,6/20/2025 12:06,,/Volumes/Pillar/Manning_Bonaire2021_FishFollows/IV/Sctaeniopterus/IV_Sctaeniopterus_TP_2021-06-12_111439_002.MP4,1308.53,23.98,No focal subject,Bite,Foraging,None|None|None,POINT,1037.497,1037.497,NA,,
IV_Sctaeniopterus_TP_2021-06-12_111439,6/20/2025 12:06,,/Volumes/Pillar/Manning_Bonaire2021_FishFollows/IV/Sctaeniopterus/IV_Sctaeniopterus_TP_2021-06-12_111439_002.MP4,1308.53,23.98,No focal subject,Bite,Foraging,None|None|None,POINT,1047.887,1047.887,NA,,
IV_Sctaeniopterus_TP_2021-06-12_111439,6/20/2025 12:06,,/Volumes/Pillar/Manning_Bonaire2021_FishFollows/IV/Sctaeniopterus/IV_Sctaeniopterus_TP_2021-06-12_111439_002.MP4,1308.53,23.98,No focal subject,Bite,Foraging,None|None|None,POINT,1053.724,1053.724,NA,,
IV_Sctaeniopterus_TP_2021-06-12_111439,6/20/2025 12:06,,/Volumes/Pillar/Manning_Bonaire2021_FishFollows/IV/Sctaeniopterus/IV_Sctaeniopterus_TP_2021-06-12_111439_002.MP4,1308.53,23.98,No focal subject,Bite,Foraging,None|None|None,POINT,1054.98,1054.98,NA,,
IV_Sctaeniopterus_TP_2021-06-12_111439,6/20/2025 12:06,,/Volumes/Pillar/Manning_Bonaire2021_FishFollows/IV/Sctaeniopterus/IV_Sctaeniopterus_TP_2021-06-12_111439_002.MP4,1308.53,23.98,No focal subject,Bite,Foraging,None|None|None,POINT,1055.627,1055.627,NA,,
IV_Sctaeniopterus_TP_2021-06-12_111439,6/20/2025 12:06,,/Volumes/Pillar/Manning_Bonaire2021_FishFollows/IV/Sctaeniopterus/IV_Sctaeniopterus_TP_2021-06-12_111439_002.MP4,1308.53,23.98,No focal subject,Bite,Foraging,None|None|None,POINT,1056.478,1056.478,NA,,
IV_Sctaeniopterus_TP_2021-06-12_111439,6/20/2025 12:06,,/Volumes/Pillar/Manning_Bonaire2021_FishFollows/IV/Sctaeniopterus/IV_Sctaeniopterus_TP_2021-06-12_111439_002.MP4,1308.53,23.98,No focal subject,Bite,Foraging,None|None|None,POINT,1060.73,1060.73,NA,,
IV_Sctaeniopterus_TP_2021-06-12_111439,6/20/2025 12:06,,/Volumes/Pillar/Manning_Bonaire2021_FishFollows/IV/Sctaeniopterus/IV_Sctaeniopterus_TP_2021-06-12_111439_002.MP4,1308.53,23.98,No focal subject,Bite,Foraging,None|None|None,POINT,1078.732,1078.732,NA,,
IV_Sctaeniopterus_TP_2021-06-12_111439,6/20/2025 12:06,,/Volumes/Pillar/Manning_Bonaire2021_FishFollows/IV/Sctaeniopterus/IV_Sctaeniopterus_TP_2021-06-12_111439_002.MP4,1308.53,23.98,No focal subject,Bite,Foraging,None|None|None,POINT,1082.215,1082.215,NA,,
IV_Sctaeniopterus_TP_2021-06-12_111439,6/20/2025 12:06,,/Volumes/Pillar/Manning_Bonaire2021_FishFollows/IV/Sctaeniopterus/IV_Sctaeniopterus_TP_2021-06-12_111439_002.MP4,1308.53,23.98,No focal subject,Bite,Foraging,None|None|None,POINT,1083.488,1083.488,NA,,
IV_Sctaeniopterus_TP_2021-06-12_111439,6/20/2025 12:06,,/Volumes/Pillar/Manning_Bonaire2021_FishFollows/IV/Sctaeniopterus/IV_Sctaeniopterus_TP_2021-06-12_111439_002.MP4,1308.53,23.98,No focal subject,Bite,Foraging,None|None|None,POINT,1084.967,1084.967,NA,,
IV_Sctaeniopterus_TP_2021-06-12_111439,6/20/2025 12:06,,/Volumes/Pillar/Manning_Bonaire2021_FishFollows/IV/Sctaeniopterus/IV_Sctaeniopterus_TP_2021-06-12_111439_002.MP4,1308.53,23.98,No focal subject,Bite,Foraging,None|None|None,POINT,1085.377,1085.377,NA,,
IV_Sctaeniopterus_TP_2021-06-12_111439,6/20/2025 12:06,,/Volumes/Pillar/Manning_Bonaire2021_FishFollows/IV/Sctaeniopterus/IV_Sctaeniopterus_TP_2021-06-12_111439_002.MP4,1308.53,23.98,No focal subject,Bite,Foraging,None|None|None,POINT,1086.224,1086.224,NA,,
IV_Sctaeniopterus_TP_2021-06-12_111439,6/20/2025 12:06,,/Volumes/Pillar/Manning_Bonaire2021_FishFollows/IV/Sctaeniopterus/IV_Sctaeniopterus_TP_2021-06-12_111439_002.MP4,1308.53,23.98,No focal subject,Bite,Foraging,None|None|None,POINT,1086.622,1086.622,NA,,
IV_Sctaeniopterus_TP_2021-06-12_111439,6/20/2025 12:06,,/Volumes/Pillar/Manning_Bonaire2021_FishFollows/IV/Sctaeniopterus/IV_Sctaeniopterus_TP_2021-06-12_111439_002.MP4,1308.53,23.98,No focal subject,Bite,Foraging,None|None|None,POINT,1089.221,1089.221,NA,,
IV_Sctaeniopterus_TP_2021-06-12_111439,6/20/2025 12:06,,/Volumes/Pillar/Manning_Bonaire2021_FishFollows/IV/Sctaeniopterus/IV_Sctaeniopterus_TP_2021-06-12_111439_002.MP4,1308.53,23.98,No focal subject,Bite,Foraging,None|None|None,POINT,1089.73,1089.73,NA,,
IV_Sctaeniopterus_TP_2021-06-12_111439,6/20/2025 12:06,,/Volumes/Pillar/Manning_Bonaire2021_FishFollows/IV/Sctaeniopterus/IV_Sctaeniopterus_TP_2021-06-12_111439_002.MP4,1308.53,23.98,No focal subject,Bite,Foraging,None|None|None,POINT,1090.128,1090.128,NA,,
IV_Sctaeniopterus_TP_2021-06-12_111439,6/20/2025 12:06,,/Volumes/Pillar/Manning_Bonaire2021_FishFollows/IV/Sctaeniopterus/IV_Sctaeniopterus_TP_2021-06-12_111439_002.MP4,1308.53,23.98,No focal subject,Bite,Foraging,None|None|None,POINT,1090.978,1090.978,NA,,
IV_Sctaeniopterus_TP_2021-06-12_111439,6/20/2025 12:06,,/Volumes/Pillar/Manning_Bonaire2021_FishFollows/IV/Sctaeniopterus/IV_Sctaeniopterus_TP_2021-06-12_111439_002.MP4,1308.53,23.98,No focal subject,Bite,Foraging,None|None|None,POINT,1093.731,1093.731,NA,,
IV_Sctaeniopterus_TP_2021-06-12_111439,6/20/2025 12:06,,/Volumes/Pillar/Manning_Bonaire2021_FishFollows/IV/Sctaeniopterus/IV_Sctaeniopterus_TP_2021-06-12_111439_002.MP4,1308.53,23.98,No focal subject,Bite,Foraging,None|None|None,POINT,1094.494,1094.494,NA,,
IV_Sctaeniopterus_TP_2021-06-12_111439,6/20/2025 12:06,,/Volumes/Pillar/Manning_Bonaire2021_FishFollows/IV/Sctaeniopterus/IV_Sctaeniopterus_TP_2021-06-12_111439_002.MP4,1308.53,23.98,No focal subject,Bite,Foraging,None|None|None,POINT,1095.46,1095.46,NA,,
IV_Sctaeniopterus_TP_2021-06-12_111439,6/20/2025 12:06,,/Volumes/Pillar/Manning_Bonaire2021_FishFollows/IV/Sctaeniopterus/IV_Sctaeniopterus_TP_2021-06-12_111439_002.MP4,1308.53,23.98,No focal subject,Bite,Foraging,None|None|None,POINT,1096.378,1096.378,NA,,
IV_Sctaeniopterus_TP_2021-06-12_111439,6/20/2025 12:06,,/Volumes/Pillar/Manning_Bonaire2021_FishFollows/IV/Sctaeniopterus/IV_Sctaeniopterus_TP_2021-06-12_111439_002.MP4,1308.53,23.98,No focal subject,Bite,Foraging,None|None|None,POINT,1096.728,1096.728,NA,,
IV_Sctaeniopterus_TP_2021-06-12_111439,6/20/2025 12:06,,/Volumes/Pillar/Manning_Bonaire2021_FishFollows/IV/Sctaeniopterus/IV_Sctaeniopterus_TP_2021-06-12_111439_002.MP4,1308.53,23.98,No focal subject,Bite,Foraging,None|None|None,POINT,1098.127,1098.127,NA,,
IV_Sctaeniopterus_TP_2021-06-12_111439,6/20/2025 12:06,,/Volumes/Pillar/Manning_Bonaire2021_FishFollows/IV/Sctaeniopterus/IV_Sctaeniopterus_TP_2021-06-12_111439_002.MP4,1308.53,23.98,No focal subject,Bite,Foraging,None|None|None,POINT,1099.48,1099.48,NA,,
IV_Sctaeniopterus_TP_2021-06-12_111439,6/20/2025 12:06,,/Volumes/Pillar/Manning_Bonaire2021_FishFollows/IV/Sctaeniopterus/IV_Sctaeniopterus_TP_2021-06-12_111439_002.MP4,1308.53,23.98,No focal subject,Bite,Foraging,None|None|None,POINT,1099.627,1099.627,NA,,
IV_Sctaeniopterus_TP_2021-06-12_111439,6/20/2025 12:06,,/Volumes/Pillar/Manning_Bonaire2021_FishFollows/IV/Sctaeniopterus/IV_Sctaeniopterus_TP_2021-06-12_111439_002.MP4,1308.53,23.98,No focal subject,Bite,Foraging,None|None|None,POINT,1100.378,1100.378,NA,,
IV_Sctaeniopterus_TP_2021-06-12_111439,6/20/2025 12:06,,/Volumes/Pillar/Manning_Bonaire2021_FishFollows/IV/Sctaeniopterus/IV_Sctaeniopterus_TP_2021-06-12_111439_002.MP4,1308.53,23.98,No focal subject,Bite,Foraging,None|None|None,POINT,1100.739,1100.739,NA,,
IV_Sctaeniopterus_TP_2021-06-12_111439,6/20/2025 12:06,,/Volumes/Pillar/Manning_Bonaire2021_FishFollows/IV/Sctaeniopterus/IV_Sctaeniopterus_TP_2021-06-12_111439_002.MP4,1308.53,23.98,No focal subject,Bite,Foraging,None|None|None,POINT,1101.73,1101.73,NA,,
IV_Sctaeniopterus_TP_2021-06-12_111439,6/20/2025 12:06,,/Volumes/Pillar/Manning_Bonaire2021_FishFollows/IV/Sctaeniopterus/IV_Sctaeniopterus_TP_2021-06-12_111439_002.MP4,1308.53,23.98,No focal subject,Bite,Foraging,None|None|None,POINT,1102.128,1102.128,NA,,
IV_Sctaeniopterus_TP_2021-06-12_111439,6/20/2025 12:06,,/Volumes/Pillar/Manning_Bonaire2021_FishFollows/IV/Sctaeniopterus/IV_Sctaeniopterus_TP_2021-06-12_111439_002.MP4,1308.53,23.98,No focal subject,Bite,Foraging,None|None|None,POINT,1102.963,1102.963,NA,,
IV_Sctaeniopterus_TP_2021-06-12_111439,6/20/2025 12:06,,/Volumes/Pillar/Manning_Bonaire2021_FishFollows/IV/Sctaeniopterus/IV_Sctaeniopterus_TP_2021-06-12_111439_002.MP4,1308.53,23.98,No focal subject,Bite,Foraging,None|None|None,POINT,1104.378,1104.378,NA,,
IV_Sctaeniopterus_TP_2021-06-12_111439,6/20/2025 12:06,,/Volumes/Pillar/Manning_Bonaire2021_FishFollows/IV/Sctaeniopterus/IV_Sctaeniopterus_TP_2021-06-12_111439_002.MP4,1308.53,23.98,No focal subject,Bite,Foraging,None|None|None,POINT,1105.627,1105.627,NA,,
IV_Sctaeniopterus_TP_2021-06-12_111439,6/20/2025 12:06,,/Volumes/Pillar/Manning_Bonaire2021_FishFollows/IV/Sctaeniopterus/IV_Sctaeniopterus_TP_2021-06-12_111439_002.MP4,1308.53,23.98,No focal subject,Bite,Foraging,None|None|None,POINT,1106.481,1106.481,NA,,
IV_Sctaeniopterus_TP_2021-06-12_111439,6/20/2025 12:06,,/Volumes/Pillar/Manning_Bonaire2021_FishFollows/IV/Sctaeniopterus/IV_Sctaeniopterus_TP_2021-06-12_111439_002.MP4,1308.53,23.98,No focal subject,Bite,Foraging,None|None|None,POINT,1107.462,1107.462,NA,,
IV_Sctaeniopterus_TP_2021-06-12_111439,6/20/2025 12:06,,/Volumes/Pillar/Manning_Bonaire2021_FishFollows/IV/Sctaeniopterus/IV_Sctaeniopterus_TP_2021-06-12_111439_002.MP4,1308.53,23.98,No focal subject,Bite,Foraging,None|None|None,POINT,1108.215,1108.215,NA,,
IV_Sctaeniopterus_TP_2021-06-12_111439,6/20/2025 12:06,,/Volumes/Pillar/Manning_Bonaire2021_FishFollows/IV/Sctaeniopterus/IV_Sctaeniopterus_TP_2021-06-12_111439_002.MP4,1308.53,23.98,No focal subject,Bite,Foraging,None|None|None,POINT,1109.628,1109.628,NA,,
IV_Sctaeniopterus_TP_2021-06-12_111439,6/20/2025 12:06,,/Volumes/Pillar/Manning_Bonaire2021_FishFollows/IV/Sctaeniopterus/IV_Sctaeniopterus_TP_2021-06-12_111439_002.MP4,1308.53,23.98,No focal subject,Bite,Foraging,None|None|None,POINT,1113.98,1113.98,NA,,
IV_Sctaeniopterus_TP_2021-06-12_111439,6/20/2025 12:06,,/Volumes/Pillar/Manning_Bonaire2021_FishFollows/IV/Sctaeniopterus/IV_Sctaeniopterus_TP_2021-06-12_111439_002.MP4,1308.53,23.98,No focal subject,Bite,Foraging,None|None|None,POINT,1126.477,1126.477,NA,,
IV_Sctaeniopterus_TP_2021-06-12_111439,6/20/2025 12:06,,/Volumes/Pillar/Manning_Bonaire2021_FishFollows/IV/Sctaeniopterus/IV_Sctaeniopterus_TP_2021-06-12_111439_002.MP4,1308.53,23.98,No focal subject,Bite,Foraging,None|None|None,POINT,1139.964,1139.964,NA,,
IV_Sctaeniopterus_TP_2021-06-12_111439,6/20/2025 12:06,,/Volumes/Pillar/Manning_Bonaire2021_FishFollows/IV/Sctaeniopterus/IV_Sctaeniopterus_TP_2021-06-12_111439_002.MP4,1308.53,23.98,No focal subject,Bite,Foraging,None|None|None,POINT,1140.487,1140.487,NA,,
IV_Sctaeniopterus_TP_2021-06-12_111439,6/20/2025 12:06,,/Volumes/Pillar/Manning_Bonaire2021_FishFollows/IV/Sctaeniopterus/IV_Sctaeniopterus_TP_2021-06-12_111439_002.MP4,1308.53,23.98,No focal subject,Bite,Foraging,None|None|None,POINT,1141.377,1141.377,NA,,
IV_Sctaeniopterus_TP_2021-06-12_111439,6/20/2025 12:06,,/Volumes/Pillar/Manning_Bonaire2021_FishFollows/IV/Sctaeniopterus/IV_Sctaeniopterus_TP_2021-06-12_111439_002.MP4,1308.53,23.98,No focal subject,Bite,Foraging,None|None|None,POINT,1141.723,1141.723,NA,,
IV_Sctaeniopterus_TP_2021-06-12_111439,6/20/2025 12:06,,/Volumes/Pillar/Manning_Bonaire2021_FishFollows/IV/Sctaeniopterus/IV_Sctaeniopterus_TP_2021-06-12_111439_002.MP4,1308.53,23.98,No focal subject,Bite,Foraging,None|None|None,POINT,1142.223,1142.223,NA,,
IV_Sctaeniopterus_TP_2021-06-12_111439,6/20/2025 12:06,,/Volumes/Pillar/Manning_Bonaire2021_FishFollows/IV/Sctaeniopterus/IV_Sctaeniopterus_TP_2021-06-12_111439_002.MP4,1308.53,23.98,No focal subject,Bite,Foraging,None|None|None,POINT,1143.495,1143.495,NA,,
IV_Sctaeniopterus_TP_2021-06-12_111439,6/20/2025 12:06,,/Volumes/Pillar/Manning_Bonaire2021_FishFollows/IV/Sctaeniopterus/IV_Sctaeniopterus_TP_2021-06-12_111439_002.MP4,1308.53,23.98,No focal subject,Bite,Foraging,None|None|None,POINT,1144.006,1144.006,NA,,
IV_Sctaeniopterus_TP_2021-06-12_111439,6/20/2025 12:06,,/Volumes/Pillar/Manning_Bonaire2021_FishFollows/IV/Sctaeniopterus/IV_Sctaeniopterus_TP_2021-06-12_111439_002.MP4,1308.53,23.98,No focal subject,Bite,Foraging,None|None|None,POINT,1144.997,1144.997,NA,,
IV_Sctaeniopterus_TP_2021-06-12_111439,6/20/2025 12:06,,/Volumes/Pillar/Manning_Bonaire2021_FishFollows/IV/Sctaeniopterus/IV_Sctaeniopterus_TP_2021-06-12_111439_002.MP4,1308.53,23.98,No focal subject,Bite,Foraging,None|None|None,POINT,1145.74,1145.74,NA,,
IV_Sctaeniopterus_TP_2021-06-12_111439,6/20/2025 12:06,,/Volumes/Pillar/Manning_Bonaire2021_FishFollows/IV/Sctaeniopterus/IV_Sctaeniopterus_TP_2021-06-12_111439_002.MP4,1308.53,23.98,No focal subject,Bite,Foraging,None|None|None,POINT,1146.225,1146.225,NA,,
IV_Sctaeniopterus_TP_2021-06-12_111439,6/20/2025 12:06,,/Volumes/Pillar/Manning_Bonaire2021_FishFollows/IV/Sctaeniopterus/IV_Sctaeniopterus_TP_2021-06-12_111439_002.MP4,1308.53,23.98,No focal subject,Bite,Foraging,None|None|None,POINT,1148.477,1148.477,NA,,
IV_Sctaeniopterus_TP_2021-06-12_111439,6/20/2025 12:06,,/Volumes/Pillar/Manning_Bonaire2021_FishFollows/IV/Sctaeniopterus/IV_Sctaeniopterus_TP_2021-06-12_111439_002.MP4,1308.53,23.98,No focal subject,Bite,Foraging,None|None|None,POINT,1162.996,1162.996,NA,,
IV_Sctaeniopterus_TP_2021-06-12_111439,6/20/2025 12:06,,/Volumes/Pillar/Manning_Bonaire2021_FishFollows/IV/Sctaeniopterus/IV_Sctaeniopterus_TP_2021-06-12_111439_002.MP4,1308.53,23.98,No focal subject,Bite,Foraging,None|None|None,POINT,1181.902,1181.902,NA,,
IV_Sctaeniopterus_TP_2021-06-12_111439,6/20/2025 12:06,,/Volumes/Pillar/Manning_Bonaire2021_FishFollows/IV/Sctaeniopterus/IV_Sctaeniopterus_TP_2021-06-12_111439_002.MP4,1308.53,23.98,No focal subject,Bite,Foraging,None|None|None,POINT,1182.732,1182.732,NA,,
IV_Sctaeniopterus_TP_2021-06-12_111439,6/20/2025 12:06,,/Volumes/Pillar/Manning_Bonaire2021_FishFollows/IV/Sctaeniopterus/IV_Sctaeniopterus_TP_2021-06-12_111439_002.MP4,1308.53,23.98,No focal subject,Bite,Foraging,None|None|None,POINT,1186.139,1186.139,NA,,
IV_Sctaeniopterus_TP_2021-06-12_111439,6/20/2025 12:06,,/Volumes/Pillar/Manning_Bonaire2021_FishFollows/IV/Sctaeniopterus/IV_Sctaeniopterus_TP_2021-06-12_111439_002.MP4,1308.53,23.98,No focal subject,Bite,Foraging,None|None|None,POINT,1189.641,1189.641,NA,,
IV_Sctaeniopterus_TP_2021-06-12_111439,6/20/2025 12:06,,/Volumes/Pillar/Manning_Bonaire2021_FishFollows/IV/Sctaeniopterus/IV_Sctaeniopterus_TP_2021-06-12_111439_002.MP4,1308.53,23.98,No focal subject,Bite,Foraging,None|None|None,POINT,1190.006,1190.006,NA,,
IV_Sctaeniopterus_TP_2021-06-12_111439,6/20/2025 12:06,,/Volumes/Pillar/Manning_Bonaire2021_FishFollows/IV/Sctaeniopterus/IV_Sctaeniopterus_TP_2021-06-12_111439_002.MP4,1308.53,23.98,No focal subject,Bite,Foraging,None|None|None,POINT,1190.402,1190.402,NA,,
IV_Sctaeniopterus_TP_2021-06-12_111439,6/20/2025 12:06,,/Volumes/Pillar/Manning_Bonaire2021_FishFollows/IV/Sctaeniopterus/IV_Sctaeniopterus_TP_2021-06-12_111439_002.MP4,1308.53,23.98,No focal subject,Bite,Foraging,None|None|None,POINT,1190.896,1190.896,NA,,
IV_Sctaeniopterus_TP_2021-06-12_111439,6/20/2025 12:06,,/Volumes/Pillar/Manning_Bonaire2021_FishFollows/IV/Sctaeniopterus/IV_Sctaeniopterus_TP_2021-06-12_111439_002.MP4,1308.53,23.98,No focal subject,Bite,Foraging,None|None|None,POINT,1191.898,1191.898,NA,,
IV_Sctaeniopterus_TP_2021-06-12_111439,6/20/2025 12:06,,/Volumes/Pillar/Manning_Bonaire2021_FishFollows/IV/Sctaeniopterus/IV_Sctaeniopterus_TP_2021-06-12_111439_002.MP4,1308.53,23.98,No focal subject,Bite,Foraging,None|None|None,POINT,1192.652,1192.652,NA,,
IV_Sctaeniopterus_TP_2021-06-12_111439,6/20/2025 12:06,,/Volumes/Pillar/Manning_Bonaire2021_FishFollows/IV/Sctaeniopterus/IV_Sctaeniopterus_TP_2021-06-12_111439_002.MP4,1308.53,23.98,No focal subject,Bite,Foraging,None|None|None,POINT,1193.392,1193.392,NA,,
IV_Sctaeniopterus_TP_2021-06-12_111439,6/20/2025 12:06,,/Volumes/Pillar/Manning_Bonaire2021_FishFollows/IV/Sctaeniopterus/IV_Sctaeniopterus_TP_2021-06-12_111439_002.MP4,1308.53,23.98,No focal subject,Bite,Foraging,None|None|None,POINT,1193.729,1193.729,NA,,
IV_Sctaeniopterus_TP_2021-06-12_111439,6/20/2025 12:06,,/Volumes/Pillar/Manning_Bonaire2021_FishFollows/IV/Sctaeniopterus/IV_Sctaeniopterus_TP_2021-06-12_111439_002.MP4,1308.53,23.98,No focal subject,Bite,Foraging,None|None|None,POINT,1194.505,1194.505,NA,,
IV_Sctaeniopterus_TP_2021-06-12_111439,6/20/2025 12:06,,/Volumes/Pillar/Manning_Bonaire2021_FishFollows/IV/Sctaeniopterus/IV_Sctaeniopterus_TP_2021-06-12_111439_002.MP4,1308.53,23.98,No focal subject,Bite,Foraging,None|None|None,POINT,1196.388,1196.388,NA,,
IV_Sctaeniopterus_TP_2021-06-12_111439,6/20/2025 12:06,,/Volumes/Pillar/Manning_Bonaire2021_FishFollows/IV/Sctaeniopterus/IV_Sctaeniopterus_TP_2021-06-12_111439_002.MP4,1308.53,23.98,No focal subject,Bite,Foraging,None|None|None,POINT,1197.48,1197.48,NA,,
IV_Sctaeniopterus_TP_2021-06-12_111439,6/20/2025 12:06,,/Volumes/Pillar/Manning_Bonaire2021_FishFollows/IV/Sctaeniopterus/IV_Sctaeniopterus_TP_2021-06-12_111439_002.MP4,1308.53,23.98,No focal subject,Bite,Foraging,None|None|None,POINT,1198.234,1198.234,NA,,
IV_Sctaeniopterus_TP_2021-06-12_111439,6/20/2025 12:06,,/Volumes/Pillar/Manning_Bonaire2021_FishFollows/IV/Sctaeniopterus/IV_Sctaeniopterus_TP_2021-06-12_111439_002.MP4,1308.53,23.98,No focal subject,Bite,Foraging,None|None|None,POINT,1199.395,1199.395,NA,,
IV_Sctaeniopterus_TP_2021-06-12_111439,6/20/2025 12:06,,/Volumes/Pillar/Manning_Bonaire2021_FishFollows/IV/Sctaeniopterus/IV_Sctaeniopterus_TP_2021-06-12_111439_002.MP4,1308.53,23.98,No focal subject,Bite,Foraging,None|None|None,POINT,1201.142,1201.142,NA,,
IV_Sctaeniopterus_TP_2021-06-12_111439,6/20/2025 12:06,,/Volumes/Pillar/Manning_Bonaire2021_FishFollows/IV/Sctaeniopterus/IV_Sctaeniopterus_TP_2021-06-12_111439_002.MP4,1308.53,23.98,No focal subject,Bite,Foraging,None|None|None,POINT,1201.997,1201.997,NA,,
IV_Sctaeniopterus_TP_2021-06-12_111439,6/20/2025 12:06,,/Volumes/Pillar/Manning_Bonaire2021_FishFollows/IV/Sctaeniopterus/IV_Sctaeniopterus_TP_2021-06-12_111439_002.MP4,1308.53,23.98,No focal subject,Bite,Foraging,None|None|None,POINT,1205.892,1205.892,NA,,
IV_Sctaeniopterus_TP_2021-06-12_111439,6/20/2025 12:06,,/Volumes/Pillar/Manning_Bonaire2021_FishFollows/IV/Sctaeniopterus/IV_Sctaeniopterus_TP_2021-06-12_111439_002.MP4,1308.53,23.98,No focal subject,Bite,Foraging,None|None|None,POINT,1207.903,1207.903,NA,,
IV_Sctaeniopterus_TP_2021-06-12_111439,6/20/2025 12:06,,/Volumes/Pillar/Manning_Bonaire2021_FishFollows/IV/Sctaeniopterus/IV_Sctaeniopterus_TP_2021-06-12_111439_002.MP4,1308.53,23.98,No focal subject,Bite,Foraging,None|None|None,POINT,1210.638,1210.638,NA,,
IV_Sctaeniopterus_TP_2021-06-12_111439,6/20/2025 12:06,,/Volumes/Pillar/Manning_Bonaire2021_FishFollows/IV/Sctaeniopterus/IV_Sctaeniopterus_TP_2021-06-12_111439_002.MP4,1308.53,23.98,No focal subject,Bite,Foraging,None|None|None,POINT,1211.394,1211.394,NA,,
IV_Sctaeniopterus_TP_2021-06-12_111439,6/20/2025 12:06,,/Volumes/Pillar/Manning_Bonaire2021_FishFollows/IV/Sctaeniopterus/IV_Sctaeniopterus_TP_2021-06-12_111439_002.MP4,1308.53,23.98,No focal subject,Bite,Foraging,None|None|None,POINT,1212.141,1212.141,NA,,
IV_Sctaeniopterus_TP_2021-06-12_111439,6/20/2025 12:06,,/Volumes/Pillar/Manning_Bonaire2021_FishFollows/IV/Sctaeniopterus/IV_Sctaeniopterus_TP_2021-06-12_111439_002.MP4,1308.53,23.98,No focal subject,Bite,Foraging,None|None|None,POINT,1213.152,1213.152,NA,,
IV_Sctaeniopterus_TP_2021-06-12_111439,6/20/2025 12:06,,/Volumes/Pillar/Manning_Bonaire2021_FishFollows/IV/Sctaeniopterus/IV_Sctaeniopterus_TP_2021-06-12_111439_002.MP4,1308.53,23.98,No focal subject,Bite,Foraging,None|None|None,POINT,1213.666,1213.666,NA,,
IV_Sctaeniopterus_TP_2021-06-12_111439,6/20/2025 12:06,,/Volumes/Pillar/Manning_Bonaire2021_FishFollows/IV/Sctaeniopterus/IV_Sctaeniopterus_TP_2021-06-12_111439_002.MP4,1308.53,23.98,No focal subject,Bite,Foraging,None|None|None,POINT,1214.652,1214.652,NA,,
IV_Sctaeniopterus_TP_2021-06-12_111439,6/20/2025 12:06,,/Volumes/Pillar/Manning_Bonaire2021_FishFollows/IV/Sctaeniopterus/IV_Sctaeniopterus_TP_2021-06-12_111439_002.MP4,1308.53,23.98,No focal subject,Bite,Foraging,None|None|None,POINT,1215.651,1215.651,NA,,
IV_Sctaeniopterus_TP_2021-06-12_111439,6/20/2025 12:06,,/Volumes/Pillar/Manning_Bonaire2021_FishFollows/IV/Sctaeniopterus/IV_Sctaeniopterus_TP_2021-06-12_111439_002.MP4,1308.53,23.98,No focal subject,Bite,Foraging,None|None|None,POINT,1221.148,1221.148,NA,,
IV_Sctaeniopterus_TP_2021-06-12_111439,6/20/2025 12:06,,/Volumes/Pillar/Manning_Bonaire2021_FishFollows/IV/Sctaeniopterus/IV_Sctaeniopterus_TP_2021-06-12_111439_002.MP4,1308.53,23.98,No focal subject,Bite,Foraging,None|None|None,POINT,1221.471,1221.471,NA,,
IV_Sctaeniopterus_TP_2021-06-12_111439,6/20/2025 12:06,,/Volumes/Pillar/Manning_Bonaire2021_FishFollows/IV/Sctaeniopterus/IV_Sctaeniopterus_TP_2021-06-12_111439_002.MP4,1308.53,23.98,No focal subject,Bite,Foraging,None|None|None,POINT,1222.247,1222.247,NA,,
IV_Sctaeniopterus_TP_2021-06-12_111439,6/20/2025 12:06,,/Volumes/Pillar/Manning_Bonaire2021_FishFollows/IV/Sctaeniopterus/IV_Sctaeniopterus_TP_2021-06-12_111439_002.MP4,1308.53,23.98,No focal subject,Bite,Foraging,None|None|None,POINT,1223.39,1223.39,NA,,
IV_Sctaeniopterus_TP_2021-06-12_111439,6/20/2025 12:06,,/Volumes/Pillar/Manning_Bonaire2021_FishFollows/IV/Sctaeniopterus/IV_Sctaeniopterus_TP_2021-06-12_111439_002.MP4,1308.53,23.98,No focal subject,Bite,Foraging,None|None|None,POINT,1224.146,1224.146,NA,,
IV_Sctaeniopterus_TP_2021-06-12_111439,6/20/2025 12:06,,/Volumes/Pillar/Manning_Bonaire2021_FishFollows/IV/Sctaeniopterus/IV_Sctaeniopterus_TP_2021-06-12_111439_002.MP4,1308.53,23.98,No focal subject,Bite,Foraging,None|None|None,POINT,1225.152,1225.152,NA,,
IV_Sctaeniopterus_TP_2021-06-12_111439,6/20/2025 12:06,,/Volumes/Pillar/Manning_Bonaire2021_FishFollows/IV/Sctaeniopterus/IV_Sctaeniopterus_TP_2021-06-12_111439_002.MP4,1308.53,23.98,No focal subject,Bite,Foraging,None|None|None,POINT,1225.649,1225.649,NA,,
IV_Sctaeniopterus_TP_2021-06-12_111439,6/20/2025 12:06,,/Volumes/Pillar/Manning_Bonaire2021_FishFollows/IV/Sctaeniopterus/IV_Sctaeniopterus_TP_2021-06-12_111439_002.MP4,1308.53,23.98,No focal subject,Bite,Foraging,None|None|None,POINT,1226.655,1226.655,NA,,
IV_Sctaeniopterus_TP_2021-06-12_111439,6/20/2025 12:06,,/Volumes/Pillar/Manning_Bonaire2021_FishFollows/IV/Sctaeniopterus/IV_Sctaeniopterus_TP_2021-06-12_111439_002.MP4,1308.53,23.98,No focal subject,Bite,Foraging,None|None|None,POINT,1228.149,1228.149,NA,,
IV_Sctaeniopterus_TP_2021-06-12_111439,6/20/2025 12:06,,/Volumes/Pillar/Manning_Bonaire2021_FishFollows/IV/Sctaeniopterus/IV_Sctaeniopterus_TP_2021-06-12_111439_002.MP4,1308.53,23.98,No focal subject,Bite,Foraging,None|None|None,POINT,1233.41,1233.41,NA,,
IV_Sctaeniopterus_TP_2021-06-12_111439,6/20/2025 12:06,,/Volumes/Pillar/Manning_Bonaire2021_FishFollows/IV/Sctaeniopterus/IV_Sctaeniopterus_TP_2021-06-12_111439_002.MP4,1308.53,23.98,No focal subject,Bite,Foraging,None|None|None,POINT,1235.651,1235.651,NA,,
IV_Sctaeniopterus_TP_2021-06-12_111439,6/20/2025 12:06,,/Volumes/Pillar/Manning_Bonaire2021_FishFollows/IV/Sctaeniopterus/IV_Sctaeniopterus_TP_2021-06-12_111439_002.MP4,1308.53,23.98,No focal subject,Bite,Foraging,None|None|None,POINT,1236.888,1236.888,NA,,
IV_Sctaeniopterus_TP_2021-06-12_111439,6/20/2025 12:06,,/Volumes/Pillar/Manning_Bonaire2021_FishFollows/IV/Sctaeniopterus/IV_Sctaeniopterus_TP_2021-06-12_111439_002.MP4,1308.53,23.98,No focal subject,Bite,Foraging,None|None|None,POINT,1237.643,1237.643,NA,,
IV_Sctaeniopterus_TP_2021-06-12_111439,6/20/2025 12:06,,/Volumes/Pillar/Manning_Bonaire2021_FishFollows/IV/Sctaeniopterus/IV_Sctaeniopterus_TP_2021-06-12_111439_002.MP4,1308.53,23.98,No focal subject,Bite,Foraging,None|None|None,POINT,1238.385,1238.385,NA,,
IV_Sctaeniopterus_TP_2021-06-12_111439,6/20/2025 12:06,,/Volumes/Pillar/Manning_Bonaire2021_FishFollows/IV/Sctaeniopterus/IV_Sctaeniopterus_TP_2021-06-12_111439_002.MP4,1308.53,23.98,No focal subject,Bite,Foraging,None|None|None,POINT,1239.139,1239.139,NA,,
IV_Sctaeniopterus_TP_2021-06-12_111439,6/20/2025 12:06,,/Volumes/Pillar/Manning_Bonaire2021_FishFollows/IV/Sctaeniopterus/IV_Sctaeniopterus_TP_2021-06-12_111439_002.MP4,1308.53,23.98,No focal subject,Bite,Foraging,None|None|None,POINT,1239.886,1239.886,NA,,
IV_Sctaeniopterus_TP_2021-06-12_111439,6/20/2025 12:06,,/Volumes/Pillar/Manning_Bonaire2021_FishFollows/IV/Sctaeniopterus/IV_Sctaeniopterus_TP_2021-06-12_111439_002.MP4,1308.53,23.98,No focal subject,Bite,Foraging,None|None|None,POINT,1240.915,1240.915,NA,,
IV_Sctaeniopterus_TP_2021-06-12_111439,6/20/2025 12:06,,/Volumes/Pillar/Manning_Bonaire2021_FishFollows/IV/Sctaeniopterus/IV_Sctaeniopterus_TP_2021-06-12_111439_002.MP4,1308.53,23.98,No focal subject,Bite,Foraging,None|None|None,POINT,1241.148,1241.148,NA,,
IV_Sctaeniopterus_TP_2021-06-12_111439,6/20/2025 12:06,,/Volumes/Pillar/Manning_Bonaire2021_FishFollows/IV/Sctaeniopterus/IV_Sctaeniopterus_TP_2021-06-12_111439_002.MP4,1308.53,23.98,No focal subject,Bite,Foraging,None|None|None,POINT,1251.884,1251.884,NA,,
IV_Sctaeniopterus_TP_2021-06-12_111439,6/20/2025 12:06,,/Volumes/Pillar/Manning_Bonaire2021_FishFollows/IV/Sctaeniopterus/IV_Sctaeniopterus_TP_2021-06-12_111439_002.MP4,1308.53,23.98,No focal subject,Bite,Foraging,None|None|None,POINT,1252.644,1252.644,NA,,
IV_Sctaeniopterus_TP_2021-06-12_111439,6/20/2025 12:06,,/Volumes/Pillar/Manning_Bonaire2021_FishFollows/IV/Sctaeniopterus/IV_Sctaeniopterus_TP_2021-06-12_111439_002.MP4,1308.53,23.98,No focal subject,Bite,Foraging,None|None|None,POINT,1252.969,1252.969,NA,,
IV_Sctaeniopterus_TP_2021-06-12_111439,6/20/2025 12:06,,/Volumes/Pillar/Manning_Bonaire2021_FishFollows/IV/Sctaeniopterus/IV_Sctaeniopterus_TP_2021-06-12_111439_002.MP4,1308.53,23.98,No focal subject,Bite,Foraging,None|None|None,POINT,1254.402,1254.402,NA,,
IV_Sctaeniopterus_TP_2021-06-12_111439,6/20/2025 12:06,,/Volumes/Pillar/Manning_Bonaire2021_FishFollows/IV/Sctaeniopterus/IV_Sctaeniopterus_TP_2021-06-12_111439_002.MP4,1308.53,23.98,No focal subject,Bite,Foraging,None|None|None,POINT,1255.25,1255.25,NA,,
IV_Sctaeniopterus_TP_2021-06-12_111439,6/20/2025 12:06,,/Volumes/Pillar/Manning_Bonaire2021_FishFollows/IV/Sctaeniopterus/IV_Sctaeniopterus_TP_2021-06-12_111439_002.MP4,1308.53,23.98,No focal subject,Bite,Foraging,None|None|None,POINT,1264.151,1264.151,NA,,
IV_Sctaeniopterus_TP_2021-06-12_111439,6/20/2025 12:06,,/Volumes/Pillar/Manning_Bonaire2021_FishFollows/IV/Sctaeniopterus/IV_Sctaeniopterus_TP_2021-06-12_111439_002.MP4,1308.53,23.98,No focal subject,Bite,Foraging,None|None|None,POINT,1264.978,1264.978,NA,,
IV_Sctaeniopterus_TP_2021-06-12_111439,6/20/2025 12:06,,/Volumes/Pillar/Manning_Bonaire2021_FishFollows/IV/Sctaeniopterus/IV_Sctaeniopterus_TP_2021-06-12_111439_002.MP4,1308.53,23.98,No focal subject,Bite,Foraging,None|None|None,POINT,1265.736,1265.736,NA,,
IV_Sctaeniopterus_TP_2021-06-12_111439,6/20/2025 12:06,,/Volumes/Pillar/Manning_Bonaire2021_FishFollows/IV/Sctaeniopterus/IV_Sctaeniopterus_TP_2021-06-12_111439_002.MP4,1308.53,23.98,No focal subject,Bite,Foraging,None|None|None,POINT,1266.474,1266.474,NA,,
IV_Sctaeniopterus_TP_2021-06-12_111439,6/20/2025 12:06,,/Volumes/Pillar/Manning_Bonaire2021_FishFollows/IV/Sctaeniopterus/IV_Sctaeniopterus_TP_2021-06-12_111439_002.MP4,1308.53,23.98,No focal subject,Bite,Foraging,None|None|None,POINT,1267.244,1267.244,NA,,
IV_Sctaeniopterus_TP_2021-06-12_111439,6/20/2025 12:06,,/Volumes/Pillar/Manning_Bonaire2021_FishFollows/IV/Sctaeniopterus/IV_Sctaeniopterus_TP_2021-06-12_111439_002.MP4,1308.53,23.98,No focal subject,Bite,Foraging,None|None|None,POINT,1267.978,1267.978,NA,,
IV_Sctaeniopterus_TP_2021-06-12_111439,6/20/2025 12:06,,/Volumes/Pillar/Manning_Bonaire2021_FishFollows/IV/Sctaeniopterus/IV_Sctaeniopterus_TP_2021-06-12_111439_002.MP4,1308.53,23.98,No focal subject,Bite,Foraging,None|None|None,POINT,1268.142,1268.142,NA,,
IV_Sctaeniopterus_TP_2021-06-12_111439,6/20/2025 12:06,,/Volumes/Pillar/Manning_Bonaire2021_FishFollows/IV/Sctaeniopterus/IV_Sctaeniopterus_TP_2021-06-12_111439_002.MP4,1308.53,23.98,No focal subject,Bite,Foraging,None|None|None,POINT,1269.923,1269.923,NA,,
IV_Sctaeniopterus_TP_2021-06-12_111439,6/20/2025 12:06,,/Volumes/Pillar/Manning_Bonaire2021_FishFollows/IV/Sctaeniopterus/IV_Sctaeniopterus_TP_2021-06-12_111439_002.MP4,1308.53,23.98,No focal subject,Bite,Foraging,None|None|None,POINT,1270.731,1270.731,NA,,
IV_Sctaeniopterus_TP_2021-06-12_111439,6/20/2025 12:06,,/Volumes/Pillar/Manning_Bonaire2021_FishFollows/IV/Sctaeniopterus/IV_Sctaeniopterus_TP_2021-06-12_111439_002.MP4,1308.53,23.98,No focal subject,Bite,Foraging,None|None|None,POINT,1271.145,1271.145,NA,,
IV_Sctaeniopterus_TP_2021-06-12_111439,6/20/2025 12:06,,/Volumes/Pillar/Manning_Bonaire2021_FishFollows/IV/Sctaeniopterus/IV_Sctaeniopterus_TP_2021-06-12_111439_002.MP4,1308.53,23.98,No focal subject,Bite,Foraging,None|None|None,POINT,1274.4,1274.4,NA,,
IV_Sctaeniopterus_TP_2021-06-12_111439,6/20/2025 12:06,,/Volumes/Pillar/Manning_Bonaire2021_FishFollows/IV/Sctaeniopterus/IV_Sctaeniopterus_TP_2021-06-12_111439_002.MP4,1308.53,23.98,No focal subject,Bite,Foraging,None|None|None,POINT,1275.233,1275.233,NA,,
IV_Sctaeniopterus_TP_2021-06-12_111439,6/20/2025 12:06,,/Volumes/Pillar/Manning_Bonaire2021_FishFollows/IV/Sctaeniopterus/IV_Sctaeniopterus_TP_2021-06-12_111439_002.MP4,1308.53,23.98,No focal subject,Bite,Foraging,None|None|None,POINT,1276.65,1276.65,NA,,
IV_Sctaeniopterus_TP_2021-06-12_111439,6/20/2025 12:06,,/Volumes/Pillar/Manning_Bonaire2021_FishFollows/IV/Sctaeniopterus/IV_Sctaeniopterus_TP_2021-06-12_111439_002.MP4,1308.53,23.98,No focal subject,Bite,Foraging,None|None|None,POINT,1277.151,1277.151,NA,,
IV_Sctaeniopterus_TP_2021-06-12_111439,6/20/2025 12:06,,/Volumes/Pillar/Manning_Bonaire2021_FishFollows/IV/Sctaeniopterus/IV_Sctaeniopterus_TP_2021-06-12_111439_002.MP4,1308.53,23.98,No focal subject,Bite,Foraging,None|None|None,POINT,1277.478,1277.478,NA,,
IV_Sctaeniopterus_TP_2021-06-12_111439,6/20/2025 12:06,,/Volumes/Pillar/Manning_Bonaire2021_FishFollows/IV/Sctaeniopterus/IV_Sctaeniopterus_TP_2021-06-12_111439_002.MP4,1308.53,23.98,No focal subject,Bite,Foraging,None|None|None,POINT,1277.889,1277.889,NA,,
IV_Sctaeniopterus_TP_2021-06-12_111439,6/20/2025 12:06,,/Volumes/Pillar/Manning_Bonaire2021_FishFollows/IV/Sctaeniopterus/IV_Sctaeniopterus_TP_2021-06-12_111439_002.MP4,1308.53,23.98,No focal subject,Bite,Foraging,None|None|None,POINT,1278.65,1278.65,NA,,
IV_Sctaeniopterus_TP_2021-06-12_111439,6/20/2025 12:06,,/Volumes/Pillar/Manning_Bonaire2021_FishFollows/IV/Sctaeniopterus/IV_Sctaeniopterus_TP_2021-06-12_111439_002.MP4,1308.53,23.98,No focal subject,Bite,Foraging,None|None|None,POINT,1285.392,1285.392,NA,,
IV_Sctaeniopterus_TP_2021-06-12_111439,6/20/2025 12:06,,/Volumes/Pillar/Manning_Bonaire2021_FishFollows/IV/Sctaeniopterus/IV_Sctaeniopterus_TP_2021-06-12_111439_002.MP4,1308.53,23.98,No focal subject,Bite,Foraging,None|None|None,POINT,1286.157,1286.157,NA,,
IV_Sctaeniopterus_TP_2021-06-12_111439,6/20/2025 12:06,,/Volumes/Pillar/Manning_Bonaire2021_FishFollows/IV/Sctaeniopterus/IV_Sctaeniopterus_TP_2021-06-12_111439_002.MP4,1308.53,23.98,No focal subject,Bite,Foraging,None|None|None,POINT,1288.389,1288.389,NA,,
IV_Sctaeniopterus_TP_2021-06-12_111439,6/20/2025 12:06,,/Volumes/Pillar/Manning_Bonaire2021_FishFollows/IV/Sctaeniopterus/IV_Sctaeniopterus_TP_2021-06-12_111439_002.MP4,1308.53,23.98,No focal subject,Bite,Foraging,None|None|None,POINT,1289.145,1289.145,NA,,
IV_Sctaeniopterus_TP_2021-06-12_111439,6/20/2025 12:06,,/Volumes/Pillar/Manning_Bonaire2021_FishFollows/IV/Sctaeniopterus/IV_Sctaeniopterus_TP_2021-06-12_111439_002.MP4,1308.53,23.98,No focal subject,Bite,Foraging,None|None|None,POINT,1290.24,1290.24,NA,,
IV_Sctaeniopterus_TP_2021-06-12_111439,6/20/2025 12:06,,/Volumes/Pillar/Manning_Bonaire2021_FishFollows/IV/Sctaeniopterus/IV_Sctaeniopterus_TP_2021-06-12_111439_002.MP4,1308.53,23.98,No focal subject,Bite,Foraging,None|None|None,POINT,1291.39,1291.39,NA,,
IV_Sctaeniopterus_TP_2021-06-12_111439,6/20/2025 12:06,,/Volumes/Pillar/Manning_Bonaire2021_FishFollows/IV/Sctaeniopterus/IV_Sctaeniopterus_TP_2021-06-12_111439_002.MP4,1308.53,23.98,No focal subject,Bite,Foraging,None|None|None,POINT,1292.391,1292.391,NA,,
IV_Sctaeniopterus_TP_2021-06-12_111439,6/20/2025 12:06,,/Volumes/Pillar/Manning_Bonaire2021_FishFollows/IV/Sctaeniopterus/IV_Sctaeniopterus_TP_2021-06-12_111439_002.MP4,1308.53,23.98,No focal subject,Bite,Foraging,None|None|None,POINT,1294.383,1294.383,NA,,
IV_Sctaeniopterus_TP_2021-06-12_111439,6/20/2025 12:06,,/Volumes/Pillar/Manning_Bonaire2021_FishFollows/IV/Sctaeniopterus/IV_Sctaeniopterus_TP_2021-06-12_111439_002.MP4,1308.53,23.98,No focal subject,Watch Time,Time Keeping,111435,POINT,1305.963,1305.963,NA,,
