Observation id,Observation date,Description,Media file,Total length,FPS,Subject,Behavior,Behavioral category,Modifiers,Behavior type,Start (s),Stop (s),Duration (s),Comment start,Comment stop
IV_Sctaeniopterus_TP_2021-06-10_122626,2025-07-03 13:16:16,,/Users/ally/Documents/johnson lab/parrotfish bites/IV_Sctaeniopterus_TP_2021-06-10_122626_001.MP4,1220.810,23.98,No focal subject,Watch Time,Time Keeping,120559,POINT,1.416,1.416,NA,,
IV_Sctaeniopterus_TP_2021-06-10_122626,2025-07-03 13:16:16,,/Users/ally/Documents/johnson lab/parrotfish bites/IV_Sctaeniopterus_TP_2021-06-10_122626_001.MP4,1220.810,23.98,No focal subject,START/STOP,Time Keeping,,STATE,9.914,1217.009,1207.095,,
IV_Sctaeniopterus_TP_2021-06-10_122626,2025-07-03 13:16:16,,/Users/ally/Documents/johnson lab/parrotfish bites/IV_Sctaeniopterus_TP_2021-06-10_122626_001.MP4,1220.810,23.98,No focal subject,Bite,Foraging,None|None|None,POINT,29.658,29.658,NA,,
IV_Sctaeniopterus_TP_2021-06-10_122626,2025-07-03 13:16:16,,/Users/ally/Documents/johnson lab/parrotfish bites/IV_Sctaeniopterus_TP_2021-06-10_122626_001.MP4,1220.810,23.98,No focal subject,Bite,Foraging,None|None|None,POINT,30.414,30.414,NA,,
IV_Sctaeniopterus_TP_2021-06-10_122626,2025-07-03 13:16:16,,/Users/ally/Documents/johnson lab/parrotfish bites/IV_Sctaeniopterus_TP_2021-06-10_122626_001.MP4,1220.810,23.98,No focal subject,Bite,Foraging,None|None|None,POINT,40.413,40.413,NA,,
IV_Sctaeniopterus_TP_2021-06-10_122626,2025-07-03 13:16:16,,/Users/ally/Documents/johnson lab/parrotfish bites/IV_Sctaeniopterus_TP_2021-06-10_122626_001.MP4,1220.810,23.98,No focal subject,Bite,Foraging,None|None|None,POINT,41.912,41.912,NA,,
IV_Sctaeniopterus_TP_2021-06-10_122626,2025-07-03 13:16:16,,/Users/ally/Documents/johnson lab/parrotfish bites/IV_Sctaeniopterus_TP_2021-06-10_122626_001.MP4,1220.810,23.98,No focal subject,Bite,Foraging,None|None|None,POINT,42.911,42.911,NA,,
IV_Sctaeniopterus_TP_2021-06-10_122626,2025-07-03 13:16:16,,/Users/ally/Documents/johnson lab/parrotfish bites/IV_Sctaeniopterus_TP_2021-06-10_122626_001.MP4,1220.810,23.98,No focal subject,Bite,Foraging,None|None|None,POINT,43.914,43.914,NA,,
IV_Sctaeniopterus_TP_2021-06-10_122626,2025-07-03 13:16:16,,/Users/ally/Documents/johnson lab/parrotfish bites/IV_Sctaeniopterus_TP_2021-06-10_122626_001.MP4,1220.810,23.98,No focal subject,Bite,Foraging,None|None|None,POINT,47.914,47.914,NA,,
IV_Sctaeniopterus_TP_2021-06-10_122626,2025-07-03 13:16:16,,/Users/ally/Documents/johnson lab/parrotfish bites/IV_Sctaeniopterus_TP_2021-06-10_122626_001.MP4,1220.810,23.98,No focal subject,Bite,Foraging,Feces|None|None,POINT,72.413,72.413,NA,,
IV_Sctaeniopterus_TP_2021-06-10_122626,2025-07-03 13:16:16,,/Users/ally/Documents/johnson lab/parrotfish bites/IV_Sctaeniopterus_TP_2021-06-10_122626_001.MP4,1220.810,23.98,No focal subject,Bite,Foraging,None|None|None,POINT,79.411,79.411,NA,,
IV_Sctaeniopterus_TP_2021-06-10_122626,2025-07-03 13:16:16,,/Users/ally/Documents/johnson lab/parrotfish bites/IV_Sctaeniopterus_TP_2021-06-10_122626_001.MP4,1220.810,23.98,No focal subject,Bite,Foraging,None|None|None,POINT,79.911,79.911,NA,,
IV_Sctaeniopterus_TP_2021-06-10_122626,2025-07-03 13:16:16,,/Users/ally/Documents/johnson lab/parrotfish bites/IV_Sctaeniopterus_TP_2021-06-10_122626_001.MP4,1220.810,23.98,No focal subject,Bite,Foraging,None|None|None,POINT,80.412,80.412,NA,,
IV_Sctaeniopterus_TP_2021-06-10_122626,2025-07-03 13:16:16,,/Users/ally/Documents/johnson lab/parrotfish bites/IV_Sctaeniopterus_TP_2021-06-10_122626_001.MP4,1220.810,23.98,No focal subject,Bite,Foraging,None|None|None,POINT,81.415,81.415,NA,,
IV_Sctaeniopterus_TP_2021-06-10_122626,2025-07-03 13:16:16,,/Users/ally/Documents/johnson lab/parrotfish bites/IV_Sctaeniopterus_TP_2021-06-10_122626_001.MP4,1220.810,23.98,No focal subject,Bite,Foraging,None|None|None,POINT,81.914,81.914,NA,,
IV_Sctaeniopterus_TP_2021-06-10_122626,2025-07-03 13:16:16,,/Users/ally/Documents/johnson lab/parrotfish bites/IV_Sctaeniopterus_TP_2021-06-10_122626_001.MP4,1220.810,23.98,No focal subject,Bite,Foraging,None|None|None,POINT,82.413,82.413,NA,,
IV_Sctaeniopterus_TP_2021-06-10_122626,2025-07-03 13:16:16,,/Users/ally/Documents/johnson lab/parrotfish bites/IV_Sctaeniopterus_TP_2021-06-10_122626_001.MP4,1220.810,23.98,No focal subject,Bite,Foraging,None|None|None,POINT,83.413,83.413,NA,,
IV_Sctaeniopterus_TP_2021-06-10_122626,2025-07-03 13:16:16,,/Users/ally/Documents/johnson lab/parrotfish bites/IV_Sctaeniopterus_TP_2021-06-10_122626_001.MP4,1220.810,23.98,No focal subject,Bite,Foraging,None|None|None,POINT,83.913,83.913,NA,,
IV_Sctaeniopterus_TP_2021-06-10_122626,2025-07-03 13:16:16,,/Users/ally/Documents/johnson lab/parrotfish bites/IV_Sctaeniopterus_TP_2021-06-10_122626_001.MP4,1220.810,23.98,No focal subject,Bite,Foraging,None|None|None,POINT,84.912,84.912,NA,,
IV_Sctaeniopterus_TP_2021-06-10_122626,2025-07-03 13:16:16,,/Users/ally/Documents/johnson lab/parrotfish bites/IV_Sctaeniopterus_TP_2021-06-10_122626_001.MP4,1220.810,23.98,No focal subject,Bite,Foraging,None|None|None,POINT,85.412,85.412,NA,,
IV_Sctaeniopterus_TP_2021-06-10_122626,2025-07-03 13:16:16,,/Users/ally/Documents/johnson lab/parrotfish bites/IV_Sctaeniopterus_TP_2021-06-10_122626_001.MP4,1220.810,23.98,No focal subject,Bite,Foraging,None|None|None,POINT,85.912,85.912,NA,,
IV_Sctaeniopterus_TP_2021-06-10_122626,2025-07-03 13:16:16,,/Users/ally/Documents/johnson lab/parrotfish bites/IV_Sctaeniopterus_TP_2021-06-10_122626_001.MP4,1220.810,23.98,No focal subject,Bite,Foraging,None|None|None,POINT,86.913,86.913,NA,,
IV_Sctaeniopterus_TP_2021-06-10_122626,2025-07-03 13:16:16,,/Users/ally/Documents/johnson lab/parrotfish bites/IV_Sctaeniopterus_TP_2021-06-10_122626_001.MP4,1220.810,23.98,No focal subject,Bite,Foraging,None|None|None,POINT,87.911,87.911,NA,,
IV_Sctaeniopterus_TP_2021-06-10_122626,2025-07-03 13:16:16,,/Users/ally/Documents/johnson lab/parrotfish bites/IV_Sctaeniopterus_TP_2021-06-10_122626_001.MP4,1220.810,23.98,No focal subject,Bite,Foraging,None|None|None,POINT,88.912,88.912,NA,,
IV_Sctaeniopterus_TP_2021-06-10_122626,2025-07-03 13:16:16,,/Users/ally/Documents/johnson lab/parrotfish bites/IV_Sctaeniopterus_TP_2021-06-10_122626_001.MP4,1220.810,23.98,No focal subject,Bite,Foraging,None|None|None,POINT,89.913,89.913,NA,,
IV_Sctaeniopterus_TP_2021-06-10_122626,2025-07-03 13:16:16,,/Users/ally/Documents/johnson lab/parrotfish bites/IV_Sctaeniopterus_TP_2021-06-10_122626_001.MP4,1220.810,23.98,No focal subject,Bite,Foraging,None|None|None,POINT,90.661,90.661,NA,,
IV_Sctaeniopterus_TP_2021-06-10_122626,2025-07-03 13:16:16,,/Users/ally/Documents/johnson lab/parrotfish bites/IV_Sctaeniopterus_TP_2021-06-10_122626_001.MP4,1220.810,23.98,No focal subject,Bite,Foraging,None|None|None,POINT,90.912,90.912,NA,,
IV_Sctaeniopterus_TP_2021-06-10_122626,2025-07-03 13:16:16,,/Users/ally/Documents/johnson lab/parrotfish bites/IV_Sctaeniopterus_TP_2021-06-10_122626_001.MP4,1220.810,23.98,No focal subject,Bite,Foraging,None|None|None,POINT,91.412,91.412,NA,,
IV_Sctaeniopterus_TP_2021-06-10_122626,2025-07-03 13:16:16,,/Users/ally/Documents/johnson lab/parrotfish bites/IV_Sctaeniopterus_TP_2021-06-10_122626_001.MP4,1220.810,23.98,No focal subject,Bite,Foraging,None|None|None,POINT,91.911,91.911,NA,,
IV_Sctaeniopterus_TP_2021-06-10_122626,2025-07-03 13:16:16,,/Users/ally/Documents/johnson lab/parrotfish bites/IV_Sctaeniopterus_TP_2021-06-10_122626_001.MP4,1220.810,23.98,No focal subject,Bite,Foraging,None|None|None,POINT,92.411,92.411,NA,,
IV_Sctaeniopterus_TP_2021-06-10_122626,2025-07-03 13:16:16,,/Users/ally/Documents/johnson lab/parrotfish bites/IV_Sctaeniopterus_TP_2021-06-10_122626_001.MP4,1220.810,23.98,No focal subject,Bite,Foraging,None|None|None,POINT,93.412,93.412,NA,,
IV_Sctaeniopterus_TP_2021-06-10_122626,2025-07-03 13:16:16,,/Users/ally/Documents/johnson lab/parrotfish bites/IV_Sctaeniopterus_TP_2021-06-10_122626_001.MP4,1220.810,23.98,No focal subject,Bite,Foraging,None|None|None,POINT,93.913,93.913,NA,,
IV_Sctaeniopterus_TP_2021-06-10_122626,2025-07-03 13:16:16,,/Users/ally/Documents/johnson lab/parrotfish bites/IV_Sctaeniopterus_TP_2021-06-10_122626_001.MP4,1220.810,23.98,No focal subject,Bite,Foraging,None|None|None,POINT,94.411,94.411,NA,,
IV_Sctaeniopterus_TP_2021-06-10_122626,2025-07-03 13:16:16,,/Users/ally/Documents/johnson lab/parrotfish bites/IV_Sctaeniopterus_TP_2021-06-10_122626_001.MP4,1220.810,23.98,No focal subject,Bite,Foraging,None|None|None,POINT,95.410,95.410,NA,,
IV_Sctaeniopterus_TP_2021-06-10_122626,2025-07-03 13:16:16,,/Users/ally/Documents/johnson lab/parrotfish bites/IV_Sctaeniopterus_TP_2021-06-10_122626_001.MP4,1220.810,23.98,No focal subject,Bite,Foraging,None|None|None,POINT,95.660,95.660,NA,,
IV_Sctaeniopterus_TP_2021-06-10_122626,2025-07-03 13:16:16,,/Users/ally/Documents/johnson lab/parrotfish bites/IV_Sctaeniopterus_TP_2021-06-10_122626_001.MP4,1220.810,23.98,No focal subject,Bite,Foraging,None|None|None,POINT,96.413,96.413,NA,,
IV_Sctaeniopterus_TP_2021-06-10_122626,2025-07-03 13:16:16,,/Users/ally/Documents/johnson lab/parrotfish bites/IV_Sctaeniopterus_TP_2021-06-10_122626_001.MP4,1220.810,23.98,No focal subject,Bite,Foraging,None|None|None,POINT,97.413,97.413,NA,,
IV_Sctaeniopterus_TP_2021-06-10_122626,2025-07-03 13:16:16,,/Users/ally/Documents/johnson lab/parrotfish bites/IV_Sctaeniopterus_TP_2021-06-10_122626_001.MP4,1220.810,23.98,No focal subject,Bite,Foraging,None|None|None,POINT,98.160,98.160,NA,,
IV_Sctaeniopterus_TP_2021-06-10_122626,2025-07-03 13:16:16,,/Users/ally/Documents/johnson lab/parrotfish bites/IV_Sctaeniopterus_TP_2021-06-10_122626_001.MP4,1220.810,23.98,No focal subject,Bite,Foraging,None|None|None,POINT,98.412,98.412,NA,,
IV_Sctaeniopterus_TP_2021-06-10_122626,2025-07-03 13:16:16,,/Users/ally/Documents/johnson lab/parrotfish bites/IV_Sctaeniopterus_TP_2021-06-10_122626_001.MP4,1220.810,23.98,No focal subject,Bite,Foraging,None|None|None,POINT,99.412,99.412,NA,,
IV_Sctaeniopterus_TP_2021-06-10_122626,2025-07-03 13:16:16,,/Users/ally/Documents/johnson lab/parrotfish bites/IV_Sctaeniopterus_TP_2021-06-10_122626_001.MP4,1220.810,23.98,No focal subject,Bite,Foraging,None|None|None,POINT,100.413,100.413,NA,,
IV_Sctaeniopterus_TP_2021-06-10_122626,2025-07-03 13:16:16,,/Users/ally/Documents/johnson lab/parrotfish bites/IV_Sctaeniopterus_TP_2021-06-10_122626_001.MP4,1220.810,23.98,No focal subject,Bite,Foraging,None|None|None,POINT,101.413,101.413,NA,,
IV_Sctaeniopterus_TP_2021-06-10_122626,2025-07-03 13:16:16,,/Users/ally/Documents/johnson lab/parrotfish bites/IV_Sctaeniopterus_TP_2021-06-10_122626_001.MP4,1220.810,23.98,No focal subject,Bite,Foraging,None|None|None,POINT,101.911,101.911,NA,,
IV_Sctaeniopterus_TP_2021-06-10_122626,2025-07-03 13:16:16,,/Users/ally/Documents/johnson lab/parrotfish bites/IV_Sctaeniopterus_TP_2021-06-10_122626_001.MP4,1220.810,23.98,No focal subject,Bite,Foraging,None|None|None,POINT,102.411,102.411,NA,,
IV_Sctaeniopterus_TP_2021-06-10_122626,2025-07-03 13:16:16,,/Users/ally/Documents/johnson lab/parrotfish bites/IV_Sctaeniopterus_TP_2021-06-10_122626_001.MP4,1220.810,23.98,No focal subject,Bite,Foraging,None|None|None,POINT,106.914,106.914,NA,,
IV_Sctaeniopterus_TP_2021-06-10_122626,2025-07-03 13:16:16,,/Users/ally/Documents/johnson lab/parrotfish bites/IV_Sctaeniopterus_TP_2021-06-10_122626_001.MP4,1220.810,23.98,No focal subject,Bite,Foraging,None|None|None,POINT,107.160,107.160,NA,,
IV_Sctaeniopterus_TP_2021-06-10_122626,2025-07-03 13:16:16,,/Users/ally/Documents/johnson lab/parrotfish bites/IV_Sctaeniopterus_TP_2021-06-10_122626_001.MP4,1220.810,23.98,No focal subject,Bite,Foraging,None|None|None,POINT,107.412,107.412,NA,,
IV_Sctaeniopterus_TP_2021-06-10_122626,2025-07-03 13:16:16,,/Users/ally/Documents/johnson lab/parrotfish bites/IV_Sctaeniopterus_TP_2021-06-10_122626_001.MP4,1220.810,23.98,No focal subject,Bite,Foraging,None|None|None,POINT,108.412,108.412,NA,,
IV_Sctaeniopterus_TP_2021-06-10_122626,2025-07-03 13:16:16,,/Users/ally/Documents/johnson lab/parrotfish bites/IV_Sctaeniopterus_TP_2021-06-10_122626_001.MP4,1220.810,23.98,No focal subject,Bite,Foraging,None|None|None,POINT,109.414,109.414,NA,,
IV_Sctaeniopterus_TP_2021-06-10_122626,2025-07-03 13:16:16,,/Users/ally/Documents/johnson lab/parrotfish bites/IV_Sctaeniopterus_TP_2021-06-10_122626_001.MP4,1220.810,23.98,No focal subject,Bite,Foraging,None|None|None,POINT,109.913,109.913,NA,,
IV_Sctaeniopterus_TP_2021-06-10_122626,2025-07-03 13:16:16,,/Users/ally/Documents/johnson lab/parrotfish bites/IV_Sctaeniopterus_TP_2021-06-10_122626_001.MP4,1220.810,23.98,No focal subject,Bite,Foraging,None|None|None,POINT,111.915,111.915,NA,,
IV_Sctaeniopterus_TP_2021-06-10_122626,2025-07-03 13:16:16,,/Users/ally/Documents/johnson lab/parrotfish bites/IV_Sctaeniopterus_TP_2021-06-10_122626_001.MP4,1220.810,23.98,No focal subject,Bite,Foraging,None|None|None,POINT,112.915,112.915,NA,,
IV_Sctaeniopterus_TP_2021-06-10_122626,2025-07-03 13:16:16,,/Users/ally/Documents/johnson lab/parrotfish bites/IV_Sctaeniopterus_TP_2021-06-10_122626_001.MP4,1220.810,23.98,No focal subject,Bite,Foraging,None|None|None,POINT,113.412,113.412,NA,,
IV_Sctaeniopterus_TP_2021-06-10_122626,2025-07-03 13:16:16,,/Users/ally/Documents/johnson lab/parrotfish bites/IV_Sctaeniopterus_TP_2021-06-10_122626_001.MP4,1220.810,23.98,No focal subject,Bite,Foraging,None|None|None,POINT,113.912,113.912,NA,,
IV_Sctaeniopterus_TP_2021-06-10_122626,2025-07-03 13:16:16,,/Users/ally/Documents/johnson lab/parrotfish bites/IV_Sctaeniopterus_TP_2021-06-10_122626_001.MP4,1220.810,23.98,No focal subject,Bite,Foraging,None|None|None,POINT,114.913,114.913,NA,,
IV_Sctaeniopterus_TP_2021-06-10_122626,2025-07-03 13:16:16,,/Users/ally/Documents/johnson lab/parrotfish bites/IV_Sctaeniopterus_TP_2021-06-10_122626_001.MP4,1220.810,23.98,No focal subject,Bite,Foraging,None|None|None,POINT,115.912,115.912,NA,,
IV_Sctaeniopterus_TP_2021-06-10_122626,2025-07-03 13:16:16,,/Users/ally/Documents/johnson lab/parrotfish bites/IV_Sctaeniopterus_TP_2021-06-10_122626_001.MP4,1220.810,23.98,No focal subject,Bite,Foraging,None|None|None,POINT,116.411,116.411,NA,,
IV_Sctaeniopterus_TP_2021-06-10_122626,2025-07-03 13:16:16,,/Users/ally/Documents/johnson lab/parrotfish bites/IV_Sctaeniopterus_TP_2021-06-10_122626_001.MP4,1220.810,23.98,No focal subject,Bite,Foraging,None|None|None,POINT,116.914,116.914,NA,,
IV_Sctaeniopterus_TP_2021-06-10_122626,2025-07-03 13:16:16,,/Users/ally/Documents/johnson lab/parrotfish bites/IV_Sctaeniopterus_TP_2021-06-10_122626_001.MP4,1220.810,23.98,No focal subject,Bite,Foraging,None|None|None,POINT,117.913,117.913,NA,,
IV_Sctaeniopterus_TP_2021-06-10_122626,2025-07-03 13:16:16,,/Users/ally/Documents/johnson lab/parrotfish bites/IV_Sctaeniopterus_TP_2021-06-10_122626_001.MP4,1220.810,23.98,No focal subject,Bite,Foraging,Feces|None|None,POINT,131.911,131.911,NA,,
IV_Sctaeniopterus_TP_2021-06-10_122626,2025-07-03 13:16:16,,/Users/ally/Documents/johnson lab/parrotfish bites/IV_Sctaeniopterus_TP_2021-06-10_122626_001.MP4,1220.810,23.98,No focal subject,Bite,Foraging,None|None|None,POINT,142.413,142.413,NA,,
IV_Sctaeniopterus_TP_2021-06-10_122626,2025-07-03 13:16:16,,/Users/ally/Documents/johnson lab/parrotfish bites/IV_Sctaeniopterus_TP_2021-06-10_122626_001.MP4,1220.810,23.98,No focal subject,Bite,Foraging,None|None|None,POINT,143.412,143.412,NA,,
IV_Sctaeniopterus_TP_2021-06-10_122626,2025-07-03 13:16:16,,/Users/ally/Documents/johnson lab/parrotfish bites/IV_Sctaeniopterus_TP_2021-06-10_122626_001.MP4,1220.810,23.98,No focal subject,Bite,Foraging,None|None|None,POINT,145.413,145.413,NA,,
IV_Sctaeniopterus_TP_2021-06-10_122626,2025-07-03 13:16:16,,/Users/ally/Documents/johnson lab/parrotfish bites/IV_Sctaeniopterus_TP_2021-06-10_122626_001.MP4,1220.810,23.98,No focal subject,Bite,Foraging,None|None|None,POINT,146.913,146.913,NA,,
IV_Sctaeniopterus_TP_2021-06-10_122626,2025-07-03 13:16:16,,/Users/ally/Documents/johnson lab/parrotfish bites/IV_Sctaeniopterus_TP_2021-06-10_122626_001.MP4,1220.810,23.98,No focal subject,Bite,Foraging,None|None|None,POINT,148.411,148.411,NA,,
IV_Sctaeniopterus_TP_2021-06-10_122626,2025-07-03 13:16:16,,/Users/ally/Documents/johnson lab/parrotfish bites/IV_Sctaeniopterus_TP_2021-06-10_122626_001.MP4,1220.810,23.98,No focal subject,Bite,Foraging,None|None|None,POINT,154.412,154.412,NA,,
IV_Sctaeniopterus_TP_2021-06-10_122626,2025-07-03 13:16:16,,/Users/ally/Documents/johnson lab/parrotfish bites/IV_Sctaeniopterus_TP_2021-06-10_122626_001.MP4,1220.810,23.98,No focal subject,Bite,Foraging,None|None|None,POINT,164.413,164.413,NA,,
IV_Sctaeniopterus_TP_2021-06-10_122626,2025-07-03 13:16:16,,/Users/ally/Documents/johnson lab/parrotfish bites/IV_Sctaeniopterus_TP_2021-06-10_122626_001.MP4,1220.810,23.98,No focal subject,Bite,Foraging,None|None|None,POINT,165.412,165.412,NA,,
IV_Sctaeniopterus_TP_2021-06-10_122626,2025-07-03 13:16:16,,/Users/ally/Documents/johnson lab/parrotfish bites/IV_Sctaeniopterus_TP_2021-06-10_122626_001.MP4,1220.810,23.98,No focal subject,Bite,Foraging,None|None|None,POINT,166.913,166.913,NA,,
IV_Sctaeniopterus_TP_2021-06-10_122626,2025-07-03 13:16:16,,/Users/ally/Documents/johnson lab/parrotfish bites/IV_Sctaeniopterus_TP_2021-06-10_122626_001.MP4,1220.810,23.98,No focal subject,Bite,Foraging,None|None|None,POINT,183.159,183.159,NA,,
IV_Sctaeniopterus_TP_2021-06-10_122626,2025-07-03 13:16:16,,/Users/ally/Documents/johnson lab/parrotfish bites/IV_Sctaeniopterus_TP_2021-06-10_122626_001.MP4,1220.810,23.98,No focal subject,Bite,Foraging,None|None|None,POINT,183.912,183.912,NA,,
IV_Sctaeniopterus_TP_2021-06-10_122626,2025-07-03 13:16:16,,/Users/ally/Documents/johnson lab/parrotfish bites/IV_Sctaeniopterus_TP_2021-06-10_122626_001.MP4,1220.810,23.98,No focal subject,Bite,Foraging,None|None|None,POINT,188.912,188.912,NA,,
IV_Sctaeniopterus_TP_2021-06-10_122626,2025-07-03 13:16:16,,/Users/ally/Documents/johnson lab/parrotfish bites/IV_Sctaeniopterus_TP_2021-06-10_122626_001.MP4,1220.810,23.98,No focal subject,Bite,Foraging,None|None|None,POINT,189.912,189.912,NA,,
IV_Sctaeniopterus_TP_2021-06-10_122626,2025-07-03 13:16:16,,/Users/ally/Documents/johnson lab/parrotfish bites/IV_Sctaeniopterus_TP_2021-06-10_122626_001.MP4,1220.810,23.98,No focal subject,Bite,Foraging,None|None|None,POINT,191.911,191.911,NA,,
IV_Sctaeniopterus_TP_2021-06-10_122626,2025-07-03 13:16:16,,/Users/ally/Documents/johnson lab/parrotfish bites/IV_Sctaeniopterus_TP_2021-06-10_122626_001.MP4,1220.810,23.98,No focal subject,Bite,Foraging,None|None|None,POINT,193.160,193.160,NA,,
IV_Sctaeniopterus_TP_2021-06-10_122626,2025-07-03 13:16:16,,/Users/ally/Documents/johnson lab/parrotfish bites/IV_Sctaeniopterus_TP_2021-06-10_122626_001.MP4,1220.810,23.98,No focal subject,Bite,Foraging,None|None|None,POINT,197.412,197.412,NA,,
IV_Sctaeniopterus_TP_2021-06-10_122626,2025-07-03 13:16:16,,/Users/ally/Documents/johnson lab/parrotfish bites/IV_Sctaeniopterus_TP_2021-06-10_122626_001.MP4,1220.810,23.98,No focal subject,Bite,Foraging,None|None|None,POINT,198.412,198.412,NA,,
IV_Sctaeniopterus_TP_2021-06-10_122626,2025-07-03 13:16:16,,/Users/ally/Documents/johnson lab/parrotfish bites/IV_Sctaeniopterus_TP_2021-06-10_122626_001.MP4,1220.810,23.98,No focal subject,Bite,Foraging,None|None|None,POINT,198.912,198.912,NA,,
IV_Sctaeniopterus_TP_2021-06-10_122626,2025-07-03 13:16:16,,/Users/ally/Documents/johnson lab/parrotfish bites/IV_Sctaeniopterus_TP_2021-06-10_122626_001.MP4,1220.810,23.98,No focal subject,Bite,Foraging,None|None|None,POINT,200.412,200.412,NA,,
IV_Sctaeniopterus_TP_2021-06-10_122626,2025-07-03 13:16:16,,/Users/ally/Documents/johnson lab/parrotfish bites/IV_Sctaeniopterus_TP_2021-06-10_122626_001.MP4,1220.810,23.98,No focal subject,Bite,Foraging,None|None|None,POINT,201.913,201.913,NA,,
IV_Sctaeniopterus_TP_2021-06-10_122626,2025-07-03 13:16:16,,/Users/ally/Documents/johnson lab/parrotfish bites/IV_Sctaeniopterus_TP_2021-06-10_122626_001.MP4,1220.810,23.98,No focal subject,Bite,Foraging,None|None|None,POINT,203.415,203.415,NA,,
IV_Sctaeniopterus_TP_2021-06-10_122626,2025-07-03 13:16:16,,/Users/ally/Documents/johnson lab/parrotfish bites/IV_Sctaeniopterus_TP_2021-06-10_122626_001.MP4,1220.810,23.98,No focal subject,Bite,Foraging,None|None|None,POINT,204.414,204.414,NA,,
IV_Sctaeniopterus_TP_2021-06-10_122626,2025-07-03 13:16:16,,/Users/ally/Documents/johnson lab/parrotfish bites/IV_Sctaeniopterus_TP_2021-06-10_122626_001.MP4,1220.810,23.98,No focal subject,Bite,Foraging,None|None|None,POINT,204.912,204.912,NA,,
IV_Sctaeniopterus_TP_2021-06-10_122626,2025-07-03 13:16:16,,/Users/ally/Documents/johnson lab/parrotfish bites/IV_Sctaeniopterus_TP_2021-06-10_122626_001.MP4,1220.810,23.98,No focal subject,Bite,Foraging,None|None|None,POINT,205.412,205.412,NA,,
IV_Sctaeniopterus_TP_2021-06-10_122626,2025-07-03 13:16:16,,/Users/ally/Documents/johnson lab/parrotfish bites/IV_Sctaeniopterus_TP_2021-06-10_122626_001.MP4,1220.810,23.98,No focal subject,Bite,Foraging,None|None|None,POINT,206.413,206.413,NA,,
IV_Sctaeniopterus_TP_2021-06-10_122626,2025-07-03 13:16:16,,/Users/ally/Documents/johnson lab/parrotfish bites/IV_Sctaeniopterus_TP_2021-06-10_122626_001.MP4,1220.810,23.98,No focal subject,Bite,Foraging,None|None|None,POINT,206.913,206.913,NA,,
IV_Sctaeniopterus_TP_2021-06-10_122626,2025-07-03 13:16:16,,/Users/ally/Documents/johnson lab/parrotfish bites/IV_Sctaeniopterus_TP_2021-06-10_122626_001.MP4,1220.810,23.98,No focal subject,Bite,Foraging,None|None|None,POINT,207.913,207.913,NA,,
IV_Sctaeniopterus_TP_2021-06-10_122626,2025-07-03 13:16:16,,/Users/ally/Documents/johnson lab/parrotfish bites/IV_Sctaeniopterus_TP_2021-06-10_122626_001.MP4,1220.810,23.98,No focal subject,Bite,Foraging,None|None|None,POINT,208.413,208.413,NA,,
IV_Sctaeniopterus_TP_2021-06-10_122626,2025-07-03 13:16:16,,/Users/ally/Documents/johnson lab/parrotfish bites/IV_Sctaeniopterus_TP_2021-06-10_122626_001.MP4,1220.810,23.98,No focal subject,Bite,Foraging,None|None|None,POINT,208.914,208.914,NA,,
IV_Sctaeniopterus_TP_2021-06-10_122626,2025-07-03 13:16:16,,/Users/ally/Documents/johnson lab/parrotfish bites/IV_Sctaeniopterus_TP_2021-06-10_122626_001.MP4,1220.810,23.98,No focal subject,Bite,Foraging,None|None|None,POINT,210.413,210.413,NA,,
IV_Sctaeniopterus_TP_2021-06-10_122626,2025-07-03 13:16:16,,/Users/ally/Documents/johnson lab/parrotfish bites/IV_Sctaeniopterus_TP_2021-06-10_122626_001.MP4,1220.810,23.98,No focal subject,Bite,Foraging,None|None|None,POINT,211.412,211.412,NA,,
IV_Sctaeniopterus_TP_2021-06-10_122626,2025-07-03 13:16:16,,/Users/ally/Documents/johnson lab/parrotfish bites/IV_Sctaeniopterus_TP_2021-06-10_122626_001.MP4,1220.810,23.98,No focal subject,Bite,Foraging,None|None|None,POINT,213.415,213.415,NA,,
IV_Sctaeniopterus_TP_2021-06-10_122626,2025-07-03 13:16:16,,/Users/ally/Documents/johnson lab/parrotfish bites/IV_Sctaeniopterus_TP_2021-06-10_122626_001.MP4,1220.810,23.98,No focal subject,Bite,Foraging,None|None|None,POINT,213.912,213.912,NA,,
IV_Sctaeniopterus_TP_2021-06-10_122626,2025-07-03 13:16:16,,/Users/ally/Documents/johnson lab/parrotfish bites/IV_Sctaeniopterus_TP_2021-06-10_122626_001.MP4,1220.810,23.98,No focal subject,Bite,Foraging,None|None|None,POINT,214.413,214.413,NA,,
IV_Sctaeniopterus_TP_2021-06-10_122626,2025-07-03 13:16:16,,/Users/ally/Documents/johnson lab/parrotfish bites/IV_Sctaeniopterus_TP_2021-06-10_122626_001.MP4,1220.810,23.98,No focal subject,Bite,Foraging,None|None|None,POINT,215.413,215.413,NA,,
IV_Sctaeniopterus_TP_2021-06-10_122626,2025-07-03 13:16:16,,/Users/ally/Documents/johnson lab/parrotfish bites/IV_Sctaeniopterus_TP_2021-06-10_122626_001.MP4,1220.810,23.98,No focal subject,Bite,Foraging,None|None|None,POINT,216.415,216.415,NA,,
IV_Sctaeniopterus_TP_2021-06-10_122626,2025-07-03 13:16:16,,/Users/ally/Documents/johnson lab/parrotfish bites/IV_Sctaeniopterus_TP_2021-06-10_122626_001.MP4,1220.810,23.98,No focal subject,Bite,Foraging,None|None|None,POINT,217.407,217.407,NA,,
IV_Sctaeniopterus_TP_2021-06-10_122626,2025-07-03 13:16:16,,/Users/ally/Documents/johnson lab/parrotfish bites/IV_Sctaeniopterus_TP_2021-06-10_122626_001.MP4,1220.810,23.98,No focal subject,Bite,Foraging,None|None|None,POINT,218.913,218.913,NA,,
IV_Sctaeniopterus_TP_2021-06-10_122626,2025-07-03 13:16:16,,/Users/ally/Documents/johnson lab/parrotfish bites/IV_Sctaeniopterus_TP_2021-06-10_122626_001.MP4,1220.810,23.98,No focal subject,Bite,Foraging,None|None|None,POINT,219.411,219.411,NA,,
IV_Sctaeniopterus_TP_2021-06-10_122626,2025-07-03 13:16:16,,/Users/ally/Documents/johnson lab/parrotfish bites/IV_Sctaeniopterus_TP_2021-06-10_122626_001.MP4,1220.810,23.98,No focal subject,Bite,Foraging,None|None|None,POINT,219.912,219.912,NA,,
IV_Sctaeniopterus_TP_2021-06-10_122626,2025-07-03 13:16:16,,/Users/ally/Documents/johnson lab/parrotfish bites/IV_Sctaeniopterus_TP_2021-06-10_122626_001.MP4,1220.810,23.98,No focal subject,Bite,Foraging,None|None|None,POINT,220.412,220.412,NA,,
IV_Sctaeniopterus_TP_2021-06-10_122626,2025-07-03 13:16:16,,/Users/ally/Documents/johnson lab/parrotfish bites/IV_Sctaeniopterus_TP_2021-06-10_122626_001.MP4,1220.810,23.98,No focal subject,Bite,Foraging,None|None|None,POINT,226.913,226.913,NA,,
IV_Sctaeniopterus_TP_2021-06-10_122626,2025-07-03 13:16:16,,/Users/ally/Documents/johnson lab/parrotfish bites/IV_Sctaeniopterus_TP_2021-06-10_122626_001.MP4,1220.810,23.98,No focal subject,Bite,Foraging,None|None|None,POINT,236.412,236.412,NA,,
IV_Sctaeniopterus_TP_2021-06-10_122626,2025-07-03 13:16:16,,/Users/ally/Documents/johnson lab/parrotfish bites/IV_Sctaeniopterus_TP_2021-06-10_122626_001.MP4,1220.810,23.98,No focal subject,Bite,Foraging,None|None|None,POINT,247.912,247.912,NA,,
IV_Sctaeniopterus_TP_2021-06-10_122626,2025-07-03 13:16:16,,/Users/ally/Documents/johnson lab/parrotfish bites/IV_Sctaeniopterus_TP_2021-06-10_122626_001.MP4,1220.810,23.98,No focal subject,Bite,Foraging,None|None|None,POINT,248.413,248.413,NA,,
IV_Sctaeniopterus_TP_2021-06-10_122626,2025-07-03 13:16:16,,/Users/ally/Documents/johnson lab/parrotfish bites/IV_Sctaeniopterus_TP_2021-06-10_122626_001.MP4,1220.810,23.98,No focal subject,Bite,Foraging,None|None|None,POINT,248.912,248.912,NA,,
IV_Sctaeniopterus_TP_2021-06-10_122626,2025-07-03 13:16:16,,/Users/ally/Documents/johnson lab/parrotfish bites/IV_Sctaeniopterus_TP_2021-06-10_122626_001.MP4,1220.810,23.98,No focal subject,Bite,Foraging,None|None|None,POINT,249.663,249.663,NA,,
IV_Sctaeniopterus_TP_2021-06-10_122626,2025-07-03 13:16:16,,/Users/ally/Documents/johnson lab/parrotfish bites/IV_Sctaeniopterus_TP_2021-06-10_122626_001.MP4,1220.810,23.98,No focal subject,Bite,Foraging,None|None|None,POINT,251.164,251.164,NA,,
IV_Sctaeniopterus_TP_2021-06-10_122626,2025-07-03 13:16:16,,/Users/ally/Documents/johnson lab/parrotfish bites/IV_Sctaeniopterus_TP_2021-06-10_122626_001.MP4,1220.810,23.98,No focal subject,Bite,Foraging,None|None|None,POINT,252.163,252.163,NA,,
IV_Sctaeniopterus_TP_2021-06-10_122626,2025-07-03 13:16:16,,/Users/ally/Documents/johnson lab/parrotfish bites/IV_Sctaeniopterus_TP_2021-06-10_122626_001.MP4,1220.810,23.98,No focal subject,Bite,Foraging,None|None|None,POINT,252.662,252.662,NA,,
IV_Sctaeniopterus_TP_2021-06-10_122626,2025-07-03 13:16:16,,/Users/ally/Documents/johnson lab/parrotfish bites/IV_Sctaeniopterus_TP_2021-06-10_122626_001.MP4,1220.810,23.98,No focal subject,Bite,Foraging,None|None|None,POINT,255.165,255.165,NA,,
IV_Sctaeniopterus_TP_2021-06-10_122626,2025-07-03 13:16:16,,/Users/ally/Documents/johnson lab/parrotfish bites/IV_Sctaeniopterus_TP_2021-06-10_122626_001.MP4,1220.810,23.98,No focal subject,Bite,Foraging,None|None|None,POINT,289.414,289.414,NA,,
IV_Sctaeniopterus_TP_2021-06-10_122626,2025-07-03 13:16:16,,/Users/ally/Documents/johnson lab/parrotfish bites/IV_Sctaeniopterus_TP_2021-06-10_122626_001.MP4,1220.810,23.98,No focal subject,Bite,Foraging,None|None|None,POINT,291.163,291.163,NA,,
IV_Sctaeniopterus_TP_2021-06-10_122626,2025-07-03 13:16:16,,/Users/ally/Documents/johnson lab/parrotfish bites/IV_Sctaeniopterus_TP_2021-06-10_122626_001.MP4,1220.810,23.98,No focal subject,Bite,Foraging,None|None|None,POINT,291.662,291.662,NA,,
IV_Sctaeniopterus_TP_2021-06-10_122626,2025-07-03 13:16:16,,/Users/ally/Documents/johnson lab/parrotfish bites/IV_Sctaeniopterus_TP_2021-06-10_122626_001.MP4,1220.810,23.98,No focal subject,Bite,Foraging,None|None|None,POINT,292.163,292.163,NA,,
IV_Sctaeniopterus_TP_2021-06-10_122626,2025-07-03 13:16:16,,/Users/ally/Documents/johnson lab/parrotfish bites/IV_Sctaeniopterus_TP_2021-06-10_122626_001.MP4,1220.810,23.98,No focal subject,Bite,Foraging,None|None|None,POINT,292.664,292.664,NA,,
IV_Sctaeniopterus_TP_2021-06-10_122626,2025-07-03 13:16:16,,/Users/ally/Documents/johnson lab/parrotfish bites/IV_Sctaeniopterus_TP_2021-06-10_122626_001.MP4,1220.810,23.98,No focal subject,Bite,Foraging,None|None|None,POINT,293.164,293.164,NA,,
IV_Sctaeniopterus_TP_2021-06-10_122626,2025-07-03 13:16:16,,/Users/ally/Documents/johnson lab/parrotfish bites/IV_Sctaeniopterus_TP_2021-06-10_122626_001.MP4,1220.810,23.98,No focal subject,Bite,Foraging,None|None|None,POINT,293.662,293.662,NA,,
IV_Sctaeniopterus_TP_2021-06-10_122626,2025-07-03 13:16:16,,/Users/ally/Documents/johnson lab/parrotfish bites/IV_Sctaeniopterus_TP_2021-06-10_122626_001.MP4,1220.810,23.98,No focal subject,Bite,Foraging,None|None|None,POINT,294.411,294.411,NA,,
IV_Sctaeniopterus_TP_2021-06-10_122626,2025-07-03 13:16:16,,/Users/ally/Documents/johnson lab/parrotfish bites/IV_Sctaeniopterus_TP_2021-06-10_122626_001.MP4,1220.810,23.98,No focal subject,Bite,Foraging,None|None|None,POINT,299.450,299.450,NA,,
IV_Sctaeniopterus_TP_2021-06-10_122626,2025-07-03 13:16:16,,/Users/ally/Documents/johnson lab/parrotfish bites/IV_Sctaeniopterus_TP_2021-06-10_122626_001.MP4,1220.810,23.98,No focal subject,Bite,Foraging,None|None|None,POINT,300.161,300.161,NA,,
IV_Sctaeniopterus_TP_2021-06-10_122626,2025-07-03 13:16:16,,/Users/ally/Documents/johnson lab/parrotfish bites/IV_Sctaeniopterus_TP_2021-06-10_122626_001.MP4,1220.810,23.98,No focal subject,Bite,Foraging,None|None|None,POINT,300.951,300.951,NA,,
IV_Sctaeniopterus_TP_2021-06-10_122626,2025-07-03 13:16:16,,/Users/ally/Documents/johnson lab/parrotfish bites/IV_Sctaeniopterus_TP_2021-06-10_122626_001.MP4,1220.810,23.98,No focal subject,Bite,Foraging,None|None|None,POINT,308.208,308.208,NA,,
IV_Sctaeniopterus_TP_2021-06-10_122626,2025-07-03 13:16:16,,/Users/ally/Documents/johnson lab/parrotfish bites/IV_Sctaeniopterus_TP_2021-06-10_122626_001.MP4,1220.810,23.98,No focal subject,Bite,Foraging,None|None|None,POINT,309.207,309.207,NA,,
IV_Sctaeniopterus_TP_2021-06-10_122626,2025-07-03 13:16:16,,/Users/ally/Documents/johnson lab/parrotfish bites/IV_Sctaeniopterus_TP_2021-06-10_122626_001.MP4,1220.810,23.98,No focal subject,Bite,Foraging,None|None|None,POINT,310.208,310.208,NA,,
IV_Sctaeniopterus_TP_2021-06-10_122626,2025-07-03 13:16:16,,/Users/ally/Documents/johnson lab/parrotfish bites/IV_Sctaeniopterus_TP_2021-06-10_122626_001.MP4,1220.810,23.98,No focal subject,Bite,Foraging,None|None|None,POINT,311.456,311.456,NA,,
IV_Sctaeniopterus_TP_2021-06-10_122626,2025-07-03 13:16:16,,/Users/ally/Documents/johnson lab/parrotfish bites/IV_Sctaeniopterus_TP_2021-06-10_122626_001.MP4,1220.810,23.98,No focal subject,Bite,Foraging,None|None|None,POINT,312.207,312.207,NA,,
IV_Sctaeniopterus_TP_2021-06-10_122626,2025-07-03 13:16:16,,/Users/ally/Documents/johnson lab/parrotfish bites/IV_Sctaeniopterus_TP_2021-06-10_122626_001.MP4,1220.810,23.98,No focal subject,Bite,Foraging,None|None|None,POINT,313.207,313.207,NA,,
IV_Sctaeniopterus_TP_2021-06-10_122626,2025-07-03 13:16:16,,/Users/ally/Documents/johnson lab/parrotfish bites/IV_Sctaeniopterus_TP_2021-06-10_122626_001.MP4,1220.810,23.98,No focal subject,Bite,Foraging,None|None|None,POINT,317.206,317.206,NA,,
IV_Sctaeniopterus_TP_2021-06-10_122626,2025-07-03 13:16:16,,/Users/ally/Documents/johnson lab/parrotfish bites/IV_Sctaeniopterus_TP_2021-06-10_122626_001.MP4,1220.810,23.98,No focal subject,Bite,Foraging,None|None|None,POINT,318.706,318.706,NA,,
IV_Sctaeniopterus_TP_2021-06-10_122626,2025-07-03 13:16:16,,/Users/ally/Documents/johnson lab/parrotfish bites/IV_Sctaeniopterus_TP_2021-06-10_122626_001.MP4,1220.810,23.98,No focal subject,Bite,Foraging,None|None|None,POINT,323.208,323.208,NA,,
IV_Sctaeniopterus_TP_2021-06-10_122626,2025-07-03 13:16:16,,/Users/ally/Documents/johnson lab/parrotfish bites/IV_Sctaeniopterus_TP_2021-06-10_122626_001.MP4,1220.810,23.98,No focal subject,Bite,Foraging,None|None|None,POINT,326.207,326.207,NA,,
IV_Sctaeniopterus_TP_2021-06-10_122626,2025-07-03 13:16:16,,/Users/ally/Documents/johnson lab/parrotfish bites/IV_Sctaeniopterus_TP_2021-06-10_122626_001.MP4,1220.810,23.98,No focal subject,Bite,Foraging,None|None|None,POINT,329.708,329.708,NA,,
IV_Sctaeniopterus_TP_2021-06-10_122626,2025-07-03 13:16:16,,/Users/ally/Documents/johnson lab/parrotfish bites/IV_Sctaeniopterus_TP_2021-06-10_122626_001.MP4,1220.810,23.98,No focal subject,Bite,Foraging,None|None|None,POINT,331.210,331.210,NA,,
IV_Sctaeniopterus_TP_2021-06-10_122626,2025-07-03 13:16:16,,/Users/ally/Documents/johnson lab/parrotfish bites/IV_Sctaeniopterus_TP_2021-06-10_122626_001.MP4,1220.810,23.98,No focal subject,Bite,Foraging,None|None|None,POINT,331.707,331.707,NA,,
IV_Sctaeniopterus_TP_2021-06-10_122626,2025-07-03 13:16:16,,/Users/ally/Documents/johnson lab/parrotfish bites/IV_Sctaeniopterus_TP_2021-06-10_122626_001.MP4,1220.810,23.98,No focal subject,Bite,Foraging,None|None|None,POINT,333.709,333.709,NA,,
IV_Sctaeniopterus_TP_2021-06-10_122626,2025-07-03 13:16:16,,/Users/ally/Documents/johnson lab/parrotfish bites/IV_Sctaeniopterus_TP_2021-06-10_122626_001.MP4,1220.810,23.98,No focal subject,Bite,Foraging,None|None|None,POINT,336.207,336.207,NA,,
IV_Sctaeniopterus_TP_2021-06-10_122626,2025-07-03 13:16:16,,/Users/ally/Documents/johnson lab/parrotfish bites/IV_Sctaeniopterus_TP_2021-06-10_122626_001.MP4,1220.810,23.98,No focal subject,Bite,Foraging,None|None|None,POINT,339.706,339.706,NA,,
IV_Sctaeniopterus_TP_2021-06-10_122626,2025-07-03 13:16:16,,/Users/ally/Documents/johnson lab/parrotfish bites/IV_Sctaeniopterus_TP_2021-06-10_122626_001.MP4,1220.810,23.98,No focal subject,Bite,Foraging,None|None|None,POINT,342.206,342.206,NA,,
IV_Sctaeniopterus_TP_2021-06-10_122626,2025-07-03 13:16:16,,/Users/ally/Documents/johnson lab/parrotfish bites/IV_Sctaeniopterus_TP_2021-06-10_122626_001.MP4,1220.810,23.98,No focal subject,Bite,Foraging,None|None|None,POINT,343.205,343.205,NA,,
IV_Sctaeniopterus_TP_2021-06-10_122626,2025-07-03 13:16:16,,/Users/ally/Documents/johnson lab/parrotfish bites/IV_Sctaeniopterus_TP_2021-06-10_122626_001.MP4,1220.810,23.98,No focal subject,Bite,Foraging,None|None|None,POINT,346.707,346.707,NA,,
IV_Sctaeniopterus_TP_2021-06-10_122626,2025-07-03 13:16:16,,/Users/ally/Documents/johnson lab/parrotfish bites/IV_Sctaeniopterus_TP_2021-06-10_122626_001.MP4,1220.810,23.98,No focal subject,Bite,Foraging,None|None|None,POINT,347.206,347.206,NA,,
IV_Sctaeniopterus_TP_2021-06-10_122626,2025-07-03 13:16:16,,/Users/ally/Documents/johnson lab/parrotfish bites/IV_Sctaeniopterus_TP_2021-06-10_122626_001.MP4,1220.810,23.98,No focal subject,Bite,Foraging,None|None|None,POINT,349.205,349.205,NA,,
IV_Sctaeniopterus_TP_2021-06-10_122626,2025-07-03 13:16:16,,/Users/ally/Documents/johnson lab/parrotfish bites/IV_Sctaeniopterus_TP_2021-06-10_122626_001.MP4,1220.810,23.98,No focal subject,Bite,Foraging,None|None|None,POINT,349.707,349.707,NA,,
IV_Sctaeniopterus_TP_2021-06-10_122626,2025-07-03 13:16:16,,/Users/ally/Documents/johnson lab/parrotfish bites/IV_Sctaeniopterus_TP_2021-06-10_122626_001.MP4,1220.810,23.98,No focal subject,Bite,Foraging,None|None|None,POINT,353.707,353.707,NA,,
IV_Sctaeniopterus_TP_2021-06-10_122626,2025-07-03 13:16:16,,/Users/ally/Documents/johnson lab/parrotfish bites/IV_Sctaeniopterus_TP_2021-06-10_122626_001.MP4,1220.810,23.98,No focal subject,Bite,Foraging,None|None|None,POINT,356.708,356.708,NA,,
IV_Sctaeniopterus_TP_2021-06-10_122626,2025-07-03 13:16:16,,/Users/ally/Documents/johnson lab/parrotfish bites/IV_Sctaeniopterus_TP_2021-06-10_122626_001.MP4,1220.810,23.98,No focal subject,Bite,Foraging,None|None|None,POINT,358.708,358.708,NA,,
IV_Sctaeniopterus_TP_2021-06-10_122626,2025-07-03 13:16:16,,/Users/ally/Documents/johnson lab/parrotfish bites/IV_Sctaeniopterus_TP_2021-06-10_122626_001.MP4,1220.810,23.98,No focal subject,Bite,Foraging,None|None|None,POINT,359.707,359.707,NA,,
IV_Sctaeniopterus_TP_2021-06-10_122626,2025-07-03 13:16:16,,/Users/ally/Documents/johnson lab/parrotfish bites/IV_Sctaeniopterus_TP_2021-06-10_122626_001.MP4,1220.810,23.98,No focal subject,Bite,Foraging,None|None|None,POINT,366.207,366.207,NA,,
IV_Sctaeniopterus_TP_2021-06-10_122626,2025-07-03 13:16:16,,/Users/ally/Documents/johnson lab/parrotfish bites/IV_Sctaeniopterus_TP_2021-06-10_122626_001.MP4,1220.810,23.98,No focal subject,Bite,Foraging,None|None|None,POINT,370.706,370.706,NA,,
IV_Sctaeniopterus_TP_2021-06-10_122626,2025-07-03 13:16:16,,/Users/ally/Documents/johnson lab/parrotfish bites/IV_Sctaeniopterus_TP_2021-06-10_122626_001.MP4,1220.810,23.98,No focal subject,Bite,Foraging,None|None|None,POINT,371.205,371.205,NA,,
IV_Sctaeniopterus_TP_2021-06-10_122626,2025-07-03 13:16:16,,/Users/ally/Documents/johnson lab/parrotfish bites/IV_Sctaeniopterus_TP_2021-06-10_122626_001.MP4,1220.810,23.98,No focal subject,Bite,Foraging,None|None|None,POINT,382.707,382.707,NA,,
IV_Sctaeniopterus_TP_2021-06-10_122626,2025-07-03 13:16:16,,/Users/ally/Documents/johnson lab/parrotfish bites/IV_Sctaeniopterus_TP_2021-06-10_122626_001.MP4,1220.810,23.98,No focal subject,Bite,Foraging,None|None|None,POINT,383.205,383.205,NA,,
IV_Sctaeniopterus_TP_2021-06-10_122626,2025-07-03 13:16:16,,/Users/ally/Documents/johnson lab/parrotfish bites/IV_Sctaeniopterus_TP_2021-06-10_122626_001.MP4,1220.810,23.98,No focal subject,Bite,Foraging,None|None|None,POINT,384.955,384.955,NA,,
IV_Sctaeniopterus_TP_2021-06-10_122626,2025-07-03 13:16:16,,/Users/ally/Documents/johnson lab/parrotfish bites/IV_Sctaeniopterus_TP_2021-06-10_122626_001.MP4,1220.810,23.98,No focal subject,Bite,Foraging,None|None|None,POINT,385.706,385.706,NA,,
IV_Sctaeniopterus_TP_2021-06-10_122626,2025-07-03 13:16:16,,/Users/ally/Documents/johnson lab/parrotfish bites/IV_Sctaeniopterus_TP_2021-06-10_122626_001.MP4,1220.810,23.98,No focal subject,Bite,Foraging,None|None|None,POINT,387.207,387.207,NA,,
IV_Sctaeniopterus_TP_2021-06-10_122626,2025-07-03 13:16:16,,/Users/ally/Documents/johnson lab/parrotfish bites/IV_Sctaeniopterus_TP_2021-06-10_122626_001.MP4,1220.810,23.98,No focal subject,Bite,Foraging,None|None|None,POINT,388.206,388.206,NA,,
IV_Sctaeniopterus_TP_2021-06-10_122626,2025-07-03 13:16:16,,/Users/ally/Documents/johnson lab/parrotfish bites/IV_Sctaeniopterus_TP_2021-06-10_122626_001.MP4,1220.810,23.98,No focal subject,Bite,Foraging,None|None|None,POINT,388.706,388.706,NA,,
IV_Sctaeniopterus_TP_2021-06-10_122626,2025-07-03 13:16:16,,/Users/ally/Documents/johnson lab/parrotfish bites/IV_Sctaeniopterus_TP_2021-06-10_122626_001.MP4,1220.810,23.98,No focal subject,Bite,Foraging,None|None|None,POINT,389.705,389.705,NA,,
IV_Sctaeniopterus_TP_2021-06-10_122626,2025-07-03 13:16:16,,/Users/ally/Documents/johnson lab/parrotfish bites/IV_Sctaeniopterus_TP_2021-06-10_122626_001.MP4,1220.810,23.98,No focal subject,Bite,Foraging,None|None|None,POINT,390.703,390.703,NA,,
IV_Sctaeniopterus_TP_2021-06-10_122626,2025-07-03 13:16:16,,/Users/ally/Documents/johnson lab/parrotfish bites/IV_Sctaeniopterus_TP_2021-06-10_122626_001.MP4,1220.810,23.98,No focal subject,Bite,Foraging,None|None|None,POINT,391.205,391.205,NA,,
IV_Sctaeniopterus_TP_2021-06-10_122626,2025-07-03 13:16:16,,/Users/ally/Documents/johnson lab/parrotfish bites/IV_Sctaeniopterus_TP_2021-06-10_122626_001.MP4,1220.810,23.98,No focal subject,Bite,Foraging,None|None|None,POINT,392.205,392.205,NA,,
IV_Sctaeniopterus_TP_2021-06-10_122626,2025-07-03 13:16:16,,/Users/ally/Documents/johnson lab/parrotfish bites/IV_Sctaeniopterus_TP_2021-06-10_122626_001.MP4,1220.810,23.98,No focal subject,Bite,Foraging,None|None|None,POINT,393.205,393.205,NA,,
IV_Sctaeniopterus_TP_2021-06-10_122626,2025-07-03 13:16:16,,/Users/ally/Documents/johnson lab/parrotfish bites/IV_Sctaeniopterus_TP_2021-06-10_122626_001.MP4,1220.810,23.98,No focal subject,Bite,Foraging,None|None|None,POINT,393.705,393.705,NA,,
IV_Sctaeniopterus_TP_2021-06-10_122626,2025-07-03 13:16:16,,/Users/ally/Documents/johnson lab/parrotfish bites/IV_Sctaeniopterus_TP_2021-06-10_122626_001.MP4,1220.810,23.98,No focal subject,Bite,Foraging,None|None|None,POINT,394.706,394.706,NA,,
IV_Sctaeniopterus_TP_2021-06-10_122626,2025-07-03 13:16:16,,/Users/ally/Documents/johnson lab/parrotfish bites/IV_Sctaeniopterus_TP_2021-06-10_122626_001.MP4,1220.810,23.98,No focal subject,Bite,Foraging,None|None|None,POINT,395.205,395.205,NA,,
IV_Sctaeniopterus_TP_2021-06-10_122626,2025-07-03 13:16:16,,/Users/ally/Documents/johnson lab/parrotfish bites/IV_Sctaeniopterus_TP_2021-06-10_122626_001.MP4,1220.810,23.98,No focal subject,Bite,Foraging,None|None|None,POINT,395.954,395.954,NA,,
IV_Sctaeniopterus_TP_2021-06-10_122626,2025-07-03 13:16:16,,/Users/ally/Documents/johnson lab/parrotfish bites/IV_Sctaeniopterus_TP_2021-06-10_122626_001.MP4,1220.810,23.98,No focal subject,Bite,Foraging,None|None|None,POINT,396.705,396.705,NA,,
IV_Sctaeniopterus_TP_2021-06-10_122626,2025-07-03 13:16:16,,/Users/ally/Documents/johnson lab/parrotfish bites/IV_Sctaeniopterus_TP_2021-06-10_122626_001.MP4,1220.810,23.98,No focal subject,Bite,Foraging,None|None|None,POINT,397.705,397.705,NA,,
IV_Sctaeniopterus_TP_2021-06-10_122626,2025-07-03 13:16:16,,/Users/ally/Documents/johnson lab/parrotfish bites/IV_Sctaeniopterus_TP_2021-06-10_122626_001.MP4,1220.810,23.98,No focal subject,Bite,Foraging,None|None|None,POINT,399.207,399.207,NA,,
IV_Sctaeniopterus_TP_2021-06-10_122626,2025-07-03 13:16:16,,/Users/ally/Documents/johnson lab/parrotfish bites/IV_Sctaeniopterus_TP_2021-06-10_122626_001.MP4,1220.810,23.98,No focal subject,Bite,Foraging,None|None|None,POINT,399.706,399.706,NA,,
IV_Sctaeniopterus_TP_2021-06-10_122626,2025-07-03 13:16:16,,/Users/ally/Documents/johnson lab/parrotfish bites/IV_Sctaeniopterus_TP_2021-06-10_122626_001.MP4,1220.810,23.98,No focal subject,Bite,Foraging,None|None|None,POINT,400.206,400.206,NA,,
IV_Sctaeniopterus_TP_2021-06-10_122626,2025-07-03 13:16:16,,/Users/ally/Documents/johnson lab/parrotfish bites/IV_Sctaeniopterus_TP_2021-06-10_122626_001.MP4,1220.810,23.98,No focal subject,Bite,Foraging,None|None|None,POINT,401.207,401.207,NA,,
IV_Sctaeniopterus_TP_2021-06-10_122626,2025-07-03 13:16:16,,/Users/ally/Documents/johnson lab/parrotfish bites/IV_Sctaeniopterus_TP_2021-06-10_122626_001.MP4,1220.810,23.98,No focal subject,Bite,Foraging,None|None|None,POINT,404.705,404.705,NA,,
IV_Sctaeniopterus_TP_2021-06-10_122626,2025-07-03 13:16:16,,/Users/ally/Documents/johnson lab/parrotfish bites/IV_Sctaeniopterus_TP_2021-06-10_122626_001.MP4,1220.810,23.98,No focal subject,Bite,Foraging,None|None|None,POINT,435.454,435.454,NA,,
IV_Sctaeniopterus_TP_2021-06-10_122626,2025-07-03 13:16:16,,/Users/ally/Documents/johnson lab/parrotfish bites/IV_Sctaeniopterus_TP_2021-06-10_122626_001.MP4,1220.810,23.98,No focal subject,Bite,Foraging,None|None|None,POINT,436.204,436.204,NA,,
IV_Sctaeniopterus_TP_2021-06-10_122626,2025-07-03 13:16:16,,/Users/ally/Documents/johnson lab/parrotfish bites/IV_Sctaeniopterus_TP_2021-06-10_122626_001.MP4,1220.810,23.98,No focal subject,Bite,Foraging,None|None|None,POINT,436.705,436.705,NA,,
IV_Sctaeniopterus_TP_2021-06-10_122626,2025-07-03 13:16:16,,/Users/ally/Documents/johnson lab/parrotfish bites/IV_Sctaeniopterus_TP_2021-06-10_122626_001.MP4,1220.810,23.98,No focal subject,Bite,Foraging,None|None|None,POINT,437.705,437.705,NA,,
IV_Sctaeniopterus_TP_2021-06-10_122626,2025-07-03 13:16:16,,/Users/ally/Documents/johnson lab/parrotfish bites/IV_Sctaeniopterus_TP_2021-06-10_122626_001.MP4,1220.810,23.98,No focal subject,Bite,Foraging,None|None|None,POINT,438.704,438.704,NA,,
IV_Sctaeniopterus_TP_2021-06-10_122626,2025-07-03 13:16:16,,/Users/ally/Documents/johnson lab/parrotfish bites/IV_Sctaeniopterus_TP_2021-06-10_122626_001.MP4,1220.810,23.98,No focal subject,Bite,Foraging,None|None|None,POINT,441.205,441.205,NA,,
IV_Sctaeniopterus_TP_2021-06-10_122626,2025-07-03 13:16:16,,/Users/ally/Documents/johnson lab/parrotfish bites/IV_Sctaeniopterus_TP_2021-06-10_122626_001.MP4,1220.810,23.98,No focal subject,Bite,Foraging,None|None|None,POINT,441.704,441.704,NA,,
IV_Sctaeniopterus_TP_2021-06-10_122626,2025-07-03 13:16:16,,/Users/ally/Documents/johnson lab/parrotfish bites/IV_Sctaeniopterus_TP_2021-06-10_122626_001.MP4,1220.810,23.98,No focal subject,Bite,Foraging,None|None|None,POINT,442.206,442.206,NA,,
IV_Sctaeniopterus_TP_2021-06-10_122626,2025-07-03 13:16:16,,/Users/ally/Documents/johnson lab/parrotfish bites/IV_Sctaeniopterus_TP_2021-06-10_122626_001.MP4,1220.810,23.98,No focal subject,Bite,Foraging,None|None|None,POINT,442.705,442.705,NA,,
IV_Sctaeniopterus_TP_2021-06-10_122626,2025-07-03 13:16:16,,/Users/ally/Documents/johnson lab/parrotfish bites/IV_Sctaeniopterus_TP_2021-06-10_122626_001.MP4,1220.810,23.98,No focal subject,Bite,Foraging,None|None|None,POINT,453.705,453.705,NA,,
IV_Sctaeniopterus_TP_2021-06-10_122626,2025-07-03 13:16:16,,/Users/ally/Documents/johnson lab/parrotfish bites/IV_Sctaeniopterus_TP_2021-06-10_122626_001.MP4,1220.810,23.98,No focal subject,Bite,Foraging,None|None|None,POINT,454.705,454.705,NA,,
IV_Sctaeniopterus_TP_2021-06-10_122626,2025-07-03 13:16:16,,/Users/ally/Documents/johnson lab/parrotfish bites/IV_Sctaeniopterus_TP_2021-06-10_122626_001.MP4,1220.810,23.98,No focal subject,Bite,Foraging,None|None|None,POINT,455.205,455.205,NA,,
IV_Sctaeniopterus_TP_2021-06-10_122626,2025-07-03 13:16:16,,/Users/ally/Documents/johnson lab/parrotfish bites/IV_Sctaeniopterus_TP_2021-06-10_122626_001.MP4,1220.810,23.98,No focal subject,Bite,Foraging,None|None|None,POINT,456.205,456.205,NA,,
IV_Sctaeniopterus_TP_2021-06-10_122626,2025-07-03 13:16:16,,/Users/ally/Documents/johnson lab/parrotfish bites/IV_Sctaeniopterus_TP_2021-06-10_122626_001.MP4,1220.810,23.98,No focal subject,Bite,Foraging,None|None|None,POINT,457.206,457.206,NA,,
IV_Sctaeniopterus_TP_2021-06-10_122626,2025-07-03 13:16:16,,/Users/ally/Documents/johnson lab/parrotfish bites/IV_Sctaeniopterus_TP_2021-06-10_122626_001.MP4,1220.810,23.98,No focal subject,Bite,Foraging,None|None|None,POINT,458.203,458.203,NA,,
IV_Sctaeniopterus_TP_2021-06-10_122626,2025-07-03 13:16:16,,/Users/ally/Documents/johnson lab/parrotfish bites/IV_Sctaeniopterus_TP_2021-06-10_122626_001.MP4,1220.810,23.98,No focal subject,Bite,Foraging,None|None|None,POINT,458.705,458.705,NA,,
IV_Sctaeniopterus_TP_2021-06-10_122626,2025-07-03 13:16:16,,/Users/ally/Documents/johnson lab/parrotfish bites/IV_Sctaeniopterus_TP_2021-06-10_122626_001.MP4,1220.810,23.98,No focal subject,Bite,Foraging,BCM|None|None,POINT,459.706,459.706,NA,,
IV_Sctaeniopterus_TP_2021-06-10_122626,2025-07-03 13:16:16,,/Users/ally/Documents/johnson lab/parrotfish bites/IV_Sctaeniopterus_TP_2021-06-10_122626_001.MP4,1220.810,23.98,No focal subject,Bite,Foraging,None|None|None,POINT,460.706,460.706,NA,,
IV_Sctaeniopterus_TP_2021-06-10_122626,2025-07-03 13:16:16,,/Users/ally/Documents/johnson lab/parrotfish bites/IV_Sctaeniopterus_TP_2021-06-10_122626_001.MP4,1220.810,23.98,No focal subject,Bite,Foraging,None|None|None,POINT,461.705,461.705,NA,,
IV_Sctaeniopterus_TP_2021-06-10_122626,2025-07-03 13:16:16,,/Users/ally/Documents/johnson lab/parrotfish bites/IV_Sctaeniopterus_TP_2021-06-10_122626_001.MP4,1220.810,23.98,No focal subject,Bite,Foraging,None|None|None,POINT,466.207,466.207,NA,,
IV_Sctaeniopterus_TP_2021-06-10_122626,2025-07-03 13:16:16,,/Users/ally/Documents/johnson lab/parrotfish bites/IV_Sctaeniopterus_TP_2021-06-10_122626_001.MP4,1220.810,23.98,No focal subject,Bite,Foraging,None|None|None,POINT,467.206,467.206,NA,,
IV_Sctaeniopterus_TP_2021-06-10_122626,2025-07-03 13:16:16,,/Users/ally/Documents/johnson lab/parrotfish bites/IV_Sctaeniopterus_TP_2021-06-10_122626_001.MP4,1220.810,23.98,No focal subject,Bite,Foraging,None|None|None,POINT,469.206,469.206,NA,,
IV_Sctaeniopterus_TP_2021-06-10_122626,2025-07-03 13:16:16,,/Users/ally/Documents/johnson lab/parrotfish bites/IV_Sctaeniopterus_TP_2021-06-10_122626_001.MP4,1220.810,23.98,No focal subject,Bite,Foraging,None|None|None,POINT,471.705,471.705,NA,,
IV_Sctaeniopterus_TP_2021-06-10_122626,2025-07-03 13:16:16,,/Users/ally/Documents/johnson lab/parrotfish bites/IV_Sctaeniopterus_TP_2021-06-10_122626_001.MP4,1220.810,23.98,No focal subject,Bite,Foraging,None|None|None,POINT,482.704,482.704,NA,,
IV_Sctaeniopterus_TP_2021-06-10_122626,2025-07-03 13:16:16,,/Users/ally/Documents/johnson lab/parrotfish bites/IV_Sctaeniopterus_TP_2021-06-10_122626_001.MP4,1220.810,23.98,No focal subject,Bite,Foraging,None|None|None,POINT,484.204,484.204,NA,,
IV_Sctaeniopterus_TP_2021-06-10_122626,2025-07-03 13:16:16,,/Users/ally/Documents/johnson lab/parrotfish bites/IV_Sctaeniopterus_TP_2021-06-10_122626_001.MP4,1220.810,23.98,No focal subject,Bite,Foraging,None|None|None,POINT,484.884,484.884,NA,,
IV_Sctaeniopterus_TP_2021-06-10_122626,2025-07-03 13:16:16,,/Users/ally/Documents/johnson lab/parrotfish bites/IV_Sctaeniopterus_TP_2021-06-10_122626_001.MP4,1220.810,23.98,No focal subject,Bite,Foraging,None|None|None,POINT,485.887,485.887,NA,,
IV_Sctaeniopterus_TP_2021-06-10_122626,2025-07-03 13:16:16,,/Users/ally/Documents/johnson lab/parrotfish bites/IV_Sctaeniopterus_TP_2021-06-10_122626_001.MP4,1220.810,23.98,No focal subject,Bite,Foraging,None|None|None,POINT,486.386,486.386,NA,,
IV_Sctaeniopterus_TP_2021-06-10_122626,2025-07-03 13:16:16,,/Users/ally/Documents/johnson lab/parrotfish bites/IV_Sctaeniopterus_TP_2021-06-10_122626_001.MP4,1220.810,23.98,No focal subject,Bite,Foraging,None|None|None,POINT,486.887,486.887,NA,,
IV_Sctaeniopterus_TP_2021-06-10_122626,2025-07-03 13:16:16,,/Users/ally/Documents/johnson lab/parrotfish bites/IV_Sctaeniopterus_TP_2021-06-10_122626_001.MP4,1220.810,23.98,No focal subject,Bite,Foraging,None|None|None,POINT,487.388,487.388,NA,,
IV_Sctaeniopterus_TP_2021-06-10_122626,2025-07-03 13:16:16,,/Users/ally/Documents/johnson lab/parrotfish bites/IV_Sctaeniopterus_TP_2021-06-10_122626_001.MP4,1220.810,23.98,No focal subject,Bite,Foraging,None|None|None,POINT,487.887,487.887,NA,,
IV_Sctaeniopterus_TP_2021-06-10_122626,2025-07-03 13:16:16,,/Users/ally/Documents/johnson lab/parrotfish bites/IV_Sctaeniopterus_TP_2021-06-10_122626_001.MP4,1220.810,23.98,No focal subject,Bite,Foraging,None|None|None,POINT,488.886,488.886,NA,,
IV_Sctaeniopterus_TP_2021-06-10_122626,2025-07-03 13:16:16,,/Users/ally/Documents/johnson lab/parrotfish bites/IV_Sctaeniopterus_TP_2021-06-10_122626_001.MP4,1220.810,23.98,No focal subject,Bite,Foraging,None|None|None,POINT,489.886,489.886,NA,,
IV_Sctaeniopterus_TP_2021-06-10_122626,2025-07-03 13:16:16,,/Users/ally/Documents/johnson lab/parrotfish bites/IV_Sctaeniopterus_TP_2021-06-10_122626_001.MP4,1220.810,23.98,No focal subject,Bite,Foraging,None|None|None,POINT,490.386,490.386,NA,,
IV_Sctaeniopterus_TP_2021-06-10_122626,2025-07-03 13:16:16,,/Users/ally/Documents/johnson lab/parrotfish bites/IV_Sctaeniopterus_TP_2021-06-10_122626_001.MP4,1220.810,23.98,No focal subject,Bite,Foraging,None|None|None,POINT,490.887,490.887,NA,,
IV_Sctaeniopterus_TP_2021-06-10_122626,2025-07-03 13:16:16,,/Users/ally/Documents/johnson lab/parrotfish bites/IV_Sctaeniopterus_TP_2021-06-10_122626_001.MP4,1220.810,23.98,No focal subject,Bite,Foraging,None|None|None,POINT,491.886,491.886,NA,,
IV_Sctaeniopterus_TP_2021-06-10_122626,2025-07-03 13:16:16,,/Users/ally/Documents/johnson lab/parrotfish bites/IV_Sctaeniopterus_TP_2021-06-10_122626_001.MP4,1220.810,23.98,No focal subject,Bite,Foraging,None|None|None,POINT,492.388,492.388,NA,,
IV_Sctaeniopterus_TP_2021-06-10_122626,2025-07-03 13:16:16,,/Users/ally/Documents/johnson lab/parrotfish bites/IV_Sctaeniopterus_TP_2021-06-10_122626_001.MP4,1220.810,23.98,No focal subject,Bite,Foraging,None|None|None,POINT,493.386,493.386,NA,,
IV_Sctaeniopterus_TP_2021-06-10_122626,2025-07-03 13:16:16,,/Users/ally/Documents/johnson lab/parrotfish bites/IV_Sctaeniopterus_TP_2021-06-10_122626_001.MP4,1220.810,23.98,No focal subject,Bite,Foraging,None|None|None,POINT,494.387,494.387,NA,,
IV_Sctaeniopterus_TP_2021-06-10_122626,2025-07-03 13:16:16,,/Users/ally/Documents/johnson lab/parrotfish bites/IV_Sctaeniopterus_TP_2021-06-10_122626_001.MP4,1220.810,23.98,No focal subject,Bite,Foraging,None|None|None,POINT,495.388,495.388,NA,,
IV_Sctaeniopterus_TP_2021-06-10_122626,2025-07-03 13:16:16,,/Users/ally/Documents/johnson lab/parrotfish bites/IV_Sctaeniopterus_TP_2021-06-10_122626_001.MP4,1220.810,23.98,No focal subject,Bite,Foraging,None|None|None,POINT,496.889,496.889,NA,,
IV_Sctaeniopterus_TP_2021-06-10_122626,2025-07-03 13:16:16,,/Users/ally/Documents/johnson lab/parrotfish bites/IV_Sctaeniopterus_TP_2021-06-10_122626_001.MP4,1220.810,23.98,No focal subject,Bite,Foraging,None|None|None,POINT,498.389,498.389,NA,,
IV_Sctaeniopterus_TP_2021-06-10_122626,2025-07-03 13:16:16,,/Users/ally/Documents/johnson lab/parrotfish bites/IV_Sctaeniopterus_TP_2021-06-10_122626_001.MP4,1220.810,23.98,No focal subject,Bite,Foraging,None|None|None,POINT,499.388,499.388,NA,,
IV_Sctaeniopterus_TP_2021-06-10_122626,2025-07-03 13:16:16,,/Users/ally/Documents/johnson lab/parrotfish bites/IV_Sctaeniopterus_TP_2021-06-10_122626_001.MP4,1220.810,23.98,No focal subject,Bite,Foraging,None|None|None,POINT,500.389,500.389,NA,,
IV_Sctaeniopterus_TP_2021-06-10_122626,2025-07-03 13:16:16,,/Users/ally/Documents/johnson lab/parrotfish bites/IV_Sctaeniopterus_TP_2021-06-10_122626_001.MP4,1220.810,23.98,No focal subject,Bite,Foraging,None|None|None,POINT,500.889,500.889,NA,,
IV_Sctaeniopterus_TP_2021-06-10_122626,2025-07-03 13:16:16,,/Users/ally/Documents/johnson lab/parrotfish bites/IV_Sctaeniopterus_TP_2021-06-10_122626_001.MP4,1220.810,23.98,No focal subject,Bite,Foraging,None|None|None,POINT,523.135,523.135,NA,,
IV_Sctaeniopterus_TP_2021-06-10_122626,2025-07-03 13:16:16,,/Users/ally/Documents/johnson lab/parrotfish bites/IV_Sctaeniopterus_TP_2021-06-10_122626_001.MP4,1220.810,23.98,No focal subject,Bite,Foraging,None|None|None,POINT,523.887,523.887,NA,,
IV_Sctaeniopterus_TP_2021-06-10_122626,2025-07-03 13:16:16,,/Users/ally/Documents/johnson lab/parrotfish bites/IV_Sctaeniopterus_TP_2021-06-10_122626_001.MP4,1220.810,23.98,No focal subject,Bite,Foraging,None|None|None,POINT,528.887,528.887,NA,,
IV_Sctaeniopterus_TP_2021-06-10_122626,2025-07-03 13:16:16,,/Users/ally/Documents/johnson lab/parrotfish bites/IV_Sctaeniopterus_TP_2021-06-10_122626_001.MP4,1220.810,23.98,No focal subject,Bite,Foraging,None|None|None,POINT,529.888,529.888,NA,,
IV_Sctaeniopterus_TP_2021-06-10_122626,2025-07-03 13:16:16,,/Users/ally/Documents/johnson lab/parrotfish bites/IV_Sctaeniopterus_TP_2021-06-10_122626_001.MP4,1220.810,23.98,No focal subject,Bite,Foraging,None|None|None,POINT,531.388,531.388,NA,,
IV_Sctaeniopterus_TP_2021-06-10_122626,2025-07-03 13:16:16,,/Users/ally/Documents/johnson lab/parrotfish bites/IV_Sctaeniopterus_TP_2021-06-10_122626_001.MP4,1220.810,23.98,No focal subject,Bite,Foraging,None|None|None,POINT,531.886,531.886,NA,,
IV_Sctaeniopterus_TP_2021-06-10_122626,2025-07-03 13:16:16,,/Users/ally/Documents/johnson lab/parrotfish bites/IV_Sctaeniopterus_TP_2021-06-10_122626_001.MP4,1220.810,23.98,No focal subject,Bite,Foraging,None|None|None,POINT,536.388,536.388,NA,,
IV_Sctaeniopterus_TP_2021-06-10_122626,2025-07-03 13:16:16,,/Users/ally/Documents/johnson lab/parrotfish bites/IV_Sctaeniopterus_TP_2021-06-10_122626_001.MP4,1220.810,23.98,No focal subject,Bite,Foraging,None|None|None,POINT,536.635,536.635,NA,,
IV_Sctaeniopterus_TP_2021-06-10_122626,2025-07-03 13:16:16,,/Users/ally/Documents/johnson lab/parrotfish bites/IV_Sctaeniopterus_TP_2021-06-10_122626_001.MP4,1220.810,23.98,No focal subject,Bite,Foraging,None|None|None,POINT,537.389,537.389,NA,,
IV_Sctaeniopterus_TP_2021-06-10_122626,2025-07-03 13:16:16,,/Users/ally/Documents/johnson lab/parrotfish bites/IV_Sctaeniopterus_TP_2021-06-10_122626_001.MP4,1220.810,23.98,No focal subject,Bite,Foraging,None|None|None,POINT,538.387,538.387,NA,,
IV_Sctaeniopterus_TP_2021-06-10_122626,2025-07-03 13:16:16,,/Users/ally/Documents/johnson lab/parrotfish bites/IV_Sctaeniopterus_TP_2021-06-10_122626_001.MP4,1220.810,23.98,No focal subject,Bite,Foraging,None|None|None,POINT,538.888,538.888,NA,,
IV_Sctaeniopterus_TP_2021-06-10_122626,2025-07-03 13:16:16,,/Users/ally/Documents/johnson lab/parrotfish bites/IV_Sctaeniopterus_TP_2021-06-10_122626_001.MP4,1220.810,23.98,No focal subject,Bite,Foraging,None|None|None,POINT,539.889,539.889,NA,,
IV_Sctaeniopterus_TP_2021-06-10_122626,2025-07-03 13:16:16,,/Users/ally/Documents/johnson lab/parrotfish bites/IV_Sctaeniopterus_TP_2021-06-10_122626_001.MP4,1220.810,23.98,No focal subject,Bite,Foraging,None|None|None,POINT,540.389,540.389,NA,,
IV_Sctaeniopterus_TP_2021-06-10_122626,2025-07-03 13:16:16,,/Users/ally/Documents/johnson lab/parrotfish bites/IV_Sctaeniopterus_TP_2021-06-10_122626_001.MP4,1220.810,23.98,No focal subject,Bite,Foraging,None|None|None,POINT,541.387,541.387,NA,,
IV_Sctaeniopterus_TP_2021-06-10_122626,2025-07-03 13:16:16,,/Users/ally/Documents/johnson lab/parrotfish bites/IV_Sctaeniopterus_TP_2021-06-10_122626_001.MP4,1220.810,23.98,No focal subject,Bite,Foraging,None|None|None,POINT,541.889,541.889,NA,,
IV_Sctaeniopterus_TP_2021-06-10_122626,2025-07-03 13:16:16,,/Users/ally/Documents/johnson lab/parrotfish bites/IV_Sctaeniopterus_TP_2021-06-10_122626_001.MP4,1220.810,23.98,No focal subject,Bite,Foraging,None|None|None,POINT,547.389,547.389,NA,,
IV_Sctaeniopterus_TP_2021-06-10_122626,2025-07-03 13:16:16,,/Users/ally/Documents/johnson lab/parrotfish bites/IV_Sctaeniopterus_TP_2021-06-10_122626_001.MP4,1220.810,23.98,No focal subject,Bite,Foraging,None|None|None,POINT,547.888,547.888,NA,,
IV_Sctaeniopterus_TP_2021-06-10_122626,2025-07-03 13:16:16,,/Users/ally/Documents/johnson lab/parrotfish bites/IV_Sctaeniopterus_TP_2021-06-10_122626_001.MP4,1220.810,23.98,No focal subject,Bite,Foraging,None|None|None,POINT,548.390,548.390,NA,,
IV_Sctaeniopterus_TP_2021-06-10_122626,2025-07-03 13:16:16,,/Users/ally/Documents/johnson lab/parrotfish bites/IV_Sctaeniopterus_TP_2021-06-10_122626_001.MP4,1220.810,23.98,No focal subject,Bite,Foraging,None|None|None,POINT,549.389,549.389,NA,,
IV_Sctaeniopterus_TP_2021-06-10_122626,2025-07-03 13:16:16,,/Users/ally/Documents/johnson lab/parrotfish bites/IV_Sctaeniopterus_TP_2021-06-10_122626_001.MP4,1220.810,23.98,No focal subject,Bite,Foraging,None|None|None,POINT,550.388,550.388,NA,,
IV_Sctaeniopterus_TP_2021-06-10_122626,2025-07-03 13:16:16,,/Users/ally/Documents/johnson lab/parrotfish bites/IV_Sctaeniopterus_TP_2021-06-10_122626_001.MP4,1220.810,23.98,No focal subject,Bite,Foraging,None|None|None,POINT,550.889,550.889,NA,,
IV_Sctaeniopterus_TP_2021-06-10_122626,2025-07-03 13:16:16,,/Users/ally/Documents/johnson lab/parrotfish bites/IV_Sctaeniopterus_TP_2021-06-10_122626_001.MP4,1220.810,23.98,No focal subject,Bite,Foraging,None|None|None,POINT,551.889,551.889,NA,,
IV_Sctaeniopterus_TP_2021-06-10_122626,2025-07-03 13:16:16,,/Users/ally/Documents/johnson lab/parrotfish bites/IV_Sctaeniopterus_TP_2021-06-10_122626_001.MP4,1220.810,23.98,No focal subject,Bite,Foraging,None|None|None,POINT,553.890,553.890,NA,,
IV_Sctaeniopterus_TP_2021-06-10_122626,2025-07-03 13:16:16,,/Users/ally/Documents/johnson lab/parrotfish bites/IV_Sctaeniopterus_TP_2021-06-10_122626_001.MP4,1220.810,23.98,No focal subject,Bite,Foraging,None|None|None,POINT,558.887,558.887,NA,,
IV_Sctaeniopterus_TP_2021-06-10_122626,2025-07-03 13:16:16,,/Users/ally/Documents/johnson lab/parrotfish bites/IV_Sctaeniopterus_TP_2021-06-10_122626_001.MP4,1220.810,23.98,No focal subject,Bite,Foraging,None|None|None,POINT,559.388,559.388,NA,,
IV_Sctaeniopterus_TP_2021-06-10_122626,2025-07-03 13:16:16,,/Users/ally/Documents/johnson lab/parrotfish bites/IV_Sctaeniopterus_TP_2021-06-10_122626_001.MP4,1220.810,23.98,No focal subject,Bite,Foraging,None|None|None,POINT,559.888,559.888,NA,,
IV_Sctaeniopterus_TP_2021-06-10_122626,2025-07-03 13:16:16,,/Users/ally/Documents/johnson lab/parrotfish bites/IV_Sctaeniopterus_TP_2021-06-10_122626_001.MP4,1220.810,23.98,No focal subject,Bite,Foraging,None|None|None,POINT,560.888,560.888,NA,,
IV_Sctaeniopterus_TP_2021-06-10_122626,2025-07-03 13:16:16,,/Users/ally/Documents/johnson lab/parrotfish bites/IV_Sctaeniopterus_TP_2021-06-10_122626_001.MP4,1220.810,23.98,No focal subject,Bite,Foraging,None|None|None,POINT,561.388,561.388,NA,,
IV_Sctaeniopterus_TP_2021-06-10_122626,2025-07-03 13:16:16,,/Users/ally/Documents/johnson lab/parrotfish bites/IV_Sctaeniopterus_TP_2021-06-10_122626_001.MP4,1220.810,23.98,No focal subject,Bite,Foraging,None|None|None,POINT,562.385,562.385,NA,,
IV_Sctaeniopterus_TP_2021-06-10_122626,2025-07-03 13:16:16,,/Users/ally/Documents/johnson lab/parrotfish bites/IV_Sctaeniopterus_TP_2021-06-10_122626_001.MP4,1220.810,23.98,No focal subject,Bite,Foraging,None|None|None,POINT,562.888,562.888,NA,,
IV_Sctaeniopterus_TP_2021-06-10_122626,2025-07-03 13:16:16,,/Users/ally/Documents/johnson lab/parrotfish bites/IV_Sctaeniopterus_TP_2021-06-10_122626_001.MP4,1220.810,23.98,No focal subject,Bite,Foraging,None|None|None,POINT,563.388,563.388,NA,,
IV_Sctaeniopterus_TP_2021-06-10_122626,2025-07-03 13:16:16,,/Users/ally/Documents/johnson lab/parrotfish bites/IV_Sctaeniopterus_TP_2021-06-10_122626_001.MP4,1220.810,23.98,No focal subject,Bite,Foraging,None|None|None,POINT,564.388,564.388,NA,,
IV_Sctaeniopterus_TP_2021-06-10_122626,2025-07-03 13:16:16,,/Users/ally/Documents/johnson lab/parrotfish bites/IV_Sctaeniopterus_TP_2021-06-10_122626_001.MP4,1220.810,23.98,No focal subject,Bite,Foraging,None|None|None,POINT,565.388,565.388,NA,,
IV_Sctaeniopterus_TP_2021-06-10_122626,2025-07-03 13:16:16,,/Users/ally/Documents/johnson lab/parrotfish bites/IV_Sctaeniopterus_TP_2021-06-10_122626_001.MP4,1220.810,23.98,No focal subject,Bite,Foraging,None|None|None,POINT,570.889,570.889,NA,,
IV_Sctaeniopterus_TP_2021-06-10_122626,2025-07-03 13:16:16,,/Users/ally/Documents/johnson lab/parrotfish bites/IV_Sctaeniopterus_TP_2021-06-10_122626_001.MP4,1220.810,23.98,No focal subject,Bite,Foraging,None|None|None,POINT,571.387,571.387,NA,,
IV_Sctaeniopterus_TP_2021-06-10_122626,2025-07-03 13:16:16,,/Users/ally/Documents/johnson lab/parrotfish bites/IV_Sctaeniopterus_TP_2021-06-10_122626_001.MP4,1220.810,23.98,No focal subject,Bite,Foraging,None|None|None,POINT,571.888,571.888,NA,,
IV_Sctaeniopterus_TP_2021-06-10_122626,2025-07-03 13:16:16,,/Users/ally/Documents/johnson lab/parrotfish bites/IV_Sctaeniopterus_TP_2021-06-10_122626_001.MP4,1220.810,23.98,No focal subject,Bite,Foraging,None|None|None,POINT,576.388,576.388,NA,,
IV_Sctaeniopterus_TP_2021-06-10_122626,2025-07-03 13:16:16,,/Users/ally/Documents/johnson lab/parrotfish bites/IV_Sctaeniopterus_TP_2021-06-10_122626_001.MP4,1220.810,23.98,No focal subject,Bite,Foraging,None|None|None,POINT,577.388,577.388,NA,,
IV_Sctaeniopterus_TP_2021-06-10_122626,2025-07-03 13:16:16,,/Users/ally/Documents/johnson lab/parrotfish bites/IV_Sctaeniopterus_TP_2021-06-10_122626_001.MP4,1220.810,23.98,No focal subject,Bite,Foraging,None|None|None,POINT,577.888,577.888,NA,,
IV_Sctaeniopterus_TP_2021-06-10_122626,2025-07-03 13:16:16,,/Users/ally/Documents/johnson lab/parrotfish bites/IV_Sctaeniopterus_TP_2021-06-10_122626_001.MP4,1220.810,23.98,No focal subject,Bite,Foraging,None|None|None,POINT,594.743,594.743,NA,,
IV_Sctaeniopterus_TP_2021-06-10_122626,2025-07-03 13:16:16,,/Users/ally/Documents/johnson lab/parrotfish bites/IV_Sctaeniopterus_TP_2021-06-10_122626_001.MP4,1220.810,23.98,No focal subject,Bite,Foraging,None|None|None,POINT,595.243,595.243,NA,,
IV_Sctaeniopterus_TP_2021-06-10_122626,2025-07-03 13:16:16,,/Users/ally/Documents/johnson lab/parrotfish bites/IV_Sctaeniopterus_TP_2021-06-10_122626_001.MP4,1220.810,23.98,No focal subject,Bite,Foraging,None|None|None,POINT,595.993,595.993,NA,,
IV_Sctaeniopterus_TP_2021-06-10_122626,2025-07-03 13:16:16,,/Users/ally/Documents/johnson lab/parrotfish bites/IV_Sctaeniopterus_TP_2021-06-10_122626_001.MP4,1220.810,23.98,No focal subject,Bite,Foraging,None|None|None,POINT,596.492,596.492,NA,,
IV_Sctaeniopterus_TP_2021-06-10_122626,2025-07-03 13:16:16,,/Users/ally/Documents/johnson lab/parrotfish bites/IV_Sctaeniopterus_TP_2021-06-10_122626_001.MP4,1220.810,23.98,No focal subject,Bite,Foraging,None|None|None,POINT,597.242,597.242,NA,,
IV_Sctaeniopterus_TP_2021-06-10_122626,2025-07-03 13:16:16,,/Users/ally/Documents/johnson lab/parrotfish bites/IV_Sctaeniopterus_TP_2021-06-10_122626_001.MP4,1220.810,23.98,No focal subject,Bite,Foraging,None|None|None,POINT,597.993,597.993,NA,,
IV_Sctaeniopterus_TP_2021-06-10_122626,2025-07-03 13:16:16,,/Users/ally/Documents/johnson lab/parrotfish bites/IV_Sctaeniopterus_TP_2021-06-10_122626_001.MP4,1220.810,23.98,No focal subject,Bite,Foraging,None|None|None,POINT,599.492,599.492,NA,,
IV_Sctaeniopterus_TP_2021-06-10_122626,2025-07-03 13:16:16,,/Users/ally/Documents/johnson lab/parrotfish bites/IV_Sctaeniopterus_TP_2021-06-10_122626_001.MP4,1220.810,23.98,No focal subject,Bite,Foraging,None|None|None,POINT,600.498,600.498,NA,,
IV_Sctaeniopterus_TP_2021-06-10_122626,2025-07-03 13:16:16,,/Users/ally/Documents/johnson lab/parrotfish bites/IV_Sctaeniopterus_TP_2021-06-10_122626_001.MP4,1220.810,23.98,No focal subject,Bite,Foraging,None|None|None,POINT,602.498,602.498,NA,,
IV_Sctaeniopterus_TP_2021-06-10_122626,2025-07-03 13:16:16,,/Users/ally/Documents/johnson lab/parrotfish bites/IV_Sctaeniopterus_TP_2021-06-10_122626_001.MP4,1220.810,23.98,No focal subject,Bite,Foraging,None|None|None,POINT,603.499,603.499,NA,,
IV_Sctaeniopterus_TP_2021-06-10_122626,2025-07-03 13:16:16,,/Users/ally/Documents/johnson lab/parrotfish bites/IV_Sctaeniopterus_TP_2021-06-10_122626_001.MP4,1220.810,23.98,No focal subject,Bite,Foraging,None|None|None,POINT,603.999,603.999,NA,,
IV_Sctaeniopterus_TP_2021-06-10_122626,2025-07-03 13:16:16,,/Users/ally/Documents/johnson lab/parrotfish bites/IV_Sctaeniopterus_TP_2021-06-10_122626_001.MP4,1220.810,23.98,No focal subject,Bite,Foraging,None|None|None,POINT,604.999,604.999,NA,,
IV_Sctaeniopterus_TP_2021-06-10_122626,2025-07-03 13:16:16,,/Users/ally/Documents/johnson lab/parrotfish bites/IV_Sctaeniopterus_TP_2021-06-10_122626_001.MP4,1220.810,23.98,No focal subject,Bite,Foraging,None|None|None,POINT,607.001,607.001,NA,,
IV_Sctaeniopterus_TP_2021-06-10_122626,2025-07-03 13:16:16,,/Users/ally/Documents/johnson lab/parrotfish bites/IV_Sctaeniopterus_TP_2021-06-10_122626_001.MP4,1220.810,23.98,No focal subject,Bite,Foraging,None|None|None,POINT,607.263,607.263,NA,,
IV_Sctaeniopterus_TP_2021-06-10_122626,2025-07-03 13:16:16,,/Users/ally/Documents/johnson lab/parrotfish bites/IV_Sctaeniopterus_TP_2021-06-10_122626_001.MP4,1220.810,23.98,No focal subject,Bite,Foraging,None|None|None,POINT,609.014,609.014,NA,,
IV_Sctaeniopterus_TP_2021-06-10_122626,2025-07-03 13:16:16,,/Users/ally/Documents/johnson lab/parrotfish bites/IV_Sctaeniopterus_TP_2021-06-10_122626_001.MP4,1220.810,23.98,No focal subject,Bite,Foraging,None|None|None,POINT,609.263,609.263,NA,,
IV_Sctaeniopterus_TP_2021-06-10_122626,2025-07-03 13:16:16,,/Users/ally/Documents/johnson lab/parrotfish bites/IV_Sctaeniopterus_TP_2021-06-10_122626_001.MP4,1220.810,23.98,No focal subject,Bite,Foraging,None|None|None,POINT,612.017,612.017,NA,,
IV_Sctaeniopterus_TP_2021-06-10_122626,2025-07-03 13:16:16,,/Users/ally/Documents/johnson lab/parrotfish bites/IV_Sctaeniopterus_TP_2021-06-10_122626_001.MP4,1220.810,23.98,No focal subject,Bite,Foraging,None|None|None,POINT,613.019,613.019,NA,,
IV_Sctaeniopterus_TP_2021-06-10_122626,2025-07-03 13:16:16,,/Users/ally/Documents/johnson lab/parrotfish bites/IV_Sctaeniopterus_TP_2021-06-10_122626_001.MP4,1220.810,23.98,No focal subject,Bite,Foraging,None|None|None,POINT,614.017,614.017,NA,,
IV_Sctaeniopterus_TP_2021-06-10_122626,2025-07-03 13:16:16,,/Users/ally/Documents/johnson lab/parrotfish bites/IV_Sctaeniopterus_TP_2021-06-10_122626_001.MP4,1220.810,23.98,No focal subject,Bite,Foraging,None|None|None,POINT,623.018,623.018,NA,,
IV_Sctaeniopterus_TP_2021-06-10_122626,2025-07-03 13:16:16,,/Users/ally/Documents/johnson lab/parrotfish bites/IV_Sctaeniopterus_TP_2021-06-10_122626_001.MP4,1220.810,23.98,No focal subject,Defecation,Defecation,,POINT,652.518,652.518,NA,,
IV_Sctaeniopterus_TP_2021-06-10_122626,2025-07-03 13:16:16,,/Users/ally/Documents/johnson lab/parrotfish bites/IV_Sctaeniopterus_TP_2021-06-10_122626_001.MP4,1220.810,23.98,No focal subject,Bite,Foraging,None|None|None,POINT,664.519,664.519,NA,,
IV_Sctaeniopterus_TP_2021-06-10_122626,2025-07-03 13:16:16,,/Users/ally/Documents/johnson lab/parrotfish bites/IV_Sctaeniopterus_TP_2021-06-10_122626_001.MP4,1220.810,23.98,No focal subject,Bite,Foraging,None|None|None,POINT,667.017,667.017,NA,,
IV_Sctaeniopterus_TP_2021-06-10_122626,2025-07-03 13:16:16,,/Users/ally/Documents/johnson lab/parrotfish bites/IV_Sctaeniopterus_TP_2021-06-10_122626_001.MP4,1220.810,23.98,No focal subject,Bite,Foraging,None|None|None,POINT,667.518,667.518,NA,,
IV_Sctaeniopterus_TP_2021-06-10_122626,2025-07-03 13:16:16,,/Users/ally/Documents/johnson lab/parrotfish bites/IV_Sctaeniopterus_TP_2021-06-10_122626_001.MP4,1220.810,23.98,No focal subject,Bite,Foraging,None|None|None,POINT,670.518,670.518,NA,,
IV_Sctaeniopterus_TP_2021-06-10_122626,2025-07-03 13:16:16,,/Users/ally/Documents/johnson lab/parrotfish bites/IV_Sctaeniopterus_TP_2021-06-10_122626_001.MP4,1220.810,23.98,No focal subject,Bite,Foraging,None|None|None,POINT,672.019,672.019,NA,,
IV_Sctaeniopterus_TP_2021-06-10_122626,2025-07-03 13:16:16,,/Users/ally/Documents/johnson lab/parrotfish bites/IV_Sctaeniopterus_TP_2021-06-10_122626_001.MP4,1220.810,23.98,No focal subject,Bite,Foraging,None|None|None,POINT,673.014,673.014,NA,,
IV_Sctaeniopterus_TP_2021-06-10_122626,2025-07-03 13:16:16,,/Users/ally/Documents/johnson lab/parrotfish bites/IV_Sctaeniopterus_TP_2021-06-10_122626_001.MP4,1220.810,23.98,No focal subject,Bite,Foraging,None|None|None,POINT,674.018,674.018,NA,,
IV_Sctaeniopterus_TP_2021-06-10_122626,2025-07-03 13:16:16,,/Users/ally/Documents/johnson lab/parrotfish bites/IV_Sctaeniopterus_TP_2021-06-10_122626_001.MP4,1220.810,23.98,No focal subject,Bite,Foraging,None|None|None,POINT,674.515,674.515,NA,,
IV_Sctaeniopterus_TP_2021-06-10_122626,2025-07-03 13:16:16,,/Users/ally/Documents/johnson lab/parrotfish bites/IV_Sctaeniopterus_TP_2021-06-10_122626_001.MP4,1220.810,23.98,No focal subject,Bite,Foraging,None|None|None,POINT,675.018,675.018,NA,,
IV_Sctaeniopterus_TP_2021-06-10_122626,2025-07-03 13:16:16,,/Users/ally/Documents/johnson lab/parrotfish bites/IV_Sctaeniopterus_TP_2021-06-10_122626_001.MP4,1220.810,23.98,No focal subject,Bite,Foraging,None|None|None,POINT,675.518,675.518,NA,,
IV_Sctaeniopterus_TP_2021-06-10_122626,2025-07-03 13:16:16,,/Users/ally/Documents/johnson lab/parrotfish bites/IV_Sctaeniopterus_TP_2021-06-10_122626_001.MP4,1220.810,23.98,No focal subject,Bite,Foraging,None|None|None,POINT,685.017,685.017,NA,,
IV_Sctaeniopterus_TP_2021-06-10_122626,2025-07-03 13:16:16,,/Users/ally/Documents/johnson lab/parrotfish bites/IV_Sctaeniopterus_TP_2021-06-10_122626_001.MP4,1220.810,23.98,No focal subject,Bite,Foraging,None|None|None,POINT,685.519,685.519,NA,,
IV_Sctaeniopterus_TP_2021-06-10_122626,2025-07-03 13:16:16,,/Users/ally/Documents/johnson lab/parrotfish bites/IV_Sctaeniopterus_TP_2021-06-10_122626_001.MP4,1220.810,23.98,No focal subject,Bite,Foraging,None|None|None,POINT,686.519,686.519,NA,,
IV_Sctaeniopterus_TP_2021-06-10_122626,2025-07-03 13:16:16,,/Users/ally/Documents/johnson lab/parrotfish bites/IV_Sctaeniopterus_TP_2021-06-10_122626_001.MP4,1220.810,23.98,No focal subject,Bite,Foraging,None|None|None,POINT,687.013,687.013,NA,,
IV_Sctaeniopterus_TP_2021-06-10_122626,2025-07-03 13:16:16,,/Users/ally/Documents/johnson lab/parrotfish bites/IV_Sctaeniopterus_TP_2021-06-10_122626_001.MP4,1220.810,23.98,No focal subject,Bite,Foraging,None|None|None,POINT,687.518,687.518,NA,,
IV_Sctaeniopterus_TP_2021-06-10_122626,2025-07-03 13:16:16,,/Users/ally/Documents/johnson lab/parrotfish bites/IV_Sctaeniopterus_TP_2021-06-10_122626_001.MP4,1220.810,23.98,No focal subject,Bite,Foraging,None|None|None,POINT,688.519,688.519,NA,,
IV_Sctaeniopterus_TP_2021-06-10_122626,2025-07-03 13:16:16,,/Users/ally/Documents/johnson lab/parrotfish bites/IV_Sctaeniopterus_TP_2021-06-10_122626_001.MP4,1220.810,23.98,No focal subject,Bite,Foraging,None|None|None,POINT,689.519,689.519,NA,,
IV_Sctaeniopterus_TP_2021-06-10_122626,2025-07-03 13:16:16,,/Users/ally/Documents/johnson lab/parrotfish bites/IV_Sctaeniopterus_TP_2021-06-10_122626_001.MP4,1220.810,23.98,No focal subject,Bite,Foraging,None|None|None,POINT,689.766,689.766,NA,,
IV_Sctaeniopterus_TP_2021-06-10_122626,2025-07-03 13:16:16,,/Users/ally/Documents/johnson lab/parrotfish bites/IV_Sctaeniopterus_TP_2021-06-10_122626_001.MP4,1220.810,23.98,No focal subject,Bite,Foraging,None|None|None,POINT,690.518,690.518,NA,,
IV_Sctaeniopterus_TP_2021-06-10_122626,2025-07-03 13:16:16,,/Users/ally/Documents/johnson lab/parrotfish bites/IV_Sctaeniopterus_TP_2021-06-10_122626_001.MP4,1220.810,23.98,No focal subject,Bite,Foraging,None|None|None,POINT,691.515,691.515,NA,,
IV_Sctaeniopterus_TP_2021-06-10_122626,2025-07-03 13:16:16,,/Users/ally/Documents/johnson lab/parrotfish bites/IV_Sctaeniopterus_TP_2021-06-10_122626_001.MP4,1220.810,23.98,No focal subject,Bite,Foraging,None|None|None,POINT,692.518,692.518,NA,,
IV_Sctaeniopterus_TP_2021-06-10_122626,2025-07-03 13:16:16,,/Users/ally/Documents/johnson lab/parrotfish bites/IV_Sctaeniopterus_TP_2021-06-10_122626_001.MP4,1220.810,23.98,No focal subject,Bite,Foraging,None|None|None,POINT,694.017,694.017,NA,,
IV_Sctaeniopterus_TP_2021-06-10_122626,2025-07-03 13:16:16,,/Users/ally/Documents/johnson lab/parrotfish bites/IV_Sctaeniopterus_TP_2021-06-10_122626_001.MP4,1220.810,23.98,No focal subject,Bite,Foraging,None|None|None,POINT,695.016,695.016,NA,,
IV_Sctaeniopterus_TP_2021-06-10_122626,2025-07-03 13:16:16,,/Users/ally/Documents/johnson lab/parrotfish bites/IV_Sctaeniopterus_TP_2021-06-10_122626_001.MP4,1220.810,23.98,No focal subject,Bite,Foraging,None|None|None,POINT,695.518,695.518,NA,,
IV_Sctaeniopterus_TP_2021-06-10_122626,2025-07-03 13:16:16,,/Users/ally/Documents/johnson lab/parrotfish bites/IV_Sctaeniopterus_TP_2021-06-10_122626_001.MP4,1220.810,23.98,No focal subject,Bite,Foraging,None|None|None,POINT,707.519,707.519,NA,,
IV_Sctaeniopterus_TP_2021-06-10_122626,2025-07-03 13:16:16,,/Users/ally/Documents/johnson lab/parrotfish bites/IV_Sctaeniopterus_TP_2021-06-10_122626_001.MP4,1220.810,23.98,No focal subject,Bite,Foraging,None|None|None,POINT,709.072,709.072,NA,,
IV_Sctaeniopterus_TP_2021-06-10_122626,2025-07-03 13:16:16,,/Users/ally/Documents/johnson lab/parrotfish bites/IV_Sctaeniopterus_TP_2021-06-10_122626_002.MP4,1220.810,23.98,No focal subject,Bite,Foraging,None|None|None,POINT,710.133,710.133,NA,,
IV_Sctaeniopterus_TP_2021-06-10_122626,2025-07-03 13:16:16,,/Users/ally/Documents/johnson lab/parrotfish bites/IV_Sctaeniopterus_TP_2021-06-10_122626_002.MP4,1220.810,23.98,No focal subject,Bite,Foraging,None|None|None,POINT,710.634,710.634,NA,,
IV_Sctaeniopterus_TP_2021-06-10_122626,2025-07-03 13:16:16,,/Users/ally/Documents/johnson lab/parrotfish bites/IV_Sctaeniopterus_TP_2021-06-10_122626_002.MP4,1220.810,23.98,No focal subject,Bite,Foraging,None|None|None,POINT,713.134,713.134,NA,,
IV_Sctaeniopterus_TP_2021-06-10_122626,2025-07-03 13:16:16,,/Users/ally/Documents/johnson lab/parrotfish bites/IV_Sctaeniopterus_TP_2021-06-10_122626_002.MP4,1220.810,23.98,No focal subject,Bite,Foraging,None|None|None,POINT,714.133,714.133,NA,,
IV_Sctaeniopterus_TP_2021-06-10_122626,2025-07-03 13:16:16,,/Users/ally/Documents/johnson lab/parrotfish bites/IV_Sctaeniopterus_TP_2021-06-10_122626_002.MP4,1220.810,23.98,No focal subject,Bite,Foraging,None|None|None,POINT,721.633,721.633,NA,,
IV_Sctaeniopterus_TP_2021-06-10_122626,2025-07-03 13:16:16,,/Users/ally/Documents/johnson lab/parrotfish bites/IV_Sctaeniopterus_TP_2021-06-10_122626_002.MP4,1220.810,23.98,No focal subject,Bite,Foraging,None|None|None,POINT,722.130,722.130,NA,,
IV_Sctaeniopterus_TP_2021-06-10_122626,2025-07-03 13:16:16,,/Users/ally/Documents/johnson lab/parrotfish bites/IV_Sctaeniopterus_TP_2021-06-10_122626_002.MP4,1220.810,23.98,No focal subject,Bite,Foraging,None|None|None,POINT,722.633,722.633,NA,,
IV_Sctaeniopterus_TP_2021-06-10_122626,2025-07-03 13:16:16,,/Users/ally/Documents/johnson lab/parrotfish bites/IV_Sctaeniopterus_TP_2021-06-10_122626_002.MP4,1220.810,23.98,No focal subject,Bite,Foraging,None|None|None,POINT,724.132,724.132,NA,,
IV_Sctaeniopterus_TP_2021-06-10_122626,2025-07-03 13:16:16,,/Users/ally/Documents/johnson lab/parrotfish bites/IV_Sctaeniopterus_TP_2021-06-10_122626_002.MP4,1220.810,23.98,No focal subject,Bite,Foraging,None|None|None,POINT,724.631,724.631,NA,,
IV_Sctaeniopterus_TP_2021-06-10_122626,2025-07-03 13:16:16,,/Users/ally/Documents/johnson lab/parrotfish bites/IV_Sctaeniopterus_TP_2021-06-10_122626_002.MP4,1220.810,23.98,No focal subject,Bite,Foraging,None|None|None,POINT,725.131,725.131,NA,,
IV_Sctaeniopterus_TP_2021-06-10_122626,2025-07-03 13:16:16,,/Users/ally/Documents/johnson lab/parrotfish bites/IV_Sctaeniopterus_TP_2021-06-10_122626_002.MP4,1220.810,23.98,No focal subject,Bite,Foraging,None|None|None,POINT,727.132,727.132,NA,,
IV_Sctaeniopterus_TP_2021-06-10_122626,2025-07-03 13:16:16,,/Users/ally/Documents/johnson lab/parrotfish bites/IV_Sctaeniopterus_TP_2021-06-10_122626_002.MP4,1220.810,23.98,No focal subject,Bite,Foraging,None|None|None,POINT,727.631,727.631,NA,,
IV_Sctaeniopterus_TP_2021-06-10_122626,2025-07-03 13:16:16,,/Users/ally/Documents/johnson lab/parrotfish bites/IV_Sctaeniopterus_TP_2021-06-10_122626_002.MP4,1220.810,23.98,No focal subject,Bite,Foraging,None|None|None,POINT,728.630,728.630,NA,,
IV_Sctaeniopterus_TP_2021-06-10_122626,2025-07-03 13:16:16,,/Users/ally/Documents/johnson lab/parrotfish bites/IV_Sctaeniopterus_TP_2021-06-10_122626_002.MP4,1220.810,23.98,No focal subject,Bite,Foraging,None|None|None,POINT,729.132,729.132,NA,,
IV_Sctaeniopterus_TP_2021-06-10_122626,2025-07-03 13:16:16,,/Users/ally/Documents/johnson lab/parrotfish bites/IV_Sctaeniopterus_TP_2021-06-10_122626_002.MP4,1220.810,23.98,No focal subject,Bite,Foraging,None|None|None,POINT,730.632,730.632,NA,,
IV_Sctaeniopterus_TP_2021-06-10_122626,2025-07-03 13:16:16,,/Users/ally/Documents/johnson lab/parrotfish bites/IV_Sctaeniopterus_TP_2021-06-10_122626_002.MP4,1220.810,23.98,No focal subject,Bite,Foraging,None|None|None,POINT,731.130,731.130,NA,,
IV_Sctaeniopterus_TP_2021-06-10_122626,2025-07-03 13:16:16,,/Users/ally/Documents/johnson lab/parrotfish bites/IV_Sctaeniopterus_TP_2021-06-10_122626_002.MP4,1220.810,23.98,No focal subject,Bite,Foraging,None|None|None,POINT,731.630,731.630,NA,,
IV_Sctaeniopterus_TP_2021-06-10_122626,2025-07-03 13:16:16,,/Users/ally/Documents/johnson lab/parrotfish bites/IV_Sctaeniopterus_TP_2021-06-10_122626_002.MP4,1220.810,23.98,No focal subject,Bite,Foraging,None|None|None,POINT,732.631,732.631,NA,,
IV_Sctaeniopterus_TP_2021-06-10_122626,2025-07-03 13:16:16,,/Users/ally/Documents/johnson lab/parrotfish bites/IV_Sctaeniopterus_TP_2021-06-10_122626_002.MP4,1220.810,23.98,No focal subject,Bite,Foraging,None|None|None,POINT,736.131,736.131,NA,,
IV_Sctaeniopterus_TP_2021-06-10_122626,2025-07-03 13:16:16,,/Users/ally/Documents/johnson lab/parrotfish bites/IV_Sctaeniopterus_TP_2021-06-10_122626_002.MP4,1220.810,23.98,No focal subject,Bite,Foraging,None|None|None,POINT,737.632,737.632,NA,,
IV_Sctaeniopterus_TP_2021-06-10_122626,2025-07-03 13:16:16,,/Users/ally/Documents/johnson lab/parrotfish bites/IV_Sctaeniopterus_TP_2021-06-10_122626_002.MP4,1220.810,23.98,No focal subject,Bite,Foraging,None|None|None,POINT,738.880,738.880,NA,,
IV_Sctaeniopterus_TP_2021-06-10_122626,2025-07-03 13:16:16,,/Users/ally/Documents/johnson lab/parrotfish bites/IV_Sctaeniopterus_TP_2021-06-10_122626_002.MP4,1220.810,23.98,No focal subject,Bite,Foraging,None|None|None,POINT,739.131,739.131,NA,,
IV_Sctaeniopterus_TP_2021-06-10_122626,2025-07-03 13:16:16,,/Users/ally/Documents/johnson lab/parrotfish bites/IV_Sctaeniopterus_TP_2021-06-10_122626_002.MP4,1220.810,23.98,No focal subject,Bite,Foraging,None|None|None,POINT,740.131,740.131,NA,,
IV_Sctaeniopterus_TP_2021-06-10_122626,2025-07-03 13:16:16,,/Users/ally/Documents/johnson lab/parrotfish bites/IV_Sctaeniopterus_TP_2021-06-10_122626_002.MP4,1220.810,23.98,No focal subject,Bite,Foraging,None|None|None,POINT,741.133,741.133,NA,,
IV_Sctaeniopterus_TP_2021-06-10_122626,2025-07-03 13:16:16,,/Users/ally/Documents/johnson lab/parrotfish bites/IV_Sctaeniopterus_TP_2021-06-10_122626_002.MP4,1220.810,23.98,No focal subject,Bite,Foraging,None|None|None,POINT,742.133,742.133,NA,,
IV_Sctaeniopterus_TP_2021-06-10_122626,2025-07-03 13:16:16,,/Users/ally/Documents/johnson lab/parrotfish bites/IV_Sctaeniopterus_TP_2021-06-10_122626_002.MP4,1220.810,23.98,No focal subject,Bite,Foraging,None|None|None,POINT,742.633,742.633,NA,,
IV_Sctaeniopterus_TP_2021-06-10_122626,2025-07-03 13:16:16,,/Users/ally/Documents/johnson lab/parrotfish bites/IV_Sctaeniopterus_TP_2021-06-10_122626_002.MP4,1220.810,23.98,No focal subject,Bite,Foraging,None|None|None,POINT,743.134,743.134,NA,,
IV_Sctaeniopterus_TP_2021-06-10_122626,2025-07-03 13:16:16,,/Users/ally/Documents/johnson lab/parrotfish bites/IV_Sctaeniopterus_TP_2021-06-10_122626_002.MP4,1220.810,23.98,No focal subject,Bite,Foraging,None|None|None,POINT,744.133,744.133,NA,,
IV_Sctaeniopterus_TP_2021-06-10_122626,2025-07-03 13:16:16,,/Users/ally/Documents/johnson lab/parrotfish bites/IV_Sctaeniopterus_TP_2021-06-10_122626_002.MP4,1220.810,23.98,No focal subject,Bite,Foraging,None|None|None,POINT,750.637,750.637,NA,,
IV_Sctaeniopterus_TP_2021-06-10_122626,2025-07-03 13:16:16,,/Users/ally/Documents/johnson lab/parrotfish bites/IV_Sctaeniopterus_TP_2021-06-10_122626_002.MP4,1220.810,23.98,No focal subject,Bite,Foraging,None|None|None,POINT,751.633,751.633,NA,,
IV_Sctaeniopterus_TP_2021-06-10_122626,2025-07-03 13:16:16,,/Users/ally/Documents/johnson lab/parrotfish bites/IV_Sctaeniopterus_TP_2021-06-10_122626_002.MP4,1220.810,23.98,No focal subject,Bite,Foraging,None|None|None,POINT,755.633,755.633,NA,,
IV_Sctaeniopterus_TP_2021-06-10_122626,2025-07-03 13:16:16,,/Users/ally/Documents/johnson lab/parrotfish bites/IV_Sctaeniopterus_TP_2021-06-10_122626_002.MP4,1220.810,23.98,No focal subject,Bite,Foraging,None|None|None,POINT,766.133,766.133,NA,,
IV_Sctaeniopterus_TP_2021-06-10_122626,2025-07-03 13:16:16,,/Users/ally/Documents/johnson lab/parrotfish bites/IV_Sctaeniopterus_TP_2021-06-10_122626_002.MP4,1220.810,23.98,No focal subject,Bite,Foraging,None|None|None,POINT,767.132,767.132,NA,,
IV_Sctaeniopterus_TP_2021-06-10_122626,2025-07-03 13:16:16,,/Users/ally/Documents/johnson lab/parrotfish bites/IV_Sctaeniopterus_TP_2021-06-10_122626_002.MP4,1220.810,23.98,No focal subject,Bite,Foraging,None|None|None,POINT,768.132,768.132,NA,,
IV_Sctaeniopterus_TP_2021-06-10_122626,2025-07-03 13:16:16,,/Users/ally/Documents/johnson lab/parrotfish bites/IV_Sctaeniopterus_TP_2021-06-10_122626_002.MP4,1220.810,23.98,No focal subject,Bite,Foraging,None|None|None,POINT,768.879,768.879,NA,,
IV_Sctaeniopterus_TP_2021-06-10_122626,2025-07-03 13:16:16,,/Users/ally/Documents/johnson lab/parrotfish bites/IV_Sctaeniopterus_TP_2021-06-10_122626_002.MP4,1220.810,23.98,No focal subject,Bite,Foraging,None|None|None,POINT,769.631,769.631,NA,,
IV_Sctaeniopterus_TP_2021-06-10_122626,2025-07-03 13:16:16,,/Users/ally/Documents/johnson lab/parrotfish bites/IV_Sctaeniopterus_TP_2021-06-10_122626_002.MP4,1220.810,23.98,No focal subject,Bite,Foraging,None|None|None,POINT,770.131,770.131,NA,,
IV_Sctaeniopterus_TP_2021-06-10_122626,2025-07-03 13:16:16,,/Users/ally/Documents/johnson lab/parrotfish bites/IV_Sctaeniopterus_TP_2021-06-10_122626_002.MP4,1220.810,23.98,No focal subject,Bite,Foraging,None|None|None,POINT,771.132,771.132,NA,,
IV_Sctaeniopterus_TP_2021-06-10_122626,2025-07-03 13:16:16,,/Users/ally/Documents/johnson lab/parrotfish bites/IV_Sctaeniopterus_TP_2021-06-10_122626_002.MP4,1220.810,23.98,No focal subject,Bite,Foraging,None|None|None,POINT,772.130,772.130,NA,,
IV_Sctaeniopterus_TP_2021-06-10_122626,2025-07-03 13:16:16,,/Users/ally/Documents/johnson lab/parrotfish bites/IV_Sctaeniopterus_TP_2021-06-10_122626_002.MP4,1220.810,23.98,No focal subject,Bite,Foraging,None|None|None,POINT,773.132,773.132,NA,,
IV_Sctaeniopterus_TP_2021-06-10_122626,2025-07-03 13:16:16,,/Users/ally/Documents/johnson lab/parrotfish bites/IV_Sctaeniopterus_TP_2021-06-10_122626_002.MP4,1220.810,23.98,No focal subject,Bite,Foraging,None|None|None,POINT,774.632,774.632,NA,,
IV_Sctaeniopterus_TP_2021-06-10_122626,2025-07-03 13:16:16,,/Users/ally/Documents/johnson lab/parrotfish bites/IV_Sctaeniopterus_TP_2021-06-10_122626_002.MP4,1220.810,23.98,No focal subject,Bite,Foraging,None|None|None,POINT,775.381,775.381,NA,,
IV_Sctaeniopterus_TP_2021-06-10_122626,2025-07-03 13:16:16,,/Users/ally/Documents/johnson lab/parrotfish bites/IV_Sctaeniopterus_TP_2021-06-10_122626_002.MP4,1220.810,23.98,No focal subject,Bite,Foraging,None|None|None,POINT,776.634,776.634,NA,,
IV_Sctaeniopterus_TP_2021-06-10_122626,2025-07-03 13:16:16,,/Users/ally/Documents/johnson lab/parrotfish bites/IV_Sctaeniopterus_TP_2021-06-10_122626_002.MP4,1220.810,23.98,No focal subject,Bite,Foraging,None|None|None,POINT,778.131,778.131,NA,,
IV_Sctaeniopterus_TP_2021-06-10_122626,2025-07-03 13:16:16,,/Users/ally/Documents/johnson lab/parrotfish bites/IV_Sctaeniopterus_TP_2021-06-10_122626_002.MP4,1220.810,23.98,No focal subject,Bite,Foraging,None|None|None,POINT,778.633,778.633,NA,,
IV_Sctaeniopterus_TP_2021-06-10_122626,2025-07-03 13:16:16,,/Users/ally/Documents/johnson lab/parrotfish bites/IV_Sctaeniopterus_TP_2021-06-10_122626_002.MP4,1220.810,23.98,No focal subject,Bite,Foraging,None|None|None,POINT,779.632,779.632,NA,,
IV_Sctaeniopterus_TP_2021-06-10_122626,2025-07-03 13:16:16,,/Users/ally/Documents/johnson lab/parrotfish bites/IV_Sctaeniopterus_TP_2021-06-10_122626_002.MP4,1220.810,23.98,No focal subject,Bite,Foraging,None|None|None,POINT,780.632,780.632,NA,,
IV_Sctaeniopterus_TP_2021-06-10_122626,2025-07-03 13:16:16,,/Users/ally/Documents/johnson lab/parrotfish bites/IV_Sctaeniopterus_TP_2021-06-10_122626_002.MP4,1220.810,23.98,No focal subject,Bite,Foraging,None|None|None,POINT,782.632,782.632,NA,,
IV_Sctaeniopterus_TP_2021-06-10_122626,2025-07-03 13:16:16,,/Users/ally/Documents/johnson lab/parrotfish bites/IV_Sctaeniopterus_TP_2021-06-10_122626_002.MP4,1220.810,23.98,No focal subject,Bite,Foraging,None|None|None,POINT,783.132,783.132,NA,,
IV_Sctaeniopterus_TP_2021-06-10_122626,2025-07-03 13:16:16,,/Users/ally/Documents/johnson lab/parrotfish bites/IV_Sctaeniopterus_TP_2021-06-10_122626_002.MP4,1220.810,23.98,No focal subject,Bite,Foraging,None|None|None,POINT,784.131,784.131,NA,,
IV_Sctaeniopterus_TP_2021-06-10_122626,2025-07-03 13:16:16,,/Users/ally/Documents/johnson lab/parrotfish bites/IV_Sctaeniopterus_TP_2021-06-10_122626_002.MP4,1220.810,23.98,No focal subject,Bite,Foraging,None|None|None,POINT,785.633,785.633,NA,,
IV_Sctaeniopterus_TP_2021-06-10_122626,2025-07-03 13:16:16,,/Users/ally/Documents/johnson lab/parrotfish bites/IV_Sctaeniopterus_TP_2021-06-10_122626_002.MP4,1220.810,23.98,No focal subject,Bite,Foraging,None|None|None,POINT,786.632,786.632,NA,,
IV_Sctaeniopterus_TP_2021-06-10_122626,2025-07-03 13:16:16,,/Users/ally/Documents/johnson lab/parrotfish bites/IV_Sctaeniopterus_TP_2021-06-10_122626_002.MP4,1220.810,23.98,No focal subject,Bite,Foraging,None|None|None,POINT,787.631,787.631,NA,,
IV_Sctaeniopterus_TP_2021-06-10_122626,2025-07-03 13:16:16,,/Users/ally/Documents/johnson lab/parrotfish bites/IV_Sctaeniopterus_TP_2021-06-10_122626_002.MP4,1220.810,23.98,No focal subject,Bite,Foraging,None|None|None,POINT,788.131,788.131,NA,,
IV_Sctaeniopterus_TP_2021-06-10_122626,2025-07-03 13:16:16,,/Users/ally/Documents/johnson lab/parrotfish bites/IV_Sctaeniopterus_TP_2021-06-10_122626_002.MP4,1220.810,23.98,No focal subject,Bite,Foraging,None|None|None,POINT,788.881,788.881,NA,,
IV_Sctaeniopterus_TP_2021-06-10_122626,2025-07-03 13:16:16,,/Users/ally/Documents/johnson lab/parrotfish bites/IV_Sctaeniopterus_TP_2021-06-10_122626_002.MP4,1220.810,23.98,No focal subject,Bite,Foraging,None|None|None,POINT,789.632,789.632,NA,,
IV_Sctaeniopterus_TP_2021-06-10_122626,2025-07-03 13:16:16,,/Users/ally/Documents/johnson lab/parrotfish bites/IV_Sctaeniopterus_TP_2021-06-10_122626_002.MP4,1220.810,23.98,No focal subject,Bite,Foraging,None|None|None,POINT,790.131,790.131,NA,,
IV_Sctaeniopterus_TP_2021-06-10_122626,2025-07-03 13:16:16,,/Users/ally/Documents/johnson lab/parrotfish bites/IV_Sctaeniopterus_TP_2021-06-10_122626_002.MP4,1220.810,23.98,No focal subject,Bite,Foraging,None|None|None,POINT,791.133,791.133,NA,,
IV_Sctaeniopterus_TP_2021-06-10_122626,2025-07-03 13:16:16,,/Users/ally/Documents/johnson lab/parrotfish bites/IV_Sctaeniopterus_TP_2021-06-10_122626_002.MP4,1220.810,23.98,No focal subject,Bite,Foraging,None|None|None,POINT,791.631,791.631,NA,,
IV_Sctaeniopterus_TP_2021-06-10_122626,2025-07-03 13:16:16,,/Users/ally/Documents/johnson lab/parrotfish bites/IV_Sctaeniopterus_TP_2021-06-10_122626_002.MP4,1220.810,23.98,No focal subject,Bite,Foraging,None|None|None,POINT,792.634,792.634,NA,,
IV_Sctaeniopterus_TP_2021-06-10_122626,2025-07-03 13:16:16,,/Users/ally/Documents/johnson lab/parrotfish bites/IV_Sctaeniopterus_TP_2021-06-10_122626_002.MP4,1220.810,23.98,No focal subject,Bite,Foraging,None|None|None,POINT,793.133,793.133,NA,,
IV_Sctaeniopterus_TP_2021-06-10_122626,2025-07-03 13:16:16,,/Users/ally/Documents/johnson lab/parrotfish bites/IV_Sctaeniopterus_TP_2021-06-10_122626_002.MP4,1220.810,23.98,No focal subject,Bite,Foraging,None|None|None,POINT,793.881,793.881,NA,,
IV_Sctaeniopterus_TP_2021-06-10_122626,2025-07-03 13:16:16,,/Users/ally/Documents/johnson lab/parrotfish bites/IV_Sctaeniopterus_TP_2021-06-10_122626_002.MP4,1220.810,23.98,No focal subject,Bite,Foraging,None|None|None,POINT,794.634,794.634,NA,,
IV_Sctaeniopterus_TP_2021-06-10_122626,2025-07-03 13:16:16,,/Users/ally/Documents/johnson lab/parrotfish bites/IV_Sctaeniopterus_TP_2021-06-10_122626_002.MP4,1220.810,23.98,No focal subject,Bite,Foraging,None|None|None,POINT,795.134,795.134,NA,,
IV_Sctaeniopterus_TP_2021-06-10_122626,2025-07-03 13:16:16,,/Users/ally/Documents/johnson lab/parrotfish bites/IV_Sctaeniopterus_TP_2021-06-10_122626_002.MP4,1220.810,23.98,No focal subject,Bite,Foraging,None|None|None,POINT,796.132,796.132,NA,,
IV_Sctaeniopterus_TP_2021-06-10_122626,2025-07-03 13:16:16,,/Users/ally/Documents/johnson lab/parrotfish bites/IV_Sctaeniopterus_TP_2021-06-10_122626_002.MP4,1220.810,23.98,No focal subject,Bite,Foraging,None|None|None,POINT,797.636,797.636,NA,,
IV_Sctaeniopterus_TP_2021-06-10_122626,2025-07-03 13:16:16,,/Users/ally/Documents/johnson lab/parrotfish bites/IV_Sctaeniopterus_TP_2021-06-10_122626_002.MP4,1220.810,23.98,No focal subject,Bite,Foraging,None|None|None,POINT,799.135,799.135,NA,,
IV_Sctaeniopterus_TP_2021-06-10_122626,2025-07-03 13:16:16,,/Users/ally/Documents/johnson lab/parrotfish bites/IV_Sctaeniopterus_TP_2021-06-10_122626_002.MP4,1220.810,23.98,No focal subject,Bite,Foraging,None|None|None,POINT,803.131,803.131,NA,,
IV_Sctaeniopterus_TP_2021-06-10_122626,2025-07-03 13:16:16,,/Users/ally/Documents/johnson lab/parrotfish bites/IV_Sctaeniopterus_TP_2021-06-10_122626_002.MP4,1220.810,23.98,No focal subject,Bite,Foraging,None|None|None,POINT,803.631,803.631,NA,,
IV_Sctaeniopterus_TP_2021-06-10_122626,2025-07-03 13:16:16,,/Users/ally/Documents/johnson lab/parrotfish bites/IV_Sctaeniopterus_TP_2021-06-10_122626_002.MP4,1220.810,23.98,No focal subject,Bite,Foraging,None|None|None,POINT,804.631,804.631,NA,,
IV_Sctaeniopterus_TP_2021-06-10_122626,2025-07-03 13:16:16,,/Users/ally/Documents/johnson lab/parrotfish bites/IV_Sctaeniopterus_TP_2021-06-10_122626_002.MP4,1220.810,23.98,No focal subject,Bite,Foraging,None|None|None,POINT,805.132,805.132,NA,,
IV_Sctaeniopterus_TP_2021-06-10_122626,2025-07-03 13:16:16,,/Users/ally/Documents/johnson lab/parrotfish bites/IV_Sctaeniopterus_TP_2021-06-10_122626_002.MP4,1220.810,23.98,No focal subject,Bite,Foraging,None|None|None,POINT,806.131,806.131,NA,,
IV_Sctaeniopterus_TP_2021-06-10_122626,2025-07-03 13:16:16,,/Users/ally/Documents/johnson lab/parrotfish bites/IV_Sctaeniopterus_TP_2021-06-10_122626_002.MP4,1220.810,23.98,No focal subject,Bite,Foraging,None|None|None,POINT,807.132,807.132,NA,,
IV_Sctaeniopterus_TP_2021-06-10_122626,2025-07-03 13:16:16,,/Users/ally/Documents/johnson lab/parrotfish bites/IV_Sctaeniopterus_TP_2021-06-10_122626_002.MP4,1220.810,23.98,No focal subject,Bite,Foraging,None|None|None,POINT,807.630,807.630,NA,,
IV_Sctaeniopterus_TP_2021-06-10_122626,2025-07-03 13:16:16,,/Users/ally/Documents/johnson lab/parrotfish bites/IV_Sctaeniopterus_TP_2021-06-10_122626_002.MP4,1220.810,23.98,No focal subject,Bite,Foraging,None|None|None,POINT,808.131,808.131,NA,,
IV_Sctaeniopterus_TP_2021-06-10_122626,2025-07-03 13:16:16,,/Users/ally/Documents/johnson lab/parrotfish bites/IV_Sctaeniopterus_TP_2021-06-10_122626_002.MP4,1220.810,23.98,No focal subject,Bite,Foraging,None|None|None,POINT,808.631,808.631,NA,,
IV_Sctaeniopterus_TP_2021-06-10_122626,2025-07-03 13:16:16,,/Users/ally/Documents/johnson lab/parrotfish bites/IV_Sctaeniopterus_TP_2021-06-10_122626_002.MP4,1220.810,23.98,No focal subject,Bite,Foraging,None|None|None,POINT,812.633,812.633,NA,,
IV_Sctaeniopterus_TP_2021-06-10_122626,2025-07-03 13:16:16,,/Users/ally/Documents/johnson lab/parrotfish bites/IV_Sctaeniopterus_TP_2021-06-10_122626_002.MP4,1220.810,23.98,No focal subject,Bite,Foraging,None|None|None,POINT,825.631,825.631,NA,,
IV_Sctaeniopterus_TP_2021-06-10_122626,2025-07-03 13:16:16,,/Users/ally/Documents/johnson lab/parrotfish bites/IV_Sctaeniopterus_TP_2021-06-10_122626_002.MP4,1220.810,23.98,No focal subject,Bite,Foraging,None|None|None,POINT,826.131,826.131,NA,,
IV_Sctaeniopterus_TP_2021-06-10_122626,2025-07-03 13:16:16,,/Users/ally/Documents/johnson lab/parrotfish bites/IV_Sctaeniopterus_TP_2021-06-10_122626_002.MP4,1220.810,23.98,No focal subject,Bite,Foraging,None|None|None,POINT,826.631,826.631,NA,,
IV_Sctaeniopterus_TP_2021-06-10_122626,2025-07-03 13:16:16,,/Users/ally/Documents/johnson lab/parrotfish bites/IV_Sctaeniopterus_TP_2021-06-10_122626_002.MP4,1220.810,23.98,No focal subject,Bite,Foraging,None|None|None,POINT,827.630,827.630,NA,,
IV_Sctaeniopterus_TP_2021-06-10_122626,2025-07-03 13:16:16,,/Users/ally/Documents/johnson lab/parrotfish bites/IV_Sctaeniopterus_TP_2021-06-10_122626_002.MP4,1220.810,23.98,No focal subject,Bite,Foraging,None|None|None,POINT,828.131,828.131,NA,,
IV_Sctaeniopterus_TP_2021-06-10_122626,2025-07-03 13:16:16,,/Users/ally/Documents/johnson lab/parrotfish bites/IV_Sctaeniopterus_TP_2021-06-10_122626_002.MP4,1220.810,23.98,No focal subject,Bite,Foraging,None|None|None,POINT,829.131,829.131,NA,,
IV_Sctaeniopterus_TP_2021-06-10_122626,2025-07-03 13:16:16,,/Users/ally/Documents/johnson lab/parrotfish bites/IV_Sctaeniopterus_TP_2021-06-10_122626_002.MP4,1220.810,23.98,No focal subject,Bite,Foraging,None|None|None,POINT,829.879,829.879,NA,,
IV_Sctaeniopterus_TP_2021-06-10_122626,2025-07-03 13:16:16,,/Users/ally/Documents/johnson lab/parrotfish bites/IV_Sctaeniopterus_TP_2021-06-10_122626_002.MP4,1220.810,23.98,No focal subject,Bite,Foraging,None|None|None,POINT,830.628,830.628,NA,,
IV_Sctaeniopterus_TP_2021-06-10_122626,2025-07-03 13:16:16,,/Users/ally/Documents/johnson lab/parrotfish bites/IV_Sctaeniopterus_TP_2021-06-10_122626_002.MP4,1220.810,23.98,No focal subject,Bite,Foraging,None|None|None,POINT,833.131,833.131,NA,,
IV_Sctaeniopterus_TP_2021-06-10_122626,2025-07-03 13:16:16,,/Users/ally/Documents/johnson lab/parrotfish bites/IV_Sctaeniopterus_TP_2021-06-10_122626_002.MP4,1220.810,23.98,No focal subject,Bite,Foraging,None|None|None,POINT,833.630,833.630,NA,,
IV_Sctaeniopterus_TP_2021-06-10_122626,2025-07-03 13:16:16,,/Users/ally/Documents/johnson lab/parrotfish bites/IV_Sctaeniopterus_TP_2021-06-10_122626_002.MP4,1220.810,23.98,No focal subject,Bite,Foraging,None|None|None,POINT,834.134,834.134,NA,,
IV_Sctaeniopterus_TP_2021-06-10_122626,2025-07-03 13:16:16,,/Users/ally/Documents/johnson lab/parrotfish bites/IV_Sctaeniopterus_TP_2021-06-10_122626_002.MP4,1220.810,23.98,No focal subject,Bite,Foraging,None|None|None,POINT,835.130,835.130,NA,,
IV_Sctaeniopterus_TP_2021-06-10_122626,2025-07-03 13:16:16,,/Users/ally/Documents/johnson lab/parrotfish bites/IV_Sctaeniopterus_TP_2021-06-10_122626_002.MP4,1220.810,23.98,No focal subject,Bite,Foraging,None|None|None,POINT,838.136,838.136,NA,,
IV_Sctaeniopterus_TP_2021-06-10_122626,2025-07-03 13:16:16,,/Users/ally/Documents/johnson lab/parrotfish bites/IV_Sctaeniopterus_TP_2021-06-10_122626_002.MP4,1220.810,23.98,No focal subject,Bite,Foraging,None|None|None,POINT,839.135,839.135,NA,,
IV_Sctaeniopterus_TP_2021-06-10_122626,2025-07-03 13:16:16,,/Users/ally/Documents/johnson lab/parrotfish bites/IV_Sctaeniopterus_TP_2021-06-10_122626_002.MP4,1220.810,23.98,No focal subject,Bite,Foraging,None|None|None,POINT,839.633,839.633,NA,,
IV_Sctaeniopterus_TP_2021-06-10_122626,2025-07-03 13:16:16,,/Users/ally/Documents/johnson lab/parrotfish bites/IV_Sctaeniopterus_TP_2021-06-10_122626_002.MP4,1220.810,23.98,No focal subject,Bite,Foraging,None|None|None,POINT,840.633,840.633,NA,,
IV_Sctaeniopterus_TP_2021-06-10_122626,2025-07-03 13:16:16,,/Users/ally/Documents/johnson lab/parrotfish bites/IV_Sctaeniopterus_TP_2021-06-10_122626_002.MP4,1220.810,23.98,No focal subject,Bite,Foraging,None|None|None,POINT,841.631,841.631,NA,,
IV_Sctaeniopterus_TP_2021-06-10_122626,2025-07-03 13:16:16,,/Users/ally/Documents/johnson lab/parrotfish bites/IV_Sctaeniopterus_TP_2021-06-10_122626_002.MP4,1220.810,23.98,No focal subject,Bite,Foraging,None|None|None,POINT,842.132,842.132,NA,,
IV_Sctaeniopterus_TP_2021-06-10_122626,2025-07-03 13:16:16,,/Users/ally/Documents/johnson lab/parrotfish bites/IV_Sctaeniopterus_TP_2021-06-10_122626_002.MP4,1220.810,23.98,No focal subject,Bite,Foraging,None|None|None,POINT,864.634,864.634,NA,,
IV_Sctaeniopterus_TP_2021-06-10_122626,2025-07-03 13:16:16,,/Users/ally/Documents/johnson lab/parrotfish bites/IV_Sctaeniopterus_TP_2021-06-10_122626_002.MP4,1220.810,23.98,No focal subject,Bite,Foraging,None|None|None,POINT,865.627,865.627,NA,,
IV_Sctaeniopterus_TP_2021-06-10_122626,2025-07-03 13:16:16,,/Users/ally/Documents/johnson lab/parrotfish bites/IV_Sctaeniopterus_TP_2021-06-10_122626_002.MP4,1220.810,23.98,No focal subject,Bite,Foraging,None|None|None,POINT,866.633,866.633,NA,,
IV_Sctaeniopterus_TP_2021-06-10_122626,2025-07-03 13:16:16,,/Users/ally/Documents/johnson lab/parrotfish bites/IV_Sctaeniopterus_TP_2021-06-10_122626_002.MP4,1220.810,23.98,No focal subject,Bite,Foraging,None|None|None,POINT,869.133,869.133,NA,,
IV_Sctaeniopterus_TP_2021-06-10_122626,2025-07-03 13:16:16,,/Users/ally/Documents/johnson lab/parrotfish bites/IV_Sctaeniopterus_TP_2021-06-10_122626_002.MP4,1220.810,23.98,No focal subject,Bite,Foraging,None|None|None,POINT,869.632,869.632,NA,,
IV_Sctaeniopterus_TP_2021-06-10_122626,2025-07-03 13:16:16,,/Users/ally/Documents/johnson lab/parrotfish bites/IV_Sctaeniopterus_TP_2021-06-10_122626_002.MP4,1220.810,23.98,No focal subject,Bite,Foraging,None|None|None,POINT,871.135,871.135,NA,,
IV_Sctaeniopterus_TP_2021-06-10_122626,2025-07-03 13:16:16,,/Users/ally/Documents/johnson lab/parrotfish bites/IV_Sctaeniopterus_TP_2021-06-10_122626_002.MP4,1220.810,23.98,No focal subject,Bite,Foraging,None|None|None,POINT,871.632,871.632,NA,,
IV_Sctaeniopterus_TP_2021-06-10_122626,2025-07-03 13:16:16,,/Users/ally/Documents/johnson lab/parrotfish bites/IV_Sctaeniopterus_TP_2021-06-10_122626_002.MP4,1220.810,23.98,No focal subject,Bite,Foraging,None|None|None,POINT,873.132,873.132,NA,,
IV_Sctaeniopterus_TP_2021-06-10_122626,2025-07-03 13:16:16,,/Users/ally/Documents/johnson lab/parrotfish bites/IV_Sctaeniopterus_TP_2021-06-10_122626_002.MP4,1220.810,23.98,No focal subject,Bite,Foraging,None|None|None,POINT,873.631,873.631,NA,,
IV_Sctaeniopterus_TP_2021-06-10_122626,2025-07-03 13:16:16,,/Users/ally/Documents/johnson lab/parrotfish bites/IV_Sctaeniopterus_TP_2021-06-10_122626_002.MP4,1220.810,23.98,No focal subject,Bite,Foraging,None|None|None,POINT,874.131,874.131,NA,,
IV_Sctaeniopterus_TP_2021-06-10_122626,2025-07-03 13:16:16,,/Users/ally/Documents/johnson lab/parrotfish bites/IV_Sctaeniopterus_TP_2021-06-10_122626_002.MP4,1220.810,23.98,No focal subject,Bite,Foraging,None|None|None,POINT,874.632,874.632,NA,,
IV_Sctaeniopterus_TP_2021-06-10_122626,2025-07-03 13:16:16,,/Users/ally/Documents/johnson lab/parrotfish bites/IV_Sctaeniopterus_TP_2021-06-10_122626_002.MP4,1220.810,23.98,No focal subject,Bite,Foraging,None|None|None,POINT,875.630,875.630,NA,,
IV_Sctaeniopterus_TP_2021-06-10_122626,2025-07-03 13:16:16,,/Users/ally/Documents/johnson lab/parrotfish bites/IV_Sctaeniopterus_TP_2021-06-10_122626_002.MP4,1220.810,23.98,No focal subject,Bite,Foraging,None|None|None,POINT,878.134,878.134,NA,,
IV_Sctaeniopterus_TP_2021-06-10_122626,2025-07-03 13:16:16,,/Users/ally/Documents/johnson lab/parrotfish bites/IV_Sctaeniopterus_TP_2021-06-10_122626_002.MP4,1220.810,23.98,No focal subject,Bite,Foraging,None|None|None,POINT,878.883,878.883,NA,,
IV_Sctaeniopterus_TP_2021-06-10_122626,2025-07-03 13:16:16,,/Users/ally/Documents/johnson lab/parrotfish bites/IV_Sctaeniopterus_TP_2021-06-10_122626_002.MP4,1220.810,23.98,No focal subject,Bite,Foraging,None|None|None,POINT,879.633,879.633,NA,,
IV_Sctaeniopterus_TP_2021-06-10_122626,2025-07-03 13:16:16,,/Users/ally/Documents/johnson lab/parrotfish bites/IV_Sctaeniopterus_TP_2021-06-10_122626_002.MP4,1220.810,23.98,No focal subject,Bite,Foraging,None|None|None,POINT,880.134,880.134,NA,,
IV_Sctaeniopterus_TP_2021-06-10_122626,2025-07-03 13:16:16,,/Users/ally/Documents/johnson lab/parrotfish bites/IV_Sctaeniopterus_TP_2021-06-10_122626_002.MP4,1220.810,23.98,No focal subject,Bite,Foraging,None|None|None,POINT,881.384,881.384,NA,,
IV_Sctaeniopterus_TP_2021-06-10_122626,2025-07-03 13:16:16,,/Users/ally/Documents/johnson lab/parrotfish bites/IV_Sctaeniopterus_TP_2021-06-10_122626_002.MP4,1220.810,23.98,No focal subject,Bite,Foraging,None|None|None,POINT,884.133,884.133,NA,,
IV_Sctaeniopterus_TP_2021-06-10_122626,2025-07-03 13:16:16,,/Users/ally/Documents/johnson lab/parrotfish bites/IV_Sctaeniopterus_TP_2021-06-10_122626_002.MP4,1220.810,23.98,No focal subject,Bite,Foraging,None|None|None,POINT,885.631,885.631,NA,,
IV_Sctaeniopterus_TP_2021-06-10_122626,2025-07-03 13:16:16,,/Users/ally/Documents/johnson lab/parrotfish bites/IV_Sctaeniopterus_TP_2021-06-10_122626_002.MP4,1220.810,23.98,No focal subject,Bite,Foraging,None|None|None,POINT,905.132,905.132,NA,,
IV_Sctaeniopterus_TP_2021-06-10_122626,2025-07-03 13:16:16,,/Users/ally/Documents/johnson lab/parrotfish bites/IV_Sctaeniopterus_TP_2021-06-10_122626_002.MP4,1220.810,23.98,No focal subject,Bite,Foraging,None|None|None,POINT,905.632,905.632,NA,,
IV_Sctaeniopterus_TP_2021-06-10_122626,2025-07-03 13:16:16,,/Users/ally/Documents/johnson lab/parrotfish bites/IV_Sctaeniopterus_TP_2021-06-10_122626_002.MP4,1220.810,23.98,No focal subject,Bite,Foraging,None|None|None,POINT,906.631,906.631,NA,,
IV_Sctaeniopterus_TP_2021-06-10_122626,2025-07-03 13:16:16,,/Users/ally/Documents/johnson lab/parrotfish bites/IV_Sctaeniopterus_TP_2021-06-10_122626_002.MP4,1220.810,23.98,No focal subject,Bite,Foraging,None|None|None,POINT,907.132,907.132,NA,,
IV_Sctaeniopterus_TP_2021-06-10_122626,2025-07-03 13:16:16,,/Users/ally/Documents/johnson lab/parrotfish bites/IV_Sctaeniopterus_TP_2021-06-10_122626_002.MP4,1220.810,23.98,No focal subject,Bite,Foraging,None|None|None,POINT,907.631,907.631,NA,,
IV_Sctaeniopterus_TP_2021-06-10_122626,2025-07-03 13:16:16,,/Users/ally/Documents/johnson lab/parrotfish bites/IV_Sctaeniopterus_TP_2021-06-10_122626_002.MP4,1220.810,23.98,No focal subject,Bite,Foraging,None|None|None,POINT,911.382,911.382,NA,,
IV_Sctaeniopterus_TP_2021-06-10_122626,2025-07-03 13:16:16,,/Users/ally/Documents/johnson lab/parrotfish bites/IV_Sctaeniopterus_TP_2021-06-10_122626_002.MP4,1220.810,23.98,No focal subject,Bite,Foraging,None|None|None,POINT,912.632,912.632,NA,,
IV_Sctaeniopterus_TP_2021-06-10_122626,2025-07-03 13:16:16,,/Users/ally/Documents/johnson lab/parrotfish bites/IV_Sctaeniopterus_TP_2021-06-10_122626_002.MP4,1220.810,23.98,No focal subject,Bite,Foraging,None|None|None,POINT,913.634,913.634,NA,,
IV_Sctaeniopterus_TP_2021-06-10_122626,2025-07-03 13:16:16,,/Users/ally/Documents/johnson lab/parrotfish bites/IV_Sctaeniopterus_TP_2021-06-10_122626_002.MP4,1220.810,23.98,No focal subject,Bite,Foraging,None|None|None,POINT,914.380,914.380,NA,,
IV_Sctaeniopterus_TP_2021-06-10_122626,2025-07-03 13:16:16,,/Users/ally/Documents/johnson lab/parrotfish bites/IV_Sctaeniopterus_TP_2021-06-10_122626_002.MP4,1220.810,23.98,No focal subject,Bite,Foraging,None|None|None,POINT,915.132,915.132,NA,,
IV_Sctaeniopterus_TP_2021-06-10_122626,2025-07-03 13:16:16,,/Users/ally/Documents/johnson lab/parrotfish bites/IV_Sctaeniopterus_TP_2021-06-10_122626_002.MP4,1220.810,23.98,No focal subject,Bite,Foraging,None|None|None,POINT,916.132,916.132,NA,,
IV_Sctaeniopterus_TP_2021-06-10_122626,2025-07-03 13:16:16,,/Users/ally/Documents/johnson lab/parrotfish bites/IV_Sctaeniopterus_TP_2021-06-10_122626_002.MP4,1220.810,23.98,No focal subject,Bite,Foraging,None|None|None,POINT,916.631,916.631,NA,,
IV_Sctaeniopterus_TP_2021-06-10_122626,2025-07-03 13:16:16,,/Users/ally/Documents/johnson lab/parrotfish bites/IV_Sctaeniopterus_TP_2021-06-10_122626_002.MP4,1220.810,23.98,No focal subject,Bite,Foraging,None|None|None,POINT,919.136,919.136,NA,,
IV_Sctaeniopterus_TP_2021-06-10_122626,2025-07-03 13:16:16,,/Users/ally/Documents/johnson lab/parrotfish bites/IV_Sctaeniopterus_TP_2021-06-10_122626_002.MP4,1220.810,23.98,No focal subject,Bite,Foraging,None|None|None,POINT,920.136,920.136,NA,,
IV_Sctaeniopterus_TP_2021-06-10_122626,2025-07-03 13:16:16,,/Users/ally/Documents/johnson lab/parrotfish bites/IV_Sctaeniopterus_TP_2021-06-10_122626_002.MP4,1220.810,23.98,No focal subject,Bite,Foraging,None|None|None,POINT,920.635,920.635,NA,,
IV_Sctaeniopterus_TP_2021-06-10_122626,2025-07-03 13:16:16,,/Users/ally/Documents/johnson lab/parrotfish bites/IV_Sctaeniopterus_TP_2021-06-10_122626_002.MP4,1220.810,23.98,No focal subject,Bite,Foraging,None|None|None,POINT,921.635,921.635,NA,,
IV_Sctaeniopterus_TP_2021-06-10_122626,2025-07-03 13:16:16,,/Users/ally/Documents/johnson lab/parrotfish bites/IV_Sctaeniopterus_TP_2021-06-10_122626_002.MP4,1220.810,23.98,No focal subject,Bite,Foraging,None|None|None,POINT,922.134,922.134,NA,,
IV_Sctaeniopterus_TP_2021-06-10_122626,2025-07-03 13:16:16,,/Users/ally/Documents/johnson lab/parrotfish bites/IV_Sctaeniopterus_TP_2021-06-10_122626_002.MP4,1220.810,23.98,No focal subject,Bite,Foraging,None|None|None,POINT,922.633,922.633,NA,,
IV_Sctaeniopterus_TP_2021-06-10_122626,2025-07-03 13:16:16,,/Users/ally/Documents/johnson lab/parrotfish bites/IV_Sctaeniopterus_TP_2021-06-10_122626_002.MP4,1220.810,23.98,No focal subject,Bite,Foraging,None|None|None,POINT,923.133,923.133,NA,,
IV_Sctaeniopterus_TP_2021-06-10_122626,2025-07-03 13:16:16,,/Users/ally/Documents/johnson lab/parrotfish bites/IV_Sctaeniopterus_TP_2021-06-10_122626_002.MP4,1220.810,23.98,No focal subject,Bite,Foraging,None|None|None,POINT,924.132,924.132,NA,,
IV_Sctaeniopterus_TP_2021-06-10_122626,2025-07-03 13:16:16,,/Users/ally/Documents/johnson lab/parrotfish bites/IV_Sctaeniopterus_TP_2021-06-10_122626_002.MP4,1220.810,23.98,No focal subject,Bite,Foraging,None|None|None,POINT,924.635,924.635,NA,,
IV_Sctaeniopterus_TP_2021-06-10_122626,2025-07-03 13:16:16,,/Users/ally/Documents/johnson lab/parrotfish bites/IV_Sctaeniopterus_TP_2021-06-10_122626_002.MP4,1220.810,23.98,No focal subject,Bite,Foraging,None|None|None,POINT,925.134,925.134,NA,,
IV_Sctaeniopterus_TP_2021-06-10_122626,2025-07-03 13:16:16,,/Users/ally/Documents/johnson lab/parrotfish bites/IV_Sctaeniopterus_TP_2021-06-10_122626_002.MP4,1220.810,23.98,No focal subject,Bite,Foraging,None|None|None,POINT,925.633,925.633,NA,,
IV_Sctaeniopterus_TP_2021-06-10_122626,2025-07-03 13:16:16,,/Users/ally/Documents/johnson lab/parrotfish bites/IV_Sctaeniopterus_TP_2021-06-10_122626_002.MP4,1220.810,23.98,No focal subject,Bite,Foraging,None|None|None,POINT,926.883,926.883,NA,,
IV_Sctaeniopterus_TP_2021-06-10_122626,2025-07-03 13:16:16,,/Users/ally/Documents/johnson lab/parrotfish bites/IV_Sctaeniopterus_TP_2021-06-10_122626_002.MP4,1220.810,23.98,No focal subject,Bite,Foraging,None|None|None,POINT,927.633,927.633,NA,,
IV_Sctaeniopterus_TP_2021-06-10_122626,2025-07-03 13:16:16,,/Users/ally/Documents/johnson lab/parrotfish bites/IV_Sctaeniopterus_TP_2021-06-10_122626_002.MP4,1220.810,23.98,No focal subject,Bite,Foraging,None|None|None,POINT,928.636,928.636,NA,,
IV_Sctaeniopterus_TP_2021-06-10_122626,2025-07-03 13:16:16,,/Users/ally/Documents/johnson lab/parrotfish bites/IV_Sctaeniopterus_TP_2021-06-10_122626_002.MP4,1220.810,23.98,No focal subject,Bite,Foraging,None|None|None,POINT,929.134,929.134,NA,,
IV_Sctaeniopterus_TP_2021-06-10_122626,2025-07-03 13:16:16,,/Users/ally/Documents/johnson lab/parrotfish bites/IV_Sctaeniopterus_TP_2021-06-10_122626_002.MP4,1220.810,23.98,No focal subject,Bite,Foraging,None|None|None,POINT,929.880,929.880,NA,,
IV_Sctaeniopterus_TP_2021-06-10_122626,2025-07-03 13:16:16,,/Users/ally/Documents/johnson lab/parrotfish bites/IV_Sctaeniopterus_TP_2021-06-10_122626_002.MP4,1220.810,23.98,No focal subject,Bite,Foraging,None|None|None,POINT,930.635,930.635,NA,,
IV_Sctaeniopterus_TP_2021-06-10_122626,2025-07-03 13:16:16,,/Users/ally/Documents/johnson lab/parrotfish bites/IV_Sctaeniopterus_TP_2021-06-10_122626_002.MP4,1220.810,23.98,No focal subject,Bite,Foraging,None|None|None,POINT,932.635,932.635,NA,,
IV_Sctaeniopterus_TP_2021-06-10_122626,2025-07-03 13:16:16,,/Users/ally/Documents/johnson lab/parrotfish bites/IV_Sctaeniopterus_TP_2021-06-10_122626_002.MP4,1220.810,23.98,No focal subject,Bite,Foraging,None|None|None,POINT,933.633,933.633,NA,,
IV_Sctaeniopterus_TP_2021-06-10_122626,2025-07-03 13:16:16,,/Users/ally/Documents/johnson lab/parrotfish bites/IV_Sctaeniopterus_TP_2021-06-10_122626_002.MP4,1220.810,23.98,No focal subject,Bite,Foraging,None|None|None,POINT,934.133,934.133,NA,,
IV_Sctaeniopterus_TP_2021-06-10_122626,2025-07-03 13:16:16,,/Users/ally/Documents/johnson lab/parrotfish bites/IV_Sctaeniopterus_TP_2021-06-10_122626_002.MP4,1220.810,23.98,No focal subject,Bite,Foraging,None|None|None,POINT,935.132,935.132,NA,,
IV_Sctaeniopterus_TP_2021-06-10_122626,2025-07-03 13:16:16,,/Users/ally/Documents/johnson lab/parrotfish bites/IV_Sctaeniopterus_TP_2021-06-10_122626_002.MP4,1220.810,23.98,No focal subject,Bite,Foraging,None|None|None,POINT,936.133,936.133,NA,,
IV_Sctaeniopterus_TP_2021-06-10_122626,2025-07-03 13:16:16,,/Users/ally/Documents/johnson lab/parrotfish bites/IV_Sctaeniopterus_TP_2021-06-10_122626_002.MP4,1220.810,23.98,No focal subject,Bite,Foraging,None|None|None,POINT,937.132,937.132,NA,,
IV_Sctaeniopterus_TP_2021-06-10_122626,2025-07-03 13:16:16,,/Users/ally/Documents/johnson lab/parrotfish bites/IV_Sctaeniopterus_TP_2021-06-10_122626_002.MP4,1220.810,23.98,No focal subject,Bite,Foraging,None|None|None,POINT,938.133,938.133,NA,,
IV_Sctaeniopterus_TP_2021-06-10_122626,2025-07-03 13:16:16,,/Users/ally/Documents/johnson lab/parrotfish bites/IV_Sctaeniopterus_TP_2021-06-10_122626_002.MP4,1220.810,23.98,No focal subject,Bite,Foraging,None|None|None,POINT,940.632,940.632,NA,,
IV_Sctaeniopterus_TP_2021-06-10_122626,2025-07-03 13:16:16,,/Users/ally/Documents/johnson lab/parrotfish bites/IV_Sctaeniopterus_TP_2021-06-10_122626_002.MP4,1220.810,23.98,No focal subject,Bite,Foraging,None|None|None,POINT,941.632,941.632,NA,,
IV_Sctaeniopterus_TP_2021-06-10_122626,2025-07-03 13:16:16,,/Users/ally/Documents/johnson lab/parrotfish bites/IV_Sctaeniopterus_TP_2021-06-10_122626_002.MP4,1220.810,23.98,No focal subject,Bite,Foraging,None|None|None,POINT,942.133,942.133,NA,,
IV_Sctaeniopterus_TP_2021-06-10_122626,2025-07-03 13:16:16,,/Users/ally/Documents/johnson lab/parrotfish bites/IV_Sctaeniopterus_TP_2021-06-10_122626_002.MP4,1220.810,23.98,No focal subject,Bite,Foraging,None|None|None,POINT,942.876,942.876,NA,,
IV_Sctaeniopterus_TP_2021-06-10_122626,2025-07-03 13:16:16,,/Users/ally/Documents/johnson lab/parrotfish bites/IV_Sctaeniopterus_TP_2021-06-10_122626_002.MP4,1220.810,23.98,No focal subject,Bite,Foraging,None|None|None,POINT,943.383,943.383,NA,,
IV_Sctaeniopterus_TP_2021-06-10_122626,2025-07-03 13:16:16,,/Users/ally/Documents/johnson lab/parrotfish bites/IV_Sctaeniopterus_TP_2021-06-10_122626_002.MP4,1220.810,23.98,No focal subject,Bite,Foraging,None|None|None,POINT,944.631,944.631,NA,,
IV_Sctaeniopterus_TP_2021-06-10_122626,2025-07-03 13:16:16,,/Users/ally/Documents/johnson lab/parrotfish bites/IV_Sctaeniopterus_TP_2021-06-10_122626_002.MP4,1220.810,23.98,No focal subject,Bite,Foraging,None|None|None,POINT,945.131,945.131,NA,,
IV_Sctaeniopterus_TP_2021-06-10_122626,2025-07-03 13:16:16,,/Users/ally/Documents/johnson lab/parrotfish bites/IV_Sctaeniopterus_TP_2021-06-10_122626_002.MP4,1220.810,23.98,No focal subject,Bite,Foraging,None|None|None,POINT,946.379,946.379,NA,,
IV_Sctaeniopterus_TP_2021-06-10_122626,2025-07-03 13:16:16,,/Users/ally/Documents/johnson lab/parrotfish bites/IV_Sctaeniopterus_TP_2021-06-10_122626_002.MP4,1220.810,23.98,No focal subject,Bite,Foraging,None|None|None,POINT,947.105,947.105,NA,,
IV_Sctaeniopterus_TP_2021-06-10_122626,2025-07-03 13:16:16,,/Users/ally/Documents/johnson lab/parrotfish bites/IV_Sctaeniopterus_TP_2021-06-10_122626_002.MP4,1220.810,23.98,No focal subject,Bite,Foraging,None|None|None,POINT,947.630,947.630,NA,,
IV_Sctaeniopterus_TP_2021-06-10_122626,2025-07-03 13:16:16,,/Users/ally/Documents/johnson lab/parrotfish bites/IV_Sctaeniopterus_TP_2021-06-10_122626_002.MP4,1220.810,23.98,No focal subject,Bite,Foraging,None|None|None,POINT,948.363,948.363,NA,,
IV_Sctaeniopterus_TP_2021-06-10_122626,2025-07-03 13:16:16,,/Users/ally/Documents/johnson lab/parrotfish bites/IV_Sctaeniopterus_TP_2021-06-10_122626_002.MP4,1220.810,23.98,No focal subject,Bite,Foraging,None|None|None,POINT,948.863,948.863,NA,,
IV_Sctaeniopterus_TP_2021-06-10_122626,2025-07-03 13:16:16,,/Users/ally/Documents/johnson lab/parrotfish bites/IV_Sctaeniopterus_TP_2021-06-10_122626_002.MP4,1220.810,23.98,No focal subject,Bite,Foraging,None|None|None,POINT,949.865,949.865,NA,,
IV_Sctaeniopterus_TP_2021-06-10_122626,2025-07-03 13:16:16,,/Users/ally/Documents/johnson lab/parrotfish bites/IV_Sctaeniopterus_TP_2021-06-10_122626_002.MP4,1220.810,23.98,No focal subject,Bite,Foraging,None|None|None,POINT,950.615,950.615,NA,,
IV_Sctaeniopterus_TP_2021-06-10_122626,2025-07-03 13:16:16,,/Users/ally/Documents/johnson lab/parrotfish bites/IV_Sctaeniopterus_TP_2021-06-10_122626_002.MP4,1220.810,23.98,No focal subject,Bite,Foraging,None|None|None,POINT,951.871,951.871,NA,,
IV_Sctaeniopterus_TP_2021-06-10_122626,2025-07-03 13:16:16,,/Users/ally/Documents/johnson lab/parrotfish bites/IV_Sctaeniopterus_TP_2021-06-10_122626_002.MP4,1220.810,23.98,No focal subject,Bite,Foraging,None|None|None,POINT,952.369,952.369,NA,,
IV_Sctaeniopterus_TP_2021-06-10_122626,2025-07-03 13:16:16,,/Users/ally/Documents/johnson lab/parrotfish bites/IV_Sctaeniopterus_TP_2021-06-10_122626_002.MP4,1220.810,23.98,No focal subject,Bite,Foraging,None|None|None,POINT,953.871,953.871,NA,,
IV_Sctaeniopterus_TP_2021-06-10_122626,2025-07-03 13:16:16,,/Users/ally/Documents/johnson lab/parrotfish bites/IV_Sctaeniopterus_TP_2021-06-10_122626_002.MP4,1220.810,23.98,No focal subject,Bite,Foraging,None|None|None,POINT,954.369,954.369,NA,,
IV_Sctaeniopterus_TP_2021-06-10_122626,2025-07-03 13:16:16,,/Users/ally/Documents/johnson lab/parrotfish bites/IV_Sctaeniopterus_TP_2021-06-10_122626_002.MP4,1220.810,23.98,No focal subject,Bite,Foraging,None|None|None,POINT,955.369,955.369,NA,,
IV_Sctaeniopterus_TP_2021-06-10_122626,2025-07-03 13:16:16,,/Users/ally/Documents/johnson lab/parrotfish bites/IV_Sctaeniopterus_TP_2021-06-10_122626_002.MP4,1220.810,23.98,No focal subject,Bite,Foraging,None|None|None,POINT,955.868,955.868,NA,,
IV_Sctaeniopterus_TP_2021-06-10_122626,2025-07-03 13:16:16,,/Users/ally/Documents/johnson lab/parrotfish bites/IV_Sctaeniopterus_TP_2021-06-10_122626_002.MP4,1220.810,23.98,No focal subject,Bite,Foraging,None|None|None,POINT,956.370,956.370,NA,,
IV_Sctaeniopterus_TP_2021-06-10_122626,2025-07-03 13:16:16,,/Users/ally/Documents/johnson lab/parrotfish bites/IV_Sctaeniopterus_TP_2021-06-10_122626_002.MP4,1220.810,23.98,No focal subject,Bite,Foraging,None|None|None,POINT,956.870,956.870,NA,,
IV_Sctaeniopterus_TP_2021-06-10_122626,2025-07-03 13:16:16,,/Users/ally/Documents/johnson lab/parrotfish bites/IV_Sctaeniopterus_TP_2021-06-10_122626_002.MP4,1220.810,23.98,No focal subject,Bite,Foraging,None|None|None,POINT,957.370,957.370,NA,,
IV_Sctaeniopterus_TP_2021-06-10_122626,2025-07-03 13:16:16,,/Users/ally/Documents/johnson lab/parrotfish bites/IV_Sctaeniopterus_TP_2021-06-10_122626_002.MP4,1220.810,23.98,No focal subject,Bite,Foraging,None|None|None,POINT,957.869,957.869,NA,,
IV_Sctaeniopterus_TP_2021-06-10_122626,2025-07-03 13:16:16,,/Users/ally/Documents/johnson lab/parrotfish bites/IV_Sctaeniopterus_TP_2021-06-10_122626_002.MP4,1220.810,23.98,No focal subject,Bite,Foraging,None|None|None,POINT,958.616,958.616,NA,,
IV_Sctaeniopterus_TP_2021-06-10_122626,2025-07-03 13:16:16,,/Users/ally/Documents/johnson lab/parrotfish bites/IV_Sctaeniopterus_TP_2021-06-10_122626_002.MP4,1220.810,23.98,No focal subject,Bite,Foraging,None|None|None,POINT,959.368,959.368,NA,,
IV_Sctaeniopterus_TP_2021-06-10_122626,2025-07-03 13:16:16,,/Users/ally/Documents/johnson lab/parrotfish bites/IV_Sctaeniopterus_TP_2021-06-10_122626_002.MP4,1220.810,23.98,No focal subject,Bite,Foraging,None|None|None,POINT,959.868,959.868,NA,,
IV_Sctaeniopterus_TP_2021-06-10_122626,2025-07-03 13:16:16,,/Users/ally/Documents/johnson lab/parrotfish bites/IV_Sctaeniopterus_TP_2021-06-10_122626_002.MP4,1220.810,23.98,No focal subject,Bite,Foraging,None|None|None,POINT,960.368,960.368,NA,,
IV_Sctaeniopterus_TP_2021-06-10_122626,2025-07-03 13:16:16,,/Users/ally/Documents/johnson lab/parrotfish bites/IV_Sctaeniopterus_TP_2021-06-10_122626_002.MP4,1220.810,23.98,No focal subject,Bite,Foraging,None|None|None,POINT,961.116,961.116,NA,,
IV_Sctaeniopterus_TP_2021-06-10_122626,2025-07-03 13:16:16,,/Users/ally/Documents/johnson lab/parrotfish bites/IV_Sctaeniopterus_TP_2021-06-10_122626_002.MP4,1220.810,23.98,No focal subject,Bite,Foraging,None|None|None,POINT,961.367,961.367,NA,,
IV_Sctaeniopterus_TP_2021-06-10_122626,2025-07-03 13:16:16,,/Users/ally/Documents/johnson lab/parrotfish bites/IV_Sctaeniopterus_TP_2021-06-10_122626_002.MP4,1220.810,23.98,No focal subject,Bite,Foraging,None|None|None,POINT,962.369,962.369,NA,,
IV_Sctaeniopterus_TP_2021-06-10_122626,2025-07-03 13:16:16,,/Users/ally/Documents/johnson lab/parrotfish bites/IV_Sctaeniopterus_TP_2021-06-10_122626_002.MP4,1220.810,23.98,No focal subject,Bite,Foraging,None|None|None,POINT,962.616,962.616,NA,,
IV_Sctaeniopterus_TP_2021-06-10_122626,2025-07-03 13:16:16,,/Users/ally/Documents/johnson lab/parrotfish bites/IV_Sctaeniopterus_TP_2021-06-10_122626_002.MP4,1220.810,23.98,No focal subject,Bite,Foraging,None|None|None,POINT,963.369,963.369,NA,,
IV_Sctaeniopterus_TP_2021-06-10_122626,2025-07-03 13:16:16,,/Users/ally/Documents/johnson lab/parrotfish bites/IV_Sctaeniopterus_TP_2021-06-10_122626_002.MP4,1220.810,23.98,No focal subject,Bite,Foraging,None|None|None,POINT,964.368,964.368,NA,,
IV_Sctaeniopterus_TP_2021-06-10_122626,2025-07-03 13:16:16,,/Users/ally/Documents/johnson lab/parrotfish bites/IV_Sctaeniopterus_TP_2021-06-10_122626_002.MP4,1220.810,23.98,No focal subject,Bite,Foraging,None|None|None,POINT,965.116,965.116,NA,,
IV_Sctaeniopterus_TP_2021-06-10_122626,2025-07-03 13:16:16,,/Users/ally/Documents/johnson lab/parrotfish bites/IV_Sctaeniopterus_TP_2021-06-10_122626_002.MP4,1220.810,23.98,No focal subject,Bite,Foraging,None|None|None,POINT,965.368,965.368,NA,,
IV_Sctaeniopterus_TP_2021-06-10_122626,2025-07-03 13:16:16,,/Users/ally/Documents/johnson lab/parrotfish bites/IV_Sctaeniopterus_TP_2021-06-10_122626_002.MP4,1220.810,23.98,No focal subject,Bite,Foraging,Feces|None|None,POINT,983.368,983.368,NA,,
IV_Sctaeniopterus_TP_2021-06-10_122626,2025-07-03 13:16:16,,/Users/ally/Documents/johnson lab/parrotfish bites/IV_Sctaeniopterus_TP_2021-06-10_122626_002.MP4,1220.810,23.98,No focal subject,Defecation,Defecation,,POINT,1018.369,1018.369,NA,,
IV_Sctaeniopterus_TP_2021-06-10_122626,2025-07-03 13:16:16,,/Users/ally/Documents/johnson lab/parrotfish bites/IV_Sctaeniopterus_TP_2021-06-10_122626_002.MP4,1220.810,23.98,No focal subject,Bite,Foraging,None|None|None,POINT,1023.618,1023.618,NA,,
IV_Sctaeniopterus_TP_2021-06-10_122626,2025-07-03 13:16:16,,/Users/ally/Documents/johnson lab/parrotfish bites/IV_Sctaeniopterus_TP_2021-06-10_122626_002.MP4,1220.810,23.98,No focal subject,Bite,Foraging,None|None|None,POINT,1029.369,1029.369,NA,,
IV_Sctaeniopterus_TP_2021-06-10_122626,2025-07-03 13:16:16,,/Users/ally/Documents/johnson lab/parrotfish bites/IV_Sctaeniopterus_TP_2021-06-10_122626_002.MP4,1220.810,23.98,No focal subject,Bite,Foraging,None|None|None,POINT,1030.868,1030.868,NA,,
IV_Sctaeniopterus_TP_2021-06-10_122626,2025-07-03 13:16:16,,/Users/ally/Documents/johnson lab/parrotfish bites/IV_Sctaeniopterus_TP_2021-06-10_122626_002.MP4,1220.810,23.98,No focal subject,Bite,Foraging,None|None|None,POINT,1031.368,1031.368,NA,,
IV_Sctaeniopterus_TP_2021-06-10_122626,2025-07-03 13:16:16,,/Users/ally/Documents/johnson lab/parrotfish bites/IV_Sctaeniopterus_TP_2021-06-10_122626_002.MP4,1220.810,23.98,No focal subject,Bite,Foraging,None|None|None,POINT,1031.870,1031.870,NA,,
IV_Sctaeniopterus_TP_2021-06-10_122626,2025-07-03 13:16:16,,/Users/ally/Documents/johnson lab/parrotfish bites/IV_Sctaeniopterus_TP_2021-06-10_122626_002.MP4,1220.810,23.98,No focal subject,Bite,Foraging,None|None|None,POINT,1032.371,1032.371,NA,,
IV_Sctaeniopterus_TP_2021-06-10_122626,2025-07-03 13:16:16,,/Users/ally/Documents/johnson lab/parrotfish bites/IV_Sctaeniopterus_TP_2021-06-10_122626_002.MP4,1220.810,23.98,No focal subject,Bite,Foraging,None|None|None,POINT,1033.374,1033.374,NA,,
IV_Sctaeniopterus_TP_2021-06-10_122626,2025-07-03 13:16:16,,/Users/ally/Documents/johnson lab/parrotfish bites/IV_Sctaeniopterus_TP_2021-06-10_122626_002.MP4,1220.810,23.98,No focal subject,Bite,Foraging,None|None|None,POINT,1033.869,1033.869,NA,,
IV_Sctaeniopterus_TP_2021-06-10_122626,2025-07-03 13:16:16,,/Users/ally/Documents/johnson lab/parrotfish bites/IV_Sctaeniopterus_TP_2021-06-10_122626_002.MP4,1220.810,23.98,No focal subject,Bite,Foraging,None|None|None,POINT,1053.369,1053.369,NA,,
IV_Sctaeniopterus_TP_2021-06-10_122626,2025-07-03 13:16:16,,/Users/ally/Documents/johnson lab/parrotfish bites/IV_Sctaeniopterus_TP_2021-06-10_122626_002.MP4,1220.810,23.98,No focal subject,Bite,Foraging,None|None|None,POINT,1056.869,1056.869,NA,,
IV_Sctaeniopterus_TP_2021-06-10_122626,2025-07-03 13:16:16,,/Users/ally/Documents/johnson lab/parrotfish bites/IV_Sctaeniopterus_TP_2021-06-10_122626_002.MP4,1220.810,23.98,No focal subject,Bite,Foraging,None|None|None,POINT,1058.367,1058.367,NA,,
IV_Sctaeniopterus_TP_2021-06-10_122626,2025-07-03 13:16:16,,/Users/ally/Documents/johnson lab/parrotfish bites/IV_Sctaeniopterus_TP_2021-06-10_122626_002.MP4,1220.810,23.98,No focal subject,Bite,Foraging,None|None|None,POINT,1059.368,1059.368,NA,,
IV_Sctaeniopterus_TP_2021-06-10_122626,2025-07-03 13:16:16,,/Users/ally/Documents/johnson lab/parrotfish bites/IV_Sctaeniopterus_TP_2021-06-10_122626_002.MP4,1220.810,23.98,No focal subject,Bite,Foraging,None|None|None,POINT,1060.870,1060.870,NA,,
IV_Sctaeniopterus_TP_2021-06-10_122626,2025-07-03 13:16:16,,/Users/ally/Documents/johnson lab/parrotfish bites/IV_Sctaeniopterus_TP_2021-06-10_122626_002.MP4,1220.810,23.98,No focal subject,Bite,Foraging,None|None|None,POINT,1062.369,1062.369,NA,,
IV_Sctaeniopterus_TP_2021-06-10_122626,2025-07-03 13:16:16,,/Users/ally/Documents/johnson lab/parrotfish bites/IV_Sctaeniopterus_TP_2021-06-10_122626_002.MP4,1220.810,23.98,No focal subject,Bite,Foraging,None|None|None,POINT,1064.370,1064.370,NA,,
IV_Sctaeniopterus_TP_2021-06-10_122626,2025-07-03 13:16:16,,/Users/ally/Documents/johnson lab/parrotfish bites/IV_Sctaeniopterus_TP_2021-06-10_122626_002.MP4,1220.810,23.98,No focal subject,Bite,Foraging,None|None|None,POINT,1065.870,1065.870,NA,,
IV_Sctaeniopterus_TP_2021-06-10_122626,2025-07-03 13:16:16,,/Users/ally/Documents/johnson lab/parrotfish bites/IV_Sctaeniopterus_TP_2021-06-10_122626_002.MP4,1220.810,23.98,No focal subject,Bite,Foraging,None|None|None,POINT,1067.871,1067.871,NA,,
IV_Sctaeniopterus_TP_2021-06-10_122626,2025-07-03 13:16:16,,/Users/ally/Documents/johnson lab/parrotfish bites/IV_Sctaeniopterus_TP_2021-06-10_122626_002.MP4,1220.810,23.98,No focal subject,Bite,Foraging,None|None|None,POINT,1068.116,1068.116,NA,,
IV_Sctaeniopterus_TP_2021-06-10_122626,2025-07-03 13:16:16,,/Users/ally/Documents/johnson lab/parrotfish bites/IV_Sctaeniopterus_TP_2021-06-10_122626_002.MP4,1220.810,23.98,No focal subject,Bite,Foraging,None|None|None,POINT,1068.869,1068.869,NA,,
IV_Sctaeniopterus_TP_2021-06-10_122626,2025-07-03 13:16:16,,/Users/ally/Documents/johnson lab/parrotfish bites/IV_Sctaeniopterus_TP_2021-06-10_122626_002.MP4,1220.810,23.98,No focal subject,Bite,Foraging,None|None|None,POINT,1069.368,1069.368,NA,,
IV_Sctaeniopterus_TP_2021-06-10_122626,2025-07-03 13:16:16,,/Users/ally/Documents/johnson lab/parrotfish bites/IV_Sctaeniopterus_TP_2021-06-10_122626_002.MP4,1220.810,23.98,No focal subject,Bite,Foraging,None|None|None,POINT,1070.368,1070.368,NA,,
IV_Sctaeniopterus_TP_2021-06-10_122626,2025-07-03 13:16:16,,/Users/ally/Documents/johnson lab/parrotfish bites/IV_Sctaeniopterus_TP_2021-06-10_122626_002.MP4,1220.810,23.98,No focal subject,Bite,Foraging,None|None|None,POINT,1070.867,1070.867,NA,,
IV_Sctaeniopterus_TP_2021-06-10_122626,2025-07-03 13:16:16,,/Users/ally/Documents/johnson lab/parrotfish bites/IV_Sctaeniopterus_TP_2021-06-10_122626_002.MP4,1220.810,23.98,No focal subject,Bite,Foraging,None|None|None,POINT,1071.116,1071.116,NA,,
IV_Sctaeniopterus_TP_2021-06-10_122626,2025-07-03 13:16:16,,/Users/ally/Documents/johnson lab/parrotfish bites/IV_Sctaeniopterus_TP_2021-06-10_122626_002.MP4,1220.810,23.98,No focal subject,Bite,Foraging,None|None|None,POINT,1072.371,1072.371,NA,,
IV_Sctaeniopterus_TP_2021-06-10_122626,2025-07-03 13:16:16,,/Users/ally/Documents/johnson lab/parrotfish bites/IV_Sctaeniopterus_TP_2021-06-10_122626_002.MP4,1220.810,23.98,No focal subject,Bite,Foraging,None|None|None,POINT,1072.870,1072.870,NA,,
IV_Sctaeniopterus_TP_2021-06-10_122626,2025-07-03 13:16:16,,/Users/ally/Documents/johnson lab/parrotfish bites/IV_Sctaeniopterus_TP_2021-06-10_122626_002.MP4,1220.810,23.98,No focal subject,Bite,Foraging,None|None|None,POINT,1086.370,1086.370,NA,,
IV_Sctaeniopterus_TP_2021-06-10_122626,2025-07-03 13:16:16,,/Users/ally/Documents/johnson lab/parrotfish bites/IV_Sctaeniopterus_TP_2021-06-10_122626_002.MP4,1220.810,23.98,No focal subject,Bite,Foraging,None|None|None,POINT,1087.868,1087.868,NA,,
IV_Sctaeniopterus_TP_2021-06-10_122626,2025-07-03 13:16:16,,/Users/ally/Documents/johnson lab/parrotfish bites/IV_Sctaeniopterus_TP_2021-06-10_122626_002.MP4,1220.810,23.98,No focal subject,Bite,Foraging,None|None|None,POINT,1089.368,1089.368,NA,,
IV_Sctaeniopterus_TP_2021-06-10_122626,2025-07-03 13:16:16,,/Users/ally/Documents/johnson lab/parrotfish bites/IV_Sctaeniopterus_TP_2021-06-10_122626_002.MP4,1220.810,23.98,No focal subject,Bite,Foraging,None|None|None,POINT,1089.749,1089.749,NA,,
IV_Sctaeniopterus_TP_2021-06-10_122626,2025-07-03 13:16:16,,/Users/ally/Documents/johnson lab/parrotfish bites/IV_Sctaeniopterus_TP_2021-06-10_122626_002.MP4,1220.810,23.98,No focal subject,Bite,Foraging,None|None|None,POINT,1089.869,1089.869,NA,,
IV_Sctaeniopterus_TP_2021-06-10_122626,2025-07-03 13:16:16,,/Users/ally/Documents/johnson lab/parrotfish bites/IV_Sctaeniopterus_TP_2021-06-10_122626_002.MP4,1220.810,23.98,No focal subject,Bite,Foraging,None|None|None,POINT,1091.117,1091.117,NA,,
IV_Sctaeniopterus_TP_2021-06-10_122626,2025-07-03 13:16:16,,/Users/ally/Documents/johnson lab/parrotfish bites/IV_Sctaeniopterus_TP_2021-06-10_122626_002.MP4,1220.810,23.98,No focal subject,Bite,Foraging,None|None|None,POINT,1092.868,1092.868,NA,,
IV_Sctaeniopterus_TP_2021-06-10_122626,2025-07-03 13:16:16,,/Users/ally/Documents/johnson lab/parrotfish bites/IV_Sctaeniopterus_TP_2021-06-10_122626_002.MP4,1220.810,23.98,No focal subject,Bite,Foraging,None|None|None,POINT,1093.868,1093.868,NA,,
IV_Sctaeniopterus_TP_2021-06-10_122626,2025-07-03 13:16:16,,/Users/ally/Documents/johnson lab/parrotfish bites/IV_Sctaeniopterus_TP_2021-06-10_122626_002.MP4,1220.810,23.98,No focal subject,Bite,Foraging,None|None|None,POINT,1094.367,1094.367,NA,,
IV_Sctaeniopterus_TP_2021-06-10_122626,2025-07-03 13:16:16,,/Users/ally/Documents/johnson lab/parrotfish bites/IV_Sctaeniopterus_TP_2021-06-10_122626_002.MP4,1220.810,23.98,No focal subject,Bite,Foraging,None|None|None,POINT,1095.368,1095.368,NA,,
IV_Sctaeniopterus_TP_2021-06-10_122626,2025-07-03 13:16:16,,/Users/ally/Documents/johnson lab/parrotfish bites/IV_Sctaeniopterus_TP_2021-06-10_122626_002.MP4,1220.810,23.98,No focal subject,Bite,Foraging,None|None|None,POINT,1096.868,1096.868,NA,,
IV_Sctaeniopterus_TP_2021-06-10_122626,2025-07-03 13:16:16,,/Users/ally/Documents/johnson lab/parrotfish bites/IV_Sctaeniopterus_TP_2021-06-10_122626_002.MP4,1220.810,23.98,No focal subject,Bite,Foraging,None|None|None,POINT,1115.008,1115.008,NA,,
IV_Sctaeniopterus_TP_2021-06-10_122626,2025-07-03 13:16:16,,/Users/ally/Documents/johnson lab/parrotfish bites/IV_Sctaeniopterus_TP_2021-06-10_122626_002.MP4,1220.810,23.98,No focal subject,Bite,Foraging,None|None|None,POINT,1116.006,1116.006,NA,,
IV_Sctaeniopterus_TP_2021-06-10_122626,2025-07-03 13:16:16,,/Users/ally/Documents/johnson lab/parrotfish bites/IV_Sctaeniopterus_TP_2021-06-10_122626_002.MP4,1220.810,23.98,No focal subject,Bite,Foraging,None|None|None,POINT,1116.508,1116.508,NA,,
IV_Sctaeniopterus_TP_2021-06-10_122626,2025-07-03 13:16:16,,/Users/ally/Documents/johnson lab/parrotfish bites/IV_Sctaeniopterus_TP_2021-06-10_122626_002.MP4,1220.810,23.98,No focal subject,Bite,Foraging,None|None|None,POINT,1117.509,1117.509,NA,,
IV_Sctaeniopterus_TP_2021-06-10_122626,2025-07-03 13:16:16,,/Users/ally/Documents/johnson lab/parrotfish bites/IV_Sctaeniopterus_TP_2021-06-10_122626_002.MP4,1220.810,23.98,No focal subject,Bite,Foraging,None|None|None,POINT,1129.511,1129.511,NA,,
IV_Sctaeniopterus_TP_2021-06-10_122626,2025-07-03 13:16:16,,/Users/ally/Documents/johnson lab/parrotfish bites/IV_Sctaeniopterus_TP_2021-06-10_122626_002.MP4,1220.810,23.98,No focal subject,Bite,Foraging,None|None|None,POINT,1140.006,1140.006,NA,,
IV_Sctaeniopterus_TP_2021-06-10_122626,2025-07-03 13:16:16,,/Users/ally/Documents/johnson lab/parrotfish bites/IV_Sctaeniopterus_TP_2021-06-10_122626_002.MP4,1220.810,23.98,No focal subject,Bite,Foraging,None|None|None,POINT,1141.008,1141.008,NA,,
IV_Sctaeniopterus_TP_2021-06-10_122626,2025-07-03 13:16:16,,/Users/ally/Documents/johnson lab/parrotfish bites/IV_Sctaeniopterus_TP_2021-06-10_122626_002.MP4,1220.810,23.98,No focal subject,Bite,Foraging,None|None|None,POINT,1142.005,1142.005,NA,,
IV_Sctaeniopterus_TP_2021-06-10_122626,2025-07-03 13:16:16,,/Users/ally/Documents/johnson lab/parrotfish bites/IV_Sctaeniopterus_TP_2021-06-10_122626_002.MP4,1220.810,23.98,No focal subject,Bite,Foraging,None|None|None,POINT,1143.507,1143.507,NA,,
IV_Sctaeniopterus_TP_2021-06-10_122626,2025-07-03 13:16:16,,/Users/ally/Documents/johnson lab/parrotfish bites/IV_Sctaeniopterus_TP_2021-06-10_122626_002.MP4,1220.810,23.98,No focal subject,Bite,Foraging,None|None|None,POINT,1144.008,1144.008,NA,,
IV_Sctaeniopterus_TP_2021-06-10_122626,2025-07-03 13:16:16,,/Users/ally/Documents/johnson lab/parrotfish bites/IV_Sctaeniopterus_TP_2021-06-10_122626_002.MP4,1220.810,23.98,No focal subject,Bite,Foraging,None|None|None,POINT,1145.008,1145.008,NA,,
IV_Sctaeniopterus_TP_2021-06-10_122626,2025-07-03 13:16:16,,/Users/ally/Documents/johnson lab/parrotfish bites/IV_Sctaeniopterus_TP_2021-06-10_122626_002.MP4,1220.810,23.98,No focal subject,Bite,Foraging,None|None|None,POINT,1146.256,1146.256,NA,,
IV_Sctaeniopterus_TP_2021-06-10_122626,2025-07-03 13:16:16,,/Users/ally/Documents/johnson lab/parrotfish bites/IV_Sctaeniopterus_TP_2021-06-10_122626_002.MP4,1220.810,23.98,No focal subject,Bite,Foraging,None|None|None,POINT,1147.009,1147.009,NA,,
IV_Sctaeniopterus_TP_2021-06-10_122626,2025-07-03 13:16:16,,/Users/ally/Documents/johnson lab/parrotfish bites/IV_Sctaeniopterus_TP_2021-06-10_122626_002.MP4,1220.810,23.98,No focal subject,Bite,Foraging,None|None|None,POINT,1147.508,1147.508,NA,,
IV_Sctaeniopterus_TP_2021-06-10_122626,2025-07-03 13:16:16,,/Users/ally/Documents/johnson lab/parrotfish bites/IV_Sctaeniopterus_TP_2021-06-10_122626_002.MP4,1220.810,23.98,No focal subject,Bite,Foraging,None|None|None,POINT,1148.008,1148.008,NA,,
IV_Sctaeniopterus_TP_2021-06-10_122626,2025-07-03 13:16:16,,/Users/ally/Documents/johnson lab/parrotfish bites/IV_Sctaeniopterus_TP_2021-06-10_122626_002.MP4,1220.810,23.98,No focal subject,Bite,Foraging,None|None|None,POINT,1151.008,1151.008,NA,,
IV_Sctaeniopterus_TP_2021-06-10_122626,2025-07-03 13:16:16,,/Users/ally/Documents/johnson lab/parrotfish bites/IV_Sctaeniopterus_TP_2021-06-10_122626_002.MP4,1220.810,23.98,No focal subject,Bite,Foraging,None|None|None,POINT,1153.256,1153.256,NA,,
IV_Sctaeniopterus_TP_2021-06-10_122626,2025-07-03 13:16:16,,/Users/ally/Documents/johnson lab/parrotfish bites/IV_Sctaeniopterus_TP_2021-06-10_122626_002.MP4,1220.810,23.98,No focal subject,Bite,Foraging,None|None|None,POINT,1154.508,1154.508,NA,,
IV_Sctaeniopterus_TP_2021-06-10_122626,2025-07-03 13:16:16,,/Users/ally/Documents/johnson lab/parrotfish bites/IV_Sctaeniopterus_TP_2021-06-10_122626_002.MP4,1220.810,23.98,No focal subject,Bite,Foraging,None|None|None,POINT,1155.508,1155.508,NA,,
IV_Sctaeniopterus_TP_2021-06-10_122626,2025-07-03 13:16:16,,/Users/ally/Documents/johnson lab/parrotfish bites/IV_Sctaeniopterus_TP_2021-06-10_122626_002.MP4,1220.810,23.98,No focal subject,Bite,Foraging,None|None|None,POINT,1156.008,1156.008,NA,,
IV_Sctaeniopterus_TP_2021-06-10_122626,2025-07-03 13:16:16,,/Users/ally/Documents/johnson lab/parrotfish bites/IV_Sctaeniopterus_TP_2021-06-10_122626_002.MP4,1220.810,23.98,No focal subject,Bite,Foraging,None|None|None,POINT,1157.009,1157.009,NA,,
IV_Sctaeniopterus_TP_2021-06-10_122626,2025-07-03 13:16:16,,/Users/ally/Documents/johnson lab/parrotfish bites/IV_Sctaeniopterus_TP_2021-06-10_122626_002.MP4,1220.810,23.98,No focal subject,Bite,Foraging,None|None|None,POINT,1157.509,1157.509,NA,,
IV_Sctaeniopterus_TP_2021-06-10_122626,2025-07-03 13:16:16,,/Users/ally/Documents/johnson lab/parrotfish bites/IV_Sctaeniopterus_TP_2021-06-10_122626_002.MP4,1220.810,23.98,No focal subject,Bite,Foraging,None|None|None,POINT,1158.009,1158.009,NA,,
IV_Sctaeniopterus_TP_2021-06-10_122626,2025-07-03 13:16:16,,/Users/ally/Documents/johnson lab/parrotfish bites/IV_Sctaeniopterus_TP_2021-06-10_122626_002.MP4,1220.810,23.98,No focal subject,Bite,Foraging,None|None|None,POINT,1158.509,1158.509,NA,,
IV_Sctaeniopterus_TP_2021-06-10_122626,2025-07-03 13:16:16,,/Users/ally/Documents/johnson lab/parrotfish bites/IV_Sctaeniopterus_TP_2021-06-10_122626_002.MP4,1220.810,23.98,No focal subject,Bite,Foraging,None|None|None,POINT,1159.007,1159.007,NA,,
IV_Sctaeniopterus_TP_2021-06-10_122626,2025-07-03 13:16:16,,/Users/ally/Documents/johnson lab/parrotfish bites/IV_Sctaeniopterus_TP_2021-06-10_122626_002.MP4,1220.810,23.98,No focal subject,Bite,Foraging,None|None|None,POINT,1160.009,1160.009,NA,,
IV_Sctaeniopterus_TP_2021-06-10_122626,2025-07-03 13:16:16,,/Users/ally/Documents/johnson lab/parrotfish bites/IV_Sctaeniopterus_TP_2021-06-10_122626_002.MP4,1220.810,23.98,No focal subject,Bite,Foraging,None|None|None,POINT,1161.510,1161.510,NA,,
IV_Sctaeniopterus_TP_2021-06-10_122626,2025-07-03 13:16:16,,/Users/ally/Documents/johnson lab/parrotfish bites/IV_Sctaeniopterus_TP_2021-06-10_122626_002.MP4,1220.810,23.98,No focal subject,Bite,Foraging,None|None|None,POINT,1162.506,1162.506,NA,,
IV_Sctaeniopterus_TP_2021-06-10_122626,2025-07-03 13:16:16,,/Users/ally/Documents/johnson lab/parrotfish bites/IV_Sctaeniopterus_TP_2021-06-10_122626_002.MP4,1220.810,23.98,No focal subject,Bite,Foraging,None|None|None,POINT,1163.510,1163.510,NA,,
IV_Sctaeniopterus_TP_2021-06-10_122626,2025-07-03 13:16:16,,/Users/ally/Documents/johnson lab/parrotfish bites/IV_Sctaeniopterus_TP_2021-06-10_122626_002.MP4,1220.810,23.98,No focal subject,Bite,Foraging,None|None|None,POINT,1164.508,1164.508,NA,,
IV_Sctaeniopterus_TP_2021-06-10_122626,2025-07-03 13:16:16,,/Users/ally/Documents/johnson lab/parrotfish bites/IV_Sctaeniopterus_TP_2021-06-10_122626_002.MP4,1220.810,23.98,No focal subject,Bite,Foraging,None|None|None,POINT,1165.008,1165.008,NA,,
IV_Sctaeniopterus_TP_2021-06-10_122626,2025-07-03 13:16:16,,/Users/ally/Documents/johnson lab/parrotfish bites/IV_Sctaeniopterus_TP_2021-06-10_122626_002.MP4,1220.810,23.98,No focal subject,Bite,Foraging,None|None|None,POINT,1177.508,1177.508,NA,,
IV_Sctaeniopterus_TP_2021-06-10_122626,2025-07-03 13:16:16,,/Users/ally/Documents/johnson lab/parrotfish bites/IV_Sctaeniopterus_TP_2021-06-10_122626_002.MP4,1220.810,23.98,No focal subject,Bite,Foraging,None|None|None,POINT,1178.508,1178.508,NA,,
IV_Sctaeniopterus_TP_2021-06-10_122626,2025-07-03 13:16:16,,/Users/ally/Documents/johnson lab/parrotfish bites/IV_Sctaeniopterus_TP_2021-06-10_122626_002.MP4,1220.810,23.98,No focal subject,Bite,Foraging,None|None|None,POINT,1179.008,1179.008,NA,,
IV_Sctaeniopterus_TP_2021-06-10_122626,2025-07-03 13:16:16,,/Users/ally/Documents/johnson lab/parrotfish bites/IV_Sctaeniopterus_TP_2021-06-10_122626_002.MP4,1220.810,23.98,No focal subject,Bite,Foraging,None|None|None,POINT,1179.508,1179.508,NA,,
IV_Sctaeniopterus_TP_2021-06-10_122626,2025-07-03 13:16:16,,/Users/ally/Documents/johnson lab/parrotfish bites/IV_Sctaeniopterus_TP_2021-06-10_122626_002.MP4,1220.810,23.98,No focal subject,Bite,Foraging,None|None|None,POINT,1180.009,1180.009,NA,,
IV_Sctaeniopterus_TP_2021-06-10_122626,2025-07-03 13:16:16,,/Users/ally/Documents/johnson lab/parrotfish bites/IV_Sctaeniopterus_TP_2021-06-10_122626_002.MP4,1220.810,23.98,No focal subject,Bite,Foraging,None|None|None,POINT,1185.009,1185.009,NA,,
IV_Sctaeniopterus_TP_2021-06-10_122626,2025-07-03 13:16:16,,/Users/ally/Documents/johnson lab/parrotfish bites/IV_Sctaeniopterus_TP_2021-06-10_122626_002.MP4,1220.810,23.98,No focal subject,Bite,Foraging,None|None|None,POINT,1185.508,1185.508,NA,,
IV_Sctaeniopterus_TP_2021-06-10_122626,2025-07-03 13:16:16,,/Users/ally/Documents/johnson lab/parrotfish bites/IV_Sctaeniopterus_TP_2021-06-10_122626_002.MP4,1220.810,23.98,No focal subject,Bite,Foraging,None|None|None,POINT,1186.008,1186.008,NA,,
IV_Sctaeniopterus_TP_2021-06-10_122626,2025-07-03 13:16:16,,/Users/ally/Documents/johnson lab/parrotfish bites/IV_Sctaeniopterus_TP_2021-06-10_122626_002.MP4,1220.810,23.98,No focal subject,Bite,Foraging,None|None|None,POINT,1186.507,1186.507,NA,,
IV_Sctaeniopterus_TP_2021-06-10_122626,2025-07-03 13:16:16,,/Users/ally/Documents/johnson lab/parrotfish bites/IV_Sctaeniopterus_TP_2021-06-10_122626_002.MP4,1220.810,23.98,No focal subject,Bite,Foraging,None|None|None,POINT,1187.507,1187.507,NA,,
IV_Sctaeniopterus_TP_2021-06-10_122626,2025-07-03 13:16:16,,/Users/ally/Documents/johnson lab/parrotfish bites/IV_Sctaeniopterus_TP_2021-06-10_122626_002.MP4,1220.810,23.98,No focal subject,Bite,Foraging,None|None|None,POINT,1188.008,1188.008,NA,,
IV_Sctaeniopterus_TP_2021-06-10_122626,2025-07-03 13:16:16,,/Users/ally/Documents/johnson lab/parrotfish bites/IV_Sctaeniopterus_TP_2021-06-10_122626_002.MP4,1220.810,23.98,No focal subject,Bite,Foraging,None|None|None,POINT,1188.507,1188.507,NA,,
IV_Sctaeniopterus_TP_2021-06-10_122626,2025-07-03 13:16:16,,/Users/ally/Documents/johnson lab/parrotfish bites/IV_Sctaeniopterus_TP_2021-06-10_122626_002.MP4,1220.810,23.98,No focal subject,Bite,Foraging,None|None|None,POINT,1189.008,1189.008,NA,,
IV_Sctaeniopterus_TP_2021-06-10_122626,2025-07-03 13:16:16,,/Users/ally/Documents/johnson lab/parrotfish bites/IV_Sctaeniopterus_TP_2021-06-10_122626_002.MP4,1220.810,23.98,No focal subject,Bite,Foraging,None|None|None,POINT,1189.508,1189.508,NA,,
IV_Sctaeniopterus_TP_2021-06-10_122626,2025-07-03 13:16:16,,/Users/ally/Documents/johnson lab/parrotfish bites/IV_Sctaeniopterus_TP_2021-06-10_122626_002.MP4,1220.810,23.98,No focal subject,Bite,Foraging,None|None|None,POINT,1190.509,1190.509,NA,,
IV_Sctaeniopterus_TP_2021-06-10_122626,2025-07-03 13:16:16,,/Users/ally/Documents/johnson lab/parrotfish bites/IV_Sctaeniopterus_TP_2021-06-10_122626_002.MP4,1220.810,23.98,No focal subject,Bite,Foraging,None|None|None,POINT,1191.004,1191.004,NA,,
IV_Sctaeniopterus_TP_2021-06-10_122626,2025-07-03 13:16:16,,/Users/ally/Documents/johnson lab/parrotfish bites/IV_Sctaeniopterus_TP_2021-06-10_122626_002.MP4,1220.810,23.98,No focal subject,Bite,Foraging,None|None|None,POINT,1192.008,1192.008,NA,,
IV_Sctaeniopterus_TP_2021-06-10_122626,2025-07-03 13:16:16,,/Users/ally/Documents/johnson lab/parrotfish bites/IV_Sctaeniopterus_TP_2021-06-10_122626_002.MP4,1220.810,23.98,No focal subject,Bite,Foraging,None|None|None,POINT,1193.009,1193.009,NA,,
IV_Sctaeniopterus_TP_2021-06-10_122626,2025-07-03 13:16:16,,/Users/ally/Documents/johnson lab/parrotfish bites/IV_Sctaeniopterus_TP_2021-06-10_122626_002.MP4,1220.810,23.98,No focal subject,Bite,Foraging,None|None|None,POINT,1194.005,1194.005,NA,,
IV_Sctaeniopterus_TP_2021-06-10_122626,2025-07-03 13:16:16,,/Users/ally/Documents/johnson lab/parrotfish bites/IV_Sctaeniopterus_TP_2021-06-10_122626_002.MP4,1220.810,23.98,No focal subject,Bite,Foraging,None|None|None,POINT,1194.509,1194.509,NA,,
IV_Sctaeniopterus_TP_2021-06-10_122626,2025-07-03 13:16:16,,/Users/ally/Documents/johnson lab/parrotfish bites/IV_Sctaeniopterus_TP_2021-06-10_122626_002.MP4,1220.810,23.98,No focal subject,Bite,Foraging,None|None|None,POINT,1195.256,1195.256,NA,,
IV_Sctaeniopterus_TP_2021-06-10_122626,2025-07-03 13:16:16,,/Users/ally/Documents/johnson lab/parrotfish bites/IV_Sctaeniopterus_TP_2021-06-10_122626_002.MP4,1220.810,23.98,No focal subject,Bite,Foraging,None|None|None,POINT,1196.004,1196.004,NA,,
IV_Sctaeniopterus_TP_2021-06-10_122626,2025-07-03 13:16:16,,/Users/ally/Documents/johnson lab/parrotfish bites/IV_Sctaeniopterus_TP_2021-06-10_122626_002.MP4,1220.810,23.98,No focal subject,Bite,Foraging,None|None|None,POINT,1196.508,1196.508,NA,,
IV_Sctaeniopterus_TP_2021-06-10_122626,2025-07-03 13:16:16,,/Users/ally/Documents/johnson lab/parrotfish bites/IV_Sctaeniopterus_TP_2021-06-10_122626_002.MP4,1220.810,23.98,No focal subject,Bite,Foraging,None|None|None,POINT,1197.256,1197.256,NA,,
IV_Sctaeniopterus_TP_2021-06-10_122626,2025-07-03 13:16:16,,/Users/ally/Documents/johnson lab/parrotfish bites/IV_Sctaeniopterus_TP_2021-06-10_122626_002.MP4,1220.810,23.98,No focal subject,Bite,Foraging,None|None|None,POINT,1197.507,1197.507,NA,,
IV_Sctaeniopterus_TP_2021-06-10_122626,2025-07-03 13:16:16,,/Users/ally/Documents/johnson lab/parrotfish bites/IV_Sctaeniopterus_TP_2021-06-10_122626_002.MP4,1220.810,23.98,No focal subject,Bite,Foraging,None|None|None,POINT,1199.511,1199.511,NA,,
IV_Sctaeniopterus_TP_2021-06-10_122626,2025-07-03 13:16:16,,/Users/ally/Documents/johnson lab/parrotfish bites/IV_Sctaeniopterus_TP_2021-06-10_122626_002.MP4,1220.810,23.98,No focal subject,Bite,Foraging,None|None|None,POINT,1200.508,1200.508,NA,,
IV_Sctaeniopterus_TP_2021-06-10_122626,2025-07-03 13:16:16,,/Users/ally/Documents/johnson lab/parrotfish bites/IV_Sctaeniopterus_TP_2021-06-10_122626_002.MP4,1220.810,23.98,No focal subject,Bite,Foraging,None|None|None,POINT,1201.009,1201.009,NA,,
IV_Sctaeniopterus_TP_2021-06-10_122626,2025-07-03 13:16:16,,/Users/ally/Documents/johnson lab/parrotfish bites/IV_Sctaeniopterus_TP_2021-06-10_122626_002.MP4,1220.810,23.98,No focal subject,Bite,Foraging,None|None|None,POINT,1202.008,1202.008,NA,,
IV_Sctaeniopterus_TP_2021-06-10_122626,2025-07-03 13:16:16,,/Users/ally/Documents/johnson lab/parrotfish bites/IV_Sctaeniopterus_TP_2021-06-10_122626_002.MP4,1220.810,23.98,No focal subject,Bite,Foraging,None|None|None,POINT,1203.009,1203.009,NA,,
IV_Sctaeniopterus_TP_2021-06-10_122626,2025-07-03 13:16:16,,/Users/ally/Documents/johnson lab/parrotfish bites/IV_Sctaeniopterus_TP_2021-06-10_122626_002.MP4,1220.810,23.98,No focal subject,Bite,Foraging,None|None|None,POINT,1203.256,1203.256,NA,,
IV_Sctaeniopterus_TP_2021-06-10_122626,2025-07-03 13:16:16,,/Users/ally/Documents/johnson lab/parrotfish bites/IV_Sctaeniopterus_TP_2021-06-10_122626_002.MP4,1220.810,23.98,No focal subject,Bite,Foraging,None|None|None,POINT,1204.008,1204.008,NA,,
IV_Sctaeniopterus_TP_2021-06-10_122626,2025-07-03 13:16:16,,/Users/ally/Documents/johnson lab/parrotfish bites/IV_Sctaeniopterus_TP_2021-06-10_122626_002.MP4,1220.810,23.98,No focal subject,Bite,Foraging,None|None|None,POINT,1205.008,1205.008,NA,,
IV_Sctaeniopterus_TP_2021-06-10_122626,2025-07-03 13:16:16,,/Users/ally/Documents/johnson lab/parrotfish bites/IV_Sctaeniopterus_TP_2021-06-10_122626_002.MP4,1220.810,23.98,No focal subject,Bite,Foraging,None|None|None,POINT,1206.510,1206.510,NA,,
IV_Sctaeniopterus_TP_2021-06-10_122626,2025-07-03 13:16:16,,/Users/ally/Documents/johnson lab/parrotfish bites/IV_Sctaeniopterus_TP_2021-06-10_122626_002.MP4,1220.810,23.98,No focal subject,Bite,Foraging,None|None|None,POINT,1207.008,1207.008,NA,,
IV_Sctaeniopterus_TP_2021-06-10_122626,2025-07-03 13:16:16,,/Users/ally/Documents/johnson lab/parrotfish bites/IV_Sctaeniopterus_TP_2021-06-10_122626_002.MP4,1220.810,23.98,No focal subject,Bite,Foraging,None|None|None,POINT,1207.508,1207.508,NA,,
IV_Sctaeniopterus_TP_2021-06-10_122626,2025-07-03 13:16:16,,/Users/ally/Documents/johnson lab/parrotfish bites/IV_Sctaeniopterus_TP_2021-06-10_122626_002.MP4,1220.810,23.98,No focal subject,Watch Time,Time Keeping,122616,POINT,1218.508,1218.508,NA,,
